nutrition_record_id,ingredient_id,ingredient_state_id,canonical_name_fr,source_id,source_food_id,source_food_name,source_version,source_country,component_id,component_name,component_group,original_value,original_unit,normalized_value,normalized_unit,basis,value_qualifier,value_type,min_value,max_value,sample_count,analytical_method,derivation_method,data_date,retrieval_date,source_url,confidence,mapping_confidence,notes
NUTR-0000001,ING-PLANT-POMME-000001,raw,Pomme crue,CIQUAL,13000,"Pomme, crue, avec peau",2024,France,ENERCKCAL,Énergie (kcal),energy,52,kcal,52,kcal,per_100g_edible_part,EXACT,measured,,,,,,,2026-08-22,https://ciqual.anses.fr/,0.95,0.90,
NUTR-0000002,ING-PLANT-POMME-000001,raw,Pomme crue,CIQUAL,13000,"Pomme, crue, avec peau",2024,France,ENERC,Énergie (kJ),energy,218,kJ,218,kJ,per_100g_edible_part,EXACT,measured,,,,,,,2026-08-22,https://ciqual.anses.fr/,0.95,0.90,
NUTR-0000003,ING-PLANT-POMME-000001,raw,Pomme crue,CIQUAL,13000,"Pomme, crue, avec peau",2024,France,WATER,Eau,matrix,85.6,g,85.6,g,per_100g_edible_part,EXACT,measured,,,,,,,2026-08-22,https://ciqual.anses.fr/,0.95,0.90,
NUTR-0000004,ING-PLANT-POMME-000001,raw,Pomme crue,CIQUAL,13000,"Pomme, crue, avec peau",2024,France,DRYMAT,Matière sèche,matrix,14.4,g,14.4,g,per_100g_edible_part,EXACT,measured,,,,,,,2026-08-22,https://ciqual.anses.fr/,0.95,0.90,
NUTR-0000005,ING-PLANT-POMME-000001,raw,Pomme crue,CIQUAL,13000,"Pomme, crue, avec peau",2024,France,ASH,Cendres,matrix,0.21,g,0.21,g,per_100g_edible_part,EXACT,measured,,,,,,,2026-08-22,https://ciqual.anses.fr/,0.95,0.90,
NUTR-0000006,ING-PLANT-POMME-000001,raw,Pomme crue,CIQUAL,13000,"Pomme, crue, avec peau",2024,France,PROTEIN,Protéines,macronutrient,0.26,g,0.26,g,per_100g_edible_part,EXACT,measured,,,,,,,2026-08-22,https://ciqual.anses.fr/,0.95,0.90,
NUTR-0000007,ING-PLANT-POMME-000001,raw,Pomme crue,CIQUAL,13000,"Pomme, crue, avec peau",2024,France,FAT,Lipides totaux,macronutrient,0.17,g,0.17,g,per_100g_edible_part,EXACT,measured,,,,,,,2026-08-22,https://ciqual.anses.fr/,0.95,0.90,
NUTR-0000008,ING-PLANT-POMME-000001,raw,Pomme crue,CIQUAL,13000,"Pomme, crue, avec peau",2024,France,CARB,Glucides totaux,macronutrient,11.4,g,11.4,g,per_100g_edible_part,EXACT,measured,,,,,,,2026-08-22,https://ciqual.anses.fr/,0.95,0.90,
NUTR-0000009,ING-PLANT-POMME-000001,raw,Pomme crue,CIQUAL,13000,"Pomme, crue, avec peau",2024,France,SUGAR,Sucres totaux,carbohydrate,10.4,g,10.4,g,per_100g_edible_part,EXACT,measured,,,,,,,2026-08-22,https://ciqual.anses.fr/,0.95,0.90,
NUTR-0000010,ING-PLANT-POMME-000001,raw,Pomme crue,CIQUAL,13000,"Pomme, crue, avec peau",2024,France,GLUCOSE,Glucose,carbohydrate,1.7,g,1.7,g,per_100g_edible_part,EXACT,measured,,,,,,,2026-08-22,https://ciqual.anses.fr/,0.95,0.90,
NUTR-0000011,ING-PLANT-POMME-000001,raw,Pomme crue,CIQUAL,13000,"Pomme, crue, avec peau",2024,France,FRUCTOSE,Fructose,carbohydrate,5.7,g,5.7,g,per_100g_edible_part,EXACT,measured,,,,,,,2026-08-22,https://ciqual.anses.fr/,0.95,0.90,
NUTR-0000012,ING-PLANT-POMME-000001,raw,Pomme crue,CIQUAL,13000,"Pomme, crue, avec peau",2024,France,SUCROSE,Saccharose,carbohydrate,2.1,g,2.1,g,per_100g_edible_part,EXACT,measured,,,,,,,2026-08-22,https://ciqual.anses.fr/,0.95,0.90,
NUTR-0000013,ING-PLANT-POMME-000001,raw,Pomme crue,CIQUAL,13000,"Pomme, crue, avec peau",2024,France,FIBER,Fibres alimentaires,carbohydrate,2.4,g,2.4,g,per_100g_edible_part,EXACT,measured,,,,,,,2026-08-22,https://ciqual.anses.fr/,0.95,0.90,
NUTR-0000014,ING-PLANT-POMME-000001,raw,Pomme crue,CIQUAL,13000,"Pomme, crue, avec peau",2024,France,FIBER_INS,Fibres insolubles,carbohydrate,1.8,g,1.8,g,per_100g_edible_part,EXACT,measured,,,,,,,2026-08-22,https://ciqual.anses.fr/,0.95,0.90,
NUTR-0000015,ING-PLANT-POMME-000001,raw,Pomme crue,CIQUAL,13000,"Pomme, crue, avec peau",2024,France,FIBER_SOL,Fibres solubles,carbohydrate,0.6,g,0.6,g,per_100g_edible_part,EXACT,measured,,,,,,,2026-08-22,https://ciqual.anses.fr/,0.95,0.90,
NUTR-0000016,ING-PLANT-POMME-000001,raw,Pomme crue,CIQUAL,13000,"Pomme, crue, avec peau",2024,France,NA,Sodium,mineral,1,mg,1,mg,per_100g_edible_part,EXACT,measured,,,,,,,2026-08-22,https://ciqual.anses.fr/,0.95,0.90,
NUTR-0000017,ING-PLANT-POMME-000001,raw,Pomme crue,CIQUAL,13000,"Pomme, crue, avec peau",2024,France,K,Potassium,mineral,107,mg,107,mg,per_100g_edible_part,EXACT,measured,,,,,,,2026-08-22,https://ciqual.anses.fr/,0.95,0.90,
NUTR-0000018,ING-PLANT-POMME-000001,raw,Pomme crue,CIQUAL,13000,"Pomme, crue, avec peau",2024,France,CA,Calcium,mineral,4,mg,4,mg,per_100g_edible_part,EXACT,measured,,,,,,,2026-08-22,https://ciqual.anses.fr/,0.95,0.90,
NUTR-0000019,ING-PLANT-POMME-000001,raw,Pomme crue,CIQUAL,13000,"Pomme, crue, avec peau",2024,France,MG,Magnésium,mineral,5,mg,5,mg,per_100g_edible_part,EXACT,measured,,,,,,,2026-08-22,https://ciqual.anses.fr/,0.95,0.90,
NUTR-0000020,ING-PLANT-POMME-000001,raw,Pomme crue,CIQUAL,13000,"Pomme, crue, avec peau",2024,France,P,Phosphore,mineral,12,mg,12,mg,per_100g_edible_part,EXACT,measured,,,,,,,2026-08-22,https://ciqual.anses.fr/,0.95,0.90,
NUTR-0000021,ING-PLANT-POMME-000001,raw,Pomme crue,CIQUAL,13000,"Pomme, crue, avec peau",2024,France,FE,Fer,mineral,0.12,mg,0.12,mg,per_100g_edible_part,EXACT,measured,,,,,,,2026-08-22,https://ciqual.anses.fr/,0.95,0.90,
NUTR-0000022,ING-PLANT-POMME-000001,raw,Pomme crue,CIQUAL,13000,"Pomme, crue, avec peau",2024,France,VITC,Vitamine C,vitamin,4.6,mg,4.6,mg,per_100g_edible_part,EXACT,measured,,,,,,,2026-08-22,https://ciqual.anses.fr/,0.95,0.90,
NUTR-0000023,ING-PLANT-POMME-000001,raw,Pomme crue,CIQUAL,13000,"Pomme, crue, avec peau",2024,France,THIAMIN,Vitamine B1 (thiamine),vitamin,0.017,mg,0.017,mg,per_100g_edible_part,EXACT,measured,,,,,,,2026-08-22,https://ciqual.anses.fr/,0.95,0.90,
NUTR-0000024,ING-PLANT-POMME-000001,raw,Pomme crue,CIQUAL,13000,"Pomme, crue, avec peau",2024,France,RIBFL,Vitamine B2 (riboflavine),vitamin,0.026,mg,0.026,mg,per_100g_edible_part,EXACT,measured,,,,,,,2026-08-22,https://ciqual.anses.fr/,0.95,0.90,
NUTR-0000025,ING-PLANT-POMME-000001,raw,Pomme crue,CIQUAL,13000,"Pomme, crue, avec peau",2024,France,VITB6,Vitamine B6,vitamin,0.041,mg,0.041,mg,per_100g_edible_part,EXACT,measured,,,,,,,2026-08-22,https://ciqual.anses.fr/,0.95,0.90,
NUTR-0000026,ING-PLANT-POMME-000001,raw,Pomme crue,CIQUAL,13000,"Pomme, crue, avec peau",2024,France,FOL,Folates totaux,vitamin,3,µg,3,µg,per_100g_edible_part,EXACT,measured,,,,,,,2026-08-22,https://ciqual.anses.fr/,0.95,0.90,
NUTR-0000027,ING-PLANT-POMME-000001,raw,Pomme crue,CIQUAL,13000,"Pomme, crue, avec peau",2024,France,POLYPHEN,Polyphénols totaux,bioactive,65,mg,65,mg,per_100g_edible_part,ESTIMATED,analytical_database,,,,,,,2026-08-22,https://ciqual.anses.fr/,0.95,0.90,
NUTR-0000028,ING-PLANT-POMME-000001,raw,Pomme crue,USDAFDC,171688,"Apples, raw, with skin (Includes foods for USDA Food Distribution Program)",2024-10,United States,ENERCKCAL,Énergie (kcal),energy,52,kcal,52,kcal,per_100g_edible_part,EXACT,measured,,,,,,,2026-08-22,https://fdc.nal.usda.gov/,0.85,0.90,
NUTR-0000029,ING-PLANT-POMME-000001,raw,Pomme crue,USDAFDC,171688,"Apples, raw, with skin (Includes foods for USDA Food Distribution Program)",2024-10,United States,WATER,Eau,matrix,85.6,g,85.6,g,per_100g_edible_part,EXACT,measured,,,,,,,2026-08-22,https://fdc.nal.usda.gov/,0.85,0.90,
NUTR-0000030,ING-PLANT-POMME-000001,raw,Pomme crue,USDAFDC,171688,"Apples, raw, with skin (Includes foods for USDA Food Distribution Program)",2024-10,United States,PROTEIN,Protéines,macronutrient,0.26,g,0.26,g,per_100g_edible_part,EXACT,measured,,,,,,,2026-08-22,https://fdc.nal.usda.gov/,0.85,0.90,
NUTR-0000031,ING-PLANT-POMME-000001,raw,Pomme crue,USDAFDC,171688,"Apples, raw, with skin (Includes foods for USDA Food Distribution Program)",2024-10,United States,FAT,Lipides totaux,macronutrient,0.17,g,0.17,g,per_100g_edible_part,EXACT,measured,,,,,,,2026-08-22,https://fdc.nal.usda.gov/,0.85,0.90,
NUTR-0000032,ING-PLANT-POMME-000001,raw,Pomme crue,USDAFDC,171688,"Apples, raw, with skin (Includes foods for USDA Food Distribution Program)",2024-10,United States,CARB,Glucides totaux,macronutrient,13.81,g,13.81,g,per_100g_edible_part,EXACT,measured,,,,,,,2026-08-22,https://fdc.nal.usda.gov/,0.85,0.90,
NUTR-0000033,ING-PLANT-POMME-000001,raw,Pomme crue,USDAFDC,171688,"Apples, raw, with skin (Includes foods for USDA Food Distribution Program)",2024-10,United States,SUGAR,Sucres totaux,carbohydrate,10.39,g,10.39,g,per_100g_edible_part,EXACT,measured,,,,,,,2026-08-22,https://fdc.nal.usda.gov/,0.85,0.90,
NUTR-0000034,ING-PLANT-POMME-000001,raw,Pomme crue,USDAFDC,171688,"Apples, raw, with skin (Includes foods for USDA Food Distribution Program)",2024-10,United States,FIBER,Fibres alimentaires,carbohydrate,2.4,g,2.4,g,per_100g_edible_part,EXACT,measured,,,,,,,2026-08-22,https://fdc.nal.usda.gov/,0.85,0.90,
NUTR-0000035,ING-PLANT-POMME-000001,raw,Pomme crue,USDAFDC,171688,"Apples, raw, with skin (Includes foods for USDA Food Distribution Program)",2024-10,United States,K,Potassium,mineral,107,mg,107,mg,per_100g_edible_part,EXACT,measured,,,,,,,2026-08-22,https://fdc.nal.usda.gov/,0.85,0.90,
NUTR-0000036,ING-PLANT-POMME-000001,raw,Pomme crue,USDAFDC,171688,"Apples, raw, with skin (Includes foods for USDA Food Distribution Program)",2024-10,United States,CA,Calcium,mineral,6,mg,6,mg,per_100g_edible_part,EXACT,measured,,,,,,,2026-08-22,https://fdc.nal.usda.gov/,0.85,0.90,
NUTR-0000037,ING-PLANT-POMME-000001,raw,Pomme crue,USDAFDC,171688,"Apples, raw, with skin (Includes foods for USDA Food Distribution Program)",2024-10,United States,FE,Fer,mineral,0.12,mg,0.12,mg,per_100g_edible_part,EXACT,measured,,,,,,,2026-08-22,https://fdc.nal.usda.gov/,0.85,0.90,
NUTR-0000038,ING-PLANT-POMME-000001,raw,Pomme crue,USDAFDC,171688,"Apples, raw, with skin (Includes foods for USDA Food Distribution Program)",2024-10,United States,VITC,Vitamine C,vitamin,4.6,mg,4.6,mg,per_100g_edible_part,EXACT,measured,,,,,,,2026-08-22,https://fdc.nal.usda.gov/,0.85,0.90,
NUTR-0000039,ING-PLANT-TOMATE-000001,raw,Tomate fraîche,CIQUAL,13040,"Tomate, crue",2024-2025,France,ENERCKCAL,Énergie (kcal),energy,18,kcal,18,kcal,per_100g_edible_part,EXACT,measured,,,,,,,2026-08-22,,0.95,0.90,
NUTR-0000040,ING-PLANT-TOMATE-000001,raw,Tomate fraîche,CIQUAL,13040,"Tomate, crue",2024-2025,France,WATER,Eau,matrix,94.0,g,94.0,g,per_100g_edible_part,EXACT,measured,,,,,,,2026-08-22,,0.95,0.90,
NUTR-0000041,ING-PLANT-TOMATE-000001,raw,Tomate fraîche,CIQUAL,13040,"Tomate, crue",2024-2025,France,PROTEIN,Protéines,macronutrient,0.86,g,0.86,g,per_100g_edible_part,EXACT,measured,,,,,,,2026-08-22,,0.95,0.90,
NUTR-0000042,ING-PLANT-TOMATE-000001,raw,Tomate fraîche,CIQUAL,13040,"Tomate, crue",2024-2025,France,FAT,Lipides totaux,macronutrient,0.2,g,0.2,g,per_100g_edible_part,EXACT,measured,,,,,,,2026-08-22,,0.95,0.90,
NUTR-0000043,ING-PLANT-TOMATE-000001,raw,Tomate fraîche,CIQUAL,13040,"Tomate, crue",2024-2025,France,CARB,Glucides totaux,macronutrient,3.18,g,3.18,g,per_100g_edible_part,EXACT,measured,,,,,,,2026-08-22,,0.95,0.90,
NUTR-0000044,ING-PLANT-TOMATE-000001,raw,Tomate fraîche,CIQUAL,13040,"Tomate, crue",2024-2025,France,SUGAR,Sucres totaux,carbohydrate,2.79,g,2.79,g,per_100g_edible_part,EXACT,measured,,,,,,,2026-08-22,,0.95,0.90,
NUTR-0000045,ING-PLANT-TOMATE-000001,raw,Tomate fraîche,CIQUAL,13040,"Tomate, crue",2024-2025,France,FIBER,Fibres alimentaires,carbohydrate,1.2,g,1.2,g,per_100g_edible_part,EXACT,measured,,,,,,,2026-08-22,,0.95,0.90,
NUTR-0000046,ING-PLANT-TOMATE-000001,raw,Tomate fraîche,CIQUAL,13040,"Tomate, crue",2024-2025,France,K,Potassium,mineral,222,mg,222,mg,per_100g_edible_part,EXACT,measured,,,,,,,2026-08-22,,0.95,0.90,
NUTR-0000047,ING-PLANT-TOMATE-000001,raw,Tomate fraîche,CIQUAL,13040,"Tomate, crue",2024-2025,France,NA,Sodium,mineral,4,mg,4,mg,per_100g_edible_part,EXACT,measured,,,,,,,2026-08-22,,0.95,0.90,
NUTR-0000048,ING-PLANT-TOMATE-000001,raw,Tomate fraîche,CIQUAL,13040,"Tomate, crue",2024-2025,France,CA,Calcium,mineral,9,mg,9,mg,per_100g_edible_part,EXACT,measured,,,,,,,2026-08-22,,0.95,0.90,
NUTR-0000049,ING-PLANT-TOMATE-000001,raw,Tomate fraîche,CIQUAL,13040,"Tomate, crue",2024-2025,France,MG,Magnésium,mineral,11,mg,11,mg,per_100g_edible_part,EXACT,measured,,,,,,,2026-08-22,,0.95,0.90,
NUTR-0000050,ING-PLANT-TOMATE-000001,raw,Tomate fraîche,CIQUAL,13040,"Tomate, crue",2024-2025,France,VITC,Vitamine C,vitamin,13.7,mg,13.7,mg,per_100g_edible_part,EXACT,measured,,,,,,,2026-08-22,,0.95,0.90,
NUTR-0000051,ING-PLANT-TOMATE-000001,raw,Tomate fraîche,CIQUAL,13040,"Tomate, crue",2024-2025,France,CAROTENE_B,β-carotène,vitamin,449,µg,449,µg,per_100g_edible_part,EXACT,measured,,,,,,,2026-08-22,,0.95,0.90,
NUTR-0000052,ING-PLANT-TOMATE-000001,raw,Tomate fraîche,CIQUAL,13040,"Tomate, crue",2024-2025,France,VITA,Vitamine A (équivalent rétinol),vitamin,75,µg,75,µg,per_100g_edible_part,CALCULATED,analytical_database,,,,,,,2026-08-22,,0.95,0.90,
NUTR-0000053,ING-PLANT-TOMATE-000001,raw,Tomate fraîche,CIQUAL,13040,"Tomate, crue",2024-2025,France,FOL,Folates totaux,vitamin,13,µg,13,µg,per_100g_edible_part,EXACT,measured,,,,,,,2026-08-22,,0.95,0.90,
NUTR-0000054,ING-ANIMAL-UFDEPOULE-000001,raw,Œuf de poule,CIQUAL,22000,"Œuf, entier",2024-2025,France,ENERCKCAL,Énergie (kcal),energy,143,kcal,143,kcal,per_100g_edible_part,EXACT,measured,,,,,,,2026-08-22,,0.95,0.90,
NUTR-0000055,ING-ANIMAL-UFDEPOULE-000001,raw,Œuf de poule,CIQUAL,22000,"Œuf, entier",2024-2025,France,WATER,Eau,matrix,76.1,g,76.1,g,per_100g_edible_part,EXACT,measured,,,,,,,2026-08-22,,0.95,0.90,
NUTR-0000056,ING-ANIMAL-UFDEPOULE-000001,raw,Œuf de poule,CIQUAL,22000,"Œuf, entier",2024-2025,France,PROTEIN,Protéines,macronutrient,12.6,g,12.6,g,per_100g_edible_part,EXACT,measured,,,,,,,2026-08-22,,0.95,0.90,
NUTR-0000057,ING-ANIMAL-UFDEPOULE-000001,raw,Œuf de poule,CIQUAL,22000,"Œuf, entier",2024-2025,France,FAT,Lipides totaux,macronutrient,9.5,g,9.5,g,per_100g_edible_part,EXACT,measured,,,,,,,2026-08-22,,0.95,0.90,
NUTR-0000058,ING-ANIMAL-UFDEPOULE-000001,raw,Œuf de poule,CIQUAL,22000,"Œuf, entier",2024-2025,France,FAT_SAT,Acides gras saturés,lipid,3.1,g,3.1,g,per_100g_edible_part,EXACT,measured,,,,,,,2026-08-22,,0.95,0.90,
NUTR-0000059,ING-ANIMAL-UFDEPOULE-000001,raw,Œuf de poule,CIQUAL,22000,"Œuf, entier",2024-2025,France,FAT_MONO,Acides gras mono-insaturés,lipid,3.7,g,3.7,g,per_100g_edible_part,EXACT,measured,,,,,,,2026-08-22,,0.95,0.90,
NUTR-0000060,ING-ANIMAL-UFDEPOULE-000001,raw,Œuf de poule,CIQUAL,22000,"Œuf, entier",2024-2025,France,FAT_POLY,Acides gras poly-insaturés,lipid,1.3,g,1.3,g,per_100g_edible_part,EXACT,measured,,,,,,,2026-08-22,,0.95,0.90,
NUTR-0000061,ING-ANIMAL-UFDEPOULE-000001,raw,Œuf de poule,CIQUAL,22000,"Œuf, entier",2024-2025,France,CHOLEST,Cholestérol,lipid,380,mg,380,mg,per_100g_edible_part,EXACT,measured,,,,,,,2026-08-22,,0.95,0.90,
NUTR-0000062,ING-ANIMAL-UFDEPOULE-000001,raw,Œuf de poule,CIQUAL,22000,"Œuf, entier",2024-2025,France,CARB,Glucides totaux,macronutrient,0.4,g,0.4,g,per_100g_edible_part,EXACT,measured,,,,,,,2026-08-22,,0.95,0.90,
NUTR-0000063,ING-ANIMAL-UFDEPOULE-000001,raw,Œuf de poule,CIQUAL,22000,"Œuf, entier",2024-2025,France,NA,Sodium,mineral,140,mg,140,mg,per_100g_edible_part,EXACT,measured,,,,,,,2026-08-22,,0.95,0.90,
NUTR-0000064,ING-ANIMAL-UFDEPOULE-000001,raw,Œuf de poule,CIQUAL,22000,"Œuf, entier",2024-2025,France,K,Potassium,mineral,130,mg,130,mg,per_100g_edible_part,EXACT,measured,,,,,,,2026-08-22,,0.95,0.90,
NUTR-0000065,ING-ANIMAL-UFDEPOULE-000001,raw,Œuf de poule,CIQUAL,22000,"Œuf, entier",2024-2025,France,CA,Calcium,mineral,50,mg,50,mg,per_100g_edible_part,EXACT,measured,,,,,,,2026-08-22,,0.95,0.90,
NUTR-0000066,ING-ANIMAL-UFDEPOULE-000001,raw,Œuf de poule,CIQUAL,22000,"Œuf, entier",2024-2025,France,FE,Fer,mineral,1.7,mg,1.7,mg,per_100g_edible_part,EXACT,measured,,,,,,,2026-08-22,,0.95,0.90,
NUTR-0000067,ING-ANIMAL-UFDEPOULE-000001,raw,Œuf de poule,CIQUAL,22000,"Œuf, entier",2024-2025,France,VITA,Vitamine A (équivalent rétinol),vitamin,220,µg,220,µg,per_100g_edible_part,EXACT,measured,,,,,,,2026-08-22,,0.95,0.90,
NUTR-0000068,ING-ANIMAL-UFDEPOULE-000001,raw,Œuf de poule,CIQUAL,22000,"Œuf, entier",2024-2025,France,VITD,Vitamine D,vitamin,1.8,µg,1.8,µg,per_100g_edible_part,EXACT,measured,,,,,,,2026-08-22,,0.95,0.90,
NUTR-0000069,ING-ANIMAL-UFDEPOULE-000001,raw,Œuf de poule,CIQUAL,22000,"Œuf, entier",2024-2025,France,VITB12,Vitamine B12,vitamin,1.1,µg,1.1,µg,per_100g_edible_part,EXACT,measured,,,,,,,2026-08-22,,0.95,0.90,
NUTR-0000070,ING-ANIMAL-UFDEPOULE-000001,raw,Œuf de poule,CIQUAL,22000,"Œuf, entier",2024-2025,France,FOL,Folates totaux,vitamin,47,µg,47,µg,per_100g_edible_part,EXACT,measured,,,,,,,2026-08-22,,0.95,0.90,
NUTR-0000071,ING-DAIRY-BEURREDOUX-000001,churned,Beurre doux,CIQUAL,16400,Beurre doux,2024-2025,France,ENERCKCAL,Énergie (kcal),energy,720,kcal,720,kcal,per_100g_edible_part,EXACT,measured,,,,,,,2026-08-22,,0.95,0.90,
NUTR-0000072,ING-DAIRY-BEURREDOUX-000001,churned,Beurre doux,CIQUAL,16400,Beurre doux,2024-2025,France,WATER,Eau,matrix,15.7,g,15.7,g,per_100g_edible_part,EXACT,measured,,,,,,,2026-08-22,,0.95,0.90,
NUTR-0000073,ING-DAIRY-BEURREDOUX-000001,churned,Beurre doux,CIQUAL,16400,Beurre doux,2024-2025,France,PROTEIN,Protéines,macronutrient,0.7,g,0.7,g,per_100g_edible_part,EXACT,measured,,,,,,,2026-08-22,,0.95,0.90,
NUTR-0000074,ING-DAIRY-BEURREDOUX-000001,churned,Beurre doux,CIQUAL,16400,Beurre doux,2024-2025,France,FAT,Lipides totaux,macronutrient,81.5,g,81.5,g,per_100g_edible_part,EXACT,measured,,,,,,,2026-08-22,,0.95,0.90,
NUTR-0000075,ING-DAIRY-BEURREDOUX-000001,churned,Beurre doux,CIQUAL,16400,Beurre doux,2024-2025,France,FAT_SAT,Acides gras saturés,lipid,51.3,g,51.3,g,per_100g_edible_part,EXACT,measured,,,,,,,2026-08-22,,0.95,0.90,
NUTR-0000076,ING-DAIRY-BEURREDOUX-000001,churned,Beurre doux,CIQUAL,16400,Beurre doux,2024-2025,France,FAT_MONO,Acides gras mono-insaturés,lipid,21.1,g,21.1,g,per_100g_edible_part,EXACT,measured,,,,,,,2026-08-22,,0.95,0.90,
NUTR-0000077,ING-DAIRY-BEURREDOUX-000001,churned,Beurre doux,CIQUAL,16400,Beurre doux,2024-2025,France,FAT_POLY,Acides gras poly-insaturés,lipid,3.0,g,3.0,g,per_100g_edible_part,EXACT,measured,,,,,,,2026-08-22,,0.95,0.90,
NUTR-0000078,ING-DAIRY-BEURREDOUX-000001,churned,Beurre doux,CIQUAL,16400,Beurre doux,2024-2025,France,CHOLEST,Cholestérol,lipid,215,mg,215,mg,per_100g_edible_part,EXACT,measured,,,,,,,2026-08-22,,0.95,0.90,
NUTR-0000079,ING-DAIRY-BEURREDOUX-000001,churned,Beurre doux,CIQUAL,16400,Beurre doux,2024-2025,France,CARB,Glucides totaux,macronutrient,0.6,g,0.6,g,per_100g_edible_part,EXACT,measured,,,,,,,2026-08-22,,0.95,0.90,
NUTR-0000080,ING-DAIRY-BEURREDOUX-000001,churned,Beurre doux,CIQUAL,16400,Beurre doux,2024-2025,France,SUGAR,Sucres totaux,carbohydrate,0.6,g,0.6,g,per_100g_edible_part,EXACT,measured,,,,,,,2026-08-22,,0.95,0.90,
NUTR-0000081,ING-DAIRY-BEURREDOUX-000001,churned,Beurre doux,CIQUAL,16400,Beurre doux,2024-2025,France,CA,Calcium,mineral,16,mg,16,mg,per_100g_edible_part,EXACT,measured,,,,,,,2026-08-22,,0.95,0.90,
NUTR-0000082,ING-DAIRY-BEURREDOUX-000001,churned,Beurre doux,CIQUAL,16400,Beurre doux,2024-2025,France,NA,Sodium,mineral,5,mg,5,mg,per_100g_edible_part,EXACT,measured,,,,,,,2026-08-22,,0.95,0.90,
NUTR-0000083,ING-DAIRY-BEURREDOUX-000001,churned,Beurre doux,CIQUAL,16400,Beurre doux,2024-2025,France,VITA,Vitamine A (équivalent rétinol),vitamin,700,µg,700,µg,per_100g_edible_part,EXACT,measured,,,,,,,2026-08-22,,0.95,0.90,
NUTR-0000084,ING-DAIRY-BEURREDOUX-000001,churned,Beurre doux,CIQUAL,16400,Beurre doux,2024-2025,France,CAROTENE_B,β-carotène,vitamin,305,µg,305,µg,per_100g_edible_part,EXACT,measured,,,,,,,2026-08-22,,0.95,0.90,
NUTR-0000085,ING-DAIRY-BEURREDOUX-000001,churned,Beurre doux,CIQUAL,16400,Beurre doux,2024-2025,France,VITD,Vitamine D,vitamin,1.5,µg,1.5,µg,per_100g_edible_part,EXACT,measured,,,,,,,2026-08-22,,0.95,0.90,
NUTR-0000086,ING-DAIRY-LAITENTIER-000001,pasteurized,Lait entier,CIQUAL,19000,"Lait entier, UHT",2024-2025,France,ENERCKCAL,Énergie (kcal),energy,63,kcal,63,kcal,per_100g_edible_part,EXACT,measured,,,,,,,2026-08-22,,0.95,0.90,
NUTR-0000087,ING-DAIRY-LAITENTIER-000001,pasteurized,Lait entier,CIQUAL,19000,"Lait entier, UHT",2024-2025,France,WATER,Eau,matrix,87.4,g,87.4,g,per_100g_edible_part,EXACT,measured,,,,,,,2026-08-22,,0.95,0.90,
NUTR-0000088,ING-DAIRY-LAITENTIER-000001,pasteurized,Lait entier,CIQUAL,19000,"Lait entier, UHT",2024-2025,France,PROTEIN,Protéines,macronutrient,3.15,g,3.15,g,per_100g_edible_part,EXACT,measured,,,,,,,2026-08-22,,0.95,0.90,
NUTR-0000089,ING-DAIRY-LAITENTIER-000001,pasteurized,Lait entier,CIQUAL,19000,"Lait entier, UHT",2024-2025,France,FAT,Lipides totaux,macronutrient,3.5,g,3.5,g,per_100g_edible_part,EXACT,measured,,,,,,,2026-08-22,,0.95,0.90,
NUTR-0000090,ING-DAIRY-LAITENTIER-000001,pasteurized,Lait entier,CIQUAL,19000,"Lait entier, UHT",2024-2025,France,FAT_SAT,Acides gras saturés,lipid,2.27,g,2.27,g,per_100g_edible_part,EXACT,measured,,,,,,,2026-08-22,,0.95,0.90,
NUTR-0000091,ING-DAIRY-LAITENTIER-000001,pasteurized,Lait entier,CIQUAL,19000,"Lait entier, UHT",2024-2025,France,FAT_MONO,Acides gras mono-insaturés,lipid,1.06,g,1.06,g,per_100g_edible_part,EXACT,measured,,,,,,,2026-08-22,,0.95,0.90,
NUTR-0000092,ING-DAIRY-LAITENTIER-000001,pasteurized,Lait entier,CIQUAL,19000,"Lait entier, UHT",2024-2025,France,FAT_POLY,Acides gras poly-insaturés,lipid,0.1,g,0.1,g,per_100g_edible_part,EXACT,measured,,,,,,,2026-08-22,,0.95,0.90,
NUTR-0000093,ING-DAIRY-LAITENTIER-000001,pasteurized,Lait entier,CIQUAL,19000,"Lait entier, UHT",2024-2025,France,CHOLEST,Cholestérol,lipid,11,mg,11,mg,per_100g_edible_part,EXACT,measured,,,,,,,2026-08-22,,0.95,0.90,
NUTR-0000094,ING-DAIRY-LAITENTIER-000001,pasteurized,Lait entier,CIQUAL,19000,"Lait entier, UHT",2024-2025,France,CARB,Glucides totaux,macronutrient,4.65,g,4.65,g,per_100g_edible_part,EXACT,measured,,,,,,,2026-08-22,,0.95,0.90,
NUTR-0000095,ING-DAIRY-LAITENTIER-000001,pasteurized,Lait entier,CIQUAL,19000,"Lait entier, UHT",2024-2025,France,SUGAR,Sucres totaux,carbohydrate,4.65,g,4.65,g,per_100g_edible_part,EXACT,measured,,,,,,,2026-08-22,,0.95,0.90,
NUTR-0000096,ING-DAIRY-LAITENTIER-000001,pasteurized,Lait entier,CIQUAL,19000,"Lait entier, UHT",2024-2025,France,LACTOSE,Lactose,carbohydrate,4.65,g,4.65,g,per_100g_edible_part,EXACT,measured,,,,,,,2026-08-22,,0.95,0.90,
NUTR-0000097,ING-DAIRY-LAITENTIER-000001,pasteurized,Lait entier,CIQUAL,19000,"Lait entier, UHT",2024-2025,France,CA,Calcium,mineral,119,mg,119,mg,per_100g_edible_part,EXACT,measured,,,,,,,2026-08-22,,0.95,0.90,
NUTR-0000098,ING-DAIRY-LAITENTIER-000001,pasteurized,Lait entier,CIQUAL,19000,"Lait entier, UHT",2024-2025,France,P,Phosphore,mineral,92,mg,92,mg,per_100g_edible_part,EXACT,measured,,,,,,,2026-08-22,,0.95,0.90,
NUTR-0000099,ING-DAIRY-LAITENTIER-000001,pasteurized,Lait entier,CIQUAL,19000,"Lait entier, UHT",2024-2025,France,NA,Sodium,mineral,43,mg,43,mg,per_100g_edible_part,EXACT,measured,,,,,,,2026-08-22,,0.95,0.90,
NUTR-0000100,ING-DAIRY-LAITENTIER-000001,pasteurized,Lait entier,CIQUAL,19000,"Lait entier, UHT",2024-2025,France,K,Potassium,mineral,151,mg,151,mg,per_100g_edible_part,EXACT,measured,,,,,,,2026-08-22,,0.95,0.90,
NUTR-0000101,ING-DAIRY-LAITENTIER-000001,pasteurized,Lait entier,CIQUAL,19000,"Lait entier, UHT",2024-2025,France,MG,Magnésium,mineral,11,mg,11,mg,per_100g_edible_part,EXACT,measured,,,,,,,2026-08-22,,0.95,0.90,
NUTR-0000102,ING-DAIRY-LAITENTIER-000001,pasteurized,Lait entier,CIQUAL,19000,"Lait entier, UHT",2024-2025,France,VITA,Vitamine A (équivalent rétinol),vitamin,56,µg,56,µg,per_100g_edible_part,EXACT,measured,,,,,,,2026-08-22,,0.95,0.90,
NUTR-0000103,ING-DAIRY-LAITENTIER-000001,pasteurized,Lait entier,CIQUAL,19000,"Lait entier, UHT",2024-2025,France,VITD,Vitamine D,vitamin,0.2,µg,0.2,µg,per_100g_edible_part,EXACT,measured,,,,,,,2026-08-22,,0.95,0.90,
NUTR-0000104,ING-DAIRY-LAITENTIER-000001,pasteurized,Lait entier,CIQUAL,19000,"Lait entier, UHT",2024-2025,France,VITB12,Vitamine B12,vitamin,0.45,µg,0.45,µg,per_100g_edible_part,EXACT,measured,,,,,,,2026-08-22,,0.95,0.90,
NUTR-0000105,ING-DAIRY-LAITENTIER-000001,pasteurized,Lait entier,CIQUAL,19000,"Lait entier, UHT",2024-2025,France,RIBFL,Vitamine B2 (riboflavine),vitamin,0.18,mg,0.18,mg,per_100g_edible_part,EXACT,measured,,,,,,,2026-08-22,,0.95,0.90,
NUTR-0000106,ING-TECH-HUILEDOLIVEV-000001,extracted,Huile d'olive vierge extra,CIQUAL,17010,Huile d'olive vierge extra,2024-2025,France,ENERCKCAL,Énergie (kcal),energy,900,kcal,900,kcal,per_100g_edible_part,EXACT,measured,,,,,,,2026-08-22,,0.95,0.90,
NUTR-0000107,ING-TECH-HUILEDOLIVEV-000001,extracted,Huile d'olive vierge extra,CIQUAL,17010,Huile d'olive vierge extra,2024-2025,France,WATER,Eau,matrix,0.1,g,0.1,g,per_100g_edible_part,EXACT,measured,,,,,,,2026-08-22,,0.95,0.90,
NUTR-0000108,ING-TECH-HUILEDOLIVEV-000001,extracted,Huile d'olive vierge extra,CIQUAL,17010,Huile d'olive vierge extra,2024-2025,France,FAT,Lipides totaux,macronutrient,100,g,100,g,per_100g_edible_part,EXACT,measured,,,,,,,2026-08-22,,0.95,0.90,
NUTR-0000109,ING-TECH-HUILEDOLIVEV-000001,extracted,Huile d'olive vierge extra,CIQUAL,17010,Huile d'olive vierge extra,2024-2025,France,FAT_SAT,Acides gras saturés,lipid,14.5,g,14.5,g,per_100g_edible_part,EXACT,measured,,,,,,,2026-08-22,,0.95,0.90,
NUTR-0000110,ING-TECH-HUILEDOLIVEV-000001,extracted,Huile d'olive vierge extra,CIQUAL,17010,Huile d'olive vierge extra,2024-2025,France,FAT_MONO,Acides gras mono-insaturés,lipid,75.2,g,75.2,g,per_100g_edible_part,EXACT,measured,,,,,,,2026-08-22,,0.95,0.90,
NUTR-0000111,ING-TECH-HUILEDOLIVEV-000001,extracted,Huile d'olive vierge extra,CIQUAL,17010,Huile d'olive vierge extra,2024-2025,France,FAT_POLY,Acides gras poly-insaturés,lipid,7.2,g,7.2,g,per_100g_edible_part,EXACT,measured,,,,,,,2026-08-22,,0.95,0.90,
NUTR-0000112,ING-TECH-HUILEDOLIVEV-000001,extracted,Huile d'olive vierge extra,CIQUAL,17010,Huile d'olive vierge extra,2024-2025,France,VITE,Vitamine E (α-tocophérol),vitamin,21,mg,21,mg,per_100g_edible_part,EXACT,measured,,,,,,,2026-08-22,,0.95,0.90,
NUTR-0000113,ING-TECH-HUILEDOLIVEV-000001,extracted,Huile d'olive vierge extra,CIQUAL,17010,Huile d'olive vierge extra,2024-2025,France,POLYPHEN,Polyphénols totaux,bioactive,200,mg,200,mg,per_100g_edible_part,ESTIMATED,analytical_database,,,,,,,2026-08-22,,0.95,0.90,
NUTR-0000114,ING-TECH-FARINEDEBLTE-000001,milled,Farine de blé tendre,CIQUAL,15020+100,Farine de blé tendre type 55/65,2024-2025,France,ENERCKCAL,Énergie (kcal),energy,364,kcal,364,kcal,per_100g_edible_part,EXACT,measured,,,,,,,2026-08-22,,0.90,0.90,
NUTR-0000115,ING-TECH-FARINEDEBLTE-000001,milled,Farine de blé tendre,CIQUAL,15020+100,Farine de blé tendre type 55/65,2024-2025,France,WATER,Eau,matrix,14.0,g,14.0,g,per_100g_edible_part,EXACT,measured,,,,,,,2026-08-22,,0.90,0.90,
NUTR-0000116,ING-TECH-FARINEDEBLTE-000001,milled,Farine de blé tendre,CIQUAL,15020+100,Farine de blé tendre type 55/65,2024-2025,France,PROTEIN,Protéines,macronutrient,10.3,g,10.3,g,per_100g_edible_part,EXACT,measured,,,,,,,2026-08-22,,0.90,0.90,
NUTR-0000117,ING-TECH-FARINEDEBLTE-000001,milled,Farine de blé tendre,CIQUAL,15020+100,Farine de blé tendre type 55/65,2024-2025,France,FAT,Lipides totaux,macronutrient,1.1,g,1.1,g,per_100g_edible_part,EXACT,measured,,,,,,,2026-08-22,,0.90,0.90,
NUTR-0000118,ING-TECH-FARINEDEBLTE-000001,milled,Farine de blé tendre,CIQUAL,15020+100,Farine de blé tendre type 55/65,2024-2025,France,CARB,Glucides totaux,macronutrient,72.3,g,72.3,g,per_100g_edible_part,EXACT,measured,,,,,,,2026-08-22,,0.90,0.90,
NUTR-0000119,ING-TECH-FARINEDEBLTE-000001,milled,Farine de blé tendre,CIQUAL,15020+100,Farine de blé tendre type 55/65,2024-2025,France,STARCH,Amidon,carbohydrate,68.0,g,68.0,g,per_100g_edible_part,EXACT,measured,,,,,,,2026-08-22,,0.90,0.90,
NUTR-0000120,ING-TECH-FARINEDEBLTE-000001,milled,Farine de blé tendre,CIQUAL,15020+100,Farine de blé tendre type 55/65,2024-2025,France,SUGAR,Sucres totaux,carbohydrate,1.7,g,1.7,g,per_100g_edible_part,EXACT,measured,,,,,,,2026-08-22,,0.90,0.90,
NUTR-0000121,ING-TECH-FARINEDEBLTE-000001,milled,Farine de blé tendre,CIQUAL,15020+100,Farine de blé tendre type 55/65,2024-2025,France,FIBER,Fibres alimentaires,carbohydrate,2.5,g,2.5,g,per_100g_edible_part,EXACT,measured,,,,,,,2026-08-22,,0.90,0.90,
NUTR-0000122,ING-TECH-FARINEDEBLTE-000001,milled,Farine de blé tendre,CIQUAL,15020+100,Farine de blé tendre type 55/65,2024-2025,France,NA,Sodium,mineral,2,mg,2,mg,per_100g_edible_part,EXACT,measured,,,,,,,2026-08-22,,0.90,0.90,
NUTR-0000123,ING-TECH-FARINEDEBLTE-000001,milled,Farine de blé tendre,CIQUAL,15020+100,Farine de blé tendre type 55/65,2024-2025,France,FE,Fer,mineral,1.5,mg,1.5,mg,per_100g_edible_part,EXACT,measured,,,,,,,2026-08-22,,0.90,0.90,
NUTR-0000124,ING-TECH-FARINEDEBLTE-000001,milled,Farine de blé tendre,CIQUAL,15020+100,Farine de blé tendre type 55/65,2024-2025,France,THIAMIN,Vitamine B1 (thiamine),vitamin,0.12,mg,0.12,mg,per_100g_edible_part,EXACT,measured,,,,,,,2026-08-22,,0.90,0.90,
NUTR-0000125,ING-TECH-FARINEDEBLTE-000001,milled,Farine de blé tendre,CIQUAL,15020+100,Farine de blé tendre type 55/65,2024-2025,France,NIA,Vitamine B3 (niacine),vitamin,1.4,mg,1.4,mg,per_100g_edible_part,EXACT,measured,,,,,,,2026-08-22,,0.90,0.90,
NUTR-0000126,ING-TECH-SUCREBLANC-000001,crystallized,Sucre blanc,CIQUAL,13100,Sucre blanc,2024-2025,France,ENERCKCAL,Énergie (kcal),energy,387,kcal,387,kcal,per_100g_edible_part,EXACT,measured,,,,,,,2026-08-22,,0.95,0.90,
NUTR-0000127,ING-TECH-SUCREBLANC-000001,crystallized,Sucre blanc,CIQUAL,13100,Sucre blanc,2024-2025,France,WATER,Eau,matrix,0.04,g,0.04,g,per_100g_edible_part,EXACT,measured,,,,,,,2026-08-22,,0.95,0.90,
NUTR-0000128,ING-TECH-SUCREBLANC-000001,crystallized,Sucre blanc,CIQUAL,13100,Sucre blanc,2024-2025,France,CARB,Glucides totaux,macronutrient,99.8,g,99.8,g,per_100g_edible_part,EXACT,measured,,,,,,,2026-08-22,,0.95,0.90,
NUTR-0000129,ING-TECH-SUCREBLANC-000001,crystallized,Sucre blanc,CIQUAL,13100,Sucre blanc,2024-2025,France,SUCROSE,Saccharose,carbohydrate,99.8,g,99.8,g,per_100g_edible_part,EXACT,measured,,,,,,,2026-08-22,,0.95,0.90,
NUTR-0000130,ING-TECH-SUCREBLANC-000001,crystallized,Sucre blanc,CIQUAL,13100,Sucre blanc,2024-2025,France,NA,Sodium,mineral,1,mg,1,mg,per_100g_edible_part,EXACT,measured,,,,,,,2026-08-22,,0.95,0.90,
NUTR-0000131,ING-TECH-SUCREBLANC-000001,crystallized,Sucre blanc,CIQUAL,13100,Sucre blanc,2024-2025,France,K,Potassium,mineral,2,mg,2,mg,per_100g_edible_part,EXACT,measured,,,,,,,2026-08-22,,0.95,0.90,
NUTR-0000132,ING-TECH-SUCREBLANC-000001,crystallized,Sucre blanc,CIQUAL,13100,Sucre blanc,2024-2025,France,CA,Calcium,mineral,1,mg,1,mg,per_100g_edible_part,EXACT,measured,,,,,,,2026-08-22,,0.95,0.90,
NUTR-0000133,ING-TECH-MIEL-000001,raw,Miel,CIQUAL,13120,Miel,2024-2025,France,ENERCKCAL,Énergie (kcal),energy,304,kcal,304,kcal,per_100g_edible_part,EXACT,measured,,,,,,,2026-08-22,,0.95,0.90,
NUTR-0000134,ING-TECH-MIEL-000001,raw,Miel,CIQUAL,13120,Miel,2024-2025,France,WATER,Eau,matrix,17.1,g,17.1,g,per_100g_edible_part,EXACT,measured,,,,,,,2026-08-22,,0.95,0.90,
NUTR-0000135,ING-TECH-MIEL-000001,raw,Miel,CIQUAL,13120,Miel,2024-2025,France,CARB,Glucides totaux,macronutrient,82.4,g,82.4,g,per_100g_edible_part,EXACT,measured,,,,,,,2026-08-22,,0.95,0.90,
NUTR-0000136,ING-TECH-MIEL-000001,raw,Miel,CIQUAL,13120,Miel,2024-2025,France,SUGAR,Sucres totaux,carbohydrate,82.1,g,82.1,g,per_100g_edible_part,EXACT,measured,,,,,,,2026-08-22,,0.95,0.90,
NUTR-0000137,ING-TECH-MIEL-000001,raw,Miel,CIQUAL,13120,Miel,2024-2025,France,GLUCOSE,Glucose,carbohydrate,35.7,g,35.7,g,per_100g_edible_part,EXACT,measured,,,,,,,2026-08-22,,0.95,0.90,
NUTR-0000138,ING-TECH-MIEL-000001,raw,Miel,CIQUAL,13120,Miel,2024-2025,France,FRUCTOSE,Fructose,carbohydrate,40.9,g,40.9,g,per_100g_edible_part,EXACT,measured,,,,,,,2026-08-22,,0.95,0.90,
NUTR-0000139,ING-TECH-MIEL-000001,raw,Miel,CIQUAL,13120,Miel,2024-2025,France,SUCROSE,Saccharose,carbohydrate,1.3,g,1.3,g,per_100g_edible_part,EXACT,measured,,,,,,,2026-08-22,,0.95,0.90,
NUTR-0000140,ING-TECH-MIEL-000001,raw,Miel,CIQUAL,13120,Miel,2024-2025,France,MALTOSE,Maltose,carbohydrate,2.8,g,2.8,g,per_100g_edible_part,EXACT,measured,,,,,,,2026-08-22,,0.95,0.90,
NUTR-0000141,ING-TECH-MIEL-000001,raw,Miel,CIQUAL,13120,Miel,2024-2025,France,NA,Sodium,mineral,4,mg,4,mg,per_100g_edible_part,EXACT,measured,,,,,,,2026-08-22,,0.95,0.90,
NUTR-0000142,ING-TECH-MIEL-000001,raw,Miel,CIQUAL,13120,Miel,2024-2025,France,K,Potassium,mineral,52,mg,52,mg,per_100g_edible_part,EXACT,measured,,,,,,,2026-08-22,,0.95,0.90,
NUTR-0000143,ING-TECH-MIEL-000001,raw,Miel,CIQUAL,13120,Miel,2024-2025,France,CA,Calcium,mineral,6,mg,6,mg,per_100g_edible_part,EXACT,measured,,,,,,,2026-08-22,,0.95,0.90,
NUTR-0000144,ING-TECH-MIEL-000001,raw,Miel,CIQUAL,13120,Miel,2024-2025,France,FE,Fer,mineral,0.42,mg,0.42,mg,per_100g_edible_part,EXACT,measured,,,,,,,2026-08-22,,0.95,0.90,
NUTR-0000145,ING-TECH-MIEL-000001,raw,Miel,CIQUAL,13120,Miel,2024-2025,France,VITC,Vitamine C,vitamin,0.5,mg,0.5,mg,per_100g_edible_part,EXACT,measured,,,,,,,2026-08-22,,0.95,0.90,
NUTR-0000146,ING-TECH-CHOCOLATNOIR-000001,conched,Chocolat noir 70%,USDAFDC,170271,Dark chocolate 70-85% cacao,2024-2025,United States,ENERCKCAL,Énergie (kcal),energy,598,kcal,598,kcal,per_100g_edible_part,EXACT,measured,,,,,,,2026-08-22,,0.90,0.90,
NUTR-0000147,ING-TECH-CHOCOLATNOIR-000001,conched,Chocolat noir 70%,USDAFDC,170271,Dark chocolate 70-85% cacao,2024-2025,United States,WATER,Eau,matrix,1.4,g,1.4,g,per_100g_edible_part,EXACT,measured,,,,,,,2026-08-22,,0.90,0.90,
NUTR-0000148,ING-TECH-CHOCOLATNOIR-000001,conched,Chocolat noir 70%,USDAFDC,170271,Dark chocolate 70-85% cacao,2024-2025,United States,PROTEIN,Protéines,macronutrient,7.79,g,7.79,g,per_100g_edible_part,EXACT,measured,,,,,,,2026-08-22,,0.90,0.90,
NUTR-0000149,ING-TECH-CHOCOLATNOIR-000001,conched,Chocolat noir 70%,USDAFDC,170271,Dark chocolate 70-85% cacao,2024-2025,United States,FAT,Lipides totaux,macronutrient,42.6,g,42.6,g,per_100g_edible_part,EXACT,measured,,,,,,,2026-08-22,,0.90,0.90,
NUTR-0000150,ING-TECH-CHOCOLATNOIR-000001,conched,Chocolat noir 70%,USDAFDC,170271,Dark chocolate 70-85% cacao,2024-2025,United States,FAT_SAT,Acides gras saturés,lipid,24.5,g,24.5,g,per_100g_edible_part,EXACT,measured,,,,,,,2026-08-22,,0.90,0.90,
NUTR-0000151,ING-TECH-CHOCOLATNOIR-000001,conched,Chocolat noir 70%,USDAFDC,170271,Dark chocolate 70-85% cacao,2024-2025,United States,FAT_MONO,Acides gras mono-insaturés,lipid,12.8,g,12.8,g,per_100g_edible_part,EXACT,measured,,,,,,,2026-08-22,,0.90,0.90,
NUTR-0000152,ING-TECH-CHOCOLATNOIR-000001,conched,Chocolat noir 70%,USDAFDC,170271,Dark chocolate 70-85% cacao,2024-2025,United States,FAT_POLY,Acides gras poly-insaturés,lipid,1.3,g,1.3,g,per_100g_edible_part,EXACT,measured,,,,,,,2026-08-22,,0.90,0.90,
NUTR-0000153,ING-TECH-CHOCOLATNOIR-000001,conched,Chocolat noir 70%,USDAFDC,170271,Dark chocolate 70-85% cacao,2024-2025,United States,CARB,Glucides totaux,macronutrient,45.9,g,45.9,g,per_100g_edible_part,EXACT,measured,,,,,,,2026-08-22,,0.90,0.90,
NUTR-0000154,ING-TECH-CHOCOLATNOIR-000001,conched,Chocolat noir 70%,USDAFDC,170271,Dark chocolate 70-85% cacao,2024-2025,United States,SUGAR,Sucres totaux,carbohydrate,24.0,g,24.0,g,per_100g_edible_part,EXACT,measured,,,,,,,2026-08-22,,0.90,0.90,
NUTR-0000155,ING-TECH-CHOCOLATNOIR-000001,conched,Chocolat noir 70%,USDAFDC,170271,Dark chocolate 70-85% cacao,2024-2025,United States,FIBER,Fibres alimentaires,carbohydrate,10.9,g,10.9,g,per_100g_edible_part,EXACT,measured,,,,,,,2026-08-22,,0.90,0.90,
NUTR-0000156,ING-TECH-CHOCOLATNOIR-000001,conched,Chocolat noir 70%,USDAFDC,170271,Dark chocolate 70-85% cacao,2024-2025,United States,FE,Fer,mineral,11.9,mg,11.9,mg,per_100g_edible_part,EXACT,measured,,,,,,,2026-08-22,,0.90,0.90,
NUTR-0000157,ING-TECH-CHOCOLATNOIR-000001,conched,Chocolat noir 70%,USDAFDC,170271,Dark chocolate 70-85% cacao,2024-2025,United States,MG,Magnésium,mineral,228,mg,228,mg,per_100g_edible_part,EXACT,measured,,,,,,,2026-08-22,,0.90,0.90,
NUTR-0000158,ING-TECH-CHOCOLATNOIR-000001,conched,Chocolat noir 70%,USDAFDC,170271,Dark chocolate 70-85% cacao,2024-2025,United States,P,Phosphore,mineral,308,mg,308,mg,per_100g_edible_part,EXACT,measured,,,,,,,2026-08-22,,0.90,0.90,
NUTR-0000159,ING-TECH-CHOCOLATNOIR-000001,conched,Chocolat noir 70%,USDAFDC,170271,Dark chocolate 70-85% cacao,2024-2025,United States,K,Potassium,mineral,715,mg,715,mg,per_100g_edible_part,EXACT,measured,,,,,,,2026-08-22,,0.90,0.90,
NUTR-0000160,ING-TECH-CHOCOLATNOIR-000001,conched,Chocolat noir 70%,USDAFDC,170271,Dark chocolate 70-85% cacao,2024-2025,United States,CA,Calcium,mineral,73,mg,73,mg,per_100g_edible_part,EXACT,measured,,,,,,,2026-08-22,,0.90,0.90,
NUTR-0000161,ING-TECH-CHOCOLATNOIR-000001,conched,Chocolat noir 70%,USDAFDC,170271,Dark chocolate 70-85% cacao,2024-2025,United States,ZN,Zinc,mineral,3.3,mg,3.3,mg,per_100g_edible_part,EXACT,measured,,,,,,,2026-08-22,,0.90,0.90,
NUTR-0000162,ING-TECH-CHOCOLATNOIR-000001,conched,Chocolat noir 70%,USDAFDC,170271,Dark chocolate 70-85% cacao,2024-2025,United States,THEOBROM,Théobromine,bioactive,802,mg,802,mg,per_100g_edible_part,EXACT,measured,,,,,,,2026-08-22,,0.90,0.90,
NUTR-0000163,ING-TECH-CHOCOLATNOIR-000001,conched,Chocolat noir 70%,USDAFDC,170271,Dark chocolate 70-85% cacao,2024-2025,United States,CAFFEINE,Caféine,bioactive,80,mg,80,mg,per_100g_edible_part,EXACT,measured,,,,,,,2026-08-22,,0.90,0.90,
NUTR-0000164,ING-DAIRY-CRMELIQUIDEE-000001,pasteurized,Crème liquide entière,CIQUAL,19450,Crème liquide entière (30% MG),2024-2025,France,ENERCKCAL,Énergie (kcal),energy,300,kcal,300,kcal,per_100g_edible_part,EXACT,measured,,,,,,,2026-08-22,,0.95,0.90,
NUTR-0000165,ING-DAIRY-CRMELIQUIDEE-000001,pasteurized,Crème liquide entière,CIQUAL,19450,Crème liquide entière (30% MG),2024-2025,France,WATER,Eau,matrix,63.5,g,63.5,g,per_100g_edible_part,EXACT,measured,,,,,,,2026-08-22,,0.95,0.90,
NUTR-0000166,ING-DAIRY-CRMELIQUIDEE-000001,pasteurized,Crème liquide entière,CIQUAL,19450,Crème liquide entière (30% MG),2024-2025,France,PROTEIN,Protéines,macronutrient,2.6,g,2.6,g,per_100g_edible_part,EXACT,measured,,,,,,,2026-08-22,,0.95,0.90,
NUTR-0000167,ING-DAIRY-CRMELIQUIDEE-000001,pasteurized,Crème liquide entière,CIQUAL,19450,Crème liquide entière (30% MG),2024-2025,France,FAT,Lipides totaux,macronutrient,30.0,g,30.0,g,per_100g_edible_part,EXACT,measured,,,,,,,2026-08-22,,0.95,0.90,
NUTR-0000168,ING-DAIRY-CRMELIQUIDEE-000001,pasteurized,Crème liquide entière,CIQUAL,19450,Crème liquide entière (30% MG),2024-2025,France,FAT_SAT,Acides gras saturés,lipid,19.0,g,19.0,g,per_100g_edible_part,EXACT,measured,,,,,,,2026-08-22,,0.95,0.90,
NUTR-0000169,ING-DAIRY-CRMELIQUIDEE-000001,pasteurized,Crème liquide entière,CIQUAL,19450,Crème liquide entière (30% MG),2024-2025,France,FAT_MONO,Acides gras mono-insaturés,lipid,8.7,g,8.7,g,per_100g_edible_part,EXACT,measured,,,,,,,2026-08-22,,0.95,0.90,
NUTR-0000170,ING-DAIRY-CRMELIQUIDEE-000001,pasteurized,Crème liquide entière,CIQUAL,19450,Crème liquide entière (30% MG),2024-2025,France,FAT_POLY,Acides gras poly-insaturés,lipid,1.1,g,1.1,g,per_100g_edible_part,EXACT,measured,,,,,,,2026-08-22,,0.95,0.90,
NUTR-0000171,ING-DAIRY-CRMELIQUIDEE-000001,pasteurized,Crème liquide entière,CIQUAL,19450,Crème liquide entière (30% MG),2024-2025,France,CHOLEST,Cholestérol,lipid,95,mg,95,mg,per_100g_edible_part,EXACT,measured,,,,,,,2026-08-22,,0.95,0.90,
NUTR-0000172,ING-DAIRY-CRMELIQUIDEE-000001,pasteurized,Crème liquide entière,CIQUAL,19450,Crème liquide entière (30% MG),2024-2025,France,LACTOSE,Lactose,carbohydrate,2.7,g,2.7,g,per_100g_edible_part,EXACT,measured,,,,,,,2026-08-22,,0.95,0.90,
NUTR-0000173,ING-DAIRY-CRMELIQUIDEE-000001,pasteurized,Crème liquide entière,CIQUAL,19450,Crème liquide entière (30% MG),2024-2025,France,NA,Sodium,mineral,27,mg,27,mg,per_100g_edible_part,EXACT,measured,,,,,,,2026-08-22,,0.95,0.90,
NUTR-0000174,ING-DAIRY-CRMELIQUIDEE-000001,pasteurized,Crème liquide entière,CIQUAL,19450,Crème liquide entière (30% MG),2024-2025,France,CA,Calcium,mineral,65,mg,65,mg,per_100g_edible_part,EXACT,measured,,,,,,,2026-08-22,,0.95,0.90,
NUTR-0000175,ING-DAIRY-CRMELIQUIDEE-000001,pasteurized,Crème liquide entière,CIQUAL,19450,Crème liquide entière (30% MG),2024-2025,France,VITA,Vitamine A (équivalent rétinol),vitamin,180,µg,180,µg,per_100g_edible_part,EXACT,measured,,,,,,,2026-08-22,,0.95,0.90,
NUTR-0000176,ING-DAIRY-CRMELIQUIDEE-000001,pasteurized,Crème liquide entière,CIQUAL,19450,Crème liquide entière (30% MG),2024-2025,France,VITD,Vitamine D,vitamin,0.5,µg,0.5,µg,per_100g_edible_part,EXACT,measured,,,,,,,2026-08-22,,0.95,0.90,
NUTR-0000177,ING-BEV-CAFESPRESSO-000001,brewed,Café espresso,USDAFDC,171688,"Coffee, espresso",2024-2025,Italy/US generic,ENERCKCAL,Énergie (kcal),energy,9,kcal,9,kcal,per_100g_edible_part,EXACT,measured,,,,,,,2026-08-22,https://fdc.nal.usda.gov/,0.85,0.90,
NUTR-0000178,ING-BEV-CAFESPRESSO-000001,brewed,Café espresso,USDAFDC,171688,"Coffee, espresso",2024-2025,Italy/US generic,WATER,Eau,matrix,97.0,g,97.0,g,per_100g_edible_part,EXACT,measured,,,,,,,2026-08-22,https://fdc.nal.usda.gov/,0.85,0.90,
NUTR-0000179,ING-BEV-CAFESPRESSO-000001,brewed,Café espresso,USDAFDC,171688,"Coffee, espresso",2024-2025,Italy/US generic,PROTEIN,Protéines,macronutrient,0.12,g,0.12,g,per_100g_edible_part,EXACT,measured,,,,,,,2026-08-22,https://fdc.nal.usda.gov/,0.85,0.90,
NUTR-0000180,ING-BEV-CAFESPRESSO-000001,brewed,Café espresso,USDAFDC,171688,"Coffee, espresso",2024-2025,Italy/US generic,FAT,Lipides totaux,macronutrient,0.18,g,0.18,g,per_100g_edible_part,EXACT,measured,,,,,,,2026-08-22,https://fdc.nal.usda.gov/,0.85,0.90,
NUTR-0000181,ING-BEV-CAFESPRESSO-000001,brewed,Café espresso,USDAFDC,171688,"Coffee, espresso",2024-2025,Italy/US generic,CARB,Glucides totaux,macronutrient,1.7,g,1.7,g,per_100g_edible_part,EXACT,measured,,,,,,,2026-08-22,https://fdc.nal.usda.gov/,0.85,0.90,
NUTR-0000182,ING-BEV-CAFESPRESSO-000001,brewed,Café espresso,USDAFDC,171688,"Coffee, espresso",2024-2025,Italy/US generic,CAFFEINE,Caféine,bioactive,212,mg,212,mg,per_100g_edible_part,EXACT,measured,,,,,,,2026-08-22,https://fdc.nal.usda.gov/,0.85,0.90,
NUTR-0000183,ING-BEV-CAFESPRESSO-000001,brewed,Café espresso,USDAFDC,171688,"Coffee, espresso",2024-2025,Italy/US generic,NA,Sodium,mineral,4,mg,4,mg,per_100g_edible_part,EXACT,measured,,,,,,,2026-08-22,https://fdc.nal.usda.gov/,0.85,0.90,
NUTR-0000184,ING-BEV-CAFESPRESSO-000001,brewed,Café espresso,USDAFDC,171688,"Coffee, espresso",2024-2025,Italy/US generic,K,Potassium,mineral,115,mg,115,mg,per_100g_edible_part,EXACT,measured,,,,,,,2026-08-22,https://fdc.nal.usda.gov/,0.85,0.90,
NUTR-0000185,ING-BEV-VINROUGE-000001,fermented,Vin rouge,CIQUAL,52000,Vin rouge,2024-2025,France,ENERCKCAL,Énergie (kcal),energy,80,kcal,80,kcal,per_100g_edible_part,EXACT,measured,,,,,,,2026-08-22,,0.95,0.90,
NUTR-0000186,ING-BEV-VINROUGE-000001,fermented,Vin rouge,CIQUAL,52000,Vin rouge,2024-2025,France,WATER,Eau,matrix,86.5,g,86.5,g,per_100g_edible_part,EXACT,measured,,,,,,,2026-08-22,,0.95,0.90,
NUTR-0000187,ING-BEV-VINROUGE-000001,fermented,Vin rouge,CIQUAL,52000,Vin rouge,2024-2025,France,ALCOHOL,Alcool (éthanol),macronutrient,9.5,g,9.5,g,per_100g_edible_part,EXACT,measured,,,,,,,2026-08-22,,0.95,0.90,
NUTR-0000188,ING-BEV-VINROUGE-000001,fermented,Vin rouge,CIQUAL,52000,Vin rouge,2024-2025,France,PROTEIN,Protéines,macronutrient,0.07,g,0.07,g,per_100g_edible_part,EXACT,measured,,,,,,,2026-08-22,,0.95,0.90,
NUTR-0000189,ING-BEV-VINROUGE-000001,fermented,Vin rouge,CIQUAL,52000,Vin rouge,2024-2025,France,CARB,Glucides totaux,macronutrient,3.0,g,3.0,g,per_100g_edible_part,EXACT,measured,,,,,,,2026-08-22,,0.95,0.90,
NUTR-0000190,ING-BEV-VINROUGE-000001,fermented,Vin rouge,CIQUAL,52000,Vin rouge,2024-2025,France,SUGAR,Sucres totaux,carbohydrate,0.6,g,0.6,g,per_100g_edible_part,EXACT,measured,,,,,,,2026-08-22,,0.95,0.90,
NUTR-0000191,ING-BEV-VINROUGE-000001,fermented,Vin rouge,CIQUAL,52000,Vin rouge,2024-2025,France,NA,Sodium,mineral,4,mg,4,mg,per_100g_edible_part,EXACT,measured,,,,,,,2026-08-22,,0.95,0.90,
NUTR-0000192,ING-BEV-VINROUGE-000001,fermented,Vin rouge,CIQUAL,52000,Vin rouge,2024-2025,France,K,Potassium,mineral,127,mg,127,mg,per_100g_edible_part,EXACT,measured,,,,,,,2026-08-22,,0.95,0.90,
NUTR-0000193,ING-BEV-VINROUGE-000001,fermented,Vin rouge,CIQUAL,52000,Vin rouge,2024-2025,France,FE,Fer,mineral,0.46,mg,0.46,mg,per_100g_edible_part,EXACT,measured,,,,,,,2026-08-22,,0.95,0.90,
NUTR-0000194,ING-BEV-VINROUGE-000001,fermented,Vin rouge,CIQUAL,52000,Vin rouge,2024-2025,France,POLYPHEN,Polyphénols totaux,bioactive,200,mg,200,mg,per_100g_edible_part,ESTIMATED,analytical_database,,,,,,,2026-08-22,,0.95,0.90,
NUTR-0000195,ING-ANIMAL-POULETVIANDE-000001,raw,Poulet (viande),CIQUAL,52900,"Poulet, viande crue (moyenne)",2024-2025,France,ENERCKCAL,Énergie (kcal),energy,120,kcal,120,kcal,per_100g_edible_part,EXACT,measured,,,,,,,2026-08-22,,0.90,0.90,
NUTR-0000196,ING-ANIMAL-POULETVIANDE-000001,raw,Poulet (viande),CIQUAL,52900,"Poulet, viande crue (moyenne)",2024-2025,France,WATER,Eau,matrix,73.9,g,73.9,g,per_100g_edible_part,EXACT,measured,,,,,,,2026-08-22,,0.90,0.90,
NUTR-0000197,ING-ANIMAL-POULETVIANDE-000001,raw,Poulet (viande),CIQUAL,52900,"Poulet, viande crue (moyenne)",2024-2025,France,PROTEIN,Protéines,macronutrient,20.0,g,20.0,g,per_100g_edible_part,EXACT,measured,,,,,,,2026-08-22,,0.90,0.90,
NUTR-0000198,ING-ANIMAL-POULETVIANDE-000001,raw,Poulet (viande),CIQUAL,52900,"Poulet, viande crue (moyenne)",2024-2025,France,FAT,Lipides totaux,macronutrient,3.5,g,3.5,g,per_100g_edible_part,EXACT,measured,,,,,,,2026-08-22,,0.90,0.90,
NUTR-0000199,ING-ANIMAL-POULETVIANDE-000001,raw,Poulet (viande),CIQUAL,52900,"Poulet, viande crue (moyenne)",2024-2025,France,FAT_SAT,Acides gras saturés,lipid,1.0,g,1.0,g,per_100g_edible_part,EXACT,measured,,,,,,,2026-08-22,,0.90,0.90,
NUTR-0000200,ING-ANIMAL-POULETVIANDE-000001,raw,Poulet (viande),CIQUAL,52900,"Poulet, viande crue (moyenne)",2024-2025,France,CHOLEST,Cholestérol,lipid,81,mg,81,mg,per_100g_edible_part,EXACT,measured,,,,,,,2026-08-22,,0.90,0.90,
NUTR-0000201,ING-ANIMAL-POULETVIANDE-000001,raw,Poulet (viande),CIQUAL,52900,"Poulet, viande crue (moyenne)",2024-2025,France,NA,Sodium,mineral,70,mg,70,mg,per_100g_edible_part,EXACT,measured,,,,,,,2026-08-22,,0.90,0.90,
NUTR-0000202,ING-ANIMAL-POULETVIANDE-000001,raw,Poulet (viande),CIQUAL,52900,"Poulet, viande crue (moyenne)",2024-2025,France,P,Phosphore,mineral,190,mg,190,mg,per_100g_edible_part,EXACT,measured,,,,,,,2026-08-22,,0.90,0.90,
NUTR-0000203,ING-ANIMAL-POULETVIANDE-000001,raw,Poulet (viande),CIQUAL,52900,"Poulet, viande crue (moyenne)",2024-2025,France,K,Potassium,mineral,230,mg,230,mg,per_100g_edible_part,EXACT,measured,,,,,,,2026-08-22,,0.90,0.90,
NUTR-0000204,ING-ANIMAL-POULETVIANDE-000001,raw,Poulet (viande),CIQUAL,52900,"Poulet, viande crue (moyenne)",2024-2025,France,FE,Fer,mineral,0.7,mg,0.7,mg,per_100g_edible_part,EXACT,measured,,,,,,,2026-08-22,,0.90,0.90,
NUTR-0000205,ING-ANIMAL-POULETVIANDE-000001,raw,Poulet (viande),CIQUAL,52900,"Poulet, viande crue (moyenne)",2024-2025,France,ZN,Zinc,mineral,1.0,mg,1.0,mg,per_100g_edible_part,EXACT,measured,,,,,,,2026-08-22,,0.90,0.90,
NUTR-0000206,ING-ANIMAL-POULETVIANDE-000001,raw,Poulet (viande),CIQUAL,52900,"Poulet, viande crue (moyenne)",2024-2025,France,VITB6,Vitamine B6,vitamin,0.5,mg,0.5,mg,per_100g_edible_part,EXACT,measured,,,,,,,2026-08-22,,0.90,0.90,
NUTR-0000207,ING-ANIMAL-POULETVIANDE-000001,raw,Poulet (viande),CIQUAL,52900,"Poulet, viande crue (moyenne)",2024-2025,France,VITB12,Vitamine B12,vitamin,0.34,µg,0.34,µg,per_100g_edible_part,EXACT,measured,,,,,,,2026-08-22,,0.90,0.90,
NUTR-0000208,ING-MARINE-THON-000001,raw,Thon,USDAFDC,173713,"Fish, tuna, fresh, raw",2024-2025,United States,ENERCKCAL,Énergie (kcal),energy,144,kcal,144,kcal,per_100g_edible_part,EXACT,measured,,,,,,,2026-08-22,,0.85,0.90,
NUTR-0000209,ING-MARINE-THON-000001,raw,Thon,USDAFDC,173713,"Fish, tuna, fresh, raw",2024-2025,United States,WATER,Eau,matrix,68.0,g,68.0,g,per_100g_edible_part,EXACT,measured,,,,,,,2026-08-22,,0.85,0.90,
NUTR-0000210,ING-MARINE-THON-000001,raw,Thon,USDAFDC,173713,"Fish, tuna, fresh, raw",2024-2025,United States,PROTEIN,Protéines,macronutrient,23.3,g,23.3,g,per_100g_edible_part,EXACT,measured,,,,,,,2026-08-22,,0.85,0.90,
NUTR-0000211,ING-MARINE-THON-000001,raw,Thon,USDAFDC,173713,"Fish, tuna, fresh, raw",2024-2025,United States,FAT,Lipides totaux,macronutrient,4.9,g,4.9,g,per_100g_edible_part,EXACT,measured,,,,,,,2026-08-22,,0.85,0.90,
NUTR-0000212,ING-MARINE-THON-000001,raw,Thon,USDAFDC,173713,"Fish, tuna, fresh, raw",2024-2025,United States,FAT_SAT,Acides gras saturés,lipid,1.3,g,1.3,g,per_100g_edible_part,EXACT,measured,,,,,,,2026-08-22,,0.85,0.90,
NUTR-0000213,ING-MARINE-THON-000001,raw,Thon,USDAFDC,173713,"Fish, tuna, fresh, raw",2024-2025,United States,OMEGA3,Oméga-3,lipid,0.5,g,0.5,g,per_100g_edible_part,EXACT,measured,,,,,,,2026-08-22,,0.85,0.90,
NUTR-0000214,ING-MARINE-THON-000001,raw,Thon,USDAFDC,173713,"Fish, tuna, fresh, raw",2024-2025,United States,CHOLEST,Cholestérol,lipid,38,mg,38,mg,per_100g_edible_part,EXACT,measured,,,,,,,2026-08-22,,0.85,0.90,
NUTR-0000215,ING-MARINE-THON-000001,raw,Thon,USDAFDC,173713,"Fish, tuna, fresh, raw",2024-2025,United States,NA,Sodium,mineral,39,mg,39,mg,per_100g_edible_part,EXACT,measured,,,,,,,2026-08-22,,0.85,0.90,
NUTR-0000216,ING-MARINE-THON-000001,raw,Thon,USDAFDC,173713,"Fish, tuna, fresh, raw",2024-2025,United States,P,Phosphore,mineral,269,mg,269,mg,per_100g_edible_part,EXACT,measured,,,,,,,2026-08-22,,0.85,0.90,
NUTR-0000217,ING-MARINE-THON-000001,raw,Thon,USDAFDC,173713,"Fish, tuna, fresh, raw",2024-2025,United States,K,Potassium,mineral,252,mg,252,mg,per_100g_edible_part,EXACT,measured,,,,,,,2026-08-22,,0.85,0.90,
NUTR-0000218,ING-MARINE-THON-000001,raw,Thon,USDAFDC,173713,"Fish, tuna, fresh, raw",2024-2025,United States,VITD,Vitamine D,vitamin,1.7,µg,1.7,µg,per_100g_edible_part,EXACT,measured,,,,,,,2026-08-22,,0.85,0.90,
NUTR-0000219,ING-MARINE-THON-000001,raw,Thon,USDAFDC,173713,"Fish, tuna, fresh, raw",2024-2025,United States,VITB12,Vitamine B12,vitamin,1.9,µg,1.9,µg,per_100g_edible_part,EXACT,measured,,,,,,,2026-08-22,,0.85,0.90,
NUTR-0000220,ING-PLANT-CAROTTE-000001,raw,Carotte,CIQUAL,13090,"Carotte, crue",2024-2025,France,ENERCKCAL,Énergie (kcal),energy,41,kcal,41,kcal,per_100g_edible_part,EXACT,measured,,,,,,,2026-08-22,,0.95,0.90,
NUTR-0000221,ING-PLANT-CAROTTE-000001,raw,Carotte,CIQUAL,13090,"Carotte, crue",2024-2025,France,WATER,Eau,matrix,87.8,g,87.8,g,per_100g_edible_part,EXACT,measured,,,,,,,2026-08-22,,0.95,0.90,
NUTR-0000222,ING-PLANT-CAROTTE-000001,raw,Carotte,CIQUAL,13090,"Carotte, crue",2024-2025,France,PROTEIN,Protéines,macronutrient,0.93,g,0.93,g,per_100g_edible_part,EXACT,measured,,,,,,,2026-08-22,,0.95,0.90,
NUTR-0000223,ING-PLANT-CAROTTE-000001,raw,Carotte,CIQUAL,13090,"Carotte, crue",2024-2025,France,FAT,Lipides totaux,macronutrient,0.24,g,0.24,g,per_100g_edible_part,EXACT,measured,,,,,,,2026-08-22,,0.95,0.90,
NUTR-0000224,ING-PLANT-CAROTTE-000001,raw,Carotte,CIQUAL,13090,"Carotte, crue",2024-2025,France,CARB,Glucides totaux,macronutrient,9.0,g,9.0,g,per_100g_edible_part,EXACT,measured,,,,,,,2026-08-22,,0.95,0.90,
NUTR-0000225,ING-PLANT-CAROTTE-000001,raw,Carotte,CIQUAL,13090,"Carotte, crue",2024-2025,France,SUGAR,Sucres totaux,carbohydrate,4.7,g,4.7,g,per_100g_edible_part,EXACT,measured,,,,,,,2026-08-22,,0.95,0.90,
NUTR-0000226,ING-PLANT-CAROTTE-000001,raw,Carotte,CIQUAL,13090,"Carotte, crue",2024-2025,France,FIBER,Fibres alimentaires,carbohydrate,2.8,g,2.8,g,per_100g_edible_part,EXACT,measured,,,,,,,2026-08-22,,0.95,0.90,
NUTR-0000227,ING-PLANT-CAROTTE-000001,raw,Carotte,CIQUAL,13090,"Carotte, crue",2024-2025,France,K,Potassium,mineral,320,mg,320,mg,per_100g_edible_part,EXACT,measured,,,,,,,2026-08-22,,0.95,0.90,
NUTR-0000228,ING-PLANT-CAROTTE-000001,raw,Carotte,CIQUAL,13090,"Carotte, crue",2024-2025,France,CA,Calcium,mineral,33,mg,33,mg,per_100g_edible_part,EXACT,measured,,,,,,,2026-08-22,,0.95,0.90,
NUTR-0000229,ING-PLANT-CAROTTE-000001,raw,Carotte,CIQUAL,13090,"Carotte, crue",2024-2025,France,FE,Fer,mineral,0.3,mg,0.3,mg,per_100g_edible_part,EXACT,measured,,,,,,,2026-08-22,,0.95,0.90,
NUTR-0000230,ING-PLANT-CAROTTE-000001,raw,Carotte,CIQUAL,13090,"Carotte, crue",2024-2025,France,VITC,Vitamine C,vitamin,5.9,mg,5.9,mg,per_100g_edible_part,EXACT,measured,,,,,,,2026-08-22,,0.95,0.90,
NUTR-0000231,ING-PLANT-CAROTTE-000001,raw,Carotte,CIQUAL,13090,"Carotte, crue",2024-2025,France,CAROTENE_B,β-carotène,vitamin,8285,µg,8285,µg,per_100g_edible_part,EXACT,measured,,,,,,,2026-08-22,,0.95,0.90,
NUTR-0000232,ING-PLANT-CAROTTE-000001,raw,Carotte,CIQUAL,13090,"Carotte, crue",2024-2025,France,VITK,Vitamine K,vitamin,13.2,µg,13.2,µg,per_100g_edible_part,EXACT,measured,,,,,,,2026-08-22,,0.95,0.90,
NUTR-0000233,ING-PLANT-CAROTTE-000001,raw,Carotte,CIQUAL,13090,"Carotte, crue",2024-2025,France,FOL,Folates totaux,vitamin,19,µg,19,µg,per_100g_edible_part,EXACT,measured,,,,,,,2026-08-22,,0.95,0.90,
NUTR-0000234,ING-PLANT-AMANDE-000001,raw,Amande crue,USDAFDC,170567,"Nuts, almonds, raw, whole",2024-2025,United States,ENERCKCAL,Énergie (kcal),energy,579,kcal,579,kcal,per_100g_edible_part,EXACT,measured,,,,,,,2026-08-22,,0.90,0.90,
NUTR-0000235,ING-PLANT-AMANDE-000001,raw,Amande crue,USDAFDC,170567,"Nuts, almonds, raw, whole",2024-2025,United States,WATER,Eau,matrix,4.7,g,4.7,g,per_100g_edible_part,EXACT,measured,,,,,,,2026-08-22,,0.90,0.90,
NUTR-0000236,ING-PLANT-AMANDE-000001,raw,Amande crue,USDAFDC,170567,"Nuts, almonds, raw, whole",2024-2025,United States,PROTEIN,Protéines,macronutrient,21.2,g,21.2,g,per_100g_edible_part,EXACT,measured,,,,,,,2026-08-22,,0.90,0.90,
NUTR-0000237,ING-PLANT-AMANDE-000001,raw,Amande crue,USDAFDC,170567,"Nuts, almonds, raw, whole",2024-2025,United States,FAT,Lipides totaux,macronutrient,49.9,g,49.9,g,per_100g_edible_part,EXACT,measured,,,,,,,2026-08-22,,0.90,0.90,
NUTR-0000238,ING-PLANT-AMANDE-000001,raw,Amande crue,USDAFDC,170567,"Nuts, almonds, raw, whole",2024-2025,United States,FAT_SAT,Acides gras saturés,lipid,3.8,g,3.8,g,per_100g_edible_part,EXACT,measured,,,,,,,2026-08-22,,0.90,0.90,
NUTR-0000239,ING-PLANT-AMANDE-000001,raw,Amande crue,USDAFDC,170567,"Nuts, almonds, raw, whole",2024-2025,United States,FAT_MONO,Acides gras mono-insaturés,lipid,31.6,g,31.6,g,per_100g_edible_part,EXACT,measured,,,,,,,2026-08-22,,0.90,0.90,
NUTR-0000240,ING-PLANT-AMANDE-000001,raw,Amande crue,USDAFDC,170567,"Nuts, almonds, raw, whole",2024-2025,United States,FAT_POLY,Acides gras poly-insaturés,lipid,12.3,g,12.3,g,per_100g_edible_part,EXACT,measured,,,,,,,2026-08-22,,0.90,0.90,
NUTR-0000241,ING-PLANT-AMANDE-000001,raw,Amande crue,USDAFDC,170567,"Nuts, almonds, raw, whole",2024-2025,United States,OMEGA6,Oméga-6,lipid,12.3,g,12.3,g,per_100g_edible_part,EXACT,measured,,,,,,,2026-08-22,,0.90,0.90,
NUTR-0000242,ING-PLANT-AMANDE-000001,raw,Amande crue,USDAFDC,170567,"Nuts, almonds, raw, whole",2024-2025,United States,CARB,Glucides totaux,macronutrient,21.6,g,21.6,g,per_100g_edible_part,EXACT,measured,,,,,,,2026-08-22,,0.90,0.90,
NUTR-0000243,ING-PLANT-AMANDE-000001,raw,Amande crue,USDAFDC,170567,"Nuts, almonds, raw, whole",2024-2025,United States,SUGAR,Sucres totaux,carbohydrate,4.4,g,4.4,g,per_100g_edible_part,EXACT,measured,,,,,,,2026-08-22,,0.90,0.90,
NUTR-0000244,ING-PLANT-AMANDE-000001,raw,Amande crue,USDAFDC,170567,"Nuts, almonds, raw, whole",2024-2025,United States,FIBER,Fibres alimentaires,carbohydrate,12.5,g,12.5,g,per_100g_edible_part,EXACT,measured,,,,,,,2026-08-22,,0.90,0.90,
NUTR-0000245,ING-PLANT-AMANDE-000001,raw,Amande crue,USDAFDC,170567,"Nuts, almonds, raw, whole",2024-2025,United States,CA,Calcium,mineral,269,mg,269,mg,per_100g_edible_part,EXACT,measured,,,,,,,2026-08-22,,0.90,0.90,
NUTR-0000246,ING-PLANT-AMANDE-000001,raw,Amande crue,USDAFDC,170567,"Nuts, almonds, raw, whole",2024-2025,United States,FE,Fer,mineral,3.7,mg,3.7,mg,per_100g_edible_part,EXACT,measured,,,,,,,2026-08-22,,0.90,0.90,
NUTR-0000247,ING-PLANT-AMANDE-000001,raw,Amande crue,USDAFDC,170567,"Nuts, almonds, raw, whole",2024-2025,United States,MG,Magnésium,mineral,270,mg,270,mg,per_100g_edible_part,EXACT,measured,,,,,,,2026-08-22,,0.90,0.90,
NUTR-0000248,ING-PLANT-AMANDE-000001,raw,Amande crue,USDAFDC,170567,"Nuts, almonds, raw, whole",2024-2025,United States,P,Phosphore,mineral,481,mg,481,mg,per_100g_edible_part,EXACT,measured,,,,,,,2026-08-22,,0.90,0.90,
NUTR-0000249,ING-PLANT-AMANDE-000001,raw,Amande crue,USDAFDC,170567,"Nuts, almonds, raw, whole",2024-2025,United States,K,Potassium,mineral,733,mg,733,mg,per_100g_edible_part,EXACT,measured,,,,,,,2026-08-22,,0.90,0.90,
NUTR-0000250,ING-PLANT-AMANDE-000001,raw,Amande crue,USDAFDC,170567,"Nuts, almonds, raw, whole",2024-2025,United States,ZN,Zinc,mineral,3.1,mg,3.1,mg,per_100g_edible_part,EXACT,measured,,,,,,,2026-08-22,,0.90,0.90,
NUTR-0000251,ING-PLANT-AMANDE-000001,raw,Amande crue,USDAFDC,170567,"Nuts, almonds, raw, whole",2024-2025,United States,VITB6,Vitamine B6,vitamin,0.137,mg,0.137,mg,per_100g_edible_part,EXACT,measured,,,,,,,2026-08-22,,0.90,0.90,
NUTR-0000252,ING-PLANT-AMANDE-000001,raw,Amande crue,USDAFDC,170567,"Nuts, almonds, raw, whole",2024-2025,United States,VITE,Vitamine E (α-tocophérol),vitamin,25.6,mg,25.6,mg,per_100g_edible_part,EXACT,measured,,,,,,,2026-08-22,,0.90,0.90,
NUTR-0000253,ING-PLANT-BANANE-000001,raw,Banane,CIQUAL,13000-banane,"Banane, crue, pulpe et peau",2024,France,ENERCKCAL,Énergie (kcal),energy,89,kcal,89,kcal,per_100g_edible_part,EXACT,measured,,,,,,,2026-08-22,https://ciqual.anses.fr/,0.95,0.90,
NUTR-0000254,ING-PLANT-BANANE-000001,raw,Banane,CIQUAL,13000-banane,"Banane, crue, pulpe et peau",2024,France,WATER,Eau,matrix,74.9,g,74.9,g,per_100g_edible_part,EXACT,measured,,,,,,,2026-08-22,https://ciqual.anses.fr/,0.95,0.90,
NUTR-0000255,ING-PLANT-BANANE-000001,raw,Banane,CIQUAL,13000-banane,"Banane, crue, pulpe et peau",2024,France,PROTEIN,Protéines,macronutrient,1.09,g,1.09,g,per_100g_edible_part,EXACT,measured,,,,,,,2026-08-22,https://ciqual.anses.fr/,0.95,0.90,
NUTR-0000256,ING-PLANT-BANANE-000001,raw,Banane,CIQUAL,13000-banane,"Banane, crue, pulpe et peau",2024,France,FAT,Lipides totaux,macronutrient,0.33,g,0.33,g,per_100g_edible_part,EXACT,measured,,,,,,,2026-08-22,https://ciqual.anses.fr/,0.95,0.90,
NUTR-0000257,ING-PLANT-BANANE-000001,raw,Banane,CIQUAL,13000-banane,"Banane, crue, pulpe et peau",2024,France,CARB,Glucides totaux,macronutrient,22.8,g,22.8,g,per_100g_edible_part,EXACT,measured,,,,,,,2026-08-22,https://ciqual.anses.fr/,0.95,0.90,
NUTR-0000258,ING-PLANT-BANANE-000001,raw,Banane,CIQUAL,13000-banane,"Banane, crue, pulpe et peau",2024,France,SUGAR,Sucres totaux,carbohydrate,12.2,g,12.2,g,per_100g_edible_part,EXACT,measured,,,,,,,2026-08-22,https://ciqual.anses.fr/,0.95,0.90,
NUTR-0000259,ING-PLANT-BANANE-000001,raw,Banane,CIQUAL,13000-banane,"Banane, crue, pulpe et peau",2024,France,FIBER,Fibres alimentaires,carbohydrate,2.6,g,2.6,g,per_100g_edible_part,EXACT,measured,,,,,,,2026-08-22,https://ciqual.anses.fr/,0.95,0.90,
NUTR-0000260,ING-PLANT-BANANE-000001,raw,Banane,CIQUAL,13000-banane,"Banane, crue, pulpe et peau",2024,France,K,Potassium,mineral,358,mg,358,mg,per_100g_edible_part,EXACT,measured,,,,,,,2026-08-22,https://ciqual.anses.fr/,0.95,0.90,
NUTR-0000261,ING-PLANT-BANANE-000001,raw,Banane,CIQUAL,13000-banane,"Banane, crue, pulpe et peau",2024,France,NA,Sodium,mineral,1,mg,1,mg,per_100g_edible_part,EXACT,measured,,,,,,,2026-08-22,https://ciqual.anses.fr/,0.95,0.90,
NUTR-0000262,ING-PLANT-BANANE-000001,raw,Banane,CIQUAL,13000-banane,"Banane, crue, pulpe et peau",2024,France,CA,Calcium,mineral,5,mg,5,mg,per_100g_edible_part,EXACT,measured,,,,,,,2026-08-22,https://ciqual.anses.fr/,0.95,0.90,
NUTR-0000263,ING-PLANT-BANANE-000001,raw,Banane,CIQUAL,13000-banane,"Banane, crue, pulpe et peau",2024,France,MG,Magnésium,mineral,27,mg,27,mg,per_100g_edible_part,EXACT,measured,,,,,,,2026-08-22,https://ciqual.anses.fr/,0.95,0.90,
NUTR-0000264,ING-PLANT-BANANE-000001,raw,Banane,CIQUAL,13000-banane,"Banane, crue, pulpe et peau",2024,France,P,Phosphore,mineral,22,mg,22,mg,per_100g_edible_part,EXACT,measured,,,,,,,2026-08-22,https://ciqual.anses.fr/,0.95,0.90,
NUTR-0000265,ING-PLANT-BANANE-000001,raw,Banane,CIQUAL,13000-banane,"Banane, crue, pulpe et peau",2024,France,FE,Fer,mineral,0.26,mg,0.26,mg,per_100g_edible_part,EXACT,measured,,,,,,,2026-08-22,https://ciqual.anses.fr/,0.95,0.90,
NUTR-0000266,ING-PLANT-BANANE-000001,raw,Banane,CIQUAL,13000-banane,"Banane, crue, pulpe et peau",2024,France,VITC,Vitamine C,vitamin,8.7,mg,8.7,mg,per_100g_edible_part,EXACT,measured,,,,,,,2026-08-22,https://ciqual.anses.fr/,0.95,0.90,
NUTR-0000267,ING-PLANT-BANANE-000001,raw,Banane,CIQUAL,13000-banane,"Banane, crue, pulpe et peau",2024,France,VITB6,Vitamine B6,vitamin,0.367,mg,0.367,mg,per_100g_edible_part,EXACT,measured,,,,,,,2026-08-22,https://ciqual.anses.fr/,0.95,0.90,
NUTR-0000268,ING-PLANT-BANANE-000001,raw,Banane,CIQUAL,13000-banane,"Banane, crue, pulpe et peau",2024,France,FOL,Folates totaux,vitamin,20,µg,20,µg,per_100g_edible_part,EXACT,measured,,,,,,,2026-08-22,https://ciqual.anses.fr/,0.95,0.90,
NUTR-0000269,ING-PLANT-FRAISE-000001,raw,Fraise crue,CIQUAL,13007-fraise,"Fraise, crue",2024,France,ENERCKCAL,Énergie (kcal),energy,33,kcal,33,kcal,per_100g_edible_part,EXACT,measured,,,,,,,2026-08-22,https://ciqual.anses.fr/,0.95,0.90,
NUTR-0000270,ING-PLANT-FRAISE-000001,raw,Fraise crue,CIQUAL,13007-fraise,"Fraise, crue",2024,France,WATER,Eau,matrix,90.0,g,90.0,g,per_100g_edible_part,EXACT,measured,,,,,,,2026-08-22,https://ciqual.anses.fr/,0.95,0.90,
NUTR-0000271,ING-PLANT-FRAISE-000001,raw,Fraise crue,CIQUAL,13007-fraise,"Fraise, crue",2024,France,PROTEIN,Protéines,macronutrient,0.7,g,0.7,g,per_100g_edible_part,EXACT,measured,,,,,,,2026-08-22,https://ciqual.anses.fr/,0.95,0.90,
NUTR-0000272,ING-PLANT-FRAISE-000001,raw,Fraise crue,CIQUAL,13007-fraise,"Fraise, crue",2024,France,FAT,Lipides totaux,macronutrient,0.3,g,0.3,g,per_100g_edible_part,EXACT,measured,,,,,,,2026-08-22,https://ciqual.anses.fr/,0.95,0.90,
NUTR-0000273,ING-PLANT-FRAISE-000001,raw,Fraise crue,CIQUAL,13007-fraise,"Fraise, crue",2024,France,CARB,Glucides totaux,macronutrient,7.7,g,7.7,g,per_100g_edible_part,EXACT,measured,,,,,,,2026-08-22,https://ciqual.anses.fr/,0.95,0.90,
NUTR-0000274,ING-PLANT-FRAISE-000001,raw,Fraise crue,CIQUAL,13007-fraise,"Fraise, crue",2024,France,SUGAR,Sucres totaux,carbohydrate,4.9,g,4.9,g,per_100g_edible_part,EXACT,measured,,,,,,,2026-08-22,https://ciqual.anses.fr/,0.95,0.90,
NUTR-0000275,ING-PLANT-FRAISE-000001,raw,Fraise crue,CIQUAL,13007-fraise,"Fraise, crue",2024,France,FIBER,Fibres alimentaires,carbohydrate,2.0,g,2.0,g,per_100g_edible_part,EXACT,measured,,,,,,,2026-08-22,https://ciqual.anses.fr/,0.95,0.90,
NUTR-0000276,ING-PLANT-FRAISE-000001,raw,Fraise crue,CIQUAL,13007-fraise,"Fraise, crue",2024,France,K,Potassium,mineral,153,mg,153,mg,per_100g_edible_part,EXACT,measured,,,,,,,2026-08-22,https://ciqual.anses.fr/,0.95,0.90,
NUTR-0000277,ING-PLANT-FRAISE-000001,raw,Fraise crue,CIQUAL,13007-fraise,"Fraise, crue",2024,France,NA,Sodium,mineral,1,mg,1,mg,per_100g_edible_part,EXACT,measured,,,,,,,2026-08-22,https://ciqual.anses.fr/,0.95,0.90,
NUTR-0000278,ING-PLANT-FRAISE-000001,raw,Fraise crue,CIQUAL,13007-fraise,"Fraise, crue",2024,France,CA,Calcium,mineral,16,mg,16,mg,per_100g_edible_part,EXACT,measured,,,,,,,2026-08-22,https://ciqual.anses.fr/,0.95,0.90,
NUTR-0000279,ING-PLANT-FRAISE-000001,raw,Fraise crue,CIQUAL,13007-fraise,"Fraise, crue",2024,France,VITC,Vitamine C,vitamin,58.8,mg,58.8,mg,per_100g_edible_part,EXACT,measured,,,,,,,2026-08-22,https://ciqual.anses.fr/,0.95,0.90,
NUTR-0000280,ING-PLANT-FRAISE-000001,raw,Fraise crue,CIQUAL,13007-fraise,"Fraise, crue",2024,France,FOL,Folates totaux,vitamin,24,µg,24,µg,per_100g_edible_part,EXACT,measured,,,,,,,2026-08-22,https://ciqual.anses.fr/,0.95,0.90,
NUTR-0000281,ING-PLANT-FRAISE-000001,raw,Fraise crue,CIQUAL,13007-fraise,"Fraise, crue",2024,France,POLYPHEN,Polyphénols totaux,bioactive,230,mg,230,mg,per_100g_edible_part,ESTIMATED,analytical_database,,,,,,,2026-08-22,https://ciqual.anses.fr/,0.95,0.90,
NUTR-0000282,ING-PLANT-CITRONJAUNE-000001,raw,Citron jaune cru,CIQUAL,13036-citron,"Citron, cru, jus et pulpe",2024,France,ENERCKCAL,Énergie (kcal),energy,22,kcal,22,kcal,per_100g_edible_part,EXACT,measured,,,,,,,2026-08-22,https://ciqual.anses.fr/,0.95,0.90,
NUTR-0000283,ING-PLANT-CITRONJAUNE-000001,raw,Citron jaune cru,CIQUAL,13036-citron,"Citron, cru, jus et pulpe",2024,France,WATER,Eau,matrix,91.0,g,91.0,g,per_100g_edible_part,EXACT,measured,,,,,,,2026-08-22,https://ciqual.anses.fr/,0.95,0.90,
NUTR-0000284,ING-PLANT-CITRONJAUNE-000001,raw,Citron jaune cru,CIQUAL,13036-citron,"Citron, cru, jus et pulpe",2024,France,PROTEIN,Protéines,macronutrient,0.35,g,0.35,g,per_100g_edible_part,EXACT,measured,,,,,,,2026-08-22,https://ciqual.anses.fr/,0.95,0.90,
NUTR-0000285,ING-PLANT-CITRONJAUNE-000001,raw,Citron jaune cru,CIQUAL,13036-citron,"Citron, cru, jus et pulpe",2024,France,FAT,Lipides totaux,macronutrient,0.24,g,0.24,g,per_100g_edible_part,EXACT,measured,,,,,,,2026-08-22,https://ciqual.anses.fr/,0.95,0.90,
NUTR-0000286,ING-PLANT-CITRONJAUNE-000001,raw,Citron jaune cru,CIQUAL,13036-citron,"Citron, cru, jus et pulpe",2024,France,CARB,Glucides totaux,macronutrient,6.9,g,6.9,g,per_100g_edible_part,EXACT,measured,,,,,,,2026-08-22,https://ciqual.anses.fr/,0.95,0.90,
NUTR-0000287,ING-PLANT-CITRONJAUNE-000001,raw,Citron jaune cru,CIQUAL,13036-citron,"Citron, cru, jus et pulpe",2024,France,SUGAR,Sucres totaux,carbohydrate,2.5,g,2.5,g,per_100g_edible_part,EXACT,measured,,,,,,,2026-08-22,https://ciqual.anses.fr/,0.95,0.90,
NUTR-0000288,ING-PLANT-CITRONJAUNE-000001,raw,Citron jaune cru,CIQUAL,13036-citron,"Citron, cru, jus et pulpe",2024,France,FIBER,Fibres alimentaires,carbohydrate,1.8,g,1.8,g,per_100g_edible_part,EXACT,measured,,,,,,,2026-08-22,https://ciqual.anses.fr/,0.95,0.90,
NUTR-0000289,ING-PLANT-CITRONJAUNE-000001,raw,Citron jaune cru,CIQUAL,13036-citron,"Citron, cru, jus et pulpe",2024,France,ORGACID,Acides organiques,carbohydrate,5.5,g,5.5,g,per_100g_edible_part,EXACT,measured,,,,,,,2026-08-22,https://ciqual.anses.fr/,0.95,0.90,
NUTR-0000290,ING-PLANT-CITRONJAUNE-000001,raw,Citron jaune cru,CIQUAL,13036-citron,"Citron, cru, jus et pulpe",2024,France,K,Potassium,mineral,145,mg,145,mg,per_100g_edible_part,EXACT,measured,,,,,,,2026-08-22,https://ciqual.anses.fr/,0.95,0.90,
NUTR-0000291,ING-PLANT-CITRONJAUNE-000001,raw,Citron jaune cru,CIQUAL,13036-citron,"Citron, cru, jus et pulpe",2024,France,CA,Calcium,mineral,26,mg,26,mg,per_100g_edible_part,EXACT,measured,,,,,,,2026-08-22,https://ciqual.anses.fr/,0.95,0.90,
NUTR-0000292,ING-PLANT-CITRONJAUNE-000001,raw,Citron jaune cru,CIQUAL,13036-citron,"Citron, cru, jus et pulpe",2024,France,VITC,Vitamine C,vitamin,53.0,mg,53.0,mg,per_100g_edible_part,EXACT,measured,,,,,,,2026-08-22,https://ciqual.anses.fr/,0.95,0.90,
NUTR-0000293,ING-PLANT-CITRONJAUNE-000001,raw,Citron jaune cru,CIQUAL,13036-citron,"Citron, cru, jus et pulpe",2024,France,FOL,Folates totaux,vitamin,11,µg,11,µg,per_100g_edible_part,EXACT,measured,,,,,,,2026-08-22,https://ciqual.anses.fr/,0.95,0.90,
NUTR-0000294,ING-PLANT-ANANAS-000001,raw,Ananas,USDAFDC,169124,"Pineapple, raw, all varieties",2024-10,United States,ENERCKCAL,Énergie (kcal),energy,50,kcal,50,kcal,per_100g_edible_part,EXACT,measured,,,,,,,2026-08-22,https://fdc.nal.usda.gov/,0.90,0.90,
NUTR-0000295,ING-PLANT-ANANAS-000001,raw,Ananas,USDAFDC,169124,"Pineapple, raw, all varieties",2024-10,United States,WATER,Eau,matrix,86.0,g,86.0,g,per_100g_edible_part,EXACT,measured,,,,,,,2026-08-22,https://fdc.nal.usda.gov/,0.90,0.90,
NUTR-0000296,ING-PLANT-ANANAS-000001,raw,Ananas,USDAFDC,169124,"Pineapple, raw, all varieties",2024-10,United States,PROTEIN,Protéines,macronutrient,0.54,g,0.54,g,per_100g_edible_part,EXACT,measured,,,,,,,2026-08-22,https://fdc.nal.usda.gov/,0.90,0.90,
NUTR-0000297,ING-PLANT-ANANAS-000001,raw,Ananas,USDAFDC,169124,"Pineapple, raw, all varieties",2024-10,United States,FAT,Lipides totaux,macronutrient,0.12,g,0.12,g,per_100g_edible_part,EXACT,measured,,,,,,,2026-08-22,https://fdc.nal.usda.gov/,0.90,0.90,
NUTR-0000298,ING-PLANT-ANANAS-000001,raw,Ananas,USDAFDC,169124,"Pineapple, raw, all varieties",2024-10,United States,CARB,Glucides totaux,macronutrient,13.1,g,13.1,g,per_100g_edible_part,EXACT,measured,,,,,,,2026-08-22,https://fdc.nal.usda.gov/,0.90,0.90,
NUTR-0000299,ING-PLANT-ANANAS-000001,raw,Ananas,USDAFDC,169124,"Pineapple, raw, all varieties",2024-10,United States,SUGAR,Sucres totaux,carbohydrate,9.85,g,9.85,g,per_100g_edible_part,EXACT,measured,,,,,,,2026-08-22,https://fdc.nal.usda.gov/,0.90,0.90,
NUTR-0000300,ING-PLANT-ANANAS-000001,raw,Ananas,USDAFDC,169124,"Pineapple, raw, all varieties",2024-10,United States,FIBER,Fibres alimentaires,carbohydrate,1.4,g,1.4,g,per_100g_edible_part,EXACT,measured,,,,,,,2026-08-22,https://fdc.nal.usda.gov/,0.90,0.90,
NUTR-0000301,ING-PLANT-ANANAS-000001,raw,Ananas,USDAFDC,169124,"Pineapple, raw, all varieties",2024-10,United States,K,Potassium,mineral,109,mg,109,mg,per_100g_edible_part,EXACT,measured,,,,,,,2026-08-22,https://fdc.nal.usda.gov/,0.90,0.90,
NUTR-0000302,ING-PLANT-ANANAS-000001,raw,Ananas,USDAFDC,169124,"Pineapple, raw, all varieties",2024-10,United States,CA,Calcium,mineral,13,mg,13,mg,per_100g_edible_part,EXACT,measured,,,,,,,2026-08-22,https://fdc.nal.usda.gov/,0.90,0.90,
NUTR-0000303,ING-PLANT-ANANAS-000001,raw,Ananas,USDAFDC,169124,"Pineapple, raw, all varieties",2024-10,United States,FE,Fer,mineral,0.29,mg,0.29,mg,per_100g_edible_part,EXACT,measured,,,,,,,2026-08-22,https://fdc.nal.usda.gov/,0.90,0.90,
NUTR-0000304,ING-PLANT-ANANAS-000001,raw,Ananas,USDAFDC,169124,"Pineapple, raw, all varieties",2024-10,United States,VITC,Vitamine C,vitamin,47.8,mg,47.8,mg,per_100g_edible_part,EXACT,measured,,,,,,,2026-08-22,https://fdc.nal.usda.gov/,0.90,0.90,
NUTR-0000305,ING-PLANT-ANANAS-000001,raw,Ananas,USDAFDC,169124,"Pineapple, raw, all varieties",2024-10,United States,VITB6,Vitamine B6,vitamin,0.112,mg,0.112,mg,per_100g_edible_part,EXACT,measured,,,,,,,2026-08-22,https://fdc.nal.usda.gov/,0.90,0.90,
NUTR-0000306,ING-PLANT-ANANAS-000001,raw,Ananas,USDAFDC,169124,"Pineapple, raw, all varieties",2024-10,United States,FOL,Folates totaux,vitamin,18,µg,18,µg,per_100g_edible_part,EXACT,measured,,,,,,,2026-08-22,https://fdc.nal.usda.gov/,0.90,0.90,
NUTR-0000307,ING-PLANT-RAISIN-000001,raw,Raisin frais,CIQUAL,13002,"Raisin, cru",2024,France,ENERCKCAL,Énergie (kcal),energy,67,kcal,67,kcal,per_100g_edible_part,EXACT,measured,,,,,,,2026-08-22,https://ciqual.anses.fr/,0.95,0.90,
NUTR-0000308,ING-PLANT-RAISIN-000001,raw,Raisin frais,CIQUAL,13002,"Raisin, cru",2024,France,WATER,Eau,matrix,81.6,g,81.6,g,per_100g_edible_part,EXACT,measured,,,,,,,2026-08-22,https://ciqual.anses.fr/,0.95,0.90,
NUTR-0000309,ING-PLANT-RAISIN-000001,raw,Raisin frais,CIQUAL,13002,"Raisin, cru",2024,France,PROTEIN,Protéines,macronutrient,0.6,g,0.6,g,per_100g_edible_part,EXACT,measured,,,,,,,2026-08-22,https://ciqual.anses.fr/,0.95,0.90,
NUTR-0000310,ING-PLANT-RAISIN-000001,raw,Raisin frais,CIQUAL,13002,"Raisin, cru",2024,France,FAT,Lipides totaux,macronutrient,0.1,g,0.1,g,per_100g_edible_part,EXACT,measured,,,,,,,2026-08-22,https://ciqual.anses.fr/,0.95,0.90,
NUTR-0000311,ING-PLANT-RAISIN-000001,raw,Raisin frais,CIQUAL,13002,"Raisin, cru",2024,France,CARB,Glucides totaux,macronutrient,17.0,g,17.0,g,per_100g_edible_part,EXACT,measured,,,,,,,2026-08-22,https://ciqual.anses.fr/,0.95,0.90,
NUTR-0000312,ING-PLANT-RAISIN-000001,raw,Raisin frais,CIQUAL,13002,"Raisin, cru",2024,France,SUGAR,Sucres totaux,carbohydrate,16.0,g,16.0,g,per_100g_edible_part,EXACT,measured,,,,,,,2026-08-22,https://ciqual.anses.fr/,0.95,0.90,
NUTR-0000313,ING-PLANT-RAISIN-000001,raw,Raisin frais,CIQUAL,13002,"Raisin, cru",2024,France,GLUCOSE,Glucose,carbohydrate,7.0,g,7.0,g,per_100g_edible_part,EXACT,measured,,,,,,,2026-08-22,https://ciqual.anses.fr/,0.95,0.90,
NUTR-0000314,ING-PLANT-RAISIN-000001,raw,Raisin frais,CIQUAL,13002,"Raisin, cru",2024,France,FRUCTOSE,Fructose,carbohydrate,8.0,g,8.0,g,per_100g_edible_part,EXACT,measured,,,,,,,2026-08-22,https://ciqual.anses.fr/,0.95,0.90,
NUTR-0000315,ING-PLANT-RAISIN-000001,raw,Raisin frais,CIQUAL,13002,"Raisin, cru",2024,France,FIBER,Fibres alimentaires,carbohydrate,1.5,g,1.5,g,per_100g_edible_part,EXACT,measured,,,,,,,2026-08-22,https://ciqual.anses.fr/,0.95,0.90,
NUTR-0000316,ING-PLANT-RAISIN-000001,raw,Raisin frais,CIQUAL,13002,"Raisin, cru",2024,France,K,Potassium,mineral,200,mg,200,mg,per_100g_edible_part,EXACT,measured,,,,,,,2026-08-22,https://ciqual.anses.fr/,0.95,0.90,
NUTR-0000317,ING-PLANT-RAISIN-000001,raw,Raisin frais,CIQUAL,13002,"Raisin, cru",2024,France,CA,Calcium,mineral,11,mg,11,mg,per_100g_edible_part,EXACT,measured,,,,,,,2026-08-22,https://ciqual.anses.fr/,0.95,0.90,
NUTR-0000318,ING-PLANT-RAISIN-000001,raw,Raisin frais,CIQUAL,13002,"Raisin, cru",2024,France,VITC,Vitamine C,vitamin,3.0,mg,3.0,mg,per_100g_edible_part,EXACT,measured,,,,,,,2026-08-22,https://ciqual.anses.fr/,0.95,0.90,
NUTR-0000319,ING-PLANT-RAISIN-000001,raw,Raisin frais,CIQUAL,13002,"Raisin, cru",2024,France,VITK,Vitamine K,vitamin,14.6,µg,14.6,µg,per_100g_edible_part,EXACT,measured,,,,,,,2026-08-22,https://ciqual.anses.fr/,0.95,0.90,
NUTR-0000320,ING-PLANT-RAISIN-000001,raw,Raisin frais,CIQUAL,13002,"Raisin, cru",2024,France,POLYPHEN,Polyphénols totaux,bioactive,200,mg,200,mg,per_100g_edible_part,ESTIMATED,analytical_database,,,,,,,2026-08-22,https://ciqual.anses.fr/,0.95,0.90,
NUTR-0000321,ING-PLANT-POMME-000002,baked,Pomme cuite,CIQUAL,13001,"Pomme, cuite au four",2024,France,ENERCKCAL,Énergie (kcal),energy,56,kcal,56,kcal,per_100g_edible_part,EXACT,measured,,,,,,,2026-08-22,https://ciqual.anses.fr/,0.95,0.90,
NUTR-0000322,ING-PLANT-POMME-000002,baked,Pomme cuite,CIQUAL,13001,"Pomme, cuite au four",2024,France,WATER,Eau,matrix,84.5,g,84.5,g,per_100g_edible_part,EXACT,measured,,,,,,,2026-08-22,https://ciqual.anses.fr/,0.95,0.90,
NUTR-0000323,ING-PLANT-POMME-000002,baked,Pomme cuite,CIQUAL,13001,"Pomme, cuite au four",2024,France,PROTEIN,Protéines,macronutrient,0.28,g,0.28,g,per_100g_edible_part,EXACT,measured,,,,,,,2026-08-22,https://ciqual.anses.fr/,0.95,0.90,
NUTR-0000324,ING-PLANT-POMME-000002,baked,Pomme cuite,CIQUAL,13001,"Pomme, cuite au four",2024,France,FAT,Lipides totaux,macronutrient,0.18,g,0.18,g,per_100g_edible_part,EXACT,measured,,,,,,,2026-08-22,https://ciqual.anses.fr/,0.95,0.90,
NUTR-0000325,ING-PLANT-POMME-000002,baked,Pomme cuite,CIQUAL,13001,"Pomme, cuite au four",2024,France,CARB,Glucides totaux,macronutrient,13.0,g,13.0,g,per_100g_edible_part,EXACT,measured,,,,,,,2026-08-22,https://ciqual.anses.fr/,0.95,0.90,
NUTR-0000326,ING-PLANT-POMME-000002,baked,Pomme cuite,CIQUAL,13001,"Pomme, cuite au four",2024,France,SUGAR,Sucres totaux,carbohydrate,11.9,g,11.9,g,per_100g_edible_part,EXACT,measured,,,,,,,2026-08-22,https://ciqual.anses.fr/,0.95,0.90,
NUTR-0000327,ING-PLANT-POMME-000002,baked,Pomme cuite,CIQUAL,13001,"Pomme, cuite au four",2024,France,FIBER,Fibres alimentaires,carbohydrate,2.5,g,2.5,g,per_100g_edible_part,EXACT,measured,,,,,,,2026-08-22,https://ciqual.anses.fr/,0.95,0.90,
NUTR-0000328,ING-PLANT-POMME-000002,baked,Pomme cuite,CIQUAL,13001,"Pomme, cuite au four",2024,France,K,Potassium,mineral,95,mg,95,mg,per_100g_edible_part,EXACT,measured,,,,,,,2026-08-22,https://ciqual.anses.fr/,0.95,0.90,
NUTR-0000329,ING-PLANT-POMME-000002,baked,Pomme cuite,CIQUAL,13001,"Pomme, cuite au four",2024,France,NA,Sodium,mineral,1,mg,1,mg,per_100g_edible_part,EXACT,measured,,,,,,,2026-08-22,https://ciqual.anses.fr/,0.95,0.90,
NUTR-0000330,ING-PLANT-POMME-000002,baked,Pomme cuite,CIQUAL,13001,"Pomme, cuite au four",2024,France,VITC,Vitamine C,vitamin,2.5,mg,2.5,mg,per_100g_edible_part,EXACT,measured,,,,,,,2026-08-22,https://ciqual.anses.fr/,0.95,0.90,
NUTR-0000331,ING-PLANT-PCHE-000001,raw,Pêche crue,USDAFDC,169928,"Peaches, yellow, raw",2024-10,United States,ENERCKCAL,Énergie (kcal),energy,39,kcal,39,kcal,per_100g_edible_part,EXACT,measured,,,,,,,2026-08-22,https://fdc.nal.usda.gov/,0.90,0.90,
NUTR-0000332,ING-PLANT-PCHE-000001,raw,Pêche crue,USDAFDC,169928,"Peaches, yellow, raw",2024-10,United States,WATER,Eau,matrix,88.9,g,88.9,g,per_100g_edible_part,EXACT,measured,,,,,,,2026-08-22,https://fdc.nal.usda.gov/,0.90,0.90,
NUTR-0000333,ING-PLANT-PCHE-000001,raw,Pêche crue,USDAFDC,169928,"Peaches, yellow, raw",2024-10,United States,PROTEIN,Protéines,macronutrient,0.91,g,0.91,g,per_100g_edible_part,EXACT,measured,,,,,,,2026-08-22,https://fdc.nal.usda.gov/,0.90,0.90,
NUTR-0000334,ING-PLANT-PCHE-000001,raw,Pêche crue,USDAFDC,169928,"Peaches, yellow, raw",2024-10,United States,FAT,Lipides totaux,macronutrient,0.25,g,0.25,g,per_100g_edible_part,EXACT,measured,,,,,,,2026-08-22,https://fdc.nal.usda.gov/,0.90,0.90,
NUTR-0000335,ING-PLANT-PCHE-000001,raw,Pêche crue,USDAFDC,169928,"Peaches, yellow, raw",2024-10,United States,CARB,Glucides totaux,macronutrient,9.54,g,9.54,g,per_100g_edible_part,EXACT,measured,,,,,,,2026-08-22,https://fdc.nal.usda.gov/,0.90,0.90,
NUTR-0000336,ING-PLANT-PCHE-000001,raw,Pêche crue,USDAFDC,169928,"Peaches, yellow, raw",2024-10,United States,SUGAR,Sucres totaux,carbohydrate,8.39,g,8.39,g,per_100g_edible_part,EXACT,measured,,,,,,,2026-08-22,https://fdc.nal.usda.gov/,0.90,0.90,
NUTR-0000337,ING-PLANT-PCHE-000001,raw,Pêche crue,USDAFDC,169928,"Peaches, yellow, raw",2024-10,United States,FIBER,Fibres alimentaires,carbohydrate,1.5,g,1.5,g,per_100g_edible_part,EXACT,measured,,,,,,,2026-08-22,https://fdc.nal.usda.gov/,0.90,0.90,
NUTR-0000338,ING-PLANT-PCHE-000001,raw,Pêche crue,USDAFDC,169928,"Peaches, yellow, raw",2024-10,United States,K,Potassium,mineral,190,mg,190,mg,per_100g_edible_part,EXACT,measured,,,,,,,2026-08-22,https://fdc.nal.usda.gov/,0.90,0.90,
NUTR-0000339,ING-PLANT-PCHE-000001,raw,Pêche crue,USDAFDC,169928,"Peaches, yellow, raw",2024-10,United States,CA,Calcium,mineral,6,mg,6,mg,per_100g_edible_part,EXACT,measured,,,,,,,2026-08-22,https://fdc.nal.usda.gov/,0.90,0.90,
NUTR-0000340,ING-PLANT-PCHE-000001,raw,Pêche crue,USDAFDC,169928,"Peaches, yellow, raw",2024-10,United States,FE,Fer,mineral,0.25,mg,0.25,mg,per_100g_edible_part,EXACT,measured,,,,,,,2026-08-22,https://fdc.nal.usda.gov/,0.90,0.90,
NUTR-0000341,ING-PLANT-PCHE-000001,raw,Pêche crue,USDAFDC,169928,"Peaches, yellow, raw",2024-10,United States,VITC,Vitamine C,vitamin,6.6,mg,6.6,mg,per_100g_edible_part,EXACT,measured,,,,,,,2026-08-22,https://fdc.nal.usda.gov/,0.90,0.90,
NUTR-0000342,ING-PLANT-PCHE-000001,raw,Pêche crue,USDAFDC,169928,"Peaches, yellow, raw",2024-10,United States,VITA,Vitamine A (équivalent rétinol),vitamin,16,µg,16,µg,per_100g_edible_part,EXACT,measured,,,,,,,2026-08-22,https://fdc.nal.usda.gov/,0.90,0.90,
NUTR-0000343,ING-PLANT-PCHE-000001,raw,Pêche crue,USDAFDC,169928,"Peaches, yellow, raw",2024-10,United States,CAROTENE_B,β-carotène,vitamin,162,µg,162,µg,per_100g_edible_part,EXACT,measured,,,,,,,2026-08-22,https://fdc.nal.usda.gov/,0.90,0.90,
NUTR-0000344,ING-PLANT-PCHE-000001,raw,Pêche crue,USDAFDC,169928,"Peaches, yellow, raw",2024-10,United States,FOL,Folates totaux,vitamin,4,µg,4,µg,per_100g_edible_part,EXACT,measured,,,,,,,2026-08-22,https://fdc.nal.usda.gov/,0.90,0.90,
NUTR-0000345,ING-PLANT-PAMPLEMOUSSE-000001,raw,Pamplemousse cru,USDAFDC,173946,"Grapefruit, raw, pink and red, all areas",2024-10,United States,ENERCKCAL,Énergie (kcal),energy,42,kcal,42,kcal,per_100g_edible_part,EXACT,measured,,,,,,,2026-08-22,https://fdc.nal.usda.gov/,0.90,0.90,
NUTR-0000346,ING-PLANT-PAMPLEMOUSSE-000001,raw,Pamplemousse cru,USDAFDC,173946,"Grapefruit, raw, pink and red, all areas",2024-10,United States,WATER,Eau,matrix,88.1,g,88.1,g,per_100g_edible_part,EXACT,measured,,,,,,,2026-08-22,https://fdc.nal.usda.gov/,0.90,0.90,
NUTR-0000347,ING-PLANT-PAMPLEMOUSSE-000001,raw,Pamplemousse cru,USDAFDC,173946,"Grapefruit, raw, pink and red, all areas",2024-10,United States,PROTEIN,Protéines,macronutrient,0.77,g,0.77,g,per_100g_edible_part,EXACT,measured,,,,,,,2026-08-22,https://fdc.nal.usda.gov/,0.90,0.90,
NUTR-0000348,ING-PLANT-PAMPLEMOUSSE-000001,raw,Pamplemousse cru,USDAFDC,173946,"Grapefruit, raw, pink and red, all areas",2024-10,United States,FAT,Lipides totaux,macronutrient,0.14,g,0.14,g,per_100g_edible_part,EXACT,measured,,,,,,,2026-08-22,https://fdc.nal.usda.gov/,0.90,0.90,
NUTR-0000349,ING-PLANT-PAMPLEMOUSSE-000001,raw,Pamplemousse cru,USDAFDC,173946,"Grapefruit, raw, pink and red, all areas",2024-10,United States,CARB,Glucides totaux,macronutrient,10.7,g,10.7,g,per_100g_edible_part,EXACT,measured,,,,,,,2026-08-22,https://fdc.nal.usda.gov/,0.90,0.90,
NUTR-0000350,ING-PLANT-PAMPLEMOUSSE-000001,raw,Pamplemousse cru,USDAFDC,173946,"Grapefruit, raw, pink and red, all areas",2024-10,United States,SUGAR,Sucres totaux,carbohydrate,6.89,g,6.89,g,per_100g_edible_part,EXACT,measured,,,,,,,2026-08-22,https://fdc.nal.usda.gov/,0.90,0.90,
NUTR-0000351,ING-PLANT-PAMPLEMOUSSE-000001,raw,Pamplemousse cru,USDAFDC,173946,"Grapefruit, raw, pink and red, all areas",2024-10,United States,FIBER,Fibres alimentaires,carbohydrate,1.6,g,1.6,g,per_100g_edible_part,EXACT,measured,,,,,,,2026-08-22,https://fdc.nal.usda.gov/,0.90,0.90,
NUTR-0000352,ING-PLANT-PAMPLEMOUSSE-000001,raw,Pamplemousse cru,USDAFDC,173946,"Grapefruit, raw, pink and red, all areas",2024-10,United States,K,Potassium,mineral,135,mg,135,mg,per_100g_edible_part,EXACT,measured,,,,,,,2026-08-22,https://fdc.nal.usda.gov/,0.90,0.90,
NUTR-0000353,ING-PLANT-PAMPLEMOUSSE-000001,raw,Pamplemousse cru,USDAFDC,173946,"Grapefruit, raw, pink and red, all areas",2024-10,United States,CA,Calcium,mineral,22,mg,22,mg,per_100g_edible_part,EXACT,measured,,,,,,,2026-08-22,https://fdc.nal.usda.gov/,0.90,0.90,
NUTR-0000354,ING-PLANT-PAMPLEMOUSSE-000001,raw,Pamplemousse cru,USDAFDC,173946,"Grapefruit, raw, pink and red, all areas",2024-10,United States,VITC,Vitamine C,vitamin,31.2,mg,31.2,mg,per_100g_edible_part,EXACT,measured,,,,,,,2026-08-22,https://fdc.nal.usda.gov/,0.90,0.90,
NUTR-0000355,ING-PLANT-PAMPLEMOUSSE-000001,raw,Pamplemousse cru,USDAFDC,173946,"Grapefruit, raw, pink and red, all areas",2024-10,United States,VITA,Vitamine A (équivalent rétinol),vitamin,58,µg,58,µg,per_100g_edible_part,EXACT,measured,,,,,,,2026-08-22,https://fdc.nal.usda.gov/,0.90,0.90,
NUTR-0000356,ING-PLANT-PAMPLEMOUSSE-000001,raw,Pamplemousse cru,USDAFDC,173946,"Grapefruit, raw, pink and red, all areas",2024-10,United States,FOL,Folates totaux,vitamin,13,µg,13,µg,per_100g_edible_part,EXACT,measured,,,,,,,2026-08-22,https://fdc.nal.usda.gov/,0.90,0.90,
NUTR-0000357,ING-PLANT-POMMEDETERRE-000001,raw,Pomme de terre,CIQUAL,13054,"Pomme de terre, crue, épluchée",2024,France,ENERCKCAL,Énergie (kcal),energy,81,kcal,81,kcal,per_100g_edible_part,EXACT,measured,,,,,,,2026-08-22,https://ciqual.anses.fr/,0.95,0.90,
NUTR-0000358,ING-PLANT-POMMEDETERRE-000001,raw,Pomme de terre,CIQUAL,13054,"Pomme de terre, crue, épluchée",2024,France,WATER,Eau,matrix,78.6,g,78.6,g,per_100g_edible_part,EXACT,measured,,,,,,,2026-08-22,https://ciqual.anses.fr/,0.95,0.90,
NUTR-0000359,ING-PLANT-POMMEDETERRE-000001,raw,Pomme de terre,CIQUAL,13054,"Pomme de terre, crue, épluchée",2024,France,PROTEIN,Protéines,macronutrient,1.8,g,1.8,g,per_100g_edible_part,EXACT,measured,,,,,,,2026-08-22,https://ciqual.anses.fr/,0.95,0.90,
NUTR-0000360,ING-PLANT-POMMEDETERRE-000001,raw,Pomme de terre,CIQUAL,13054,"Pomme de terre, crue, épluchée",2024,France,FAT,Lipides totaux,macronutrient,0.1,g,0.1,g,per_100g_edible_part,EXACT,measured,,,,,,,2026-08-22,https://ciqual.anses.fr/,0.95,0.90,
NUTR-0000361,ING-PLANT-POMMEDETERRE-000001,raw,Pomme de terre,CIQUAL,13054,"Pomme de terre, crue, épluchée",2024,France,CARB,Glucides totaux,macronutrient,18.0,g,18.0,g,per_100g_edible_part,EXACT,measured,,,,,,,2026-08-22,https://ciqual.anses.fr/,0.95,0.90,
NUTR-0000362,ING-PLANT-POMMEDETERRE-000001,raw,Pomme de terre,CIQUAL,13054,"Pomme de terre, crue, épluchée",2024,France,STARCH,Amidon,carbohydrate,15.4,g,15.4,g,per_100g_edible_part,EXACT,measured,,,,,,,2026-08-22,https://ciqual.anses.fr/,0.95,0.90,
NUTR-0000363,ING-PLANT-POMMEDETERRE-000001,raw,Pomme de terre,CIQUAL,13054,"Pomme de terre, crue, épluchée",2024,France,SUGAR,Sucres totaux,carbohydrate,0.9,g,0.9,g,per_100g_edible_part,EXACT,measured,,,,,,,2026-08-22,https://ciqual.anses.fr/,0.95,0.90,
NUTR-0000364,ING-PLANT-POMMEDETERRE-000001,raw,Pomme de terre,CIQUAL,13054,"Pomme de terre, crue, épluchée",2024,France,FIBER,Fibres alimentaires,carbohydrate,1.5,g,1.5,g,per_100g_edible_part,EXACT,measured,,,,,,,2026-08-22,https://ciqual.anses.fr/,0.95,0.90,
NUTR-0000365,ING-PLANT-POMMEDETERRE-000001,raw,Pomme de terre,CIQUAL,13054,"Pomme de terre, crue, épluchée",2024,France,K,Potassium,mineral,380,mg,380,mg,per_100g_edible_part,EXACT,measured,,,,,,,2026-08-22,https://ciqual.anses.fr/,0.95,0.90,
NUTR-0000366,ING-PLANT-POMMEDETERRE-000001,raw,Pomme de terre,CIQUAL,13054,"Pomme de terre, crue, épluchée",2024,France,NA,Sodium,mineral,4,mg,4,mg,per_100g_edible_part,EXACT,measured,,,,,,,2026-08-22,https://ciqual.anses.fr/,0.95,0.90,
NUTR-0000367,ING-PLANT-POMMEDETERRE-000001,raw,Pomme de terre,CIQUAL,13054,"Pomme de terre, crue, épluchée",2024,France,P,Phosphore,mineral,50,mg,50,mg,per_100g_edible_part,EXACT,measured,,,,,,,2026-08-22,https://ciqual.anses.fr/,0.95,0.90,
NUTR-0000368,ING-PLANT-POMMEDETERRE-000001,raw,Pomme de terre,CIQUAL,13054,"Pomme de terre, crue, épluchée",2024,France,FE,Fer,mineral,0.6,mg,0.6,mg,per_100g_edible_part,EXACT,measured,,,,,,,2026-08-22,https://ciqual.anses.fr/,0.95,0.90,
NUTR-0000369,ING-PLANT-POMMEDETERRE-000001,raw,Pomme de terre,CIQUAL,13054,"Pomme de terre, crue, épluchée",2024,France,VITC,Vitamine C,vitamin,11.0,mg,11.0,mg,per_100g_edible_part,EXACT,measured,,,,,,,2026-08-22,https://ciqual.anses.fr/,0.95,0.90,
NUTR-0000370,ING-PLANT-POMMEDETERRE-000001,raw,Pomme de terre,CIQUAL,13054,"Pomme de terre, crue, épluchée",2024,France,VITB6,Vitamine B6,vitamin,0.3,mg,0.3,mg,per_100g_edible_part,EXACT,measured,,,,,,,2026-08-22,https://ciqual.anses.fr/,0.95,0.90,
NUTR-0000371,ING-PLANT-POMMEDETERRE-000001,raw,Pomme de terre,CIQUAL,13054,"Pomme de terre, crue, épluchée",2024,France,FOL,Folates totaux,vitamin,17,µg,17,µg,per_100g_edible_part,EXACT,measured,,,,,,,2026-08-22,https://ciqual.anses.fr/,0.95,0.90,
NUTR-0000372,ING-PLANT-OIGNON-000001,raw,Oignon,CIQUAL,13098,"Oignon, cru",2024,France,ENERCKCAL,Énergie (kcal),energy,38,kcal,38,kcal,per_100g_edible_part,EXACT,measured,,,,,,,2026-08-22,https://ciqual.anses.fr/,0.95,0.90,
NUTR-0000373,ING-PLANT-OIGNON-000001,raw,Oignon,CIQUAL,13098,"Oignon, cru",2024,France,WATER,Eau,matrix,89.5,g,89.5,g,per_100g_edible_part,EXACT,measured,,,,,,,2026-08-22,https://ciqual.anses.fr/,0.95,0.90,
NUTR-0000374,ING-PLANT-OIGNON-000001,raw,Oignon,CIQUAL,13098,"Oignon, cru",2024,France,PROTEIN,Protéines,macronutrient,1.0,g,1.0,g,per_100g_edible_part,EXACT,measured,,,,,,,2026-08-22,https://ciqual.anses.fr/,0.95,0.90,
NUTR-0000375,ING-PLANT-OIGNON-000001,raw,Oignon,CIQUAL,13098,"Oignon, cru",2024,France,FAT,Lipides totaux,macronutrient,0.1,g,0.1,g,per_100g_edible_part,EXACT,measured,,,,,,,2026-08-22,https://ciqual.anses.fr/,0.95,0.90,
NUTR-0000376,ING-PLANT-OIGNON-000001,raw,Oignon,CIQUAL,13098,"Oignon, cru",2024,France,CARB,Glucides totaux,macronutrient,8.6,g,8.6,g,per_100g_edible_part,EXACT,measured,,,,,,,2026-08-22,https://ciqual.anses.fr/,0.95,0.90,
NUTR-0000377,ING-PLANT-OIGNON-000001,raw,Oignon,CIQUAL,13098,"Oignon, cru",2024,France,SUGAR,Sucres totaux,carbohydrate,5.2,g,5.2,g,per_100g_edible_part,EXACT,measured,,,,,,,2026-08-22,https://ciqual.anses.fr/,0.95,0.90,
NUTR-0000378,ING-PLANT-OIGNON-000001,raw,Oignon,CIQUAL,13098,"Oignon, cru",2024,France,FIBER,Fibres alimentaires,carbohydrate,1.6,g,1.6,g,per_100g_edible_part,EXACT,measured,,,,,,,2026-08-22,https://ciqual.anses.fr/,0.95,0.90,
NUTR-0000379,ING-PLANT-OIGNON-000001,raw,Oignon,CIQUAL,13098,"Oignon, cru",2024,France,K,Potassium,mineral,140,mg,140,mg,per_100g_edible_part,EXACT,measured,,,,,,,2026-08-22,https://ciqual.anses.fr/,0.95,0.90,
NUTR-0000380,ING-PLANT-OIGNON-000001,raw,Oignon,CIQUAL,13098,"Oignon, cru",2024,France,CA,Calcium,mineral,25,mg,25,mg,per_100g_edible_part,EXACT,measured,,,,,,,2026-08-22,https://ciqual.anses.fr/,0.95,0.90,
NUTR-0000381,ING-PLANT-OIGNON-000001,raw,Oignon,CIQUAL,13098,"Oignon, cru",2024,France,FE,Fer,mineral,0.3,mg,0.3,mg,per_100g_edible_part,EXACT,measured,,,,,,,2026-08-22,https://ciqual.anses.fr/,0.95,0.90,
NUTR-0000382,ING-PLANT-OIGNON-000001,raw,Oignon,CIQUAL,13098,"Oignon, cru",2024,France,VITC,Vitamine C,vitamin,6.4,mg,6.4,mg,per_100g_edible_part,EXACT,measured,,,,,,,2026-08-22,https://ciqual.anses.fr/,0.95,0.90,
NUTR-0000383,ING-PLANT-OIGNON-000001,raw,Oignon,CIQUAL,13098,"Oignon, cru",2024,France,VITB6,Vitamine B6,vitamin,0.12,mg,0.12,mg,per_100g_edible_part,EXACT,measured,,,,,,,2026-08-22,https://ciqual.anses.fr/,0.95,0.90,
NUTR-0000384,ING-PLANT-OIGNON-000001,raw,Oignon,CIQUAL,13098,"Oignon, cru",2024,France,FOL,Folates totaux,vitamin,19,µg,19,µg,per_100g_edible_part,EXACT,measured,,,,,,,2026-08-22,https://ciqual.anses.fr/,0.95,0.90,
NUTR-0000385,ING-PLANT-AIL-000001,raw,Ail,CIQUAL,13099,"Ail, cru",2024,France,ENERCKCAL,Énergie (kcal),energy,149,kcal,149,kcal,per_100g_edible_part,EXACT,measured,,,,,,,2026-08-22,https://ciqual.anses.fr/,0.95,0.90,
NUTR-0000386,ING-PLANT-AIL-000001,raw,Ail,CIQUAL,13099,"Ail, cru",2024,France,WATER,Eau,matrix,58.6,g,58.6,g,per_100g_edible_part,EXACT,measured,,,,,,,2026-08-22,https://ciqual.anses.fr/,0.95,0.90,
NUTR-0000387,ING-PLANT-AIL-000001,raw,Ail,CIQUAL,13099,"Ail, cru",2024,France,PROTEIN,Protéines,macronutrient,6.4,g,6.4,g,per_100g_edible_part,EXACT,measured,,,,,,,2026-08-22,https://ciqual.anses.fr/,0.95,0.90,
NUTR-0000388,ING-PLANT-AIL-000001,raw,Ail,CIQUAL,13099,"Ail, cru",2024,France,FAT,Lipides totaux,macronutrient,0.5,g,0.5,g,per_100g_edible_part,EXACT,measured,,,,,,,2026-08-22,https://ciqual.anses.fr/,0.95,0.90,
NUTR-0000389,ING-PLANT-AIL-000001,raw,Ail,CIQUAL,13099,"Ail, cru",2024,France,CARB,Glucides totaux,macronutrient,33.1,g,33.1,g,per_100g_edible_part,EXACT,measured,,,,,,,2026-08-22,https://ciqual.anses.fr/,0.95,0.90,
NUTR-0000390,ING-PLANT-AIL-000001,raw,Ail,CIQUAL,13099,"Ail, cru",2024,France,SUGAR,Sucres totaux,carbohydrate,1.0,g,1.0,g,per_100g_edible_part,EXACT,measured,,,,,,,2026-08-22,https://ciqual.anses.fr/,0.95,0.90,
NUTR-0000391,ING-PLANT-AIL-000001,raw,Ail,CIQUAL,13099,"Ail, cru",2024,France,FIBER,Fibres alimentaires,carbohydrate,2.1,g,2.1,g,per_100g_edible_part,EXACT,measured,,,,,,,2026-08-22,https://ciqual.anses.fr/,0.95,0.90,
NUTR-0000392,ING-PLANT-AIL-000001,raw,Ail,CIQUAL,13099,"Ail, cru",2024,France,K,Potassium,mineral,401,mg,401,mg,per_100g_edible_part,EXACT,measured,,,,,,,2026-08-22,https://ciqual.anses.fr/,0.95,0.90,
NUTR-0000393,ING-PLANT-AIL-000001,raw,Ail,CIQUAL,13099,"Ail, cru",2024,France,CA,Calcium,mineral,18,mg,18,mg,per_100g_edible_part,EXACT,measured,,,,,,,2026-08-22,https://ciqual.anses.fr/,0.95,0.90,
NUTR-0000394,ING-PLANT-AIL-000001,raw,Ail,CIQUAL,13099,"Ail, cru",2024,France,FE,Fer,mineral,1.7,mg,1.7,mg,per_100g_edible_part,EXACT,measured,,,,,,,2026-08-22,https://ciqual.anses.fr/,0.95,0.90,
NUTR-0000395,ING-PLANT-AIL-000001,raw,Ail,CIQUAL,13099,"Ail, cru",2024,France,VITC,Vitamine C,vitamin,31.2,mg,31.2,mg,per_100g_edible_part,EXACT,measured,,,,,,,2026-08-22,https://ciqual.anses.fr/,0.95,0.90,
NUTR-0000396,ING-PLANT-AIL-000001,raw,Ail,CIQUAL,13099,"Ail, cru",2024,France,VITB6,Vitamine B6,vitamin,1.235,mg,1.235,mg,per_100g_edible_part,EXACT,measured,,,,,,,2026-08-22,https://ciqual.anses.fr/,0.95,0.90,
NUTR-0000397,ING-PLANT-AIL-000001,raw,Ail,CIQUAL,13099,"Ail, cru",2024,France,FOL,Folates totaux,vitamin,3,µg,3,µg,per_100g_edible_part,EXACT,measured,,,,,,,2026-08-22,https://ciqual.anses.fr/,0.95,0.90,
NUTR-0000398,ING-PLANT-BROCOLI-000001,raw,Brocoli,USDAFDC,170379,"Broccoli, raw",2024-10,United States,ENERCKCAL,Énergie (kcal),energy,34,kcal,34,kcal,per_100g_edible_part,EXACT,measured,,,,,,,2026-08-22,https://fdc.nal.usda.gov/,0.90,0.90,
NUTR-0000399,ING-PLANT-BROCOLI-000001,raw,Brocoli,USDAFDC,170379,"Broccoli, raw",2024-10,United States,WATER,Eau,matrix,89.3,g,89.3,g,per_100g_edible_part,EXACT,measured,,,,,,,2026-08-22,https://fdc.nal.usda.gov/,0.90,0.90,
NUTR-0000400,ING-PLANT-BROCOLI-000001,raw,Brocoli,USDAFDC,170379,"Broccoli, raw",2024-10,United States,PROTEIN,Protéines,macronutrient,2.82,g,2.82,g,per_100g_edible_part,EXACT,measured,,,,,,,2026-08-22,https://fdc.nal.usda.gov/,0.90,0.90,
NUTR-0000401,ING-PLANT-BROCOLI-000001,raw,Brocoli,USDAFDC,170379,"Broccoli, raw",2024-10,United States,FAT,Lipides totaux,macronutrient,0.37,g,0.37,g,per_100g_edible_part,EXACT,measured,,,,,,,2026-08-22,https://fdc.nal.usda.gov/,0.90,0.90,
NUTR-0000402,ING-PLANT-BROCOLI-000001,raw,Brocoli,USDAFDC,170379,"Broccoli, raw",2024-10,United States,CARB,Glucides totaux,macronutrient,6.64,g,6.64,g,per_100g_edible_part,EXACT,measured,,,,,,,2026-08-22,https://fdc.nal.usda.gov/,0.90,0.90,
NUTR-0000403,ING-PLANT-BROCOLI-000001,raw,Brocoli,USDAFDC,170379,"Broccoli, raw",2024-10,United States,SUGAR,Sucres totaux,carbohydrate,1.7,g,1.7,g,per_100g_edible_part,EXACT,measured,,,,,,,2026-08-22,https://fdc.nal.usda.gov/,0.90,0.90,
NUTR-0000404,ING-PLANT-BROCOLI-000001,raw,Brocoli,USDAFDC,170379,"Broccoli, raw",2024-10,United States,FIBER,Fibres alimentaires,carbohydrate,2.6,g,2.6,g,per_100g_edible_part,EXACT,measured,,,,,,,2026-08-22,https://fdc.nal.usda.gov/,0.90,0.90,
NUTR-0000405,ING-PLANT-BROCOLI-000001,raw,Brocoli,USDAFDC,170379,"Broccoli, raw",2024-10,United States,K,Potassium,mineral,316,mg,316,mg,per_100g_edible_part,EXACT,measured,,,,,,,2026-08-22,https://fdc.nal.usda.gov/,0.90,0.90,
NUTR-0000406,ING-PLANT-BROCOLI-000001,raw,Brocoli,USDAFDC,170379,"Broccoli, raw",2024-10,United States,CA,Calcium,mineral,47,mg,47,mg,per_100g_edible_part,EXACT,measured,,,,,,,2026-08-22,https://fdc.nal.usda.gov/,0.90,0.90,
NUTR-0000407,ING-PLANT-BROCOLI-000001,raw,Brocoli,USDAFDC,170379,"Broccoli, raw",2024-10,United States,FE,Fer,mineral,0.73,mg,0.73,mg,per_100g_edible_part,EXACT,measured,,,,,,,2026-08-22,https://fdc.nal.usda.gov/,0.90,0.90,
NUTR-0000408,ING-PLANT-BROCOLI-000001,raw,Brocoli,USDAFDC,170379,"Broccoli, raw",2024-10,United States,VITC,Vitamine C,vitamin,89.2,mg,89.2,mg,per_100g_edible_part,EXACT,measured,,,,,,,2026-08-22,https://fdc.nal.usda.gov/,0.90,0.90,
NUTR-0000409,ING-PLANT-BROCOLI-000001,raw,Brocoli,USDAFDC,170379,"Broccoli, raw",2024-10,United States,VITK,Vitamine K,vitamin,101.6,µg,101.6,µg,per_100g_edible_part,EXACT,measured,,,,,,,2026-08-22,https://fdc.nal.usda.gov/,0.90,0.90,
NUTR-0000410,ING-PLANT-BROCOLI-000001,raw,Brocoli,USDAFDC,170379,"Broccoli, raw",2024-10,United States,FOL,Folates totaux,vitamin,63,µg,63,µg,per_100g_edible_part,EXACT,measured,,,,,,,2026-08-22,https://fdc.nal.usda.gov/,0.90,0.90,
NUTR-0000411,ING-PLANT-PINARD-000001,raw,Épinard,USDAFDC,168409,"Spinach, raw",2024-10,United States,ENERCKCAL,Énergie (kcal),energy,23,kcal,23,kcal,per_100g_edible_part,EXACT,measured,,,,,,,2026-08-22,https://fdc.nal.usda.gov/,0.90,0.90,
NUTR-0000412,ING-PLANT-PINARD-000001,raw,Épinard,USDAFDC,168409,"Spinach, raw",2024-10,United States,WATER,Eau,matrix,91.4,g,91.4,g,per_100g_edible_part,EXACT,measured,,,,,,,2026-08-22,https://fdc.nal.usda.gov/,0.90,0.90,
NUTR-0000413,ING-PLANT-PINARD-000001,raw,Épinard,USDAFDC,168409,"Spinach, raw",2024-10,United States,PROTEIN,Protéines,macronutrient,2.86,g,2.86,g,per_100g_edible_part,EXACT,measured,,,,,,,2026-08-22,https://fdc.nal.usda.gov/,0.90,0.90,
NUTR-0000414,ING-PLANT-PINARD-000001,raw,Épinard,USDAFDC,168409,"Spinach, raw",2024-10,United States,FAT,Lipides totaux,macronutrient,0.39,g,0.39,g,per_100g_edible_part,EXACT,measured,,,,,,,2026-08-22,https://fdc.nal.usda.gov/,0.90,0.90,
NUTR-0000415,ING-PLANT-PINARD-000001,raw,Épinard,USDAFDC,168409,"Spinach, raw",2024-10,United States,CARB,Glucides totaux,macronutrient,3.63,g,3.63,g,per_100g_edible_part,EXACT,measured,,,,,,,2026-08-22,https://fdc.nal.usda.gov/,0.90,0.90,
NUTR-0000416,ING-PLANT-PINARD-000001,raw,Épinard,USDAFDC,168409,"Spinach, raw",2024-10,United States,FIBER,Fibres alimentaires,carbohydrate,2.2,g,2.2,g,per_100g_edible_part,EXACT,measured,,,,,,,2026-08-22,https://fdc.nal.usda.gov/,0.90,0.90,
NUTR-0000417,ING-PLANT-PINARD-000001,raw,Épinard,USDAFDC,168409,"Spinach, raw",2024-10,United States,K,Potassium,mineral,558,mg,558,mg,per_100g_edible_part,EXACT,measured,,,,,,,2026-08-22,https://fdc.nal.usda.gov/,0.90,0.90,
NUTR-0000418,ING-PLANT-PINARD-000001,raw,Épinard,USDAFDC,168409,"Spinach, raw",2024-10,United States,CA,Calcium,mineral,99,mg,99,mg,per_100g_edible_part,EXACT,measured,,,,,,,2026-08-22,https://fdc.nal.usda.gov/,0.90,0.90,
NUTR-0000419,ING-PLANT-PINARD-000001,raw,Épinard,USDAFDC,168409,"Spinach, raw",2024-10,United States,FE,Fer,mineral,2.71,mg,2.71,mg,per_100g_edible_part,EXACT,measured,,,,,,,2026-08-22,https://fdc.nal.usda.gov/,0.90,0.90,
NUTR-0000420,ING-PLANT-PINARD-000001,raw,Épinard,USDAFDC,168409,"Spinach, raw",2024-10,United States,VITC,Vitamine C,vitamin,28.1,mg,28.1,mg,per_100g_edible_part,EXACT,measured,,,,,,,2026-08-22,https://fdc.nal.usda.gov/,0.90,0.90,
NUTR-0000421,ING-PLANT-PINARD-000001,raw,Épinard,USDAFDC,168409,"Spinach, raw",2024-10,United States,VITA,Vitamine A (équivalent rétinol),vitamin,469,µg,469,µg,per_100g_edible_part,EXACT,measured,,,,,,,2026-08-22,https://fdc.nal.usda.gov/,0.90,0.90,
NUTR-0000422,ING-PLANT-PINARD-000001,raw,Épinard,USDAFDC,168409,"Spinach, raw",2024-10,United States,FOL,Folates totaux,vitamin,194,µg,194,µg,per_100g_edible_part,EXACT,measured,,,,,,,2026-08-22,https://fdc.nal.usda.gov/,0.90,0.90,
NUTR-0000423,ING-PLANT-PINARD-000001,raw,Épinard,USDAFDC,168409,"Spinach, raw",2024-10,United States,VITK,Vitamine K,vitamin,482.9,µg,482.9,µg,per_100g_edible_part,EXACT,measured,,,,,,,2026-08-22,https://fdc.nal.usda.gov/,0.90,0.90,
NUTR-0000424,ING-FUNGUS-CHAMPIGNONDE-000001,raw,Champignon de Paris,CIQUAL,13130,"Champignon de Paris, cru",2024,France,ENERCKCAL,Énergie (kcal),energy,22,kcal,22,kcal,per_100g_edible_part,EXACT,measured,,,,,,,2026-08-22,https://ciqual.anses.fr/,0.95,0.90,
NUTR-0000425,ING-FUNGUS-CHAMPIGNONDE-000001,raw,Champignon de Paris,CIQUAL,13130,"Champignon de Paris, cru",2024,France,WATER,Eau,matrix,92.4,g,92.4,g,per_100g_edible_part,EXACT,measured,,,,,,,2026-08-22,https://ciqual.anses.fr/,0.95,0.90,
NUTR-0000426,ING-FUNGUS-CHAMPIGNONDE-000001,raw,Champignon de Paris,CIQUAL,13130,"Champignon de Paris, cru",2024,France,PROTEIN,Protéines,macronutrient,3.1,g,3.1,g,per_100g_edible_part,EXACT,measured,,,,,,,2026-08-22,https://ciqual.anses.fr/,0.95,0.90,
NUTR-0000427,ING-FUNGUS-CHAMPIGNONDE-000001,raw,Champignon de Paris,CIQUAL,13130,"Champignon de Paris, cru",2024,France,FAT,Lipides totaux,macronutrient,0.34,g,0.34,g,per_100g_edible_part,EXACT,measured,,,,,,,2026-08-22,https://ciqual.anses.fr/,0.95,0.90,
NUTR-0000428,ING-FUNGUS-CHAMPIGNONDE-000001,raw,Champignon de Paris,CIQUAL,13130,"Champignon de Paris, cru",2024,France,CARB,Glucides totaux,macronutrient,3.3,g,3.3,g,per_100g_edible_part,EXACT,measured,,,,,,,2026-08-22,https://ciqual.anses.fr/,0.95,0.90,
NUTR-0000429,ING-FUNGUS-CHAMPIGNONDE-000001,raw,Champignon de Paris,CIQUAL,13130,"Champignon de Paris, cru",2024,France,SUGAR,Sucres totaux,carbohydrate,1.98,g,1.98,g,per_100g_edible_part,EXACT,measured,,,,,,,2026-08-22,https://ciqual.anses.fr/,0.95,0.90,
NUTR-0000430,ING-FUNGUS-CHAMPIGNONDE-000001,raw,Champignon de Paris,CIQUAL,13130,"Champignon de Paris, cru",2024,France,FIBER,Fibres alimentaires,carbohydrate,1.0,g,1.0,g,per_100g_edible_part,EXACT,measured,,,,,,,2026-08-22,https://ciqual.anses.fr/,0.95,0.90,
NUTR-0000431,ING-FUNGUS-CHAMPIGNONDE-000001,raw,Champignon de Paris,CIQUAL,13130,"Champignon de Paris, cru",2024,France,K,Potassium,mineral,318,mg,318,mg,per_100g_edible_part,EXACT,measured,,,,,,,2026-08-22,https://ciqual.anses.fr/,0.95,0.90,
NUTR-0000432,ING-FUNGUS-CHAMPIGNONDE-000001,raw,Champignon de Paris,CIQUAL,13130,"Champignon de Paris, cru",2024,France,NA,Sodium,mineral,5,mg,5,mg,per_100g_edible_part,EXACT,measured,,,,,,,2026-08-22,https://ciqual.anses.fr/,0.95,0.90,
NUTR-0000433,ING-FUNGUS-CHAMPIGNONDE-000001,raw,Champignon de Paris,CIQUAL,13130,"Champignon de Paris, cru",2024,France,FE,Fer,mineral,0.5,mg,0.5,mg,per_100g_edible_part,EXACT,measured,,,,,,,2026-08-22,https://ciqual.anses.fr/,0.95,0.90,
NUTR-0000434,ING-FUNGUS-CHAMPIGNONDE-000001,raw,Champignon de Paris,CIQUAL,13130,"Champignon de Paris, cru",2024,France,VITD,Vitamine D,vitamin,0.2,µg,0.2,µg,per_100g_edible_part,EXACT,measured,,,,,,,2026-08-22,https://ciqual.anses.fr/,0.95,0.90,
NUTR-0000435,ING-FUNGUS-CHAMPIGNONDE-000001,raw,Champignon de Paris,CIQUAL,13130,"Champignon de Paris, cru",2024,France,RIBFL,Vitamine B2 (riboflavine),vitamin,0.402,mg,0.402,mg,per_100g_edible_part,EXACT,measured,,,,,,,2026-08-22,https://ciqual.anses.fr/,0.95,0.90,
NUTR-0000436,ING-PLANT-MAS-000001,raw,Maïs grain,USDAFDC,170288,"Corn, sweet, yellow, raw",2024-10,United States,ENERCKCAL,Énergie (kcal),energy,86,kcal,86,kcal,per_100g_edible_part,EXACT,measured,,,,,,,2026-08-22,https://fdc.nal.usda.gov/,0.90,0.90,
NUTR-0000437,ING-PLANT-MAS-000001,raw,Maïs grain,USDAFDC,170288,"Corn, sweet, yellow, raw",2024-10,United States,WATER,Eau,matrix,76.1,g,76.1,g,per_100g_edible_part,EXACT,measured,,,,,,,2026-08-22,https://fdc.nal.usda.gov/,0.90,0.90,
NUTR-0000438,ING-PLANT-MAS-000001,raw,Maïs grain,USDAFDC,170288,"Corn, sweet, yellow, raw",2024-10,United States,PROTEIN,Protéines,macronutrient,3.27,g,3.27,g,per_100g_edible_part,EXACT,measured,,,,,,,2026-08-22,https://fdc.nal.usda.gov/,0.90,0.90,
NUTR-0000439,ING-PLANT-MAS-000001,raw,Maïs grain,USDAFDC,170288,"Corn, sweet, yellow, raw",2024-10,United States,FAT,Lipides totaux,macronutrient,1.35,g,1.35,g,per_100g_edible_part,EXACT,measured,,,,,,,2026-08-22,https://fdc.nal.usda.gov/,0.90,0.90,
NUTR-0000440,ING-PLANT-MAS-000001,raw,Maïs grain,USDAFDC,170288,"Corn, sweet, yellow, raw",2024-10,United States,CARB,Glucides totaux,macronutrient,18.7,g,18.7,g,per_100g_edible_part,EXACT,measured,,,,,,,2026-08-22,https://fdc.nal.usda.gov/,0.90,0.90,
NUTR-0000441,ING-PLANT-MAS-000001,raw,Maïs grain,USDAFDC,170288,"Corn, sweet, yellow, raw",2024-10,United States,SUGAR,Sucres totaux,carbohydrate,6.26,g,6.26,g,per_100g_edible_part,EXACT,measured,,,,,,,2026-08-22,https://fdc.nal.usda.gov/,0.90,0.90,
NUTR-0000442,ING-PLANT-MAS-000001,raw,Maïs grain,USDAFDC,170288,"Corn, sweet, yellow, raw",2024-10,United States,FIBER,Fibres alimentaires,carbohydrate,2.0,g,2.0,g,per_100g_edible_part,EXACT,measured,,,,,,,2026-08-22,https://fdc.nal.usda.gov/,0.90,0.90,
NUTR-0000443,ING-PLANT-MAS-000001,raw,Maïs grain,USDAFDC,170288,"Corn, sweet, yellow, raw",2024-10,United States,K,Potassium,mineral,270,mg,270,mg,per_100g_edible_part,EXACT,measured,,,,,,,2026-08-22,https://fdc.nal.usda.gov/,0.90,0.90,
NUTR-0000444,ING-PLANT-MAS-000001,raw,Maïs grain,USDAFDC,170288,"Corn, sweet, yellow, raw",2024-10,United States,NA,Sodium,mineral,15,mg,15,mg,per_100g_edible_part,EXACT,measured,,,,,,,2026-08-22,https://fdc.nal.usda.gov/,0.90,0.90,
NUTR-0000445,ING-PLANT-MAS-000001,raw,Maïs grain,USDAFDC,170288,"Corn, sweet, yellow, raw",2024-10,United States,FE,Fer,mineral,0.52,mg,0.52,mg,per_100g_edible_part,EXACT,measured,,,,,,,2026-08-22,https://fdc.nal.usda.gov/,0.90,0.90,
NUTR-0000446,ING-PLANT-MAS-000001,raw,Maïs grain,USDAFDC,170288,"Corn, sweet, yellow, raw",2024-10,United States,VITC,Vitamine C,vitamin,6.8,mg,6.8,mg,per_100g_edible_part,EXACT,measured,,,,,,,2026-08-22,https://fdc.nal.usda.gov/,0.90,0.90,
NUTR-0000447,ING-PLANT-MAS-000001,raw,Maïs grain,USDAFDC,170288,"Corn, sweet, yellow, raw",2024-10,United States,THIAMIN,Vitamine B1 (thiamine),vitamin,0.155,mg,0.155,mg,per_100g_edible_part,EXACT,measured,,,,,,,2026-08-22,https://fdc.nal.usda.gov/,0.90,0.90,
NUTR-0000448,ING-PLANT-MAS-000001,raw,Maïs grain,USDAFDC,170288,"Corn, sweet, yellow, raw",2024-10,United States,FOL,Folates totaux,vitamin,42,µg,42,µg,per_100g_edible_part,EXACT,measured,,,,,,,2026-08-22,https://fdc.nal.usda.gov/,0.90,0.90,
NUTR-0000449,ING-PLANT-POISCHICHE-000001,dried,Pois chiche sec,CIQUAL,13110,"Pois chiche, sec",2024,France,ENERCKCAL,Énergie (kcal),energy,360,kcal,360,kcal,per_100g_edible_part,EXACT,measured,,,,,,,2026-08-22,https://ciqual.anses.fr/,0.95,0.90,
NUTR-0000450,ING-PLANT-POISCHICHE-000001,dried,Pois chiche sec,CIQUAL,13110,"Pois chiche, sec",2024,France,WATER,Eau,matrix,9.3,g,9.3,g,per_100g_edible_part,EXACT,measured,,,,,,,2026-08-22,https://ciqual.anses.fr/,0.95,0.90,
NUTR-0000451,ING-PLANT-POISCHICHE-000001,dried,Pois chiche sec,CIQUAL,13110,"Pois chiche, sec",2024,France,PROTEIN,Protéines,macronutrient,19.7,g,19.7,g,per_100g_edible_part,EXACT,measured,,,,,,,2026-08-22,https://ciqual.anses.fr/,0.95,0.90,
NUTR-0000452,ING-PLANT-POISCHICHE-000001,dried,Pois chiche sec,CIQUAL,13110,"Pois chiche, sec",2024,France,FAT,Lipides totaux,macronutrient,5.4,g,5.4,g,per_100g_edible_part,EXACT,measured,,,,,,,2026-08-22,https://ciqual.anses.fr/,0.95,0.90,
NUTR-0000453,ING-PLANT-POISCHICHE-000001,dried,Pois chiche sec,CIQUAL,13110,"Pois chiche, sec",2024,France,CARB,Glucides totaux,macronutrient,55.0,g,55.0,g,per_100g_edible_part,EXACT,measured,,,,,,,2026-08-22,https://ciqual.anses.fr/,0.95,0.90,
NUTR-0000454,ING-PLANT-POISCHICHE-000001,dried,Pois chiche sec,CIQUAL,13110,"Pois chiche, sec",2024,France,SUGAR,Sucres totaux,carbohydrate,7.5,g,7.5,g,per_100g_edible_part,EXACT,measured,,,,,,,2026-08-22,https://ciqual.anses.fr/,0.95,0.90,
NUTR-0000455,ING-PLANT-POISCHICHE-000001,dried,Pois chiche sec,CIQUAL,13110,"Pois chiche, sec",2024,France,STARCH,Amidon,carbohydrate,41.0,g,41.0,g,per_100g_edible_part,EXACT,measured,,,,,,,2026-08-22,https://ciqual.anses.fr/,0.95,0.90,
NUTR-0000456,ING-PLANT-POISCHICHE-000001,dried,Pois chiche sec,CIQUAL,13110,"Pois chiche, sec",2024,France,FIBER,Fibres alimentaires,carbohydrate,12.2,g,12.2,g,per_100g_edible_part,EXACT,measured,,,,,,,2026-08-22,https://ciqual.anses.fr/,0.95,0.90,
NUTR-0000457,ING-PLANT-POISCHICHE-000001,dried,Pois chiche sec,CIQUAL,13110,"Pois chiche, sec",2024,France,K,Potassium,mineral,900,mg,900,mg,per_100g_edible_part,EXACT,measured,,,,,,,2026-08-22,https://ciqual.anses.fr/,0.95,0.90,
NUTR-0000458,ING-PLANT-POISCHICHE-000001,dried,Pois chiche sec,CIQUAL,13110,"Pois chiche, sec",2024,France,FE,Fer,mineral,5.4,mg,5.4,mg,per_100g_edible_part,EXACT,measured,,,,,,,2026-08-22,https://ciqual.anses.fr/,0.95,0.90,
NUTR-0000459,ING-PLANT-POISCHICHE-000001,dried,Pois chiche sec,CIQUAL,13110,"Pois chiche, sec",2024,France,MG,Magnésium,mineral,120,mg,120,mg,per_100g_edible_part,EXACT,measured,,,,,,,2026-08-22,https://ciqual.anses.fr/,0.95,0.90,
NUTR-0000460,ING-PLANT-POISCHICHE-000001,dried,Pois chiche sec,CIQUAL,13110,"Pois chiche, sec",2024,France,FOL,Folates totaux,vitamin,350,µg,350,µg,per_100g_edible_part,EXACT,measured,,,,,,,2026-08-22,https://ciqual.anses.fr/,0.95,0.90,
NUTR-0000461,ING-PLANT-LENTILLEVERT-000001,dried,Lentille verte sec,CIQUAL,13111,"Lentille, sèche",2024,France,ENERCKCAL,Énergie (kcal),energy,350,kcal,350,kcal,per_100g_edible_part,EXACT,measured,,,,,,,2026-08-22,https://ciqual.anses.fr/,0.95,0.90,
NUTR-0000462,ING-PLANT-LENTILLEVERT-000001,dried,Lentille verte sec,CIQUAL,13111,"Lentille, sèche",2024,France,WATER,Eau,matrix,9.0,g,9.0,g,per_100g_edible_part,EXACT,measured,,,,,,,2026-08-22,https://ciqual.anses.fr/,0.95,0.90,
NUTR-0000463,ING-PLANT-LENTILLEVERT-000001,dried,Lentille verte sec,CIQUAL,13111,"Lentille, sèche",2024,France,PROTEIN,Protéines,macronutrient,23.4,g,23.4,g,per_100g_edible_part,EXACT,measured,,,,,,,2026-08-22,https://ciqual.anses.fr/,0.95,0.90,
NUTR-0000464,ING-PLANT-LENTILLEVERT-000001,dried,Lentille verte sec,CIQUAL,13111,"Lentille, sèche",2024,France,FAT,Lipides totaux,macronutrient,1.6,g,1.6,g,per_100g_edible_part,EXACT,measured,,,,,,,2026-08-22,https://ciqual.anses.fr/,0.95,0.90,
NUTR-0000465,ING-PLANT-LENTILLEVERT-000001,dried,Lentille verte sec,CIQUAL,13111,"Lentille, sèche",2024,France,CARB,Glucides totaux,macronutrient,56.0,g,56.0,g,per_100g_edible_part,EXACT,measured,,,,,,,2026-08-22,https://ciqual.anses.fr/,0.95,0.90,
NUTR-0000466,ING-PLANT-LENTILLEVERT-000001,dried,Lentille verte sec,CIQUAL,13111,"Lentille, sèche",2024,France,STARCH,Amidon,carbohydrate,42.0,g,42.0,g,per_100g_edible_part,EXACT,measured,,,,,,,2026-08-22,https://ciqual.anses.fr/,0.95,0.90,
NUTR-0000467,ING-PLANT-LENTILLEVERT-000001,dried,Lentille verte sec,CIQUAL,13111,"Lentille, sèche",2024,France,FIBER,Fibres alimentaires,carbohydrate,11.5,g,11.5,g,per_100g_edible_part,EXACT,measured,,,,,,,2026-08-22,https://ciqual.anses.fr/,0.95,0.90,
NUTR-0000468,ING-PLANT-LENTILLEVERT-000001,dried,Lentille verte sec,CIQUAL,13111,"Lentille, sèche",2024,France,FE,Fer,mineral,7.0,mg,7.0,mg,per_100g_edible_part,EXACT,measured,,,,,,,2026-08-22,https://ciqual.anses.fr/,0.95,0.90,
NUTR-0000469,ING-PLANT-LENTILLEVERT-000001,dried,Lentille verte sec,CIQUAL,13111,"Lentille, sèche",2024,France,K,Potassium,mineral,820,mg,820,mg,per_100g_edible_part,EXACT,measured,,,,,,,2026-08-22,https://ciqual.anses.fr/,0.95,0.90,
NUTR-0000470,ING-PLANT-LENTILLEVERT-000001,dried,Lentille verte sec,CIQUAL,13111,"Lentille, sèche",2024,France,FOL,Folates totaux,vitamin,350,µg,350,µg,per_100g_edible_part,EXACT,measured,,,,,,,2026-08-22,https://ciqual.anses.fr/,0.95,0.90,
NUTR-0000471,ING-PLANT-HARICOTROUGE-000001,dried,Haricot rouge sec,USDAFDC,173757,"Beans, kidney, all types, mature seeds, raw",2024-10,United States,ENERCKCAL,Énergie (kcal),energy,333,kcal,333,kcal,per_100g_edible_part,EXACT,measured,,,,,,,2026-08-22,https://fdc.nal.usda.gov/,0.90,0.90,
NUTR-0000472,ING-PLANT-HARICOTROUGE-000001,dried,Haricot rouge sec,USDAFDC,173757,"Beans, kidney, all types, mature seeds, raw",2024-10,United States,WATER,Eau,matrix,11.8,g,11.8,g,per_100g_edible_part,EXACT,measured,,,,,,,2026-08-22,https://fdc.nal.usda.gov/,0.90,0.90,
NUTR-0000473,ING-PLANT-HARICOTROUGE-000001,dried,Haricot rouge sec,USDAFDC,173757,"Beans, kidney, all types, mature seeds, raw",2024-10,United States,PROTEIN,Protéines,macronutrient,23.6,g,23.6,g,per_100g_edible_part,EXACT,measured,,,,,,,2026-08-22,https://fdc.nal.usda.gov/,0.90,0.90,
NUTR-0000474,ING-PLANT-HARICOTROUGE-000001,dried,Haricot rouge sec,USDAFDC,173757,"Beans, kidney, all types, mature seeds, raw",2024-10,United States,FAT,Lipides totaux,macronutrient,0.83,g,0.83,g,per_100g_edible_part,EXACT,measured,,,,,,,2026-08-22,https://fdc.nal.usda.gov/,0.90,0.90,
NUTR-0000475,ING-PLANT-HARICOTROUGE-000001,dried,Haricot rouge sec,USDAFDC,173757,"Beans, kidney, all types, mature seeds, raw",2024-10,United States,CARB,Glucides totaux,macronutrient,60.0,g,60.0,g,per_100g_edible_part,EXACT,measured,,,,,,,2026-08-22,https://fdc.nal.usda.gov/,0.90,0.90,
NUTR-0000476,ING-PLANT-HARICOTROUGE-000001,dried,Haricot rouge sec,USDAFDC,173757,"Beans, kidney, all types, mature seeds, raw",2024-10,United States,FIBER,Fibres alimentaires,carbohydrate,24.9,g,24.9,g,per_100g_edible_part,EXACT,measured,,,,,,,2026-08-22,https://fdc.nal.usda.gov/,0.90,0.90,
NUTR-0000477,ING-PLANT-HARICOTROUGE-000001,dried,Haricot rouge sec,USDAFDC,173757,"Beans, kidney, all types, mature seeds, raw",2024-10,United States,K,Potassium,mineral,1359,mg,1359,mg,per_100g_edible_part,EXACT,measured,,,,,,,2026-08-22,https://fdc.nal.usda.gov/,0.90,0.90,
NUTR-0000478,ING-PLANT-HARICOTROUGE-000001,dried,Haricot rouge sec,USDAFDC,173757,"Beans, kidney, all types, mature seeds, raw",2024-10,United States,FE,Fer,mineral,8.2,mg,8.2,mg,per_100g_edible_part,EXACT,measured,,,,,,,2026-08-22,https://fdc.nal.usda.gov/,0.90,0.90,
NUTR-0000479,ING-PLANT-HARICOTROUGE-000001,dried,Haricot rouge sec,USDAFDC,173757,"Beans, kidney, all types, mature seeds, raw",2024-10,United States,FOL,Folates totaux,vitamin,394,µg,394,µg,per_100g_edible_part,EXACT,measured,,,,,,,2026-08-22,https://fdc.nal.usda.gov/,0.90,0.90,
NUTR-0000480,ING-PLANT-SOJA-000001,dried,Soja sec,USDAFDC,174270,"Soybeans, mature seeds, raw",2024-10,United States,ENERCKCAL,Énergie (kcal),energy,446,kcal,446,kcal,per_100g_edible_part,EXACT,measured,,,,,,,2026-08-22,https://fdc.nal.usda.gov/,0.90,0.90,
NUTR-0000481,ING-PLANT-SOJA-000001,dried,Soja sec,USDAFDC,174270,"Soybeans, mature seeds, raw",2024-10,United States,WATER,Eau,matrix,8.5,g,8.5,g,per_100g_edible_part,EXACT,measured,,,,,,,2026-08-22,https://fdc.nal.usda.gov/,0.90,0.90,
NUTR-0000482,ING-PLANT-SOJA-000001,dried,Soja sec,USDAFDC,174270,"Soybeans, mature seeds, raw",2024-10,United States,PROTEIN,Protéines,macronutrient,36.5,g,36.5,g,per_100g_edible_part,EXACT,measured,,,,,,,2026-08-22,https://fdc.nal.usda.gov/,0.90,0.90,
NUTR-0000483,ING-PLANT-SOJA-000001,dried,Soja sec,USDAFDC,174270,"Soybeans, mature seeds, raw",2024-10,United States,FAT,Lipides totaux,macronutrient,20.0,g,20.0,g,per_100g_edible_part,EXACT,measured,,,,,,,2026-08-22,https://fdc.nal.usda.gov/,0.90,0.90,
NUTR-0000484,ING-PLANT-SOJA-000001,dried,Soja sec,USDAFDC,174270,"Soybeans, mature seeds, raw",2024-10,United States,CARB,Glucides totaux,macronutrient,30.2,g,30.2,g,per_100g_edible_part,EXACT,measured,,,,,,,2026-08-22,https://fdc.nal.usda.gov/,0.90,0.90,
NUTR-0000485,ING-PLANT-SOJA-000001,dried,Soja sec,USDAFDC,174270,"Soybeans, mature seeds, raw",2024-10,United States,FIBER,Fibres alimentaires,carbohydrate,9.3,g,9.3,g,per_100g_edible_part,EXACT,measured,,,,,,,2026-08-22,https://fdc.nal.usda.gov/,0.90,0.90,
NUTR-0000486,ING-PLANT-SOJA-000001,dried,Soja sec,USDAFDC,174270,"Soybeans, mature seeds, raw",2024-10,United States,K,Potassium,mineral,1797,mg,1797,mg,per_100g_edible_part,EXACT,measured,,,,,,,2026-08-22,https://fdc.nal.usda.gov/,0.90,0.90,
NUTR-0000487,ING-PLANT-SOJA-000001,dried,Soja sec,USDAFDC,174270,"Soybeans, mature seeds, raw",2024-10,United States,CA,Calcium,mineral,277,mg,277,mg,per_100g_edible_part,EXACT,measured,,,,,,,2026-08-22,https://fdc.nal.usda.gov/,0.90,0.90,
NUTR-0000488,ING-PLANT-SOJA-000001,dried,Soja sec,USDAFDC,174270,"Soybeans, mature seeds, raw",2024-10,United States,FE,Fer,mineral,15.7,mg,15.7,mg,per_100g_edible_part,EXACT,measured,,,,,,,2026-08-22,https://fdc.nal.usda.gov/,0.90,0.90,
NUTR-0000489,ING-PLANT-SOJA-000001,dried,Soja sec,USDAFDC,174270,"Soybeans, mature seeds, raw",2024-10,United States,VITK,Vitamine K,vitamin,47.0,µg,47.0,µg,per_100g_edible_part,EXACT,measured,,,,,,,2026-08-22,https://fdc.nal.usda.gov/,0.90,0.90,
NUTR-0000490,ING-ANIMAL-BUFVIANDE-000001,raw,Bœuf (viande),CIQUAL,61000,"Bœuf, viande crue, moyenne (5-10% MG)",2024,France,ENERCKCAL,Énergie (kcal),energy,220,kcal,220,kcal,per_100g_edible_part,EXACT,measured,,,,,,,2026-08-22,https://ciqual.anses.fr/,0.90,0.90,
NUTR-0000491,ING-ANIMAL-BUFVIANDE-000001,raw,Bœuf (viande),CIQUAL,61000,"Bœuf, viande crue, moyenne (5-10% MG)",2024,France,WATER,Eau,matrix,65.0,g,65.0,g,per_100g_edible_part,EXACT,measured,,,,,,,2026-08-22,https://ciqual.anses.fr/,0.90,0.90,
NUTR-0000492,ING-ANIMAL-BUFVIANDE-000001,raw,Bœuf (viande),CIQUAL,61000,"Bœuf, viande crue, moyenne (5-10% MG)",2024,France,PROTEIN,Protéines,macronutrient,20.0,g,20.0,g,per_100g_edible_part,EXACT,measured,,,,,,,2026-08-22,https://ciqual.anses.fr/,0.90,0.90,
NUTR-0000493,ING-ANIMAL-BUFVIANDE-000001,raw,Bœuf (viande),CIQUAL,61000,"Bœuf, viande crue, moyenne (5-10% MG)",2024,France,FAT,Lipides totaux,macronutrient,14.0,g,14.0,g,per_100g_edible_part,EXACT,measured,,,,,,,2026-08-22,https://ciqual.anses.fr/,0.90,0.90,
NUTR-0000494,ING-ANIMAL-BUFVIANDE-000001,raw,Bœuf (viande),CIQUAL,61000,"Bœuf, viande crue, moyenne (5-10% MG)",2024,France,FAT_SAT,Acides gras saturés,lipid,6.0,g,6.0,g,per_100g_edible_part,EXACT,measured,,,,,,,2026-08-22,https://ciqual.anses.fr/,0.90,0.90,
NUTR-0000495,ING-ANIMAL-BUFVIANDE-000001,raw,Bœuf (viande),CIQUAL,61000,"Bœuf, viande crue, moyenne (5-10% MG)",2024,France,CHOLEST,Cholestérol,lipid,70,mg,70,mg,per_100g_edible_part,EXACT,measured,,,,,,,2026-08-22,https://ciqual.anses.fr/,0.90,0.90,
NUTR-0000496,ING-ANIMAL-BUFVIANDE-000001,raw,Bœuf (viande),CIQUAL,61000,"Bœuf, viande crue, moyenne (5-10% MG)",2024,France,NA,Sodium,mineral,70,mg,70,mg,per_100g_edible_part,EXACT,measured,,,,,,,2026-08-22,https://ciqual.anses.fr/,0.90,0.90,
NUTR-0000497,ING-ANIMAL-BUFVIANDE-000001,raw,Bœuf (viande),CIQUAL,61000,"Bœuf, viande crue, moyenne (5-10% MG)",2024,France,K,Potassium,mineral,330,mg,330,mg,per_100g_edible_part,EXACT,measured,,,,,,,2026-08-22,https://ciqual.anses.fr/,0.90,0.90,
NUTR-0000498,ING-ANIMAL-BUFVIANDE-000001,raw,Bœuf (viande),CIQUAL,61000,"Bœuf, viande crue, moyenne (5-10% MG)",2024,France,FE,Fer,mineral,2.5,mg,2.5,mg,per_100g_edible_part,EXACT,measured,,,,,,,2026-08-22,https://ciqual.anses.fr/,0.90,0.90,
NUTR-0000499,ING-ANIMAL-BUFVIANDE-000001,raw,Bœuf (viande),CIQUAL,61000,"Bœuf, viande crue, moyenne (5-10% MG)",2024,France,ZN,Zinc,mineral,4.5,mg,4.5,mg,per_100g_edible_part,EXACT,measured,,,,,,,2026-08-22,https://ciqual.anses.fr/,0.90,0.90,
NUTR-0000500,ING-ANIMAL-BUFVIANDE-000001,raw,Bœuf (viande),CIQUAL,61000,"Bœuf, viande crue, moyenne (5-10% MG)",2024,France,VITB12,Vitamine B12,vitamin,2.5,µg,2.5,µg,per_100g_edible_part,EXACT,measured,,,,,,,2026-08-22,https://ciqual.anses.fr/,0.90,0.90,
NUTR-0000501,ING-ANIMAL-BUFVIANDE-000001,raw,Bœuf (viande),CIQUAL,61000,"Bœuf, viande crue, moyenne (5-10% MG)",2024,France,VITB6,Vitamine B6,vitamin,0.4,mg,0.4,mg,per_100g_edible_part,EXACT,measured,,,,,,,2026-08-22,https://ciqual.anses.fr/,0.90,0.90,
NUTR-0000502,ING-ANIMAL-BUFVIANDE-000001,raw,Bœuf (viande),CIQUAL,61000,"Bœuf, viande crue, moyenne (5-10% MG)",2024,France,FOL,Folates totaux,vitamin,8,µg,8,µg,per_100g_edible_part,EXACT,measured,,,,,,,2026-08-22,https://ciqual.anses.fr/,0.90,0.90,
NUTR-0000503,ING-ANIMAL-PORCVIANDE-000001,raw,Porc (viande),CIQUAL,61500,"Porc, viande crue, moyenne",2024,France,ENERCKCAL,Énergie (kcal),energy,242,kcal,242,kcal,per_100g_edible_part,EXACT,measured,,,,,,,2026-08-22,https://ciqual.anses.fr/,0.90,0.90,
NUTR-0000504,ING-ANIMAL-PORCVIANDE-000001,raw,Porc (viande),CIQUAL,61500,"Porc, viande crue, moyenne",2024,France,WATER,Eau,matrix,60.0,g,60.0,g,per_100g_edible_part,EXACT,measured,,,,,,,2026-08-22,https://ciqual.anses.fr/,0.90,0.90,
NUTR-0000505,ING-ANIMAL-PORCVIANDE-000001,raw,Porc (viande),CIQUAL,61500,"Porc, viande crue, moyenne",2024,France,PROTEIN,Protéines,macronutrient,18.5,g,18.5,g,per_100g_edible_part,EXACT,measured,,,,,,,2026-08-22,https://ciqual.anses.fr/,0.90,0.90,
NUTR-0000506,ING-ANIMAL-PORCVIANDE-000001,raw,Porc (viande),CIQUAL,61500,"Porc, viande crue, moyenne",2024,France,FAT,Lipides totaux,macronutrient,18.0,g,18.0,g,per_100g_edible_part,EXACT,measured,,,,,,,2026-08-22,https://ciqual.anses.fr/,0.90,0.90,
NUTR-0000507,ING-ANIMAL-PORCVIANDE-000001,raw,Porc (viande),CIQUAL,61500,"Porc, viande crue, moyenne",2024,France,FAT_SAT,Acides gras saturés,lipid,6.5,g,6.5,g,per_100g_edible_part,EXACT,measured,,,,,,,2026-08-22,https://ciqual.anses.fr/,0.90,0.90,
NUTR-0000508,ING-ANIMAL-PORCVIANDE-000001,raw,Porc (viande),CIQUAL,61500,"Porc, viande crue, moyenne",2024,France,CHOLEST,Cholestérol,lipid,70,mg,70,mg,per_100g_edible_part,EXACT,measured,,,,,,,2026-08-22,https://ciqual.anses.fr/,0.90,0.90,
NUTR-0000509,ING-ANIMAL-PORCVIANDE-000001,raw,Porc (viande),CIQUAL,61500,"Porc, viande crue, moyenne",2024,France,NA,Sodium,mineral,60,mg,60,mg,per_100g_edible_part,EXACT,measured,,,,,,,2026-08-22,https://ciqual.anses.fr/,0.90,0.90,
NUTR-0000510,ING-ANIMAL-PORCVIANDE-000001,raw,Porc (viande),CIQUAL,61500,"Porc, viande crue, moyenne",2024,France,FE,Fer,mineral,1.0,mg,1.0,mg,per_100g_edible_part,EXACT,measured,,,,,,,2026-08-22,https://ciqual.anses.fr/,0.90,0.90,
NUTR-0000511,ING-ANIMAL-PORCVIANDE-000001,raw,Porc (viande),CIQUAL,61500,"Porc, viande crue, moyenne",2024,France,ZN,Zinc,mineral,2.0,mg,2.0,mg,per_100g_edible_part,EXACT,measured,,,,,,,2026-08-22,https://ciqual.anses.fr/,0.90,0.90,
NUTR-0000512,ING-ANIMAL-PORCVIANDE-000001,raw,Porc (viande),CIQUAL,61500,"Porc, viande crue, moyenne",2024,France,THIAMIN,Vitamine B1 (thiamine),vitamin,0.7,mg,0.7,mg,per_100g_edible_part,EXACT,measured,,,,,,,2026-08-22,https://ciqual.anses.fr/,0.90,0.90,
NUTR-0000513,ING-ANIMAL-PORCVIANDE-000001,raw,Porc (viande),CIQUAL,61500,"Porc, viande crue, moyenne",2024,France,VITB6,Vitamine B6,vitamin,0.4,mg,0.4,mg,per_100g_edible_part,EXACT,measured,,,,,,,2026-08-22,https://ciqual.anses.fr/,0.90,0.90,
NUTR-0000514,ING-ANIMAL-PORCVIANDE-000001,raw,Porc (viande),CIQUAL,61500,"Porc, viande crue, moyenne",2024,France,VITB12,Vitamine B12,vitamin,1.0,µg,1.0,µg,per_100g_edible_part,EXACT,measured,,,,,,,2026-08-22,https://ciqual.anses.fr/,0.90,0.90,
NUTR-0000515,ING-ANIMAL-AGNEAUVIANDE-000001,raw,Agneau (viande),USDAFDC,170609,"Lamb, domestic, composite of trimmed retail cuts, separable lean and fat, trimmed to 1/4"" fat, choice, raw",2024-10,United States,ENERCKCAL,Énergie (kcal),energy,282,kcal,282,kcal,per_100g_edible_part,EXACT,measured,,,,,,,2026-08-22,https://fdc.nal.usda.gov/,0.85,0.90,
NUTR-0000516,ING-ANIMAL-AGNEAUVIANDE-000001,raw,Agneau (viande),USDAFDC,170609,"Lamb, domestic, composite of trimmed retail cuts, separable lean and fat, trimmed to 1/4"" fat, choice, raw",2024-10,United States,WATER,Eau,matrix,57.8,g,57.8,g,per_100g_edible_part,EXACT,measured,,,,,,,2026-08-22,https://fdc.nal.usda.gov/,0.85,0.90,
NUTR-0000517,ING-ANIMAL-AGNEAUVIANDE-000001,raw,Agneau (viande),USDAFDC,170609,"Lamb, domestic, composite of trimmed retail cuts, separable lean and fat, trimmed to 1/4"" fat, choice, raw",2024-10,United States,PROTEIN,Protéines,macronutrient,16.6,g,16.6,g,per_100g_edible_part,EXACT,measured,,,,,,,2026-08-22,https://fdc.nal.usda.gov/,0.85,0.90,
NUTR-0000518,ING-ANIMAL-AGNEAUVIANDE-000001,raw,Agneau (viande),USDAFDC,170609,"Lamb, domestic, composite of trimmed retail cuts, separable lean and fat, trimmed to 1/4"" fat, choice, raw",2024-10,United States,FAT,Lipides totaux,macronutrient,23.4,g,23.4,g,per_100g_edible_part,EXACT,measured,,,,,,,2026-08-22,https://fdc.nal.usda.gov/,0.85,0.90,
NUTR-0000519,ING-ANIMAL-AGNEAUVIANDE-000001,raw,Agneau (viande),USDAFDC,170609,"Lamb, domestic, composite of trimmed retail cuts, separable lean and fat, trimmed to 1/4"" fat, choice, raw",2024-10,United States,FAT_SAT,Acides gras saturés,lipid,10.0,g,10.0,g,per_100g_edible_part,EXACT,measured,,,,,,,2026-08-22,https://fdc.nal.usda.gov/,0.85,0.90,
NUTR-0000520,ING-ANIMAL-AGNEAUVIANDE-000001,raw,Agneau (viande),USDAFDC,170609,"Lamb, domestic, composite of trimmed retail cuts, separable lean and fat, trimmed to 1/4"" fat, choice, raw",2024-10,United States,CHOLEST,Cholestérol,lipid,72,mg,72,mg,per_100g_edible_part,EXACT,measured,,,,,,,2026-08-22,https://fdc.nal.usda.gov/,0.85,0.90,
NUTR-0000521,ING-ANIMAL-AGNEAUVIANDE-000001,raw,Agneau (viande),USDAFDC,170609,"Lamb, domestic, composite of trimmed retail cuts, separable lean and fat, trimmed to 1/4"" fat, choice, raw",2024-10,United States,FE,Fer,mineral,1.6,mg,1.6,mg,per_100g_edible_part,EXACT,measured,,,,,,,2026-08-22,https://fdc.nal.usda.gov/,0.85,0.90,
NUTR-0000522,ING-ANIMAL-AGNEAUVIANDE-000001,raw,Agneau (viande),USDAFDC,170609,"Lamb, domestic, composite of trimmed retail cuts, separable lean and fat, trimmed to 1/4"" fat, choice, raw",2024-10,United States,ZN,Zinc,mineral,3.0,mg,3.0,mg,per_100g_edible_part,EXACT,measured,,,,,,,2026-08-22,https://fdc.nal.usda.gov/,0.85,0.90,
NUTR-0000523,ING-ANIMAL-AGNEAUVIANDE-000001,raw,Agneau (viande),USDAFDC,170609,"Lamb, domestic, composite of trimmed retail cuts, separable lean and fat, trimmed to 1/4"" fat, choice, raw",2024-10,United States,VITB12,Vitamine B12,vitamin,2.0,µg,2.0,µg,per_100g_edible_part,EXACT,measured,,,,,,,2026-08-22,https://fdc.nal.usda.gov/,0.85,0.90,
NUTR-0000524,ING-MARINE-SAUMON-000001,raw,Saumon,USDAFDC,173686,"Fish, salmon, atlantic, wild, raw",2024-10,United States,ENERCKCAL,Énergie (kcal),energy,208,kcal,208,kcal,per_100g_edible_part,EXACT,measured,,,,,,,2026-08-22,https://fdc.nal.usda.gov/,0.85,0.90,
NUTR-0000525,ING-MARINE-SAUMON-000001,raw,Saumon,USDAFDC,173686,"Fish, salmon, atlantic, wild, raw",2024-10,United States,WATER,Eau,matrix,64.0,g,64.0,g,per_100g_edible_part,EXACT,measured,,,,,,,2026-08-22,https://fdc.nal.usda.gov/,0.85,0.90,
NUTR-0000526,ING-MARINE-SAUMON-000001,raw,Saumon,USDAFDC,173686,"Fish, salmon, atlantic, wild, raw",2024-10,United States,PROTEIN,Protéines,macronutrient,20.4,g,20.4,g,per_100g_edible_part,EXACT,measured,,,,,,,2026-08-22,https://fdc.nal.usda.gov/,0.85,0.90,
NUTR-0000527,ING-MARINE-SAUMON-000001,raw,Saumon,USDAFDC,173686,"Fish, salmon, atlantic, wild, raw",2024-10,United States,FAT,Lipides totaux,macronutrient,13.4,g,13.4,g,per_100g_edible_part,EXACT,measured,,,,,,,2026-08-22,https://fdc.nal.usda.gov/,0.85,0.90,
NUTR-0000528,ING-MARINE-SAUMON-000001,raw,Saumon,USDAFDC,173686,"Fish, salmon, atlantic, wild, raw",2024-10,United States,FAT_SAT,Acides gras saturés,lipid,3.1,g,3.1,g,per_100g_edible_part,EXACT,measured,,,,,,,2026-08-22,https://fdc.nal.usda.gov/,0.85,0.90,
NUTR-0000529,ING-MARINE-SAUMON-000001,raw,Saumon,USDAFDC,173686,"Fish, salmon, atlantic, wild, raw",2024-10,United States,OMEGA3,Oméga-3,lipid,1.9,g,1.9,g,per_100g_edible_part,EXACT,measured,,,,,,,2026-08-22,https://fdc.nal.usda.gov/,0.85,0.90,
NUTR-0000530,ING-MARINE-SAUMON-000001,raw,Saumon,USDAFDC,173686,"Fish, salmon, atlantic, wild, raw",2024-10,United States,CHOLEST,Cholestérol,lipid,55,mg,55,mg,per_100g_edible_part,EXACT,measured,,,,,,,2026-08-22,https://fdc.nal.usda.gov/,0.85,0.90,
NUTR-0000531,ING-MARINE-SAUMON-000001,raw,Saumon,USDAFDC,173686,"Fish, salmon, atlantic, wild, raw",2024-10,United States,NA,Sodium,mineral,59,mg,59,mg,per_100g_edible_part,EXACT,measured,,,,,,,2026-08-22,https://fdc.nal.usda.gov/,0.85,0.90,
NUTR-0000532,ING-MARINE-SAUMON-000001,raw,Saumon,USDAFDC,173686,"Fish, salmon, atlantic, wild, raw",2024-10,United States,P,Phosphore,mineral,240,mg,240,mg,per_100g_edible_part,EXACT,measured,,,,,,,2026-08-22,https://fdc.nal.usda.gov/,0.85,0.90,
NUTR-0000533,ING-MARINE-SAUMON-000001,raw,Saumon,USDAFDC,173686,"Fish, salmon, atlantic, wild, raw",2024-10,United States,K,Potassium,mineral,363,mg,363,mg,per_100g_edible_part,EXACT,measured,,,,,,,2026-08-22,https://fdc.nal.usda.gov/,0.85,0.90,
NUTR-0000534,ING-MARINE-SAUMON-000001,raw,Saumon,USDAFDC,173686,"Fish, salmon, atlantic, wild, raw",2024-10,United States,VITD,Vitamine D,vitamin,13.1,µg,13.1,µg,per_100g_edible_part,EXACT,measured,,,,,,,2026-08-22,https://fdc.nal.usda.gov/,0.85,0.90,
NUTR-0000535,ING-MARINE-SAUMON-000001,raw,Saumon,USDAFDC,173686,"Fish, salmon, atlantic, wild, raw",2024-10,United States,VITB12,Vitamine B12,vitamin,3.2,µg,3.2,µg,per_100g_edible_part,EXACT,measured,,,,,,,2026-08-22,https://fdc.nal.usda.gov/,0.85,0.90,
NUTR-0000536,ING-MARINE-CABILLAUD-000001,raw,Cabillaud,USDAFDC,175117,"Fish, cod, atlantic, raw",2024-10,United States,ENERCKCAL,Énergie (kcal),energy,82,kcal,82,kcal,per_100g_edible_part,EXACT,measured,,,,,,,2026-08-22,https://fdc.nal.usda.gov/,0.85,0.90,
NUTR-0000537,ING-MARINE-CABILLAUD-000001,raw,Cabillaud,USDAFDC,175117,"Fish, cod, atlantic, raw",2024-10,United States,WATER,Eau,matrix,81.2,g,81.2,g,per_100g_edible_part,EXACT,measured,,,,,,,2026-08-22,https://fdc.nal.usda.gov/,0.85,0.90,
NUTR-0000538,ING-MARINE-CABILLAUD-000001,raw,Cabillaud,USDAFDC,175117,"Fish, cod, atlantic, raw",2024-10,United States,PROTEIN,Protéines,macronutrient,17.8,g,17.8,g,per_100g_edible_part,EXACT,measured,,,,,,,2026-08-22,https://fdc.nal.usda.gov/,0.85,0.90,
NUTR-0000539,ING-MARINE-CABILLAUD-000001,raw,Cabillaud,USDAFDC,175117,"Fish, cod, atlantic, raw",2024-10,United States,FAT,Lipides totaux,macronutrient,0.67,g,0.67,g,per_100g_edible_part,EXACT,measured,,,,,,,2026-08-22,https://fdc.nal.usda.gov/,0.85,0.90,
NUTR-0000540,ING-MARINE-CABILLAUD-000001,raw,Cabillaud,USDAFDC,175117,"Fish, cod, atlantic, raw",2024-10,United States,CHOLEST,Cholestérol,lipid,43,mg,43,mg,per_100g_edible_part,EXACT,measured,,,,,,,2026-08-22,https://fdc.nal.usda.gov/,0.85,0.90,
NUTR-0000541,ING-MARINE-CABILLAUD-000001,raw,Cabillaud,USDAFDC,175117,"Fish, cod, atlantic, raw",2024-10,United States,NA,Sodium,mineral,78,mg,78,mg,per_100g_edible_part,EXACT,measured,,,,,,,2026-08-22,https://fdc.nal.usda.gov/,0.85,0.90,
NUTR-0000542,ING-MARINE-CABILLAUD-000001,raw,Cabillaud,USDAFDC,175117,"Fish, cod, atlantic, raw",2024-10,United States,P,Phosphore,mineral,203,mg,203,mg,per_100g_edible_part,EXACT,measured,,,,,,,2026-08-22,https://fdc.nal.usda.gov/,0.85,0.90,
NUTR-0000543,ING-MARINE-CABILLAUD-000001,raw,Cabillaud,USDAFDC,175117,"Fish, cod, atlantic, raw",2024-10,United States,K,Potassium,mineral,413,mg,413,mg,per_100g_edible_part,EXACT,measured,,,,,,,2026-08-22,https://fdc.nal.usda.gov/,0.85,0.90,
NUTR-0000544,ING-MARINE-CABILLAUD-000001,raw,Cabillaud,USDAFDC,175117,"Fish, cod, atlantic, raw",2024-10,United States,VITB12,Vitamine B12,vitamin,0.91,µg,0.91,µg,per_100g_edible_part,EXACT,measured,,,,,,,2026-08-22,https://fdc.nal.usda.gov/,0.85,0.90,
NUTR-0000545,ING-PLANT-NOISETTE-000001,raw,Noisette crue,USDAFDC,170581,"Nuts, hazelnuts or filberts, raw",2024-10,United States,ENERCKCAL,Énergie (kcal),energy,628,kcal,628,kcal,per_100g_edible_part,EXACT,measured,,,,,,,2026-08-22,https://fdc.nal.usda.gov/,0.90,0.90,
NUTR-0000546,ING-PLANT-NOISETTE-000001,raw,Noisette crue,USDAFDC,170581,"Nuts, hazelnuts or filberts, raw",2024-10,United States,WATER,Eau,matrix,5.3,g,5.3,g,per_100g_edible_part,EXACT,measured,,,,,,,2026-08-22,https://fdc.nal.usda.gov/,0.90,0.90,
NUTR-0000547,ING-PLANT-NOISETTE-000001,raw,Noisette crue,USDAFDC,170581,"Nuts, hazelnuts or filberts, raw",2024-10,United States,PROTEIN,Protéines,macronutrient,14.96,g,14.96,g,per_100g_edible_part,EXACT,measured,,,,,,,2026-08-22,https://fdc.nal.usda.gov/,0.90,0.90,
NUTR-0000548,ING-PLANT-NOISETTE-000001,raw,Noisette crue,USDAFDC,170581,"Nuts, hazelnuts or filberts, raw",2024-10,United States,FAT,Lipides totaux,macronutrient,60.75,g,60.75,g,per_100g_edible_part,EXACT,measured,,,,,,,2026-08-22,https://fdc.nal.usda.gov/,0.90,0.90,
NUTR-0000549,ING-PLANT-NOISETTE-000001,raw,Noisette crue,USDAFDC,170581,"Nuts, hazelnuts or filberts, raw",2024-10,United States,FAT_SAT,Acides gras saturés,lipid,4.46,g,4.46,g,per_100g_edible_part,EXACT,measured,,,,,,,2026-08-22,https://fdc.nal.usda.gov/,0.90,0.90,
NUTR-0000550,ING-PLANT-NOISETTE-000001,raw,Noisette crue,USDAFDC,170581,"Nuts, hazelnuts or filberts, raw",2024-10,United States,FAT_MONO,Acides gras mono-insaturés,lipid,45.65,g,45.65,g,per_100g_edible_part,EXACT,measured,,,,,,,2026-08-22,https://fdc.nal.usda.gov/,0.90,0.90,
NUTR-0000551,ING-PLANT-NOISETTE-000001,raw,Noisette crue,USDAFDC,170581,"Nuts, hazelnuts or filberts, raw",2024-10,United States,FAT_POLY,Acides gras poly-insaturés,lipid,7.92,g,7.92,g,per_100g_edible_part,EXACT,measured,,,,,,,2026-08-22,https://fdc.nal.usda.gov/,0.90,0.90,
NUTR-0000552,ING-PLANT-NOISETTE-000001,raw,Noisette crue,USDAFDC,170581,"Nuts, hazelnuts or filberts, raw",2024-10,United States,CARB,Glucides totaux,macronutrient,16.7,g,16.7,g,per_100g_edible_part,EXACT,measured,,,,,,,2026-08-22,https://fdc.nal.usda.gov/,0.90,0.90,
NUTR-0000553,ING-PLANT-NOISETTE-000001,raw,Noisette crue,USDAFDC,170581,"Nuts, hazelnuts or filberts, raw",2024-10,United States,FIBER,Fibres alimentaires,carbohydrate,9.7,g,9.7,g,per_100g_edible_part,EXACT,measured,,,,,,,2026-08-22,https://fdc.nal.usda.gov/,0.90,0.90,
NUTR-0000554,ING-PLANT-NOISETTE-000001,raw,Noisette crue,USDAFDC,170581,"Nuts, hazelnuts or filberts, raw",2024-10,United States,MG,Magnésium,mineral,163,mg,163,mg,per_100g_edible_part,EXACT,measured,,,,,,,2026-08-22,https://fdc.nal.usda.gov/,0.90,0.90,
NUTR-0000555,ING-PLANT-NOISETTE-000001,raw,Noisette crue,USDAFDC,170581,"Nuts, hazelnuts or filberts, raw",2024-10,United States,P,Phosphore,mineral,290,mg,290,mg,per_100g_edible_part,EXACT,measured,,,,,,,2026-08-22,https://fdc.nal.usda.gov/,0.90,0.90,
NUTR-0000556,ING-PLANT-NOISETTE-000001,raw,Noisette crue,USDAFDC,170581,"Nuts, hazelnuts or filberts, raw",2024-10,United States,VITE,Vitamine E (α-tocophérol),vitamin,15.0,mg,15.0,mg,per_100g_edible_part,EXACT,measured,,,,,,,2026-08-22,https://fdc.nal.usda.gov/,0.90,0.90,
NUTR-0000557,ING-PLANT-NOIX-000001,raw,Noix crue,USDAFDC,170569,"Nuts, walnuts, english, raw",2024-10,United States,ENERCKCAL,Énergie (kcal),energy,654,kcal,654,kcal,per_100g_edible_part,EXACT,measured,,,,,,,2026-08-22,https://fdc.nal.usda.gov/,0.90,0.90,
NUTR-0000558,ING-PLANT-NOIX-000001,raw,Noix crue,USDAFDC,170569,"Nuts, walnuts, english, raw",2024-10,United States,WATER,Eau,matrix,4.1,g,4.1,g,per_100g_edible_part,EXACT,measured,,,,,,,2026-08-22,https://fdc.nal.usda.gov/,0.90,0.90,
NUTR-0000559,ING-PLANT-NOIX-000001,raw,Noix crue,USDAFDC,170569,"Nuts, walnuts, english, raw",2024-10,United States,PROTEIN,Protéines,macronutrient,15.23,g,15.23,g,per_100g_edible_part,EXACT,measured,,,,,,,2026-08-22,https://fdc.nal.usda.gov/,0.90,0.90,
NUTR-0000560,ING-PLANT-NOIX-000001,raw,Noix crue,USDAFDC,170569,"Nuts, walnuts, english, raw",2024-10,United States,FAT,Lipides totaux,macronutrient,65.21,g,65.21,g,per_100g_edible_part,EXACT,measured,,,,,,,2026-08-22,https://fdc.nal.usda.gov/,0.90,0.90,
NUTR-0000561,ING-PLANT-NOIX-000001,raw,Noix crue,USDAFDC,170569,"Nuts, walnuts, english, raw",2024-10,United States,FAT_SAT,Acides gras saturés,lipid,6.13,g,6.13,g,per_100g_edible_part,EXACT,measured,,,,,,,2026-08-22,https://fdc.nal.usda.gov/,0.90,0.90,
NUTR-0000562,ING-PLANT-NOIX-000001,raw,Noix crue,USDAFDC,170569,"Nuts, walnuts, english, raw",2024-10,United States,OMEGA3,Oméga-3,lipid,9.08,g,9.08,g,per_100g_edible_part,EXACT,measured,,,,,,,2026-08-22,https://fdc.nal.usda.gov/,0.90,0.90,
NUTR-0000563,ING-PLANT-NOIX-000001,raw,Noix crue,USDAFDC,170569,"Nuts, walnuts, english, raw",2024-10,United States,OMEGA6,Oméga-6,lipid,38.09,g,38.09,g,per_100g_edible_part,EXACT,measured,,,,,,,2026-08-22,https://fdc.nal.usda.gov/,0.90,0.90,
NUTR-0000564,ING-PLANT-NOIX-000001,raw,Noix crue,USDAFDC,170569,"Nuts, walnuts, english, raw",2024-10,United States,CARB,Glucides totaux,macronutrient,13.71,g,13.71,g,per_100g_edible_part,EXACT,measured,,,,,,,2026-08-22,https://fdc.nal.usda.gov/,0.90,0.90,
NUTR-0000565,ING-PLANT-NOIX-000001,raw,Noix crue,USDAFDC,170569,"Nuts, walnuts, english, raw",2024-10,United States,FIBER,Fibres alimentaires,carbohydrate,6.7,g,6.7,g,per_100g_edible_part,EXACT,measured,,,,,,,2026-08-22,https://fdc.nal.usda.gov/,0.90,0.90,
NUTR-0000566,ING-PLANT-NOIX-000001,raw,Noix crue,USDAFDC,170569,"Nuts, walnuts, english, raw",2024-10,United States,MG,Magnésium,mineral,158,mg,158,mg,per_100g_edible_part,EXACT,measured,,,,,,,2026-08-22,https://fdc.nal.usda.gov/,0.90,0.90,
NUTR-0000567,ING-PLANT-NOIX-000001,raw,Noix crue,USDAFDC,170569,"Nuts, walnuts, english, raw",2024-10,United States,P,Phosphore,mineral,346,mg,346,mg,per_100g_edible_part,EXACT,measured,,,,,,,2026-08-22,https://fdc.nal.usda.gov/,0.90,0.90,
NUTR-0000568,ING-PLANT-NOIX-000001,raw,Noix crue,USDAFDC,170569,"Nuts, walnuts, english, raw",2024-10,United States,VITE,Vitamine E (α-tocophérol),vitamin,0.7,mg,0.7,mg,per_100g_edible_part,EXACT,measured,,,,,,,2026-08-22,https://fdc.nal.usda.gov/,0.90,0.90,
NUTR-0000569,ING-PLANT-PISTACHE-000001,raw,Pistache crue,USDAFDC,170574,"Nuts, pistachio nuts, raw",2024-10,United States,ENERCKCAL,Énergie (kcal),energy,560,kcal,560,kcal,per_100g_edible_part,EXACT,measured,,,,,,,2026-08-22,https://fdc.nal.usda.gov/,0.90,0.90,
NUTR-0000570,ING-PLANT-PISTACHE-000001,raw,Pistache crue,USDAFDC,170574,"Nuts, pistachio nuts, raw",2024-10,United States,WATER,Eau,matrix,4.3,g,4.3,g,per_100g_edible_part,EXACT,measured,,,,,,,2026-08-22,https://fdc.nal.usda.gov/,0.90,0.90,
NUTR-0000571,ING-PLANT-PISTACHE-000001,raw,Pistache crue,USDAFDC,170574,"Nuts, pistachio nuts, raw",2024-10,United States,PROTEIN,Protéines,macronutrient,20.27,g,20.27,g,per_100g_edible_part,EXACT,measured,,,,,,,2026-08-22,https://fdc.nal.usda.gov/,0.90,0.90,
NUTR-0000572,ING-PLANT-PISTACHE-000001,raw,Pistache crue,USDAFDC,170574,"Nuts, pistachio nuts, raw",2024-10,United States,FAT,Lipides totaux,macronutrient,45.97,g,45.97,g,per_100g_edible_part,EXACT,measured,,,,,,,2026-08-22,https://fdc.nal.usda.gov/,0.90,0.90,
NUTR-0000573,ING-PLANT-PISTACHE-000001,raw,Pistache crue,USDAFDC,170574,"Nuts, pistachio nuts, raw",2024-10,United States,CARB,Glucides totaux,macronutrient,28.28,g,28.28,g,per_100g_edible_part,EXACT,measured,,,,,,,2026-08-22,https://fdc.nal.usda.gov/,0.90,0.90,
NUTR-0000574,ING-PLANT-PISTACHE-000001,raw,Pistache crue,USDAFDC,170574,"Nuts, pistachio nuts, raw",2024-10,United States,FIBER,Fibres alimentaires,carbohydrate,10.3,g,10.3,g,per_100g_edible_part,EXACT,measured,,,,,,,2026-08-22,https://fdc.nal.usda.gov/,0.90,0.90,
NUTR-0000575,ING-PLANT-PISTACHE-000001,raw,Pistache crue,USDAFDC,170574,"Nuts, pistachio nuts, raw",2024-10,United States,K,Potassium,mineral,1025,mg,1025,mg,per_100g_edible_part,EXACT,measured,,,,,,,2026-08-22,https://fdc.nal.usda.gov/,0.90,0.90,
NUTR-0000576,ING-PLANT-PISTACHE-000001,raw,Pistache crue,USDAFDC,170574,"Nuts, pistachio nuts, raw",2024-10,United States,P,Phosphore,mineral,490,mg,490,mg,per_100g_edible_part,EXACT,measured,,,,,,,2026-08-22,https://fdc.nal.usda.gov/,0.90,0.90,
NUTR-0000577,ING-PLANT-PISTACHE-000001,raw,Pistache crue,USDAFDC,170574,"Nuts, pistachio nuts, raw",2024-10,United States,VITB6,Vitamine B6,vitamin,1.7,mg,1.7,mg,per_100g_edible_part,EXACT,measured,,,,,,,2026-08-22,https://fdc.nal.usda.gov/,0.90,0.90,
NUTR-0000578,ING-PLANT-PISTACHE-000001,raw,Pistache crue,USDAFDC,170574,"Nuts, pistachio nuts, raw",2024-10,United States,VITE,Vitamine E (α-tocophérol),vitamin,2.3,mg,2.3,mg,per_100g_edible_part,EXACT,measured,,,,,,,2026-08-22,https://fdc.nal.usda.gov/,0.90,0.90,
NUTR-0000579,ING-PLANT-AVOINE-000001,dried,Avoine grain,USDAFDC,173904,"Oats, raw, whole",2024-10,United States,ENERCKCAL,Énergie (kcal),energy,389,kcal,389,kcal,per_100g_edible_part,EXACT,measured,,,,,,,2026-08-22,https://fdc.nal.usda.gov/,0.85,0.90,
NUTR-0000580,ING-PLANT-AVOINE-000001,dried,Avoine grain,USDAFDC,173904,"Oats, raw, whole",2024-10,United States,WATER,Eau,matrix,8.2,g,8.2,g,per_100g_edible_part,EXACT,measured,,,,,,,2026-08-22,https://fdc.nal.usda.gov/,0.85,0.90,
NUTR-0000581,ING-PLANT-AVOINE-000001,dried,Avoine grain,USDAFDC,173904,"Oats, raw, whole",2024-10,United States,PROTEIN,Protéines,macronutrient,16.89,g,16.89,g,per_100g_edible_part,EXACT,measured,,,,,,,2026-08-22,https://fdc.nal.usda.gov/,0.85,0.90,
NUTR-0000582,ING-PLANT-AVOINE-000001,dried,Avoine grain,USDAFDC,173904,"Oats, raw, whole",2024-10,United States,FAT,Lipides totaux,macronutrient,6.9,g,6.9,g,per_100g_edible_part,EXACT,measured,,,,,,,2026-08-22,https://fdc.nal.usda.gov/,0.85,0.90,
NUTR-0000583,ING-PLANT-AVOINE-000001,dried,Avoine grain,USDAFDC,173904,"Oats, raw, whole",2024-10,United States,CARB,Glucides totaux,macronutrient,66.27,g,66.27,g,per_100g_edible_part,EXACT,measured,,,,,,,2026-08-22,https://fdc.nal.usda.gov/,0.85,0.90,
NUTR-0000584,ING-PLANT-AVOINE-000001,dried,Avoine grain,USDAFDC,173904,"Oats, raw, whole",2024-10,United States,FIBER,Fibres alimentaires,carbohydrate,10.6,g,10.6,g,per_100g_edible_part,EXACT,measured,,,,,,,2026-08-22,https://fdc.nal.usda.gov/,0.85,0.90,
NUTR-0000585,ING-PLANT-AVOINE-000001,dried,Avoine grain,USDAFDC,173904,"Oats, raw, whole",2024-10,United States,MG,Magnésium,mineral,138,mg,138,mg,per_100g_edible_part,EXACT,measured,,,,,,,2026-08-22,https://fdc.nal.usda.gov/,0.85,0.90,
NUTR-0000586,ING-PLANT-AVOINE-000001,dried,Avoine grain,USDAFDC,173904,"Oats, raw, whole",2024-10,United States,P,Phosphore,mineral,523,mg,523,mg,per_100g_edible_part,EXACT,measured,,,,,,,2026-08-22,https://fdc.nal.usda.gov/,0.85,0.90,
NUTR-0000587,ING-PLANT-AVOINE-000001,dried,Avoine grain,USDAFDC,173904,"Oats, raw, whole",2024-10,United States,FE,Fer,mineral,4.72,mg,4.72,mg,per_100g_edible_part,EXACT,measured,,,,,,,2026-08-22,https://fdc.nal.usda.gov/,0.85,0.90,
NUTR-0000588,ING-PLANT-QUINOA-000001,dried,Quinoa grain,USDAFDC,169736,"Quinoa, raw, white",2024-10,United States,ENERCKCAL,Énergie (kcal),energy,368,kcal,368,kcal,per_100g_edible_part,EXACT,measured,,,,,,,2026-08-22,https://fdc.nal.usda.gov/,0.85,0.90,
NUTR-0000589,ING-PLANT-QUINOA-000001,dried,Quinoa grain,USDAFDC,169736,"Quinoa, raw, white",2024-10,United States,WATER,Eau,matrix,8.6,g,8.6,g,per_100g_edible_part,EXACT,measured,,,,,,,2026-08-22,https://fdc.nal.usda.gov/,0.85,0.90,
NUTR-0000590,ING-PLANT-QUINOA-000001,dried,Quinoa grain,USDAFDC,169736,"Quinoa, raw, white",2024-10,United States,PROTEIN,Protéines,macronutrient,14.12,g,14.12,g,per_100g_edible_part,EXACT,measured,,,,,,,2026-08-22,https://fdc.nal.usda.gov/,0.85,0.90,
NUTR-0000591,ING-PLANT-QUINOA-000001,dried,Quinoa grain,USDAFDC,169736,"Quinoa, raw, white",2024-10,United States,FAT,Lipides totaux,macronutrient,6.07,g,6.07,g,per_100g_edible_part,EXACT,measured,,,,,,,2026-08-22,https://fdc.nal.usda.gov/,0.85,0.90,
NUTR-0000592,ING-PLANT-QUINOA-000001,dried,Quinoa grain,USDAFDC,169736,"Quinoa, raw, white",2024-10,United States,CARB,Glucides totaux,macronutrient,64.16,g,64.16,g,per_100g_edible_part,EXACT,measured,,,,,,,2026-08-22,https://fdc.nal.usda.gov/,0.85,0.90,
NUTR-0000593,ING-PLANT-QUINOA-000001,dried,Quinoa grain,USDAFDC,169736,"Quinoa, raw, white",2024-10,United States,FIBER,Fibres alimentaires,carbohydrate,7.0,g,7.0,g,per_100g_edible_part,EXACT,measured,,,,,,,2026-08-22,https://fdc.nal.usda.gov/,0.85,0.90,
NUTR-0000594,ING-PLANT-QUINOA-000001,dried,Quinoa grain,USDAFDC,169736,"Quinoa, raw, white",2024-10,United States,MG,Magnésium,mineral,197,mg,197,mg,per_100g_edible_part,EXACT,measured,,,,,,,2026-08-22,https://fdc.nal.usda.gov/,0.85,0.90,
NUTR-0000595,ING-PLANT-QUINOA-000001,dried,Quinoa grain,USDAFDC,169736,"Quinoa, raw, white",2024-10,United States,FE,Fer,mineral,4.57,mg,4.57,mg,per_100g_edible_part,EXACT,measured,,,,,,,2026-08-22,https://fdc.nal.usda.gov/,0.85,0.90,
NUTR-0000596,ING-PLANT-QUINOA-000001,dried,Quinoa grain,USDAFDC,169736,"Quinoa, raw, white",2024-10,United States,FOL,Folates totaux,vitamin,184,µg,184,µg,per_100g_edible_part,EXACT,measured,,,,,,,2026-08-22,https://fdc.nal.usda.gov/,0.85,0.90,
NUTR-0000597,ING-FERMENT-YAOURTNATURE-000001,fermented,Yaourt nature,CIQUAL,19500,"Yaourt nature, non sucré, au lait entier",2024,France,ENERCKCAL,Énergie (kcal),energy,60,kcal,60,kcal,per_100g_edible_part,EXACT,measured,,,,,,,2026-08-22,https://ciqual.anses.fr/,0.95,0.90,
NUTR-0000598,ING-FERMENT-YAOURTNATURE-000001,fermented,Yaourt nature,CIQUAL,19500,"Yaourt nature, non sucré, au lait entier",2024,France,WATER,Eau,matrix,87.5,g,87.5,g,per_100g_edible_part,EXACT,measured,,,,,,,2026-08-22,https://ciqual.anses.fr/,0.95,0.90,
NUTR-0000599,ING-FERMENT-YAOURTNATURE-000001,fermented,Yaourt nature,CIQUAL,19500,"Yaourt nature, non sucré, au lait entier",2024,France,PROTEIN,Protéines,macronutrient,3.5,g,3.5,g,per_100g_edible_part,EXACT,measured,,,,,,,2026-08-22,https://ciqual.anses.fr/,0.95,0.90,
NUTR-0000600,ING-FERMENT-YAOURTNATURE-000001,fermented,Yaourt nature,CIQUAL,19500,"Yaourt nature, non sucré, au lait entier",2024,France,FAT,Lipides totaux,macronutrient,3.0,g,3.0,g,per_100g_edible_part,EXACT,measured,,,,,,,2026-08-22,https://ciqual.anses.fr/,0.95,0.90,
NUTR-0000601,ING-FERMENT-YAOURTNATURE-000001,fermented,Yaourt nature,CIQUAL,19500,"Yaourt nature, non sucré, au lait entier",2024,France,CARB,Glucides totaux,macronutrient,4.5,g,4.5,g,per_100g_edible_part,EXACT,measured,,,,,,,2026-08-22,https://ciqual.anses.fr/,0.95,0.90,
NUTR-0000602,ING-FERMENT-YAOURTNATURE-000001,fermented,Yaourt nature,CIQUAL,19500,"Yaourt nature, non sucré, au lait entier",2024,France,SUGAR,Sucres totaux,carbohydrate,4.5,g,4.5,g,per_100g_edible_part,EXACT,measured,,,,,,,2026-08-22,https://ciqual.anses.fr/,0.95,0.90,
NUTR-0000603,ING-FERMENT-YAOURTNATURE-000001,fermented,Yaourt nature,CIQUAL,19500,"Yaourt nature, non sucré, au lait entier",2024,France,LACTOSE,Lactose,carbohydrate,4.0,g,4.0,g,per_100g_edible_part,EXACT,measured,,,,,,,2026-08-22,https://ciqual.anses.fr/,0.95,0.90,
NUTR-0000604,ING-FERMENT-YAOURTNATURE-000001,fermented,Yaourt nature,CIQUAL,19500,"Yaourt nature, non sucré, au lait entier",2024,France,CA,Calcium,mineral,120,mg,120,mg,per_100g_edible_part,EXACT,measured,,,,,,,2026-08-22,https://ciqual.anses.fr/,0.95,0.90,
NUTR-0000605,ING-FERMENT-YAOURTNATURE-000001,fermented,Yaourt nature,CIQUAL,19500,"Yaourt nature, non sucré, au lait entier",2024,France,P,Phosphore,mineral,90,mg,90,mg,per_100g_edible_part,EXACT,measured,,,,,,,2026-08-22,https://ciqual.anses.fr/,0.95,0.90,
NUTR-0000606,ING-FERMENT-YAOURTNATURE-000001,fermented,Yaourt nature,CIQUAL,19500,"Yaourt nature, non sucré, au lait entier",2024,France,RIBFL,Vitamine B2 (riboflavine),vitamin,0.18,mg,0.18,mg,per_100g_edible_part,EXACT,measured,,,,,,,2026-08-22,https://ciqual.anses.fr/,0.95,0.90,
NUTR-0000607,ING-FERMENT-YAOURTNATURE-000001,fermented,Yaourt nature,CIQUAL,19500,"Yaourt nature, non sucré, au lait entier",2024,France,VITB12,Vitamine B12,vitamin,0.4,µg,0.4,µg,per_100g_edible_part,EXACT,measured,,,,,,,2026-08-22,https://ciqual.anses.fr/,0.95,0.90,
NUTR-0000608,ING-DAIRY-MOZZARELLA-000001,raw,Mozzarella,CIQUAL,19600,"Mozzarella, au lait de vache",2024,France,ENERCKCAL,Énergie (kcal),energy,250,kcal,250,kcal,per_100g_edible_part,EXACT,measured,,,,,,,2026-08-22,https://ciqual.anses.fr/,0.90,0.90,
NUTR-0000609,ING-DAIRY-MOZZARELLA-000001,raw,Mozzarella,CIQUAL,19600,"Mozzarella, au lait de vache",2024,France,WATER,Eau,matrix,50.0,g,50.0,g,per_100g_edible_part,EXACT,measured,,,,,,,2026-08-22,https://ciqual.anses.fr/,0.90,0.90,
NUTR-0000610,ING-DAIRY-MOZZARELLA-000001,raw,Mozzarella,CIQUAL,19600,"Mozzarella, au lait de vache",2024,France,PROTEIN,Protéines,macronutrient,22.0,g,22.0,g,per_100g_edible_part,EXACT,measured,,,,,,,2026-08-22,https://ciqual.anses.fr/,0.90,0.90,
NUTR-0000611,ING-DAIRY-MOZZARELLA-000001,raw,Mozzarella,CIQUAL,19600,"Mozzarella, au lait de vache",2024,France,FAT,Lipides totaux,macronutrient,17.0,g,17.0,g,per_100g_edible_part,EXACT,measured,,,,,,,2026-08-22,https://ciqual.anses.fr/,0.90,0.90,
NUTR-0000612,ING-DAIRY-MOZZARELLA-000001,raw,Mozzarella,CIQUAL,19600,"Mozzarella, au lait de vache",2024,France,FAT_SAT,Acides gras saturés,lipid,11.0,g,11.0,g,per_100g_edible_part,EXACT,measured,,,,,,,2026-08-22,https://ciqual.anses.fr/,0.90,0.90,
NUTR-0000613,ING-DAIRY-MOZZARELLA-000001,raw,Mozzarella,CIQUAL,19600,"Mozzarella, au lait de vache",2024,France,CA,Calcium,mineral,500,mg,500,mg,per_100g_edible_part,EXACT,measured,,,,,,,2026-08-22,https://ciqual.anses.fr/,0.90,0.90,
NUTR-0000614,ING-DAIRY-MOZZARELLA-000001,raw,Mozzarella,CIQUAL,19600,"Mozzarella, au lait de vache",2024,France,P,Phosphore,mineral,380,mg,380,mg,per_100g_edible_part,EXACT,measured,,,,,,,2026-08-22,https://ciqual.anses.fr/,0.90,0.90,
NUTR-0000615,ING-DAIRY-MOZZARELLA-000001,raw,Mozzarella,CIQUAL,19600,"Mozzarella, au lait de vache",2024,France,NA,Sodium,mineral,500,mg,500,mg,per_100g_edible_part,EXACT,measured,,,,,,,2026-08-22,https://ciqual.anses.fr/,0.90,0.90,
NUTR-0000616,ING-DAIRY-MOZZARELLA-000001,raw,Mozzarella,CIQUAL,19600,"Mozzarella, au lait de vache",2024,France,VITB12,Vitamine B12,vitamin,1.5,µg,1.5,µg,per_100g_edible_part,EXACT,measured,,,,,,,2026-08-22,https://ciqual.anses.fr/,0.90,0.90,
NUTR-0000617,ING-DAIRY-PARMIGIANORE-000001,raw,Parmigiano Reggiano,USDAFDC,170892,"Cheese, parmesan, hard",2024-10,United States,ENERCKCAL,Énergie (kcal),energy,431,kcal,431,kcal,per_100g_edible_part,EXACT,measured,,,,,,,2026-08-22,https://fdc.nal.usda.gov/,0.85,0.90,
NUTR-0000618,ING-DAIRY-PARMIGIANORE-000001,raw,Parmigiano Reggiano,USDAFDC,170892,"Cheese, parmesan, hard",2024-10,United States,WATER,Eau,matrix,32.0,g,32.0,g,per_100g_edible_part,EXACT,measured,,,,,,,2026-08-22,https://fdc.nal.usda.gov/,0.85,0.90,
NUTR-0000619,ING-DAIRY-PARMIGIANORE-000001,raw,Parmigiano Reggiano,USDAFDC,170892,"Cheese, parmesan, hard",2024-10,United States,PROTEIN,Protéines,macronutrient,38.46,g,38.46,g,per_100g_edible_part,EXACT,measured,,,,,,,2026-08-22,https://fdc.nal.usda.gov/,0.85,0.90,
NUTR-0000620,ING-DAIRY-PARMIGIANORE-000001,raw,Parmigiano Reggiano,USDAFDC,170892,"Cheese, parmesan, hard",2024-10,United States,FAT,Lipides totaux,macronutrient,28.61,g,28.61,g,per_100g_edible_part,EXACT,measured,,,,,,,2026-08-22,https://fdc.nal.usda.gov/,0.85,0.90,
NUTR-0000621,ING-DAIRY-PARMIGIANORE-000001,raw,Parmigiano Reggiano,USDAFDC,170892,"Cheese, parmesan, hard",2024-10,United States,FAT_SAT,Acides gras saturés,lipid,19.05,g,19.05,g,per_100g_edible_part,EXACT,measured,,,,,,,2026-08-22,https://fdc.nal.usda.gov/,0.85,0.90,
NUTR-0000622,ING-DAIRY-PARMIGIANORE-000001,raw,Parmigiano Reggiano,USDAFDC,170892,"Cheese, parmesan, hard",2024-10,United States,CHOLEST,Cholestérol,lipid,88,mg,88,mg,per_100g_edible_part,EXACT,measured,,,,,,,2026-08-22,https://fdc.nal.usda.gov/,0.85,0.90,
NUTR-0000623,ING-DAIRY-PARMIGIANORE-000001,raw,Parmigiano Reggiano,USDAFDC,170892,"Cheese, parmesan, hard",2024-10,United States,CA,Calcium,mineral,1184,mg,1184,mg,per_100g_edible_part,EXACT,measured,,,,,,,2026-08-22,https://fdc.nal.usda.gov/,0.85,0.90,
NUTR-0000624,ING-DAIRY-PARMIGIANORE-000001,raw,Parmigiano Reggiano,USDAFDC,170892,"Cheese, parmesan, hard",2024-10,United States,P,Phosphore,mineral,694,mg,694,mg,per_100g_edible_part,EXACT,measured,,,,,,,2026-08-22,https://fdc.nal.usda.gov/,0.85,0.90,
NUTR-0000625,ING-DAIRY-PARMIGIANORE-000001,raw,Parmigiano Reggiano,USDAFDC,170892,"Cheese, parmesan, hard",2024-10,United States,NA,Sodium,mineral,1804,mg,1804,mg,per_100g_edible_part,EXACT,measured,,,,,,,2026-08-22,https://fdc.nal.usda.gov/,0.85,0.90,
NUTR-0000626,ING-DAIRY-PARMIGIANORE-000001,raw,Parmigiano Reggiano,USDAFDC,170892,"Cheese, parmesan, hard",2024-10,United States,VITB12,Vitamine B12,vitamin,1.2,µg,1.2,µg,per_100g_edible_part,EXACT,measured,,,,,,,2026-08-22,https://fdc.nal.usda.gov/,0.85,0.90,
NUTR-0000627,ING-DAIRY-CHEDDAR-000001,raw,Cheddar,USDAFDC,173420,"Cheese, cheddar",2024-10,United States,ENERCKCAL,Énergie (kcal),energy,403,kcal,403,kcal,per_100g_edible_part,EXACT,measured,,,,,,,2026-08-22,https://fdc.nal.usda.gov/,0.90,0.90,
NUTR-0000628,ING-DAIRY-CHEDDAR-000001,raw,Cheddar,USDAFDC,173420,"Cheese, cheddar",2024-10,United States,WATER,Eau,matrix,36.4,g,36.4,g,per_100g_edible_part,EXACT,measured,,,,,,,2026-08-22,https://fdc.nal.usda.gov/,0.90,0.90,
NUTR-0000629,ING-DAIRY-CHEDDAR-000001,raw,Cheddar,USDAFDC,173420,"Cheese, cheddar",2024-10,United States,PROTEIN,Protéines,macronutrient,22.87,g,22.87,g,per_100g_edible_part,EXACT,measured,,,,,,,2026-08-22,https://fdc.nal.usda.gov/,0.90,0.90,
NUTR-0000630,ING-DAIRY-CHEDDAR-000001,raw,Cheddar,USDAFDC,173420,"Cheese, cheddar",2024-10,United States,FAT,Lipides totaux,macronutrient,33.31,g,33.31,g,per_100g_edible_part,EXACT,measured,,,,,,,2026-08-22,https://fdc.nal.usda.gov/,0.90,0.90,
NUTR-0000631,ING-DAIRY-CHEDDAR-000001,raw,Cheddar,USDAFDC,173420,"Cheese, cheddar",2024-10,United States,FAT_SAT,Acides gras saturés,lipid,21.0,g,21.0,g,per_100g_edible_part,EXACT,measured,,,,,,,2026-08-22,https://fdc.nal.usda.gov/,0.90,0.90,
NUTR-0000632,ING-DAIRY-CHEDDAR-000001,raw,Cheddar,USDAFDC,173420,"Cheese, cheddar",2024-10,United States,CA,Calcium,mineral,721,mg,721,mg,per_100g_edible_part,EXACT,measured,,,,,,,2026-08-22,https://fdc.nal.usda.gov/,0.90,0.90,
NUTR-0000633,ING-DAIRY-CHEDDAR-000001,raw,Cheddar,USDAFDC,173420,"Cheese, cheddar",2024-10,United States,P,Phosphore,mineral,512,mg,512,mg,per_100g_edible_part,EXACT,measured,,,,,,,2026-08-22,https://fdc.nal.usda.gov/,0.90,0.90,
NUTR-0000634,ING-DAIRY-CHEDDAR-000001,raw,Cheddar,USDAFDC,173420,"Cheese, cheddar",2024-10,United States,NA,Sodium,mineral,653,mg,653,mg,per_100g_edible_part,EXACT,measured,,,,,,,2026-08-22,https://fdc.nal.usda.gov/,0.90,0.90,
NUTR-0000635,ING-DAIRY-CHEDDAR-000001,raw,Cheddar,USDAFDC,173420,"Cheese, cheddar",2024-10,United States,VITB12,Vitamine B12,vitamin,1.1,µg,1.1,µg,per_100g_edible_part,EXACT,measured,,,,,,,2026-08-22,https://fdc.nal.usda.gov/,0.90,0.90,
NUTR-0000636,ING-TECH-HUILEDETOURN-000001,extracted,Huile de tournesol,CIQUAL,17020,Huile de tournesol,2024,France,ENERCKCAL,Énergie (kcal),energy,900,kcal,900,kcal,per_100g_edible_part,EXACT,measured,,,,,,,2026-08-22,https://ciqual.anses.fr/,0.95,0.90,
NUTR-0000637,ING-TECH-HUILEDETOURN-000001,extracted,Huile de tournesol,CIQUAL,17020,Huile de tournesol,2024,France,WATER,Eau,matrix,0.05,g,0.05,g,per_100g_edible_part,EXACT,measured,,,,,,,2026-08-22,https://ciqual.anses.fr/,0.95,0.90,
NUTR-0000638,ING-TECH-HUILEDETOURN-000001,extracted,Huile de tournesol,CIQUAL,17020,Huile de tournesol,2024,France,FAT,Lipides totaux,macronutrient,100,g,100,g,per_100g_edible_part,EXACT,measured,,,,,,,2026-08-22,https://ciqual.anses.fr/,0.95,0.90,
NUTR-0000639,ING-TECH-HUILEDETOURN-000001,extracted,Huile de tournesol,CIQUAL,17020,Huile de tournesol,2024,France,FAT_SAT,Acides gras saturés,lipid,10.3,g,10.3,g,per_100g_edible_part,EXACT,measured,,,,,,,2026-08-22,https://ciqual.anses.fr/,0.95,0.90,
NUTR-0000640,ING-TECH-HUILEDETOURN-000001,extracted,Huile de tournesol,CIQUAL,17020,Huile de tournesol,2024,France,FAT_MONO,Acides gras mono-insaturés,lipid,19.5,g,19.5,g,per_100g_edible_part,EXACT,measured,,,,,,,2026-08-22,https://ciqual.anses.fr/,0.95,0.90,
NUTR-0000641,ING-TECH-HUILEDETOURN-000001,extracted,Huile de tournesol,CIQUAL,17020,Huile de tournesol,2024,France,FAT_POLY,Acides gras poly-insaturés,lipid,65.7,g,65.7,g,per_100g_edible_part,EXACT,measured,,,,,,,2026-08-22,https://ciqual.anses.fr/,0.95,0.90,
NUTR-0000642,ING-TECH-HUILEDETOURN-000001,extracted,Huile de tournesol,CIQUAL,17020,Huile de tournesol,2024,France,OMEGA6,Oméga-6,lipid,65.7,g,65.7,g,per_100g_edible_part,EXACT,measured,,,,,,,2026-08-22,https://ciqual.anses.fr/,0.95,0.90,
NUTR-0000643,ING-TECH-HUILEDETOURN-000001,extracted,Huile de tournesol,CIQUAL,17020,Huile de tournesol,2024,France,VITE,Vitamine E (α-tocophérol),vitamin,49,mg,49,mg,per_100g_edible_part,EXACT,measured,,,,,,,2026-08-22,https://ciqual.anses.fr/,0.95,0.90,
NUTR-0000644,ING-TECH-HUILEDECOLZA-000001,extracted,Huile de colza,CIQUAL,17030,Huile de colza,2024,France,ENERCKCAL,Énergie (kcal),energy,900,kcal,900,kcal,per_100g_edible_part,EXACT,measured,,,,,,,2026-08-22,https://ciqual.anses.fr/,0.95,0.90,
NUTR-0000645,ING-TECH-HUILEDECOLZA-000001,extracted,Huile de colza,CIQUAL,17030,Huile de colza,2024,France,WATER,Eau,matrix,0.05,g,0.05,g,per_100g_edible_part,EXACT,measured,,,,,,,2026-08-22,https://ciqual.anses.fr/,0.95,0.90,
NUTR-0000646,ING-TECH-HUILEDECOLZA-000001,extracted,Huile de colza,CIQUAL,17030,Huile de colza,2024,France,FAT,Lipides totaux,macronutrient,100,g,100,g,per_100g_edible_part,EXACT,measured,,,,,,,2026-08-22,https://ciqual.anses.fr/,0.95,0.90,
NUTR-0000647,ING-TECH-HUILEDECOLZA-000001,extracted,Huile de colza,CIQUAL,17030,Huile de colza,2024,France,FAT_SAT,Acides gras saturés,lipid,7.4,g,7.4,g,per_100g_edible_part,EXACT,measured,,,,,,,2026-08-22,https://ciqual.anses.fr/,0.95,0.90,
NUTR-0000648,ING-TECH-HUILEDECOLZA-000001,extracted,Huile de colza,CIQUAL,17030,Huile de colza,2024,France,FAT_MONO,Acides gras mono-insaturés,lipid,58.8,g,58.8,g,per_100g_edible_part,EXACT,measured,,,,,,,2026-08-22,https://ciqual.anses.fr/,0.95,0.90,
NUTR-0000649,ING-TECH-HUILEDECOLZA-000001,extracted,Huile de colza,CIQUAL,17030,Huile de colza,2024,France,FAT_POLY,Acides gras poly-insaturés,lipid,28.2,g,28.2,g,per_100g_edible_part,EXACT,measured,,,,,,,2026-08-22,https://ciqual.anses.fr/,0.95,0.90,
NUTR-0000650,ING-TECH-HUILEDECOLZA-000001,extracted,Huile de colza,CIQUAL,17030,Huile de colza,2024,France,OMEGA3,Oméga-3,lipid,9.1,g,9.1,g,per_100g_edible_part,EXACT,measured,,,,,,,2026-08-22,https://ciqual.anses.fr/,0.95,0.90,
NUTR-0000651,ING-TECH-HUILEDECOLZA-000001,extracted,Huile de colza,CIQUAL,17030,Huile de colza,2024,France,OMEGA6,Oméga-6,lipid,17.8,g,17.8,g,per_100g_edible_part,EXACT,measured,,,,,,,2026-08-22,https://ciqual.anses.fr/,0.95,0.90,
NUTR-0000652,ING-TECH-HUILEDECOLZA-000001,extracted,Huile de colza,CIQUAL,17030,Huile de colza,2024,France,VITE,Vitamine E (α-tocophérol),vitamin,17,mg,17,mg,per_100g_edible_part,EXACT,measured,,,,,,,2026-08-22,https://ciqual.anses.fr/,0.95,0.90,
NUTR-0000653,ING-COND-SAUCESOJA-000001,fermented,Sauce soja,USDAFDC,171115,Soy sauce made from soy and wheat (shoyu),2024-10,United States,ENERCKCAL,Énergie (kcal),energy,53,kcal,53,kcal,per_100g_edible_part,EXACT,measured,,,,,,,2026-08-22,https://fdc.nal.usda.gov/,0.85,0.90,
NUTR-0000654,ING-COND-SAUCESOJA-000001,fermented,Sauce soja,USDAFDC,171115,Soy sauce made from soy and wheat (shoyu),2024-10,United States,WATER,Eau,matrix,70.0,g,70.0,g,per_100g_edible_part,EXACT,measured,,,,,,,2026-08-22,https://fdc.nal.usda.gov/,0.85,0.90,
NUTR-0000655,ING-COND-SAUCESOJA-000001,fermented,Sauce soja,USDAFDC,171115,Soy sauce made from soy and wheat (shoyu),2024-10,United States,PROTEIN,Protéines,macronutrient,8.14,g,8.14,g,per_100g_edible_part,EXACT,measured,,,,,,,2026-08-22,https://fdc.nal.usda.gov/,0.85,0.90,
NUTR-0000656,ING-COND-SAUCESOJA-000001,fermented,Sauce soja,USDAFDC,171115,Soy sauce made from soy and wheat (shoyu),2024-10,United States,FAT,Lipides totaux,macronutrient,0.57,g,0.57,g,per_100g_edible_part,EXACT,measured,,,,,,,2026-08-22,https://fdc.nal.usda.gov/,0.85,0.90,
NUTR-0000657,ING-COND-SAUCESOJA-000001,fermented,Sauce soja,USDAFDC,171115,Soy sauce made from soy and wheat (shoyu),2024-10,United States,CARB,Glucides totaux,macronutrient,4.93,g,4.93,g,per_100g_edible_part,EXACT,measured,,,,,,,2026-08-22,https://fdc.nal.usda.gov/,0.85,0.90,
NUTR-0000658,ING-COND-SAUCESOJA-000001,fermented,Sauce soja,USDAFDC,171115,Soy sauce made from soy and wheat (shoyu),2024-10,United States,NA,Sodium,mineral,5715,mg,5715,mg,per_100g_edible_part,EXACT,measured,,,,,,,2026-08-22,https://fdc.nal.usda.gov/,0.85,0.90,
NUTR-0000659,ING-COND-SAUCESOJA-000001,fermented,Sauce soja,USDAFDC,171115,Soy sauce made from soy and wheat (shoyu),2024-10,United States,K,Potassium,mineral,212,mg,212,mg,per_100g_edible_part,EXACT,measured,,,,,,,2026-08-22,https://fdc.nal.usda.gov/,0.85,0.90,
NUTR-0000660,ING-COND-SAUCESOJA-000001,fermented,Sauce soja,USDAFDC,171115,Soy sauce made from soy and wheat (shoyu),2024-10,United States,MG,Magnésium,mineral,35,mg,35,mg,per_100g_edible_part,EXACT,measured,,,,,,,2026-08-22,https://fdc.nal.usda.gov/,0.85,0.90,
NUTR-0000661,ING-COND-MOUTARDEDEDI-000001,processed,Moutarde de Dijon,CIQUAL,11000,Moutarde de Dijon,2024,France,ENERCKCAL,Énergie (kcal),energy,70,kcal,70,kcal,per_100g_edible_part,EXACT,measured,,,,,,,2026-08-22,https://ciqual.anses.fr/,0.90,0.90,
NUTR-0000662,ING-COND-MOUTARDEDEDI-000001,processed,Moutarde de Dijon,CIQUAL,11000,Moutarde de Dijon,2024,France,WATER,Eau,matrix,82.0,g,82.0,g,per_100g_edible_part,EXACT,measured,,,,,,,2026-08-22,https://ciqual.anses.fr/,0.90,0.90,
NUTR-0000663,ING-COND-MOUTARDEDEDI-000001,processed,Moutarde de Dijon,CIQUAL,11000,Moutarde de Dijon,2024,France,PROTEIN,Protéines,macronutrient,4.4,g,4.4,g,per_100g_edible_part,EXACT,measured,,,,,,,2026-08-22,https://ciqual.anses.fr/,0.90,0.90,
NUTR-0000664,ING-COND-MOUTARDEDEDI-000001,processed,Moutarde de Dijon,CIQUAL,11000,Moutarde de Dijon,2024,France,FAT,Lipides totaux,macronutrient,4.0,g,4.0,g,per_100g_edible_part,EXACT,measured,,,,,,,2026-08-22,https://ciqual.anses.fr/,0.90,0.90,
NUTR-0000665,ING-COND-MOUTARDEDEDI-000001,processed,Moutarde de Dijon,CIQUAL,11000,Moutarde de Dijon,2024,France,CARB,Glucides totaux,macronutrient,6.0,g,6.0,g,per_100g_edible_part,EXACT,measured,,,,,,,2026-08-22,https://ciqual.anses.fr/,0.90,0.90,
NUTR-0000666,ING-COND-MOUTARDEDEDI-000001,processed,Moutarde de Dijon,CIQUAL,11000,Moutarde de Dijon,2024,France,SUGAR,Sucres totaux,carbohydrate,4.0,g,4.0,g,per_100g_edible_part,EXACT,measured,,,,,,,2026-08-22,https://ciqual.anses.fr/,0.90,0.90,
NUTR-0000667,ING-COND-MOUTARDEDEDI-000001,processed,Moutarde de Dijon,CIQUAL,11000,Moutarde de Dijon,2024,France,NA,Sodium,mineral,1200,mg,1200,mg,per_100g_edible_part,EXACT,measured,,,,,,,2026-08-22,https://ciqual.anses.fr/,0.90,0.90,
NUTR-0000668,ING-COND-MOUTARDEDEDI-000001,processed,Moutarde de Dijon,CIQUAL,11000,Moutarde de Dijon,2024,France,K,Potassium,mineral,140,mg,140,mg,per_100g_edible_part,EXACT,measured,,,,,,,2026-08-22,https://ciqual.anses.fr/,0.90,0.90,
NUTR-0000669,ING-COND-MOUTARDEDEDI-000001,processed,Moutarde de Dijon,CIQUAL,11000,Moutarde de Dijon,2024,France,CA,Calcium,mineral,50,mg,50,mg,per_100g_edible_part,EXACT,measured,,,,,,,2026-08-22,https://ciqual.anses.fr/,0.90,0.90,
NUTR-0000670,ING-BEV-BIREBLONDELA-000001,fermented,Bière blonde (lager),USDAFDC,170485,"Alcoholic beverage, beer, regular, all",2024-10,United States,ENERCKCAL,Énergie (kcal),energy,43,kcal,43,kcal,per_100g_edible_part,EXACT,measured,,,,,,,2026-08-22,https://fdc.nal.usda.gov/,0.80,0.90,
NUTR-0000671,ING-BEV-BIREBLONDELA-000001,fermented,Bière blonde (lager),USDAFDC,170485,"Alcoholic beverage, beer, regular, all",2024-10,United States,WATER,Eau,matrix,91.0,g,91.0,g,per_100g_edible_part,EXACT,measured,,,,,,,2026-08-22,https://fdc.nal.usda.gov/,0.80,0.90,
NUTR-0000672,ING-BEV-BIREBLONDELA-000001,fermented,Bière blonde (lager),USDAFDC,170485,"Alcoholic beverage, beer, regular, all",2024-10,United States,ALCOHOL,Alcool (éthanol),macronutrient,3.9,g,3.9,g,per_100g_edible_part,EXACT,measured,,,,,,,2026-08-22,https://fdc.nal.usda.gov/,0.80,0.90,
NUTR-0000673,ING-BEV-BIREBLONDELA-000001,fermented,Bière blonde (lager),USDAFDC,170485,"Alcoholic beverage, beer, regular, all",2024-10,United States,PROTEIN,Protéines,macronutrient,0.46,g,0.46,g,per_100g_edible_part,EXACT,measured,,,,,,,2026-08-22,https://fdc.nal.usda.gov/,0.80,0.90,
NUTR-0000674,ING-BEV-BIREBLONDELA-000001,fermented,Bière blonde (lager),USDAFDC,170485,"Alcoholic beverage, beer, regular, all",2024-10,United States,CARB,Glucides totaux,macronutrient,3.55,g,3.55,g,per_100g_edible_part,EXACT,measured,,,,,,,2026-08-22,https://fdc.nal.usda.gov/,0.80,0.90,
NUTR-0000675,ING-BEV-BIREBLONDELA-000001,fermented,Bière blonde (lager),USDAFDC,170485,"Alcoholic beverage, beer, regular, all",2024-10,United States,NA,Sodium,mineral,4,mg,4,mg,per_100g_edible_part,EXACT,measured,,,,,,,2026-08-22,https://fdc.nal.usda.gov/,0.80,0.90,
NUTR-0000676,ING-BEV-BIREBLONDELA-000001,fermented,Bière blonde (lager),USDAFDC,170485,"Alcoholic beverage, beer, regular, all",2024-10,United States,K,Potassium,mineral,27,mg,27,mg,per_100g_edible_part,EXACT,measured,,,,,,,2026-08-22,https://fdc.nal.usda.gov/,0.80,0.90,
NUTR-0000677,ING-BEV-BIREBLONDELA-000001,fermented,Bière blonde (lager),USDAFDC,170485,"Alcoholic beverage, beer, regular, all",2024-10,United States,MG,Magnésium,mineral,6,mg,6,mg,per_100g_edible_part,EXACT,measured,,,,,,,2026-08-22,https://fdc.nal.usda.gov/,0.80,0.90,
NUTR-0000678,ING-BEV-VINBLANCSEC-000001,fermented,Vin blanc sec,CIQUAL,52100,Vin blanc sec,2024,France,ENERCKCAL,Énergie (kcal),energy,73,kcal,73,kcal,per_100g_edible_part,EXACT,measured,,,,,,,2026-08-22,https://ciqual.anses.fr/,0.95,0.90,
NUTR-0000679,ING-BEV-VINBLANCSEC-000001,fermented,Vin blanc sec,CIQUAL,52100,Vin blanc sec,2024,France,WATER,Eau,matrix,88.0,g,88.0,g,per_100g_edible_part,EXACT,measured,,,,,,,2026-08-22,https://ciqual.anses.fr/,0.95,0.90,
NUTR-0000680,ING-BEV-VINBLANCSEC-000001,fermented,Vin blanc sec,CIQUAL,52100,Vin blanc sec,2024,France,ALCOHOL,Alcool (éthanol),macronutrient,9.0,g,9.0,g,per_100g_edible_part,EXACT,measured,,,,,,,2026-08-22,https://ciqual.anses.fr/,0.95,0.90,
NUTR-0000681,ING-BEV-VINBLANCSEC-000001,fermented,Vin blanc sec,CIQUAL,52100,Vin blanc sec,2024,France,PROTEIN,Protéines,macronutrient,0.07,g,0.07,g,per_100g_edible_part,EXACT,measured,,,,,,,2026-08-22,https://ciqual.anses.fr/,0.95,0.90,
NUTR-0000682,ING-BEV-VINBLANCSEC-000001,fermented,Vin blanc sec,CIQUAL,52100,Vin blanc sec,2024,France,CARB,Glucides totaux,macronutrient,2.6,g,2.6,g,per_100g_edible_part,EXACT,measured,,,,,,,2026-08-22,https://ciqual.anses.fr/,0.95,0.90,
NUTR-0000683,ING-BEV-VINBLANCSEC-000001,fermented,Vin blanc sec,CIQUAL,52100,Vin blanc sec,2024,France,NA,Sodium,mineral,2,mg,2,mg,per_100g_edible_part,EXACT,measured,,,,,,,2026-08-22,https://ciqual.anses.fr/,0.95,0.90,
NUTR-0000684,ING-BEV-VINBLANCSEC-000001,fermented,Vin blanc sec,CIQUAL,52100,Vin blanc sec,2024,France,K,Potassium,mineral,71,mg,71,mg,per_100g_edible_part,EXACT,measured,,,,,,,2026-08-22,https://ciqual.anses.fr/,0.95,0.90,
NUTR-0000685,ING-TECH-SIROPDRABLE-000001,boiled,Sirop d'érable,USDAFDC,169711,"Syrups, maple",2024-10,United States,ENERCKCAL,Énergie (kcal),energy,260,kcal,260,kcal,per_100g_edible_part,EXACT,measured,,,,,,,2026-08-22,https://fdc.nal.usda.gov/,0.90,0.90,
NUTR-0000686,ING-TECH-SIROPDRABLE-000001,boiled,Sirop d'érable,USDAFDC,169711,"Syrups, maple",2024-10,United States,WATER,Eau,matrix,32.4,g,32.4,g,per_100g_edible_part,EXACT,measured,,,,,,,2026-08-22,https://fdc.nal.usda.gov/,0.90,0.90,
NUTR-0000687,ING-TECH-SIROPDRABLE-000001,boiled,Sirop d'érable,USDAFDC,169711,"Syrups, maple",2024-10,United States,CARB,Glucides totaux,macronutrient,67.0,g,67.0,g,per_100g_edible_part,EXACT,measured,,,,,,,2026-08-22,https://fdc.nal.usda.gov/,0.90,0.90,
NUTR-0000688,ING-TECH-SIROPDRABLE-000001,boiled,Sirop d'érable,USDAFDC,169711,"Syrups, maple",2024-10,United States,SUGAR,Sucres totaux,carbohydrate,60.5,g,60.5,g,per_100g_edible_part,EXACT,measured,,,,,,,2026-08-22,https://fdc.nal.usda.gov/,0.90,0.90,
NUTR-0000689,ING-TECH-SIROPDRABLE-000001,boiled,Sirop d'érable,USDAFDC,169711,"Syrups, maple",2024-10,United States,SUCROSE,Saccharose,carbohydrate,58.0,g,58.0,g,per_100g_edible_part,EXACT,measured,,,,,,,2026-08-22,https://fdc.nal.usda.gov/,0.90,0.90,
NUTR-0000690,ING-TECH-SIROPDRABLE-000001,boiled,Sirop d'érable,USDAFDC,169711,"Syrups, maple",2024-10,United States,K,Potassium,mineral,212,mg,212,mg,per_100g_edible_part,EXACT,measured,,,,,,,2026-08-22,https://fdc.nal.usda.gov/,0.90,0.90,
NUTR-0000691,ING-TECH-SIROPDRABLE-000001,boiled,Sirop d'érable,USDAFDC,169711,"Syrups, maple",2024-10,United States,CA,Calcium,mineral,102,mg,102,mg,per_100g_edible_part,EXACT,measured,,,,,,,2026-08-22,https://fdc.nal.usda.gov/,0.90,0.90,
NUTR-0000692,ING-TECH-SIROPDRABLE-000001,boiled,Sirop d'érable,USDAFDC,169711,"Syrups, maple",2024-10,United States,FE,Fer,mineral,0.11,mg,0.11,mg,per_100g_edible_part,EXACT,measured,,,,,,,2026-08-22,https://fdc.nal.usda.gov/,0.90,0.90,
NUTR-0000693,ING-TECH-SIROPDRABLE-000001,boiled,Sirop d'érable,USDAFDC,169711,"Syrups, maple",2024-10,United States,ZN,Zinc,mineral,1.47,mg,1.47,mg,per_100g_edible_part,EXACT,measured,,,,,,,2026-08-22,https://fdc.nal.usda.gov/,0.90,0.90,
NUTR-0000694,ING-TECH-CHOCOLATNOIR-000002,conched,Chocolat noir 85%,USDAFDC,170272,Dark chocolate 70-85% cacao,2024-10,United States,ENERCKCAL,Énergie (kcal),energy,605,kcal,605,kcal,per_100g_edible_part,EXACT,measured,,,,,,,2026-08-22,https://fdc.nal.usda.gov/,0.85,0.90,
NUTR-0000695,ING-TECH-CHOCOLATNOIR-000002,conched,Chocolat noir 85%,USDAFDC,170272,Dark chocolate 70-85% cacao,2024-10,United States,WATER,Eau,matrix,1.0,g,1.0,g,per_100g_edible_part,EXACT,measured,,,,,,,2026-08-22,https://fdc.nal.usda.gov/,0.85,0.90,
NUTR-0000696,ING-TECH-CHOCOLATNOIR-000002,conched,Chocolat noir 85%,USDAFDC,170272,Dark chocolate 70-85% cacao,2024-10,United States,PROTEIN,Protéines,macronutrient,8.0,g,8.0,g,per_100g_edible_part,EXACT,measured,,,,,,,2026-08-22,https://fdc.nal.usda.gov/,0.85,0.90,
NUTR-0000697,ING-TECH-CHOCOLATNOIR-000002,conched,Chocolat noir 85%,USDAFDC,170272,Dark chocolate 70-85% cacao,2024-10,United States,FAT,Lipides totaux,macronutrient,45.0,g,45.0,g,per_100g_edible_part,EXACT,measured,,,,,,,2026-08-22,https://fdc.nal.usda.gov/,0.85,0.90,
NUTR-0000698,ING-TECH-CHOCOLATNOIR-000002,conched,Chocolat noir 85%,USDAFDC,170272,Dark chocolate 70-85% cacao,2024-10,United States,FAT_SAT,Acides gras saturés,lipid,27.0,g,27.0,g,per_100g_edible_part,EXACT,measured,,,,,,,2026-08-22,https://fdc.nal.usda.gov/,0.85,0.90,
NUTR-0000699,ING-TECH-CHOCOLATNOIR-000002,conched,Chocolat noir 85%,USDAFDC,170272,Dark chocolate 70-85% cacao,2024-10,United States,CARB,Glucides totaux,macronutrient,41.0,g,41.0,g,per_100g_edible_part,EXACT,measured,,,,,,,2026-08-22,https://fdc.nal.usda.gov/,0.85,0.90,
NUTR-0000700,ING-TECH-CHOCOLATNOIR-000002,conched,Chocolat noir 85%,USDAFDC,170272,Dark chocolate 70-85% cacao,2024-10,United States,SUGAR,Sucres totaux,carbohydrate,16.0,g,16.0,g,per_100g_edible_part,EXACT,measured,,,,,,,2026-08-22,https://fdc.nal.usda.gov/,0.85,0.90,
NUTR-0000701,ING-TECH-CHOCOLATNOIR-000002,conched,Chocolat noir 85%,USDAFDC,170272,Dark chocolate 70-85% cacao,2024-10,United States,FIBER,Fibres alimentaires,carbohydrate,13.0,g,13.0,g,per_100g_edible_part,EXACT,measured,,,,,,,2026-08-22,https://fdc.nal.usda.gov/,0.85,0.90,
NUTR-0000702,ING-TECH-CHOCOLATNOIR-000002,conched,Chocolat noir 85%,USDAFDC,170272,Dark chocolate 70-85% cacao,2024-10,United States,FE,Fer,mineral,13.0,mg,13.0,mg,per_100g_edible_part,EXACT,measured,,,,,,,2026-08-22,https://fdc.nal.usda.gov/,0.85,0.90,
NUTR-0000703,ING-TECH-CHOCOLATNOIR-000002,conched,Chocolat noir 85%,USDAFDC,170272,Dark chocolate 70-85% cacao,2024-10,United States,MG,Magnésium,mineral,240,mg,240,mg,per_100g_edible_part,EXACT,measured,,,,,,,2026-08-22,https://fdc.nal.usda.gov/,0.85,0.90,
NUTR-0000704,ING-TECH-CHOCOLATNOIR-000002,conched,Chocolat noir 85%,USDAFDC,170272,Dark chocolate 70-85% cacao,2024-10,United States,K,Potassium,mineral,750,mg,750,mg,per_100g_edible_part,EXACT,measured,,,,,,,2026-08-22,https://fdc.nal.usda.gov/,0.85,0.90,
NUTR-0000705,ING-TECH-CHOCOLATNOIR-000002,conched,Chocolat noir 85%,USDAFDC,170272,Dark chocolate 70-85% cacao,2024-10,United States,THEOBROM,Théobromine,bioactive,900,mg,900,mg,per_100g_edible_part,EXACT,measured,,,,,,,2026-08-22,https://fdc.nal.usda.gov/,0.85,0.90,
NUTR-0000706,ING-TECH-CHOCOLATNOIR-000002,conched,Chocolat noir 85%,USDAFDC,170272,Dark chocolate 70-85% cacao,2024-10,United States,CAFFEINE,Caféine,bioactive,75,mg,75,mg,per_100g_edible_part,EXACT,measured,,,,,,,2026-08-22,https://fdc.nal.usda.gov/,0.85,0.90,
NUTR-0000707,ING-TECH-CACAOENPOUDR-000001,powder,Cacao en poudre,USDAFDC,169592,"Cocoa, dry powder, unsweetened",2024-10,United States,ENERCKCAL,Énergie (kcal),energy,228,kcal,228,kcal,per_100g_edible_part,EXACT,measured,,,,,,,2026-08-22,https://fdc.nal.usda.gov/,0.90,0.90,
NUTR-0000708,ING-TECH-CACAOENPOUDR-000001,powder,Cacao en poudre,USDAFDC,169592,"Cocoa, dry powder, unsweetened",2024-10,United States,WATER,Eau,matrix,3.0,g,3.0,g,per_100g_edible_part,EXACT,measured,,,,,,,2026-08-22,https://fdc.nal.usda.gov/,0.90,0.90,
NUTR-0000709,ING-TECH-CACAOENPOUDR-000001,powder,Cacao en poudre,USDAFDC,169592,"Cocoa, dry powder, unsweetened",2024-10,United States,PROTEIN,Protéines,macronutrient,19.6,g,19.6,g,per_100g_edible_part,EXACT,measured,,,,,,,2026-08-22,https://fdc.nal.usda.gov/,0.90,0.90,
NUTR-0000710,ING-TECH-CACAOENPOUDR-000001,powder,Cacao en poudre,USDAFDC,169592,"Cocoa, dry powder, unsweetened",2024-10,United States,FAT,Lipides totaux,macronutrient,13.7,g,13.7,g,per_100g_edible_part,EXACT,measured,,,,,,,2026-08-22,https://fdc.nal.usda.gov/,0.90,0.90,
NUTR-0000711,ING-TECH-CACAOENPOUDR-000001,powder,Cacao en poudre,USDAFDC,169592,"Cocoa, dry powder, unsweetened",2024-10,United States,FAT_SAT,Acides gras saturés,lipid,8.07,g,8.07,g,per_100g_edible_part,EXACT,measured,,,,,,,2026-08-22,https://fdc.nal.usda.gov/,0.90,0.90,
NUTR-0000712,ING-TECH-CACAOENPOUDR-000001,powder,Cacao en poudre,USDAFDC,169592,"Cocoa, dry powder, unsweetened",2024-10,United States,CARB,Glucides totaux,macronutrient,57.9,g,57.9,g,per_100g_edible_part,EXACT,measured,,,,,,,2026-08-22,https://fdc.nal.usda.gov/,0.90,0.90,
NUTR-0000713,ING-TECH-CACAOENPOUDR-000001,powder,Cacao en poudre,USDAFDC,169592,"Cocoa, dry powder, unsweetened",2024-10,United States,FIBER,Fibres alimentaires,carbohydrate,37.0,g,37.0,g,per_100g_edible_part,EXACT,measured,,,,,,,2026-08-22,https://fdc.nal.usda.gov/,0.90,0.90,
NUTR-0000714,ING-TECH-CACAOENPOUDR-000001,powder,Cacao en poudre,USDAFDC,169592,"Cocoa, dry powder, unsweetened",2024-10,United States,FE,Fer,mineral,13.86,mg,13.86,mg,per_100g_edible_part,EXACT,measured,,,,,,,2026-08-22,https://fdc.nal.usda.gov/,0.90,0.90,
NUTR-0000715,ING-TECH-CACAOENPOUDR-000001,powder,Cacao en poudre,USDAFDC,169592,"Cocoa, dry powder, unsweetened",2024-10,United States,MG,Magnésium,mineral,499,mg,499,mg,per_100g_edible_part,EXACT,measured,,,,,,,2026-08-22,https://fdc.nal.usda.gov/,0.90,0.90,
NUTR-0000716,ING-TECH-CACAOENPOUDR-000001,powder,Cacao en poudre,USDAFDC,169592,"Cocoa, dry powder, unsweetened",2024-10,United States,K,Potassium,mineral,1524,mg,1524,mg,per_100g_edible_part,EXACT,measured,,,,,,,2026-08-22,https://fdc.nal.usda.gov/,0.90,0.90,
NUTR-0000717,ING-TECH-CACAOENPOUDR-000001,powder,Cacao en poudre,USDAFDC,169592,"Cocoa, dry powder, unsweetened",2024-10,United States,THEOBROM,Théobromine,bioactive,2057,mg,2057,mg,per_100g_edible_part,EXACT,measured,,,,,,,2026-08-22,https://fdc.nal.usda.gov/,0.90,0.90,
NUTR-0000718,ING-TECH-CACAOENPOUDR-000001,powder,Cacao en poudre,USDAFDC,169592,"Cocoa, dry powder, unsweetened",2024-10,United States,CAFFEINE,Caféine,bioactive,230,mg,230,mg,per_100g_edible_part,EXACT,measured,,,,,,,2026-08-22,https://fdc.nal.usda.gov/,0.90,0.90,
NUTR-0000719,ING-TECH-CACAOENPOUDR-000001,powder,Cacao en poudre,USDAFDC,169592,"Cocoa, dry powder, unsweetened",2024-10,United States,POLYPHEN,Polyphénols totaux,bioactive,5000,mg,5000,mg,per_100g_edible_part,ESTIMATED,analytical_database,,,,,,,2026-08-22,https://fdc.nal.usda.gov/,0.90,0.90,
NUTR-0000720,ING-MARINE-CREVETTE-000001,raw,Crevette,USDAFDC,175170,"Crustaceans, shrimp, raw",2024-10,United States,ENERCKCAL,Énergie (kcal),energy,99,kcal,99,kcal,per_100g_edible_part,EXACT,measured,,,,,,,2026-08-22,https://fdc.nal.usda.gov/,0.85,0.90,
NUTR-0000721,ING-MARINE-CREVETTE-000001,raw,Crevette,USDAFDC,175170,"Crustaceans, shrimp, raw",2024-10,United States,WATER,Eau,matrix,75.9,g,75.9,g,per_100g_edible_part,EXACT,measured,,,,,,,2026-08-22,https://fdc.nal.usda.gov/,0.85,0.90,
NUTR-0000722,ING-MARINE-CREVETTE-000001,raw,Crevette,USDAFDC,175170,"Crustaceans, shrimp, raw",2024-10,United States,PROTEIN,Protéines,macronutrient,24.0,g,24.0,g,per_100g_edible_part,EXACT,measured,,,,,,,2026-08-22,https://fdc.nal.usda.gov/,0.85,0.90,
NUTR-0000723,ING-MARINE-CREVETTE-000001,raw,Crevette,USDAFDC,175170,"Crustaceans, shrimp, raw",2024-10,United States,FAT,Lipides totaux,macronutrient,0.32,g,0.32,g,per_100g_edible_part,EXACT,measured,,,,,,,2026-08-22,https://fdc.nal.usda.gov/,0.85,0.90,
NUTR-0000724,ING-MARINE-CREVETTE-000001,raw,Crevette,USDAFDC,175170,"Crustaceans, shrimp, raw",2024-10,United States,CHOLEST,Cholestérol,lipid,189,mg,189,mg,per_100g_edible_part,EXACT,measured,,,,,,,2026-08-22,https://fdc.nal.usda.gov/,0.85,0.90,
NUTR-0000725,ING-MARINE-CREVETTE-000001,raw,Crevette,USDAFDC,175170,"Crustaceans, shrimp, raw",2024-10,United States,NA,Sodium,mineral,111,mg,111,mg,per_100g_edible_part,EXACT,measured,,,,,,,2026-08-22,https://fdc.nal.usda.gov/,0.85,0.90,
NUTR-0000726,ING-MARINE-CREVETTE-000001,raw,Crevette,USDAFDC,175170,"Crustaceans, shrimp, raw",2024-10,United States,P,Phosphore,mineral,237,mg,237,mg,per_100g_edible_part,EXACT,measured,,,,,,,2026-08-22,https://fdc.nal.usda.gov/,0.85,0.90,
NUTR-0000727,ING-MARINE-CREVETTE-000001,raw,Crevette,USDAFDC,175170,"Crustaceans, shrimp, raw",2024-10,United States,K,Potassium,mineral,259,mg,259,mg,per_100g_edible_part,EXACT,measured,,,,,,,2026-08-22,https://fdc.nal.usda.gov/,0.85,0.90,
NUTR-0000728,ING-MARINE-CREVETTE-000001,raw,Crevette,USDAFDC,175170,"Crustaceans, shrimp, raw",2024-10,United States,VITB12,Vitamine B12,vitamin,1.86,µg,1.86,µg,per_100g_edible_part,EXACT,measured,,,,,,,2026-08-22,https://fdc.nal.usda.gov/,0.85,0.90,
NUTR-0000729,ING-MARINE-CREVETTE-000001,raw,Crevette,USDAFDC,175170,"Crustaceans, shrimp, raw",2024-10,United States,OMEGA3,Oméga-3,lipid,0.04,g,0.04,g,per_100g_edible_part,EXACT,measured,,,,,,,2026-08-22,https://fdc.nal.usda.gov/,0.85,0.90,
NUTR-0000730,ING-MARINE-MOULE-000001,raw,Moule,CIQUAL,81100,"Moule, crue",2024,France,ENERCKCAL,Énergie (kcal),energy,86,kcal,86,kcal,per_100g_edible_part,EXACT,measured,,,,,,,2026-08-22,https://ciqual.anses.fr/,0.90,0.90,
NUTR-0000731,ING-MARINE-MOULE-000001,raw,Moule,CIQUAL,81100,"Moule, crue",2024,France,WATER,Eau,matrix,80.6,g,80.6,g,per_100g_edible_part,EXACT,measured,,,,,,,2026-08-22,https://ciqual.anses.fr/,0.90,0.90,
NUTR-0000732,ING-MARINE-MOULE-000001,raw,Moule,CIQUAL,81100,"Moule, crue",2024,France,PROTEIN,Protéines,macronutrient,11.9,g,11.9,g,per_100g_edible_part,EXACT,measured,,,,,,,2026-08-22,https://ciqual.anses.fr/,0.90,0.90,
NUTR-0000733,ING-MARINE-MOULE-000001,raw,Moule,CIQUAL,81100,"Moule, crue",2024,France,FAT,Lipides totaux,macronutrient,2.3,g,2.3,g,per_100g_edible_part,EXACT,measured,,,,,,,2026-08-22,https://ciqual.anses.fr/,0.90,0.90,
NUTR-0000734,ING-MARINE-MOULE-000001,raw,Moule,CIQUAL,81100,"Moule, crue",2024,France,FAT_SAT,Acides gras saturés,lipid,0.4,g,0.4,g,per_100g_edible_part,EXACT,measured,,,,,,,2026-08-22,https://ciqual.anses.fr/,0.90,0.90,
NUTR-0000735,ING-MARINE-MOULE-000001,raw,Moule,CIQUAL,81100,"Moule, crue",2024,France,OMEGA3,Oméga-3,lipid,0.5,g,0.5,g,per_100g_edible_part,EXACT,measured,,,,,,,2026-08-22,https://ciqual.anses.fr/,0.90,0.90,
NUTR-0000736,ING-MARINE-MOULE-000001,raw,Moule,CIQUAL,81100,"Moule, crue",2024,France,CHOLEST,Cholestérol,lipid,28,mg,28,mg,per_100g_edible_part,EXACT,measured,,,,,,,2026-08-22,https://ciqual.anses.fr/,0.90,0.90,
NUTR-0000737,ING-MARINE-MOULE-000001,raw,Moule,CIQUAL,81100,"Moule, crue",2024,France,NA,Sodium,mineral,290,mg,290,mg,per_100g_edible_part,EXACT,measured,,,,,,,2026-08-22,https://ciqual.anses.fr/,0.90,0.90,
NUTR-0000738,ING-MARINE-MOULE-000001,raw,Moule,CIQUAL,81100,"Moule, crue",2024,France,FE,Fer,mineral,4.5,mg,4.5,mg,per_100g_edible_part,EXACT,measured,,,,,,,2026-08-22,https://ciqual.anses.fr/,0.90,0.90,
NUTR-0000739,ING-MARINE-MOULE-000001,raw,Moule,CIQUAL,81100,"Moule, crue",2024,France,VITB12,Vitamine B12,vitamin,24.0,µg,24.0,µg,per_100g_edible_part,EXACT,measured,,,,,,,2026-08-22,https://ciqual.anses.fr/,0.90,0.90,
NUTR-0000740,ING-MARINE-MOULE-000001,raw,Moule,CIQUAL,81100,"Moule, crue",2024,France,ZN,Zinc,mineral,2.0,mg,2.0,mg,per_100g_edible_part,EXACT,measured,,,,,,,2026-08-22,https://ciqual.anses.fr/,0.90,0.90,
NUTR-0000741,ING-MARINE-ANCHOIS-000001,raw,Anchois,USDAFDC,174163,"Fish, anchovy, european, raw",2024-10,United States,ENERCKCAL,Énergie (kcal),energy,131,kcal,131,kcal,per_100g_edible_part,EXACT,measured,,,,,,,2026-08-22,https://fdc.nal.usda.gov/,0.85,0.90,
NUTR-0000742,ING-MARINE-ANCHOIS-000001,raw,Anchois,USDAFDC,174163,"Fish, anchovy, european, raw",2024-10,United States,WATER,Eau,matrix,71.0,g,71.0,g,per_100g_edible_part,EXACT,measured,,,,,,,2026-08-22,https://fdc.nal.usda.gov/,0.85,0.90,
NUTR-0000743,ING-MARINE-ANCHOIS-000001,raw,Anchois,USDAFDC,174163,"Fish, anchovy, european, raw",2024-10,United States,PROTEIN,Protéines,macronutrient,20.4,g,20.4,g,per_100g_edible_part,EXACT,measured,,,,,,,2026-08-22,https://fdc.nal.usda.gov/,0.85,0.90,
NUTR-0000744,ING-MARINE-ANCHOIS-000001,raw,Anchois,USDAFDC,174163,"Fish, anchovy, european, raw",2024-10,United States,FAT,Lipides totaux,macronutrient,4.84,g,4.84,g,per_100g_edible_part,EXACT,measured,,,,,,,2026-08-22,https://fdc.nal.usda.gov/,0.85,0.90,
NUTR-0000745,ING-MARINE-ANCHOIS-000001,raw,Anchois,USDAFDC,174163,"Fish, anchovy, european, raw",2024-10,United States,FAT_SAT,Acides gras saturés,lipid,1.18,g,1.18,g,per_100g_edible_part,EXACT,measured,,,,,,,2026-08-22,https://fdc.nal.usda.gov/,0.85,0.90,
NUTR-0000746,ING-MARINE-ANCHOIS-000001,raw,Anchois,USDAFDC,174163,"Fish, anchovy, european, raw",2024-10,United States,OMEGA3,Oméga-3,lipid,1.45,g,1.45,g,per_100g_edible_part,EXACT,measured,,,,,,,2026-08-22,https://fdc.nal.usda.gov/,0.85,0.90,
NUTR-0000747,ING-MARINE-ANCHOIS-000001,raw,Anchois,USDAFDC,174163,"Fish, anchovy, european, raw",2024-10,United States,CHOLEST,Cholestérol,lipid,60,mg,60,mg,per_100g_edible_part,EXACT,measured,,,,,,,2026-08-22,https://fdc.nal.usda.gov/,0.85,0.90,
NUTR-0000748,ING-MARINE-ANCHOIS-000001,raw,Anchois,USDAFDC,174163,"Fish, anchovy, european, raw",2024-10,United States,NA,Sodium,mineral,104,mg,104,mg,per_100g_edible_part,EXACT,measured,,,,,,,2026-08-22,https://fdc.nal.usda.gov/,0.85,0.90,
NUTR-0000749,ING-MARINE-ANCHOIS-000001,raw,Anchois,USDAFDC,174163,"Fish, anchovy, european, raw",2024-10,United States,P,Phosphore,mineral,252,mg,252,mg,per_100g_edible_part,EXACT,measured,,,,,,,2026-08-22,https://fdc.nal.usda.gov/,0.85,0.90,
NUTR-0000750,ING-MARINE-ANCHOIS-000001,raw,Anchois,USDAFDC,174163,"Fish, anchovy, european, raw",2024-10,United States,K,Potassium,mineral,383,mg,383,mg,per_100g_edible_part,EXACT,measured,,,,,,,2026-08-22,https://fdc.nal.usda.gov/,0.85,0.90,
NUTR-0000751,ING-MARINE-ANCHOIS-000001,raw,Anchois,USDAFDC,174163,"Fish, anchovy, european, raw",2024-10,United States,VITD,Vitamine D,vitamin,2.0,µg,2.0,µg,per_100g_edible_part,EXACT,measured,,,,,,,2026-08-22,https://fdc.nal.usda.gov/,0.85,0.90,
