ingredient_id,ciqual_alim_code,aliment_name,component_id,component_name,normalized_value,normalized_unit,confidence_code,confidence,source_citation
ING-PLANT-POMME-000004,2074,"Jus de pomme, pur jus",ENERC,"Energie, Règlement UE N° 1169/2011 (kJ/100 g)",208.0,kJ,D,0.6,ANSES Ciqual 2025-11-03 — Valeur ajustée/calculée/imputée Ciqual
ING-PLANT-POMME-000004,2074,"Jus de pomme, pur jus",ENERCKCAL,"Energie, Règlement UE N° 1169/2011 (kcal/100 g)",48.9,kcal,D,0.6,ANSES Ciqual 2025-11-03 — Valeur ajustée/calculée/imputée Ciqual
ING-PLANT-POMME-000004,2074,"Jus de pomme, pur jus",WATER,Eau (g/100 g),88.4,g,A,0.95,"ANSES Ciqual 2025-11-03 — Car-Larebron (2008b). Rapport de laboratoire, analyses Ciqual."
ING-PLANT-POMME-000004,2074,"Jus de pomme, pur jus",SALT,Sel chlorure de sodium (g/100 g),0.022,g,A,0.95,ANSES Ciqual 2025-11-03 — Extraction BDD Oqali au 07/02/2014
ING-PLANT-POMME-000004,2074,"Jus de pomme, pur jus",NA,Sodium (mg/100 g),13.3,mg,A,0.95,ANSES Ciqual 2025-11-03 — Extraction BDD Oqali au 07/02/2014
ING-PLANT-POMME-000004,2074,"Jus de pomme, pur jus",PROTEIN,"Protéines, N x 6.25 (g/100 g)",0.17,g,A,0.95,ANSES Ciqual 2025-11-03 — Valeur ajustée/calculée/imputée Ciqual
ING-PLANT-POMME-000004,2074,"Jus de pomme, pur jus",CARB,Glucides (g/100 g),11.4,g,A,0.95,ANSES Ciqual 2025-11-03 — Valeur ajustée/calculée/imputée Ciqual
ING-PLANT-POMME-000004,2074,"Jus de pomme, pur jus",SUGAR,Sucres (g/100 g),10.9,g,A,0.95,ANSES Ciqual 2025-11-03 — Extraction BDD Oqali au 07/02/2014
ING-PLANT-POMME-000004,2074,"Jus de pomme, pur jus",FIBER,Fibres alimentaires (g/100 g),0.23,g,A,0.95,ANSES Ciqual 2025-11-03 — Extraction BDD Oqali au 07/02/2014
ING-PLANT-POMME-000004,2074,"Jus de pomme, pur jus",FAT,Lipides (g/100 g),0.14,g,A,0.95,ANSES Ciqual 2025-11-03 — Extraction BDD Oqali au 07/02/2014
ING-PLANT-POMME-000004,2074,"Jus de pomme, pur jus",FAT_SAT,AG saturés (g/100 g),0.046,g,A,0.95,ANSES Ciqual 2025-11-03 — Extraction BDD Oqali au 07/02/2014
ING-PLANT-POMMEDETERRE-000001,4008,"Pomme de terre, sans peau, crue",ENERC,"Energie, Règlement UE N° 1169/2011 (kJ/100 g)",339.0,kJ,D,0.6,ANSES Ciqual 2025-11-03 — Valeur ajustée/calculée/imputée Ciqual
ING-PLANT-POMMEDETERRE-000001,4008,"Pomme de terre, sans peau, crue",ENERCKCAL,"Energie, Règlement UE N° 1169/2011 (kcal/100 g)",80.0,kcal,D,0.6,ANSES Ciqual 2025-11-03 — Valeur ajustée/calculée/imputée Ciqual
ING-PLANT-POMMEDETERRE-000001,4008,"Pomme de terre, sans peau, crue",WATER,Eau (g/100 g),79.3,g,B,0.85,"ANSES Ciqual 2025-11-03 — U.S. Department of Agriculture, Agricultural Research Service (2014). USDA National Nutrient Database for Standard Reference, Release 27. Nutrient Data Laboratory Home Page, http://www.ars.usda.gov/ba/bhnrc/ndl"
ING-PLANT-POMMEDETERRE-000001,4008,"Pomme de terre, sans peau, crue",PROTEIN,"Protéines, N x 6.25 (g/100 g)",2.02,g,B,0.85,ANSES Ciqual 2025-11-03 — Valeur ajustée/calculée/imputée Ciqual
ING-PLANT-POMMEDETERRE-000001,4008,"Pomme de terre, sans peau, crue",CARB,Glucides (g/100 g),16.2,g,D,0.6,ANSES Ciqual 2025-11-03 — Valeur ajustée/calculée/imputée Ciqual
ING-PLANT-POMMEDETERRE-000001,4008,"Pomme de terre, sans peau, crue",SUGAR,Sucres (g/100 g),0.78,g,C,0.75,"ANSES Ciqual 2025-11-03 — U.S. Department of Agriculture, Agricultural Research Service (2014). USDA National Nutrient Database for Standard Reference, Release 27. Nutrient Data Laboratory Home Page, http://www.ars.usda.gov/ba/bhnrc/ndl"
ING-PLANT-POMMEDETERRE-000001,4008,"Pomme de terre, sans peau, crue",FIBER,Fibres alimentaires (g/100 g),2.2,g,B,0.85,"ANSES Ciqual 2025-11-03 — U.S. Department of Agriculture, Agricultural Research Service (2014). USDA National Nutrient Database for Standard Reference, Release 27. Nutrient Data Laboratory Home Page, http://www.ars.usda.gov/ba/bhnrc/ndl"
ING-PLANT-POMMEDETERRE-000001,4008,"Pomme de terre, sans peau, crue",FAT,Lipides (g/100 g),0.09,g,B,0.85,"ANSES Ciqual 2025-11-03 — U.S. Department of Agriculture, Agricultural Research Service (2014). USDA National Nutrient Database for Standard Reference, Release 27. Nutrient Data Laboratory Home Page, http://www.ars.usda.gov/ba/bhnrc/ndl"
ING-PLANT-POMMEDETERRE-000001,4008,"Pomme de terre, sans peau, crue",FAT_SAT,AG saturés (g/100 g),0.026,g,C,0.75,"ANSES Ciqual 2025-11-03 — U.S. Department of Agriculture, Agricultural Research Service (2014). USDA National Nutrient Database for Standard Reference, Release 27. Nutrient Data Laboratory Home Page, http://www.ars.usda.gov/ba/bhnrc/ndl"
ING-PLANT-PATATEDOUCE-000001,4101,"Patate douce, crue",ENERC,"Energie, Règlement UE N° 1169/2011 (kJ/100 g)",343.0,kJ,D,0.6,ANSES Ciqual 2025-11-03 — Valeur ajustée/calculée/imputée Ciqual
ING-PLANT-PATATEDOUCE-000001,4101,"Patate douce, crue",ENERCKCAL,"Energie, Règlement UE N° 1169/2011 (kcal/100 g)",81.2,kcal,D,0.6,ANSES Ciqual 2025-11-03 — Valeur ajustée/calculée/imputée Ciqual
ING-PLANT-PATATEDOUCE-000001,4101,"Patate douce, crue",WATER,Eau (g/100 g),77.3,g,B,0.85,"ANSES Ciqual 2025-11-03 — U.S. Department of Agriculture, Agricultural Research Service (2014). USDA National Nutrient Database for Standard Reference, Release 27. Nutrient Data Laboratory Home Page, http://www.ars.usda.gov/ba/bhnrc/ndl"
ING-PLANT-PATATEDOUCE-000001,4101,"Patate douce, crue",SALT,Sel chlorure de sodium (g/100 g),0.14,g,B,0.85,"ANSES Ciqual 2025-11-03 — U.S. Department of Agriculture, Agricultural Research Service (2014). USDA National Nutrient Database for Standard Reference, Release 27. Nutrient Data Laboratory Home Page, http://www.ars.usda.gov/ba/bhnrc/ndl"
ING-PLANT-PATATEDOUCE-000001,4101,"Patate douce, crue",NA,Sodium (mg/100 g),55.0,mg,B,0.85,"ANSES Ciqual 2025-11-03 — U.S. Department of Agriculture, Agricultural Research Service (2014). USDA National Nutrient Database for Standard Reference, Release 27. Nutrient Data Laboratory Home Page, http://www.ars.usda.gov/ba/bhnrc/ndl"
ING-PLANT-PATATEDOUCE-000001,4101,"Patate douce, crue",PROTEIN,"Protéines, N x 6.25 (g/100 g)",1.57,g,B,0.85,ANSES Ciqual 2025-11-03 — Valeur ajustée/calculée/imputée Ciqual
ING-PLANT-PATATEDOUCE-000001,4101,"Patate douce, crue",CARB,Glucides (g/100 g),17.1,g,B,0.85,ANSES Ciqual 2025-11-03 — Valeur ajustée/calculée/imputée Ciqual
ING-PLANT-PATATEDOUCE-000001,4101,"Patate douce, crue",SUGAR,Sucres (g/100 g),4.18,g,C,0.75,"ANSES Ciqual 2025-11-03 — U.S. Department of Agriculture, Agricultural Research Service (2014). USDA National Nutrient Database for Standard Reference, Release 27. Nutrient Data Laboratory Home Page, http://www.ars.usda.gov/ba/bhnrc/ndl"
ING-PLANT-PATATEDOUCE-000001,4101,"Patate douce, crue",FIBER,Fibres alimentaires (g/100 g),3.0,g,C,0.75,"ANSES Ciqual 2025-11-03 — U.S. Department of Agriculture, Agricultural Research Service (2014). USDA National Nutrient Database for Standard Reference, Release 27. Nutrient Data Laboratory Home Page, http://www.ars.usda.gov/ba/bhnrc/ndl"
ING-PLANT-PATATEDOUCE-000001,4101,"Patate douce, crue",FAT,Lipides (g/100 g),0.05,g,B,0.85,"ANSES Ciqual 2025-11-03 — U.S. Department of Agriculture, Agricultural Research Service (2014). USDA National Nutrient Database for Standard Reference, Release 27. Nutrient Data Laboratory Home Page, http://www.ars.usda.gov/ba/bhnrc/ndl"
ING-PLANT-PATATEDOUCE-000001,4101,"Patate douce, crue",FAT_SAT,AG saturés (g/100 g),0.018,g,C,0.75,"ANSES Ciqual 2025-11-03 — U.S. Department of Agriculture, Agricultural Research Service (2014). USDA National Nutrient Database for Standard Reference, Release 27. Nutrient Data Laboratory Home Page, http://www.ars.usda.gov/ba/bhnrc/ndl"
ING-PLANT-PEAUTRE-000001,9001,"Épeautre, cru",ENERC,"Energie, Règlement UE N° 1169/2011 (kJ/100 g)",1450.0,kJ,D,0.6,ANSES Ciqual 2025-11-03 — Valeur ajustée/calculée/imputée Ciqual
ING-PLANT-PEAUTRE-000001,9001,"Épeautre, cru",ENERCKCAL,"Energie, Règlement UE N° 1169/2011 (kcal/100 g)",344.0,kcal,D,0.6,ANSES Ciqual 2025-11-03 — Valeur ajustée/calculée/imputée Ciqual
ING-PLANT-PEAUTRE-000001,9001,"Épeautre, cru",WATER,Eau (g/100 g),11.0,g,B,0.85,"ANSES Ciqual 2025-11-03 — U.S. Department of Agriculture, Agricultural Research Service (2014). USDA National Nutrient Database for Standard Reference, Release 27. Nutrient Data Laboratory Home Page, http://www.ars.usda.gov/ba/bhnrc/ndl"
ING-PLANT-PEAUTRE-000001,9001,"Épeautre, cru",SALT,Sel chlorure de sodium (g/100 g),0.02,g,B,0.85,"ANSES Ciqual 2025-11-03 — U.S. Department of Agriculture, Agricultural Research Service (2014). USDA National Nutrient Database for Standard Reference, Release 27. Nutrient Data Laboratory Home Page, http://www.ars.usda.gov/ba/bhnrc/ndl"
ING-PLANT-PEAUTRE-000001,9001,"Épeautre, cru",NA,Sodium (mg/100 g),8.0,mg,B,0.85,"ANSES Ciqual 2025-11-03 — U.S. Department of Agriculture, Agricultural Research Service (2014). USDA National Nutrient Database for Standard Reference, Release 27. Nutrient Data Laboratory Home Page, http://www.ars.usda.gov/ba/bhnrc/ndl"
ING-PLANT-PEAUTRE-000001,9001,"Épeautre, cru",PROTEIN,"Protéines, N x 6.25 (g/100 g)",15.6,g,B,0.85,ANSES Ciqual 2025-11-03 — Valeur ajustée/calculée/imputée Ciqual
ING-PLANT-PEAUTRE-000001,9001,"Épeautre, cru",CARB,Glucides (g/100 g),59.5,g,B,0.85,ANSES Ciqual 2025-11-03 — Valeur ajustée/calculée/imputée Ciqual
ING-PLANT-PEAUTRE-000001,9001,"Épeautre, cru",SUGAR,Sucres (g/100 g),6.68,g,D,0.6,ANSES Ciqual 2025-11-03 — Valeur ajustée/calculée/imputée Ciqual
ING-PLANT-PEAUTRE-000001,9001,"Épeautre, cru",FIBER,Fibres alimentaires (g/100 g),10.7,g,B,0.85,"ANSES Ciqual 2025-11-03 — U.S. Department of Agriculture, Agricultural Research Service (2014). USDA National Nutrient Database for Standard Reference, Release 27. Nutrient Data Laboratory Home Page, http://www.ars.usda.gov/ba/bhnrc/ndl"
ING-PLANT-PEAUTRE-000001,9001,"Épeautre, cru",FAT,Lipides (g/100 g),2.43,g,B,0.85,"ANSES Ciqual 2025-11-03 — U.S. Department of Agriculture, Agricultural Research Service (2014). USDA National Nutrient Database for Standard Reference, Release 27. Nutrient Data Laboratory Home Page, http://www.ars.usda.gov/ba/bhnrc/ndl"
ING-PLANT-PEAUTRE-000001,9001,"Épeautre, cru",FAT_SAT,AG saturés (g/100 g),0.41,g,C,0.75,"ANSES Ciqual 2025-11-03 — U.S. Department of Agriculture, Agricultural Research Service (2014). USDA National Nutrient Database for Standard Reference, Release 27. Nutrient Data Laboratory Home Page, http://www.ars.usda.gov/ba/bhnrc/ndl"
ING-PLANT-BLDUR-000001,9060,"Blé dur complet, cru",ENERC,"Energie, Règlement UE N° 1169/2011 (kJ/100 g)",1440.0,kJ,D,0.6,ANSES Ciqual 2025-11-03 — Valeur ajustée/calculée/imputée Ciqual
ING-PLANT-BLDUR-000001,9060,"Blé dur complet, cru",ENERCKCAL,"Energie, Règlement UE N° 1169/2011 (kcal/100 g)",342.0,kcal,D,0.6,ANSES Ciqual 2025-11-03 — Valeur ajustée/calculée/imputée Ciqual
ING-PLANT-BLDUR-000001,9060,"Blé dur complet, cru",WATER,Eau (g/100 g),10.9,g,C,0.75,"ANSES Ciqual 2025-11-03 — U.S. Department of Agriculture, Agricultural Research Service (2014). USDA National Nutrient Database for Standard Reference, Release 27. Nutrient Data Laboratory Home Page, http://www.ars.usda.gov/ba/bhnrc/ndl"
ING-PLANT-BLDUR-000001,9060,"Blé dur complet, cru",SALT,Sel chlorure de sodium (g/100 g),0.005,g,B,0.85,"ANSES Ciqual 2025-11-03 — U.S. Department of Agriculture, Agricultural Research Service (2014). USDA National Nutrient Database for Standard Reference, Release 27. Nutrient Data Laboratory Home Page, http://www.ars.usda.gov/ba/bhnrc/ndl"
ING-PLANT-BLDUR-000001,9060,"Blé dur complet, cru",NA,Sodium (mg/100 g),2.0,mg,B,0.85,"ANSES Ciqual 2025-11-03 — U.S. Department of Agriculture, Agricultural Research Service (2014). USDA National Nutrient Database for Standard Reference, Release 27. Nutrient Data Laboratory Home Page, http://www.ars.usda.gov/ba/bhnrc/ndl"
ING-PLANT-BLDUR-000001,9060,"Blé dur complet, cru",PROTEIN,"Protéines, N x 6.25 (g/100 g)",14.7,g,C,0.75,ANSES Ciqual 2025-11-03 — Valeur ajustée/calculée/imputée Ciqual
ING-PLANT-BLDUR-000001,9060,"Blé dur complet, cru",CARB,Glucides (g/100 g),59.3,g,C,0.75,ANSES Ciqual 2025-11-03 — Valeur ajustée/calculée/imputée Ciqual
ING-PLANT-BLDUR-000001,9060,"Blé dur complet, cru",SUGAR,Sucres (g/100 g),1.8,g,D,0.6,ANSES Ciqual 2025-11-03 — Valeur ajustée/calculée/imputée Ciqual
ING-PLANT-BLDUR-000001,9060,"Blé dur complet, cru",FIBER,Fibres alimentaires (g/100 g),11.8,g,D,0.6,"ANSES Ciqual 2025-11-03 — Salvini S, Parpinel M, Gnagnarella P, Maisonneuve P, Turrini A (1998). Banca Dati di Composizione degli Alimenti per Studi Epidemiologici in Italia. Ed. Istituto Europeo di Oncologia.-Saxholt E, Christensen AT, Møller A, Hartkopp HB, Hess Ygil K, Hels OH (2009). Danish Food Composition Databank, revision 7.01. Department of Nutrition, National Food Institute, Technical University of Denmark, version 7.1, 2009."
ING-PLANT-BLDUR-000001,9060,"Blé dur complet, cru",FAT,Lipides (g/100 g),2.47,g,B,0.85,"ANSES Ciqual 2025-11-03 — U.S. Department of Agriculture, Agricultural Research Service (2014). USDA National Nutrient Database for Standard Reference, Release 27. Nutrient Data Laboratory Home Page, http://www.ars.usda.gov/ba/bhnrc/ndl"
ING-PLANT-BLDUR-000001,9060,"Blé dur complet, cru",FAT_SAT,AG saturés (g/100 g),0.45,g,C,0.75,"ANSES Ciqual 2025-11-03 — U.S. Department of Agriculture, Agricultural Research Service (2014). USDA National Nutrient Database for Standard Reference, Release 27. Nutrient Data Laboratory Home Page, http://www.ars.usda.gov/ba/bhnrc/ndl"
ING-PLANT-RIZ-000001,9100,"Riz blanc, cru",ENERC,"Energie, Règlement UE N° 1169/2011 (kJ/100 g)",1480.0,kJ,D,0.6,ANSES Ciqual 2025-11-03 — Valeur ajustée/calculée/imputée Ciqual
ING-PLANT-RIZ-000001,9100,"Riz blanc, cru",ENERCKCAL,"Energie, Règlement UE N° 1169/2011 (kcal/100 g)",350.0,kcal,D,0.6,ANSES Ciqual 2025-11-03 — Valeur ajustée/calculée/imputée Ciqual
ING-PLANT-RIZ-000001,9100,"Riz blanc, cru",WATER,Eau (g/100 g),12.6,g,B,0.85,"ANSES Ciqual 2025-11-03 — U.S. Department of Agriculture, Agricultural Research Service (2014). USDA National Nutrient Database for Standard Reference, Release 27. Nutrient Data Laboratory Home Page, http://www.ars.usda.gov/ba/bhnrc/ndl"
ING-PLANT-RIZ-000001,9100,"Riz blanc, cru",SALT,Sel chlorure de sodium (g/100 g),0.0079,g,C,0.75,"ANSES Ciqual 2025-11-03 — Données industrielles françaises (2014)-U.S. Department of Agriculture, Agricultural Research Service (2014). USDA National Nutrient Database for Standard Reference, Release 27. Nutrient Data Laboratory Home Page, http://www.ars.usda.gov/ba/bhnrc/ndl"
ING-PLANT-RIZ-000001,9100,"Riz blanc, cru",NA,Sodium (mg/100 g),2.33,mg,B,0.85,"ANSES Ciqual 2025-11-03 — U.S. Department of Agriculture, Agricultural Research Service (2014). USDA National Nutrient Database for Standard Reference, Release 27. Nutrient Data Laboratory Home Page, http://www.ars.usda.gov/ba/bhnrc/ndl"
ING-PLANT-RIZ-000001,9100,"Riz blanc, cru",PROTEIN,"Protéines, N x 6.25 (g/100 g)",7.38,g,C,0.75,ANSES Ciqual 2025-11-03 — Valeur ajustée/calculée/imputée Ciqual
ING-PLANT-RIZ-000001,9100,"Riz blanc, cru",CARB,Glucides (g/100 g),77.5,g,C,0.75,ANSES Ciqual 2025-11-03 — Valeur ajustée/calculée/imputée Ciqual
ING-PLANT-RIZ-000001,9100,"Riz blanc, cru",SUGAR,Sucres (g/100 g),0.12,g,D,0.6,ANSES Ciqual 2025-11-03 — Valeur ajustée/calculée/imputée Ciqual
ING-PLANT-RIZ-000001,9100,"Riz blanc, cru",FIBER,Fibres alimentaires (g/100 g),1.53,g,C,0.75,"ANSES Ciqual 2025-11-03 — Données industrielles françaises (2014)-U.S. Department of Agriculture, Agricultural Research Service (2014). USDA National Nutrient Database for Standard Reference, Release 27. Nutrient Data Laboratory Home Page, http://www.ars.usda.gov/ba/bhnrc/ndl"
ING-PLANT-RIZ-000001,9100,"Riz blanc, cru",FAT,Lipides (g/100 g),0.79,g,C,0.75,"ANSES Ciqual 2025-11-03 — Données industrielles françaises (2014)-U.S. Department of Agriculture, Agricultural Research Service (2014). USDA National Nutrient Database for Standard Reference, Release 27. Nutrient Data Laboratory Home Page, http://www.ars.usda.gov/ba/bhnrc/ndl"
ING-PLANT-RIZ-000001,9100,"Riz blanc, cru",FAT_SAT,AG saturés (g/100 g),0.16,g,C,0.75,"ANSES Ciqual 2025-11-03 — U.S. Department of Agriculture, Agricultural Research Service (2014). USDA National Nutrient Database for Standard Reference, Release 27. Nutrient Data Laboratory Home Page, http://www.ars.usda.gov/ba/bhnrc/ndl"
ING-PLANT-AVOINE-000001,9310,"Avoine, crue",ENERC,"Energie, Règlement UE N° 1169/2011 (kJ/100 g)",1590.0,kJ,D,0.6,ANSES Ciqual 2025-11-03 — Valeur ajustée/calculée/imputée Ciqual
ING-PLANT-AVOINE-000001,9310,"Avoine, crue",ENERCKCAL,"Energie, Règlement UE N° 1169/2011 (kcal/100 g)",378.0,kcal,D,0.6,ANSES Ciqual 2025-11-03 — Valeur ajustée/calculée/imputée Ciqual
ING-PLANT-AVOINE-000001,9310,"Avoine, crue",WATER,Eau (g/100 g),8.22,g,B,0.85,"ANSES Ciqual 2025-11-03 — U.S. Department of Agriculture, Agricultural Research Service (2014). USDA National Nutrient Database for Standard Reference, Release 27. Nutrient Data Laboratory Home Page, http://www.ars.usda.gov/ba/bhnrc/ndl"
ING-PLANT-AVOINE-000001,9310,"Avoine, crue",SALT,Sel chlorure de sodium (g/100 g),0.005,g,C,0.75,"ANSES Ciqual 2025-11-03 — U.S. Department of Agriculture, Agricultural Research Service (2014). USDA National Nutrient Database for Standard Reference, Release 27. Nutrient Data Laboratory Home Page, http://www.ars.usda.gov/ba/bhnrc/ndl"
ING-PLANT-AVOINE-000001,9310,"Avoine, crue",NA,Sodium (mg/100 g),2.0,mg,C,0.75,"ANSES Ciqual 2025-11-03 — U.S. Department of Agriculture, Agricultural Research Service (2014). USDA National Nutrient Database for Standard Reference, Release 27. Nutrient Data Laboratory Home Page, http://www.ars.usda.gov/ba/bhnrc/ndl"
ING-PLANT-AVOINE-000001,9310,"Avoine, crue",PROTEIN,"Protéines, N x 6.25 (g/100 g)",18.1,g,C,0.75,ANSES Ciqual 2025-11-03 — Valeur ajustée/calculée/imputée Ciqual
ING-PLANT-AVOINE-000001,9310,"Avoine, crue",CARB,Glucides (g/100 g),55.7,g,C,0.75,ANSES Ciqual 2025-11-03 — Valeur ajustée/calculée/imputée Ciqual
ING-PLANT-AVOINE-000001,9310,"Avoine, crue",SUGAR,Sucres (g/100 g),1.2,g,D,0.6,"ANSES Ciqual 2025-11-03 — Sauvant D, Perez JM, Tran G (2002). Tables de composition et de valeur nutritive des matières premières destinées aux animaux d'élevage. INRA Editions, Paris."
ING-PLANT-AVOINE-000001,9310,"Avoine, crue",FIBER,Fibres alimentaires (g/100 g),10.6,g,C,0.75,"ANSES Ciqual 2025-11-03 — U.S. Department of Agriculture, Agricultural Research Service (2014). USDA National Nutrient Database for Standard Reference, Release 27. Nutrient Data Laboratory Home Page, http://www.ars.usda.gov/ba/bhnrc/ndl"
ING-PLANT-AVOINE-000001,9310,"Avoine, crue",FAT,Lipides (g/100 g),6.9,g,B,0.85,"ANSES Ciqual 2025-11-03 — U.S. Department of Agriculture, Agricultural Research Service (2014). USDA National Nutrient Database for Standard Reference, Release 27. Nutrient Data Laboratory Home Page, http://www.ars.usda.gov/ba/bhnrc/ndl"
ING-PLANT-AVOINE-000001,9310,"Avoine, crue",FAT_SAT,AG saturés (g/100 g),1.22,g,C,0.75,"ANSES Ciqual 2025-11-03 — U.S. Department of Agriculture, Agricultural Research Service (2014). USDA National Nutrient Database for Standard Reference, Release 27. Nutrient Data Laboratory Home Page, http://www.ars.usda.gov/ba/bhnrc/ndl"
ING-PLANT-ORGE-000001,9320,"Orge complète, crue",ENERC,"Energie, Règlement UE N° 1169/2011 (kJ/100 g)",1410.0,kJ,D,0.6,ANSES Ciqual 2025-11-03 — Valeur ajustée/calculée/imputée Ciqual
ING-PLANT-ORGE-000001,9320,"Orge complète, crue",ENERCKCAL,"Energie, Règlement UE N° 1169/2011 (kcal/100 g)",334.0,kcal,D,0.6,ANSES Ciqual 2025-11-03 — Valeur ajustée/calculée/imputée Ciqual
ING-PLANT-ORGE-000001,9320,"Orge complète, crue",WATER,Eau (g/100 g),9.44,g,B,0.85,"ANSES Ciqual 2025-11-03 — U.S. Department of Agriculture, Agricultural Research Service (2014). USDA National Nutrient Database for Standard Reference, Release 27. Nutrient Data Laboratory Home Page, http://www.ars.usda.gov/ba/bhnrc/ndl"
ING-PLANT-ORGE-000001,9320,"Orge complète, crue",SALT,Sel chlorure de sodium (g/100 g),0.03,g,B,0.85,"ANSES Ciqual 2025-11-03 — U.S. Department of Agriculture, Agricultural Research Service (2014). USDA National Nutrient Database for Standard Reference, Release 27. Nutrient Data Laboratory Home Page, http://www.ars.usda.gov/ba/bhnrc/ndl"
ING-PLANT-ORGE-000001,9320,"Orge complète, crue",NA,Sodium (mg/100 g),12.0,mg,B,0.85,"ANSES Ciqual 2025-11-03 — U.S. Department of Agriculture, Agricultural Research Service (2014). USDA National Nutrient Database for Standard Reference, Release 27. Nutrient Data Laboratory Home Page, http://www.ars.usda.gov/ba/bhnrc/ndl"
ING-PLANT-ORGE-000001,9320,"Orge complète, crue",PROTEIN,"Protéines, N x 6.25 (g/100 g)",13.4,g,B,0.85,ANSES Ciqual 2025-11-03 — Valeur ajustée/calculée/imputée Ciqual
ING-PLANT-ORGE-000001,9320,"Orge complète, crue",CARB,Glucides (g/100 g),56.2,g,B,0.85,ANSES Ciqual 2025-11-03 — Valeur ajustée/calculée/imputée Ciqual
ING-PLANT-ORGE-000001,9320,"Orge complète, crue",SUGAR,Sucres (g/100 g),0.8,g,C,0.75,"ANSES Ciqual 2025-11-03 — U.S. Department of Agriculture, Agricultural Research Service (2014). USDA National Nutrient Database for Standard Reference, Release 27. Nutrient Data Laboratory Home Page, http://www.ars.usda.gov/ba/bhnrc/ndl"
ING-PLANT-ORGE-000001,9320,"Orge complète, crue",FIBER,Fibres alimentaires (g/100 g),17.3,g,C,0.75,"ANSES Ciqual 2025-11-03 — U.S. Department of Agriculture, Agricultural Research Service (2014). USDA National Nutrient Database for Standard Reference, Release 27. Nutrient Data Laboratory Home Page, http://www.ars.usda.gov/ba/bhnrc/ndl"
ING-PLANT-ORGE-000001,9320,"Orge complète, crue",FAT,Lipides (g/100 g),2.3,g,B,0.85,"ANSES Ciqual 2025-11-03 — U.S. Department of Agriculture, Agricultural Research Service (2014). USDA National Nutrient Database for Standard Reference, Release 27. Nutrient Data Laboratory Home Page, http://www.ars.usda.gov/ba/bhnrc/ndl"
ING-PLANT-ORGE-000001,9320,"Orge complète, crue",FAT_SAT,AG saturés (g/100 g),0.48,g,C,0.75,"ANSES Ciqual 2025-11-03 — U.S. Department of Agriculture, Agricultural Research Service (2014). USDA National Nutrient Database for Standard Reference, Release 27. Nutrient Data Laboratory Home Page, http://www.ars.usda.gov/ba/bhnrc/ndl"
ING-PLANT-QUINOA-000001,9340,"Quinoa, cru",ENERC,"Energie, Règlement UE N° 1169/2011 (kJ/100 g)",1510.0,kJ,D,0.6,ANSES Ciqual 2025-11-03 — Valeur ajustée/calculée/imputée Ciqual
ING-PLANT-QUINOA-000001,9340,"Quinoa, cru",ENERCKCAL,"Energie, Règlement UE N° 1169/2011 (kcal/100 g)",358.0,kcal,D,0.6,ANSES Ciqual 2025-11-03 — Valeur ajustée/calculée/imputée Ciqual
ING-PLANT-QUINOA-000001,9340,"Quinoa, cru",WATER,Eau (g/100 g),13.3,g,B,0.85,"ANSES Ciqual 2025-11-03 — U.S. Department of Agriculture, Agricultural Research Service (2014). USDA National Nutrient Database for Standard Reference, Release 27. Nutrient Data Laboratory Home Page, http://www.ars.usda.gov/ba/bhnrc/ndl"
ING-PLANT-QUINOA-000001,9340,"Quinoa, cru",SALT,Sel chlorure de sodium (g/100 g),0.013,g,B,0.85,"ANSES Ciqual 2025-11-03 — U.S. Department of Agriculture, Agricultural Research Service (2014). USDA National Nutrient Database for Standard Reference, Release 27. Nutrient Data Laboratory Home Page, http://www.ars.usda.gov/ba/bhnrc/ndl"
ING-PLANT-QUINOA-000001,9340,"Quinoa, cru",NA,Sodium (mg/100 g),5.0,mg,B,0.85,"ANSES Ciqual 2025-11-03 — U.S. Department of Agriculture, Agricultural Research Service (2014). USDA National Nutrient Database for Standard Reference, Release 27. Nutrient Data Laboratory Home Page, http://www.ars.usda.gov/ba/bhnrc/ndl"
ING-PLANT-QUINOA-000001,9340,"Quinoa, cru",PROTEIN,"Protéines, N x 6.25 (g/100 g)",14.1,g,B,0.85,ANSES Ciqual 2025-11-03 — Valeur ajustée/calculée/imputée Ciqual
ING-PLANT-QUINOA-000001,9340,"Quinoa, cru",CARB,Glucides (g/100 g),58.1,g,B,0.85,ANSES Ciqual 2025-11-03 — Valeur ajustée/calculée/imputée Ciqual
ING-PLANT-QUINOA-000001,9340,"Quinoa, cru",FIBER,Fibres alimentaires (g/100 g),7.0,g,B,0.85,"ANSES Ciqual 2025-11-03 — U.S. Department of Agriculture, Agricultural Research Service (2014). USDA National Nutrient Database for Standard Reference, Release 27. Nutrient Data Laboratory Home Page, http://www.ars.usda.gov/ba/bhnrc/ndl"
ING-PLANT-QUINOA-000001,9340,"Quinoa, cru",FAT,Lipides (g/100 g),6.07,g,B,0.85,"ANSES Ciqual 2025-11-03 — U.S. Department of Agriculture, Agricultural Research Service (2014). USDA National Nutrient Database for Standard Reference, Release 27. Nutrient Data Laboratory Home Page, http://www.ars.usda.gov/ba/bhnrc/ndl"
ING-PLANT-QUINOA-000001,9340,"Quinoa, cru",FAT_SAT,AG saturés (g/100 g),0.71,g,C,0.75,"ANSES Ciqual 2025-11-03 — U.S. Department of Agriculture, Agricultural Research Service (2014). USDA National Nutrient Database for Standard Reference, Release 27. Nutrient Data Laboratory Home Page, http://www.ars.usda.gov/ba/bhnrc/ndl"
ING-PLANT-AMARANTE-000001,9345,"Amarante, crue",ENERC,"Energie, Règlement UE N° 1169/2011 (kJ/100 g)",1560.0,kJ,D,0.6,ANSES Ciqual 2025-11-03 — Valeur ajustée/calculée/imputée Ciqual
ING-PLANT-AMARANTE-000001,9345,"Amarante, crue",ENERCKCAL,"Energie, Règlement UE N° 1169/2011 (kcal/100 g)",369.0,kcal,D,0.6,ANSES Ciqual 2025-11-03 — Valeur ajustée/calculée/imputée Ciqual
ING-PLANT-AMARANTE-000001,9345,"Amarante, crue",WATER,Eau (g/100 g),11.3,g,B,0.85,"ANSES Ciqual 2025-11-03 — U.S. Department of Agriculture, Agricultural Research Service (2014). USDA National Nutrient Database for Standard Reference, Release 27. Nutrient Data Laboratory Home Page, http://www.ars.usda.gov/ba/bhnrc/ndl"
ING-PLANT-AMARANTE-000001,9345,"Amarante, crue",SALT,Sel chlorure de sodium (g/100 g),0.01,g,B,0.85,"ANSES Ciqual 2025-11-03 — U.S. Department of Agriculture, Agricultural Research Service (2014). USDA National Nutrient Database for Standard Reference, Release 27. Nutrient Data Laboratory Home Page, http://www.ars.usda.gov/ba/bhnrc/ndl"
ING-PLANT-AMARANTE-000001,9345,"Amarante, crue",NA,Sodium (mg/100 g),4.0,mg,B,0.85,"ANSES Ciqual 2025-11-03 — U.S. Department of Agriculture, Agricultural Research Service (2014). USDA National Nutrient Database for Standard Reference, Release 27. Nutrient Data Laboratory Home Page, http://www.ars.usda.gov/ba/bhnrc/ndl"
ING-PLANT-AMARANTE-000001,9345,"Amarante, crue",PROTEIN,"Protéines, N x 6.25 (g/100 g)",14.5,g,B,0.85,ANSES Ciqual 2025-11-03 — Valeur ajustée/calculée/imputée Ciqual
ING-PLANT-AMARANTE-000001,9345,"Amarante, crue",CARB,Glucides (g/100 g),58.6,g,B,0.85,ANSES Ciqual 2025-11-03 — Valeur ajustée/calculée/imputée Ciqual
ING-PLANT-AMARANTE-000001,9345,"Amarante, crue",SUGAR,Sucres (g/100 g),1.68,g,D,0.6,ANSES Ciqual 2025-11-03 — Valeur ajustée/calculée/imputée Ciqual
ING-PLANT-AMARANTE-000001,9345,"Amarante, crue",FIBER,Fibres alimentaires (g/100 g),6.7,g,B,0.85,"ANSES Ciqual 2025-11-03 — U.S. Department of Agriculture, Agricultural Research Service (2014). USDA National Nutrient Database for Standard Reference, Release 27. Nutrient Data Laboratory Home Page, http://www.ars.usda.gov/ba/bhnrc/ndl"
ING-PLANT-AMARANTE-000001,9345,"Amarante, crue",FAT,Lipides (g/100 g),7.02,g,B,0.85,"ANSES Ciqual 2025-11-03 — U.S. Department of Agriculture, Agricultural Research Service (2014). USDA National Nutrient Database for Standard Reference, Release 27. Nutrient Data Laboratory Home Page, http://www.ars.usda.gov/ba/bhnrc/ndl"
ING-PLANT-AMARANTE-000001,9345,"Amarante, crue",FAT_SAT,AG saturés (g/100 g),1.46,g,C,0.75,"ANSES Ciqual 2025-11-03 — U.S. Department of Agriculture, Agricultural Research Service (2014). USDA National Nutrient Database for Standard Reference, Release 27. Nutrient Data Laboratory Home Page, http://www.ars.usda.gov/ba/bhnrc/ndl"
ING-PLANT-SORGHO-000001,9360,"Sorgho complet, cru",ENERC,"Energie, Règlement UE N° 1169/2011 (kJ/100 g)",1470.0,kJ,D,0.6,ANSES Ciqual 2025-11-03 — Valeur ajustée/calculée/imputée Ciqual
ING-PLANT-SORGHO-000001,9360,"Sorgho complet, cru",ENERCKCAL,"Energie, Règlement UE N° 1169/2011 (kcal/100 g)",349.0,kcal,D,0.6,ANSES Ciqual 2025-11-03 — Valeur ajustée/calculée/imputée Ciqual
ING-PLANT-SORGHO-000001,9360,"Sorgho complet, cru",WATER,Eau (g/100 g),12.4,g,B,0.85,"ANSES Ciqual 2025-11-03 — U.S. Department of Agriculture, Agricultural Research Service (2014). USDA National Nutrient Database for Standard Reference, Release 27. Nutrient Data Laboratory Home Page, http://www.ars.usda.gov/ba/bhnrc/ndl"
ING-PLANT-SORGHO-000001,9360,"Sorgho complet, cru",SALT,Sel chlorure de sodium (g/100 g),0.005,g,B,0.85,"ANSES Ciqual 2025-11-03 — U.S. Department of Agriculture, Agricultural Research Service (2014). USDA National Nutrient Database for Standard Reference, Release 27. Nutrient Data Laboratory Home Page, http://www.ars.usda.gov/ba/bhnrc/ndl"
ING-PLANT-SORGHO-000001,9360,"Sorgho complet, cru",NA,Sodium (mg/100 g),2.0,mg,B,0.85,"ANSES Ciqual 2025-11-03 — U.S. Department of Agriculture, Agricultural Research Service (2014). USDA National Nutrient Database for Standard Reference, Release 27. Nutrient Data Laboratory Home Page, http://www.ars.usda.gov/ba/bhnrc/ndl"
ING-PLANT-SORGHO-000001,9360,"Sorgho complet, cru",PROTEIN,"Protéines, N x 6.25 (g/100 g)",10.6,g,B,0.85,ANSES Ciqual 2025-11-03 — Valeur ajustée/calculée/imputée Ciqual
ING-PLANT-SORGHO-000001,9360,"Sorgho complet, cru",CARB,Glucides (g/100 g),65.4,g,B,0.85,ANSES Ciqual 2025-11-03 — Valeur ajustée/calculée/imputée Ciqual
ING-PLANT-SORGHO-000001,9360,"Sorgho complet, cru",SUGAR,Sucres (g/100 g),2.48,g,D,0.6,ANSES Ciqual 2025-11-03 — Valeur ajustée/calculée/imputée Ciqual
ING-PLANT-SORGHO-000001,9360,"Sorgho complet, cru",FIBER,Fibres alimentaires (g/100 g),6.7,g,B,0.85,"ANSES Ciqual 2025-11-03 — U.S. Department of Agriculture, Agricultural Research Service (2014). USDA National Nutrient Database for Standard Reference, Release 27. Nutrient Data Laboratory Home Page, http://www.ars.usda.gov/ba/bhnrc/ndl"
ING-PLANT-SORGHO-000001,9360,"Sorgho complet, cru",FAT,Lipides (g/100 g),3.46,g,B,0.85,"ANSES Ciqual 2025-11-03 — U.S. Department of Agriculture, Agricultural Research Service (2014). USDA National Nutrient Database for Standard Reference, Release 27. Nutrient Data Laboratory Home Page, http://www.ars.usda.gov/ba/bhnrc/ndl"
ING-PLANT-SORGHO-000001,9360,"Sorgho complet, cru",FAT_SAT,AG saturés (g/100 g),0.61,g,C,0.75,"ANSES Ciqual 2025-11-03 — U.S. Department of Agriculture, Agricultural Research Service (2014). USDA National Nutrient Database for Standard Reference, Release 27. Nutrient Data Laboratory Home Page, http://www.ars.usda.gov/ba/bhnrc/ndl"
ING-PLANT-SARRASIN-000001,9380,"Sarrasin complet, cru",ENERC,"Energie, Règlement UE N° 1169/2011 (kJ/100 g)",1530.0,kJ,D,0.6,ANSES Ciqual 2025-11-03 — Valeur ajustée/calculée/imputée Ciqual
ING-PLANT-SARRASIN-000001,9380,"Sarrasin complet, cru",ENERCKCAL,"Energie, Règlement UE N° 1169/2011 (kcal/100 g)",362.0,kcal,D,0.6,ANSES Ciqual 2025-11-03 — Valeur ajustée/calculée/imputée Ciqual
ING-PLANT-SARRASIN-000001,9380,"Sarrasin complet, cru",WATER,Eau (g/100 g),9.75,g,C,0.75,"ANSES Ciqual 2025-11-03 — U.S. Department of Agriculture, Agricultural Research Service (2014). USDA National Nutrient Database for Standard Reference, Release 27. Nutrient Data Laboratory Home Page, http://www.ars.usda.gov/ba/bhnrc/ndl"
ING-PLANT-SARRASIN-000001,9380,"Sarrasin complet, cru",SALT,Sel chlorure de sodium (g/100 g),0.0025,g,C,0.75,"ANSES Ciqual 2025-11-03 — U.S. Department of Agriculture, Agricultural Research Service (2014). USDA National Nutrient Database for Standard Reference, Release 27. Nutrient Data Laboratory Home Page, http://www.ars.usda.gov/ba/bhnrc/ndl"
ING-PLANT-SARRASIN-000001,9380,"Sarrasin complet, cru",NA,Sodium (mg/100 g),1.0,mg,C,0.75,"ANSES Ciqual 2025-11-03 — U.S. Department of Agriculture, Agricultural Research Service (2014). USDA National Nutrient Database for Standard Reference, Release 27. Nutrient Data Laboratory Home Page, http://www.ars.usda.gov/ba/bhnrc/ndl"
ING-PLANT-SARRASIN-000001,9380,"Sarrasin complet, cru",PROTEIN,"Protéines, N x 6.25 (g/100 g)",13.3,g,C,0.75,ANSES Ciqual 2025-11-03 — Valeur ajustée/calculée/imputée Ciqual
ING-PLANT-SARRASIN-000001,9380,"Sarrasin complet, cru",CARB,Glucides (g/100 g),67.5,g,C,0.75,ANSES Ciqual 2025-11-03 — Valeur ajustée/calculée/imputée Ciqual
ING-PLANT-SARRASIN-000001,9380,"Sarrasin complet, cru",FIBER,Fibres alimentaires (g/100 g),4.0,g,D,0.6,"ANSES Ciqual 2025-11-03 — Saxholt E, Christensen AT, Møller A, Hartkopp HB, Hess Ygil K, Hels OH (2009). Danish Food Composition Databank, revision 7.01. Department of Nutrition, National Food Institute, Technical University of Denmark, version 7.1, 2009."
ING-PLANT-SARRASIN-000001,9380,"Sarrasin complet, cru",FAT,Lipides (g/100 g),3.4,g,C,0.75,"ANSES Ciqual 2025-11-03 — U.S. Department of Agriculture, Agricultural Research Service (2014). USDA National Nutrient Database for Standard Reference, Release 27. Nutrient Data Laboratory Home Page, http://www.ars.usda.gov/ba/bhnrc/ndl"
ING-PLANT-SARRASIN-000001,9380,"Sarrasin complet, cru",FAT_SAT,AG saturés (g/100 g),0.74,g,C,0.75,"ANSES Ciqual 2025-11-03 — U.S. Department of Agriculture, Agricultural Research Service (2014). USDA National Nutrient Database for Standard Reference, Release 27. Nutrient Data Laboratory Home Page, http://www.ars.usda.gov/ba/bhnrc/ndl"
ING-PLANT-SEIGLE-000001,9390,"Seigle complet, cru",ENERC,"Energie, Règlement UE N° 1169/2011 (kJ/100 g)",1400.0,kJ,D,0.6,ANSES Ciqual 2025-11-03 — Valeur ajustée/calculée/imputée Ciqual
ING-PLANT-SEIGLE-000001,9390,"Seigle complet, cru",ENERCKCAL,"Energie, Règlement UE N° 1169/2011 (kcal/100 g)",332.0,kcal,D,0.6,ANSES Ciqual 2025-11-03 — Valeur ajustée/calculée/imputée Ciqual
ING-PLANT-SEIGLE-000001,9390,"Seigle complet, cru",WATER,Eau (g/100 g),10.6,g,B,0.85,"ANSES Ciqual 2025-11-03 — U.S. Department of Agriculture, Agricultural Research Service (2014). USDA National Nutrient Database for Standard Reference, Release 27. Nutrient Data Laboratory Home Page, http://www.ars.usda.gov/ba/bhnrc/ndl"
ING-PLANT-SEIGLE-000001,9390,"Seigle complet, cru",SALT,Sel chlorure de sodium (g/100 g),0.005,g,B,0.85,"ANSES Ciqual 2025-11-03 — U.S. Department of Agriculture, Agricultural Research Service (2014). USDA National Nutrient Database for Standard Reference, Release 27. Nutrient Data Laboratory Home Page, http://www.ars.usda.gov/ba/bhnrc/ndl"
ING-PLANT-SEIGLE-000001,9390,"Seigle complet, cru",NA,Sodium (mg/100 g),2.0,mg,B,0.85,"ANSES Ciqual 2025-11-03 — U.S. Department of Agriculture, Agricultural Research Service (2014). USDA National Nutrient Database for Standard Reference, Release 27. Nutrient Data Laboratory Home Page, http://www.ars.usda.gov/ba/bhnrc/ndl"
ING-PLANT-SEIGLE-000001,9390,"Seigle complet, cru",PROTEIN,"Protéines, N x 6.25 (g/100 g)",11.1,g,B,0.85,ANSES Ciqual 2025-11-03 — Valeur ajustée/calculée/imputée Ciqual
ING-PLANT-SEIGLE-000001,9390,"Seigle complet, cru",CARB,Glucides (g/100 g),60.8,g,B,0.85,ANSES Ciqual 2025-11-03 — Valeur ajustée/calculée/imputée Ciqual
ING-PLANT-SEIGLE-000001,9390,"Seigle complet, cru",SUGAR,Sucres (g/100 g),0.98,g,C,0.75,"ANSES Ciqual 2025-11-03 — U.S. Department of Agriculture, Agricultural Research Service (2014). USDA National Nutrient Database for Standard Reference, Release 27. Nutrient Data Laboratory Home Page, http://www.ars.usda.gov/ba/bhnrc/ndl"
ING-PLANT-SEIGLE-000001,9390,"Seigle complet, cru",FIBER,Fibres alimentaires (g/100 g),15.1,g,B,0.85,"ANSES Ciqual 2025-11-03 — U.S. Department of Agriculture, Agricultural Research Service (2014). USDA National Nutrient Database for Standard Reference, Release 27. Nutrient Data Laboratory Home Page, http://www.ars.usda.gov/ba/bhnrc/ndl"
ING-PLANT-SEIGLE-000001,9390,"Seigle complet, cru",FAT,Lipides (g/100 g),1.63,g,B,0.85,"ANSES Ciqual 2025-11-03 — U.S. Department of Agriculture, Agricultural Research Service (2014). USDA National Nutrient Database for Standard Reference, Release 27. Nutrient Data Laboratory Home Page, http://www.ars.usda.gov/ba/bhnrc/ndl"
ING-PLANT-SEIGLE-000001,9390,"Seigle complet, cru",FAT_SAT,AG saturés (g/100 g),0.2,g,C,0.75,"ANSES Ciqual 2025-11-03 — U.S. Department of Agriculture, Agricultural Research Service (2014). USDA National Nutrient Database for Standard Reference, Release 27. Nutrient Data Laboratory Home Page, http://www.ars.usda.gov/ba/bhnrc/ndl"
ING-TECH-FARINEDEBLTE-000001,9410,Farine de blé tendre ou froment T110,ENERC,"Energie, Règlement UE N° 1169/2011 (kJ/100 g)",1450.0,kJ,D,0.6,ANSES Ciqual 2025-11-03 — Valeur ajustée/calculée/imputée Ciqual
ING-TECH-FARINEDEBLTE-000001,9410,Farine de blé tendre ou froment T110,ENERCKCAL,"Energie, Règlement UE N° 1169/2011 (kcal/100 g)",343.0,kcal,D,0.6,ANSES Ciqual 2025-11-03 — Valeur ajustée/calculée/imputée Ciqual
ING-TECH-FARINEDEBLTE-000001,9410,Farine de blé tendre ou froment T110,WATER,Eau (g/100 g),12.4,g,A,0.95,ANSES Ciqual 2025-11-03 — Analyses Ciqual 2016 (MS 2.1)
ING-TECH-FARINEDEBLTE-000001,9410,Farine de blé tendre ou froment T110,PROTEIN,"Protéines, N x 6.25 (g/100 g)",10.3,g,A,0.95,ANSES Ciqual 2025-11-03 — Valeur ajustée/calculée/imputée Ciqual
ING-TECH-FARINEDEBLTE-000001,9410,Farine de blé tendre ou froment T110,CARB,Glucides (g/100 g),68.6,g,A,0.95,ANSES Ciqual 2025-11-03 — Valeur ajustée/calculée/imputée Ciqual
ING-TECH-FARINEDEBLTE-000001,9410,Farine de blé tendre ou froment T110,SUGAR,Sucres (g/100 g),1.6,g,A,0.95,ANSES Ciqual 2025-11-03 — Analyses Ciqual 2016 (MS 2.1)
ING-TECH-FARINEDEBLTE-000001,9410,Farine de blé tendre ou froment T110,FIBER,Fibres alimentaires (g/100 g),6.8,g,A,0.95,ANSES Ciqual 2025-11-03 — Analyses Ciqual 2016 (MS 2.1)
ING-TECH-FARINEDEBLTE-000001,9410,Farine de blé tendre ou froment T110,FAT,Lipides (g/100 g),1.5,g,A,0.95,ANSES Ciqual 2025-11-03 — Analyses Ciqual 2016 (MS 2.1)
ING-TECH-FARINEDEBLTE-000001,9410,Farine de blé tendre ou froment T110,FAT_SAT,AG saturés (g/100 g),0.27,g,A,0.95,ANSES Ciqual 2025-11-03 — Analyses Ciqual 2016 (MS 2.1)
ING-TECH-FARINEDEPEAU-000001,9480,Farine d'épeautre (grand épeautre),ENERC,"Energie, Règlement UE N° 1169/2011 (kJ/100 g)",1490.0,kJ,D,0.6,ANSES Ciqual 2025-11-03 — Valeur ajustée/calculée/imputée Ciqual
ING-TECH-FARINEDEPEAU-000001,9480,Farine d'épeautre (grand épeautre),ENERCKCAL,"Energie, Règlement UE N° 1169/2011 (kcal/100 g)",352.0,kcal,D,0.6,ANSES Ciqual 2025-11-03 — Valeur ajustée/calculée/imputée Ciqual
ING-TECH-FARINEDEPEAU-000001,9480,Farine d'épeautre (grand épeautre),WATER,Eau (g/100 g),10.8,g,A,0.95,ANSES Ciqual 2025-11-03 — Analyses Ciqual 2016 (MS 2.1)
ING-TECH-FARINEDEPEAU-000001,9480,Farine d'épeautre (grand épeautre),PROTEIN,"Protéines, N x 6.25 (g/100 g)",12.5,g,A,0.95,ANSES Ciqual 2025-11-03 — Valeur ajustée/calculée/imputée Ciqual
ING-TECH-FARINEDEPEAU-000001,9480,Farine d'épeautre (grand épeautre),CARB,Glucides (g/100 g),64.0,g,A,0.95,ANSES Ciqual 2025-11-03 — Valeur ajustée/calculée/imputée Ciqual
ING-TECH-FARINEDEPEAU-000001,9480,Farine d'épeautre (grand épeautre),SUGAR,Sucres (g/100 g),1.3,g,A,0.95,ANSES Ciqual 2025-11-03 — Analyses Ciqual 2016 (MS 2.1)
ING-TECH-FARINEDEPEAU-000001,9480,Farine d'épeautre (grand épeautre),FIBER,Fibres alimentaires (g/100 g),9.3,g,A,0.95,ANSES Ciqual 2025-11-03 — Analyses Ciqual 2016 (MS 2.1)
ING-TECH-FARINEDEPEAU-000001,9480,Farine d'épeautre (grand épeautre),FAT,Lipides (g/100 g),3.0,g,A,0.95,ANSES Ciqual 2025-11-03 — Analyses Ciqual 2016 (MS 2.1)
ING-TECH-FARINEDEPEAU-000001,9480,Farine d'épeautre (grand épeautre),FAT_SAT,AG saturés (g/100 g),0.5,g,A,0.95,ANSES Ciqual 2025-11-03 — Analyses Ciqual 2016 (MS 2.1)
ING-TECH-FARINEDERIZ-000001,9520,Farine de riz,ENERC,"Energie, Règlement UE N° 1169/2011 (kJ/100 g)",1510.0,kJ,D,0.6,ANSES Ciqual 2025-11-03 — Valeur ajustée/calculée/imputée Ciqual
ING-TECH-FARINEDERIZ-000001,9520,Farine de riz,ENERCKCAL,"Energie, Règlement UE N° 1169/2011 (kcal/100 g)",357.0,kcal,D,0.6,ANSES Ciqual 2025-11-03 — Valeur ajustée/calculée/imputée Ciqual
ING-TECH-FARINEDERIZ-000001,9520,Farine de riz,WATER,Eau (g/100 g),11.4,g,A,0.95,ANSES Ciqual 2025-11-03 — Analyses Ciqual 2016 (MS 2.1)
ING-TECH-FARINEDERIZ-000001,9520,Farine de riz,PROTEIN,"Protéines, N x 6.25 (g/100 g)",8.0,g,A,0.95,ANSES Ciqual 2025-11-03 — Valeur ajustée/calculée/imputée Ciqual
ING-TECH-FARINEDERIZ-000001,9520,Farine de riz,CARB,Glucides (g/100 g),73.9,g,A,0.95,ANSES Ciqual 2025-11-03 — Valeur ajustée/calculée/imputée Ciqual
ING-TECH-FARINEDERIZ-000001,9520,Farine de riz,SUGAR,Sucres (g/100 g),0.9,g,A,0.95,ANSES Ciqual 2025-11-03 — Analyses Ciqual 2016 (MS 2.1)
ING-TECH-FARINEDERIZ-000001,9520,Farine de riz,FIBER,Fibres alimentaires (g/100 g),3.3,g,A,0.95,ANSES Ciqual 2025-11-03 — Analyses Ciqual 2016 (MS 2.1)
ING-TECH-FARINEDERIZ-000001,9520,Farine de riz,FAT,Lipides (g/100 g),2.5,g,A,0.95,ANSES Ciqual 2025-11-03 — Analyses Ciqual 2016 (MS 2.1)
ING-TECH-FARINEDERIZ-000001,9520,Farine de riz,FAT_SAT,AG saturés (g/100 g),0.46,g,A,0.95,ANSES Ciqual 2025-11-03 — Analyses Ciqual 2016 (MS 2.1)
ING-TECH-FARINEDESEIG-000001,9530,Farine de seigle T170,ENERC,"Energie, Règlement UE N° 1169/2011 (kJ/100 g)",1320.0,kJ,D,0.6,ANSES Ciqual 2025-11-03 — Valeur ajustée/calculée/imputée Ciqual
ING-TECH-FARINEDESEIG-000001,9530,Farine de seigle T170,ENERCKCAL,"Energie, Règlement UE N° 1169/2011 (kcal/100 g)",315.0,kcal,D,0.6,ANSES Ciqual 2025-11-03 — Valeur ajustée/calculée/imputée Ciqual
ING-TECH-FARINEDESEIG-000001,9530,Farine de seigle T170,WATER,Eau (g/100 g),10.8,g,B,0.85,"ANSES Ciqual 2025-11-03 — U.S. Department of Agriculture, Agricultural Research Service (2014). USDA National Nutrient Database for Standard Reference, Release 27. Nutrient Data Laboratory Home Page, http://www.ars.usda.gov/ba/bhnrc/ndl"
ING-TECH-FARINEDESEIG-000001,9530,Farine de seigle T170,SALT,Sel chlorure de sodium (g/100 g),0.005,g,B,0.85,"ANSES Ciqual 2025-11-03 — U.S. Department of Agriculture, Agricultural Research Service (2014). USDA National Nutrient Database for Standard Reference, Release 27. Nutrient Data Laboratory Home Page, http://www.ars.usda.gov/ba/bhnrc/ndl"
ING-TECH-FARINEDESEIG-000001,9530,Farine de seigle T170,NA,Sodium (mg/100 g),2.0,mg,B,0.85,"ANSES Ciqual 2025-11-03 — U.S. Department of Agriculture, Agricultural Research Service (2014). USDA National Nutrient Database for Standard Reference, Release 27. Nutrient Data Laboratory Home Page, http://www.ars.usda.gov/ba/bhnrc/ndl"
ING-TECH-FARINEDESEIG-000001,9530,Farine de seigle T170,PROTEIN,"Protéines, N x 6.25 (g/100 g)",17.1,g,B,0.85,ANSES Ciqual 2025-11-03 — Valeur ajustée/calculée/imputée Ciqual
ING-TECH-FARINEDESEIG-000001,9530,Farine de seigle T170,CARB,Glucides (g/100 g),44.8,g,B,0.85,ANSES Ciqual 2025-11-03 — Valeur ajustée/calculée/imputée Ciqual
ING-TECH-FARINEDESEIG-000001,9530,Farine de seigle T170,SUGAR,Sucres (g/100 g),2.31,g,C,0.75,"ANSES Ciqual 2025-11-03 — U.S. Department of Agriculture, Agricultural Research Service (2014). USDA National Nutrient Database for Standard Reference, Release 27. Nutrient Data Laboratory Home Page, http://www.ars.usda.gov/ba/bhnrc/ndl"
ING-TECH-FARINEDESEIG-000001,9530,Farine de seigle T170,FIBER,Fibres alimentaires (g/100 g),23.8,g,B,0.85,"ANSES Ciqual 2025-11-03 — U.S. Department of Agriculture, Agricultural Research Service (2014). USDA National Nutrient Database for Standard Reference, Release 27. Nutrient Data Laboratory Home Page, http://www.ars.usda.gov/ba/bhnrc/ndl"
ING-TECH-FARINEDESEIG-000001,9530,Farine de seigle T170,FAT,Lipides (g/100 g),2.22,g,B,0.85,"ANSES Ciqual 2025-11-03 — U.S. Department of Agriculture, Agricultural Research Service (2014). USDA National Nutrient Database for Standard Reference, Release 27. Nutrient Data Laboratory Home Page, http://www.ars.usda.gov/ba/bhnrc/ndl"
ING-TECH-FARINEDESEIG-000001,9530,Farine de seigle T170,FAT_SAT,AG saturés (g/100 g),0.27,g,C,0.75,"ANSES Ciqual 2025-11-03 — U.S. Department of Agriculture, Agricultural Research Service (2014). USDA National Nutrient Database for Standard Reference, Release 27. Nutrient Data Laboratory Home Page, http://www.ars.usda.gov/ba/bhnrc/ndl"
ING-TECH-FARINEDESARR-000001,9540,Farine de sarrasin,ENERC,"Energie, Règlement UE N° 1169/2011 (kJ/100 g)",1470.0,kJ,D,0.6,ANSES Ciqual 2025-11-03 — Valeur ajustée/calculée/imputée Ciqual
ING-TECH-FARINEDESARR-000001,9540,Farine de sarrasin,ENERCKCAL,"Energie, Règlement UE N° 1169/2011 (kcal/100 g)",348.0,kcal,D,0.6,ANSES Ciqual 2025-11-03 — Valeur ajustée/calculée/imputée Ciqual
ING-TECH-FARINEDESARR-000001,9540,Farine de sarrasin,WATER,Eau (g/100 g),12.1,g,A,0.95,ANSES Ciqual 2025-11-03 — Analyses Ciqual 2010 (1a)
ING-TECH-FARINEDESARR-000001,9540,Farine de sarrasin,SALT,Sel chlorure de sodium (g/100 g),0.06,g,C,0.75,"ANSES Ciqual 2025-11-03 — Données industrielles françaises (2014)-U.S. Department of Agriculture, Agricultural Research Service (2014). USDA National Nutrient Database for Standard Reference, Release 27. Nutrient Data Laboratory Home Page, http://www.ars.usda.gov/ba/bhnrc/ndl"
ING-TECH-FARINEDESARR-000001,9540,Farine de sarrasin,NA,Sodium (mg/100 g),24.0,mg,C,0.75,"ANSES Ciqual 2025-11-03 — Données industrielles françaises (2014)-U.S. Department of Agriculture, Agricultural Research Service (2014). USDA National Nutrient Database for Standard Reference, Release 27. Nutrient Data Laboratory Home Page, http://www.ars.usda.gov/ba/bhnrc/ndl"
ING-TECH-FARINEDESARR-000001,9540,Farine de sarrasin,PROTEIN,"Protéines, N x 6.25 (g/100 g)",11.5,g,A,0.95,ANSES Ciqual 2025-11-03 — Valeur ajustée/calculée/imputée Ciqual
ING-TECH-FARINEDESARR-000001,9540,Farine de sarrasin,CARB,Glucides (g/100 g),68.4,g,A,0.95,ANSES Ciqual 2025-11-03 — Valeur ajustée/calculée/imputée Ciqual
ING-TECH-FARINEDESARR-000001,9540,Farine de sarrasin,SUGAR,Sucres (g/100 g),0.03,g,D,0.6,ANSES Ciqual 2025-11-03 — Valeur ajustée/calculée/imputée Ciqual
ING-TECH-FARINEDESARR-000001,9540,Farine de sarrasin,FIBER,Fibres alimentaires (g/100 g),4.2,g,A,0.95,ANSES Ciqual 2025-11-03 — Analyses Ciqual 2010 (1a)
ING-TECH-FARINEDESARR-000001,9540,Farine de sarrasin,FAT,Lipides (g/100 g),2.19,g,A,0.95,ANSES Ciqual 2025-11-03 — Analyses Ciqual 2010 (1a)
ING-TECH-FARINEDESARR-000001,9540,Farine de sarrasin,FAT_SAT,AG saturés (g/100 g),0.58,g,D,0.6,ANSES Ciqual 2025-11-03 — Valeur ajustée/calculée/imputée Ciqual
ING-TECH-FARINEDEMAS-000001,9545,Farine de maïs,ENERC,"Energie, Règlement UE N° 1169/2011 (kJ/100 g)",1540.0,kJ,D,0.6,ANSES Ciqual 2025-11-03 — Valeur ajustée/calculée/imputée Ciqual
ING-TECH-FARINEDEMAS-000001,9545,Farine de maïs,ENERCKCAL,"Energie, Règlement UE N° 1169/2011 (kcal/100 g)",362.0,kcal,D,0.6,ANSES Ciqual 2025-11-03 — Valeur ajustée/calculée/imputée Ciqual
ING-TECH-FARINEDEMAS-000001,9545,Farine de maïs,WATER,Eau (g/100 g),9.81,g,B,0.85,"ANSES Ciqual 2025-11-03 — U.S. Department of Agriculture, Agricultural Research Service (2014). USDA National Nutrient Database for Standard Reference, Release 27. Nutrient Data Laboratory Home Page, http://www.ars.usda.gov/ba/bhnrc/ndl"
ING-TECH-FARINEDEMAS-000001,9545,Farine de maïs,SALT,Sel chlorure de sodium (g/100 g),0.0025,g,B,0.85,"ANSES Ciqual 2025-11-03 — U.S. Department of Agriculture, Agricultural Research Service (2014). USDA National Nutrient Database for Standard Reference, Release 27. Nutrient Data Laboratory Home Page, http://www.ars.usda.gov/ba/bhnrc/ndl"
ING-TECH-FARINEDEMAS-000001,9545,Farine de maïs,NA,Sodium (mg/100 g),1.0,mg,B,0.85,"ANSES Ciqual 2025-11-03 — U.S. Department of Agriculture, Agricultural Research Service (2014). USDA National Nutrient Database for Standard Reference, Release 27. Nutrient Data Laboratory Home Page, http://www.ars.usda.gov/ba/bhnrc/ndl"
ING-TECH-FARINEDEMAS-000001,9545,Farine de maïs,PROTEIN,"Protéines, N x 6.25 (g/100 g)",5.59,g,B,0.85,ANSES Ciqual 2025-11-03 — Valeur ajustée/calculée/imputée Ciqual
ING-TECH-FARINEDEMAS-000001,9545,Farine de maïs,CARB,Glucides (g/100 g),80.9,g,B,0.85,ANSES Ciqual 2025-11-03 — Valeur ajustée/calculée/imputée Ciqual
ING-TECH-FARINEDEMAS-000001,9545,Farine de maïs,SUGAR,Sucres (g/100 g),0.64,g,C,0.75,"ANSES Ciqual 2025-11-03 — U.S. Department of Agriculture, Agricultural Research Service (2014). USDA National Nutrient Database for Standard Reference, Release 27. Nutrient Data Laboratory Home Page, http://www.ars.usda.gov/ba/bhnrc/ndl"
ING-TECH-FARINEDEMAS-000001,9545,Farine de maïs,FIBER,Fibres alimentaires (g/100 g),1.9,g,B,0.85,"ANSES Ciqual 2025-11-03 — U.S. Department of Agriculture, Agricultural Research Service (2014). USDA National Nutrient Database for Standard Reference, Release 27. Nutrient Data Laboratory Home Page, http://www.ars.usda.gov/ba/bhnrc/ndl"
ING-TECH-FARINEDEMAS-000001,9545,Farine de maïs,FAT,Lipides (g/100 g),1.39,g,B,0.85,"ANSES Ciqual 2025-11-03 — U.S. Department of Agriculture, Agricultural Research Service (2014). USDA National Nutrient Database for Standard Reference, Release 27. Nutrient Data Laboratory Home Page, http://www.ars.usda.gov/ba/bhnrc/ndl"
ING-TECH-FARINEDEMAS-000001,9545,Farine de maïs,FAT_SAT,AG saturés (g/100 g),0.17,g,B,0.85,"ANSES Ciqual 2025-11-03 — U.S. Department of Agriculture, Agricultural Research Service (2014). USDA National Nutrient Database for Standard Reference, Release 27. Nutrient Data Laboratory Home Page, http://www.ars.usda.gov/ba/bhnrc/ndl"
ING-TECH-FARINEDEORGE-000001,9550,Farine d'orge,ENERC,"Energie, Règlement UE N° 1169/2011 (kJ/100 g)",1430.0,kJ,D,0.6,ANSES Ciqual 2025-11-03 — Valeur ajustée/calculée/imputée Ciqual
ING-TECH-FARINEDEORGE-000001,9550,Farine d'orge,ENERCKCAL,"Energie, Règlement UE N° 1169/2011 (kcal/100 g)",337.0,kcal,D,0.6,ANSES Ciqual 2025-11-03 — Valeur ajustée/calculée/imputée Ciqual
ING-TECH-FARINEDEORGE-000001,9550,Farine d'orge,WATER,Eau (g/100 g),12.1,g,B,0.85,"ANSES Ciqual 2025-11-03 — U.S. Department of Agriculture, Agricultural Research Service (2014). USDA National Nutrient Database for Standard Reference, Release 27. Nutrient Data Laboratory Home Page, http://www.ars.usda.gov/ba/bhnrc/ndl"
ING-TECH-FARINEDEORGE-000001,9550,Farine d'orge,SALT,Sel chlorure de sodium (g/100 g),0.01,g,B,0.85,"ANSES Ciqual 2025-11-03 — U.S. Department of Agriculture, Agricultural Research Service (2014). USDA National Nutrient Database for Standard Reference, Release 27. Nutrient Data Laboratory Home Page, http://www.ars.usda.gov/ba/bhnrc/ndl"
ING-TECH-FARINEDEORGE-000001,9550,Farine d'orge,NA,Sodium (mg/100 g),4.0,mg,B,0.85,"ANSES Ciqual 2025-11-03 — U.S. Department of Agriculture, Agricultural Research Service (2014). USDA National Nutrient Database for Standard Reference, Release 27. Nutrient Data Laboratory Home Page, http://www.ars.usda.gov/ba/bhnrc/ndl"
ING-TECH-FARINEDEORGE-000001,9550,Farine d'orge,PROTEIN,"Protéines, N x 6.25 (g/100 g)",11.3,g,B,0.85,ANSES Ciqual 2025-11-03 — Valeur ajustée/calculée/imputée Ciqual
ING-TECH-FARINEDEORGE-000001,9550,Farine d'orge,CARB,Glucides (g/100 g),64.4,g,B,0.85,ANSES Ciqual 2025-11-03 — Valeur ajustée/calculée/imputée Ciqual
ING-TECH-FARINEDEORGE-000001,9550,Farine d'orge,SUGAR,Sucres (g/100 g),0.8,g,C,0.75,"ANSES Ciqual 2025-11-03 — U.S. Department of Agriculture, Agricultural Research Service (2014). USDA National Nutrient Database for Standard Reference, Release 27. Nutrient Data Laboratory Home Page, http://www.ars.usda.gov/ba/bhnrc/ndl"
ING-TECH-FARINEDEORGE-000001,9550,Farine d'orge,FIBER,Fibres alimentaires (g/100 g),10.1,g,B,0.85,"ANSES Ciqual 2025-11-03 — U.S. Department of Agriculture, Agricultural Research Service (2014). USDA National Nutrient Database for Standard Reference, Release 27. Nutrient Data Laboratory Home Page, http://www.ars.usda.gov/ba/bhnrc/ndl"
ING-TECH-FARINEDEORGE-000001,9550,Farine d'orge,FAT,Lipides (g/100 g),1.6,g,B,0.85,"ANSES Ciqual 2025-11-03 — U.S. Department of Agriculture, Agricultural Research Service (2014). USDA National Nutrient Database for Standard Reference, Release 27. Nutrient Data Laboratory Home Page, http://www.ars.usda.gov/ba/bhnrc/ndl"
ING-TECH-FARINEDEORGE-000001,9550,Farine d'orge,FAT_SAT,AG saturés (g/100 g),0.34,g,C,0.75,"ANSES Ciqual 2025-11-03 — U.S. Department of Agriculture, Agricultural Research Service (2014). USDA National Nutrient Database for Standard Reference, Release 27. Nutrient Data Laboratory Home Page, http://www.ars.usda.gov/ba/bhnrc/ndl"
ING-TECH-FARINEDEMILL-000001,9555,Farine de millet,ENERC,"Energie, Règlement UE N° 1169/2011 (kJ/100 g)",1480.0,kJ,D,0.6,ANSES Ciqual 2025-11-03 — Valeur ajustée/calculée/imputée Ciqual
ING-TECH-FARINEDEMILL-000001,9555,Farine de millet,ENERCKCAL,"Energie, Règlement UE N° 1169/2011 (kcal/100 g)",350.0,kcal,D,0.6,ANSES Ciqual 2025-11-03 — Valeur ajustée/calculée/imputée Ciqual
ING-TECH-FARINEDEMILL-000001,9555,Farine de millet,WATER,Eau (g/100 g),10.3,g,A,0.95,ANSES Ciqual 2025-11-03 — Analyses Ciqual 2016 (MS 2.1)
ING-TECH-FARINEDEMILL-000001,9555,Farine de millet,PROTEIN,"Protéines, N x 6.25 (g/100 g)",10.2,g,A,0.95,ANSES Ciqual 2025-11-03 — Valeur ajustée/calculée/imputée Ciqual
ING-TECH-FARINEDEMILL-000001,9555,Farine de millet,CARB,Glucides (g/100 g),63.2,g,A,0.95,ANSES Ciqual 2025-11-03 — Valeur ajustée/calculée/imputée Ciqual
ING-TECH-FARINEDEMILL-000001,9555,Farine de millet,SUGAR,Sucres (g/100 g),0.5,g,D,0.6,ANSES Ciqual 2025-11-03 — Valeur ajustée/calculée/imputée Ciqual
ING-TECH-FARINEDEMILL-000001,9555,Farine de millet,FIBER,Fibres alimentaires (g/100 g),9.7,g,A,0.95,ANSES Ciqual 2025-11-03 — Analyses Ciqual 2016 (MS 2.1)
ING-TECH-FARINEDEMILL-000001,9555,Farine de millet,FAT,Lipides (g/100 g),4.1,g,A,0.95,ANSES Ciqual 2025-11-03 — Analyses Ciqual 2016 (MS 2.1)
ING-TECH-FARINEDEMILL-000001,9555,Farine de millet,FAT_SAT,AG saturés (g/100 g),0.76,g,A,0.95,ANSES Ciqual 2025-11-03 — Analyses Ciqual 2016 (MS 2.1)
ING-PLANT-AIL-000001,11000,"Ail, cru",ENERC,"Energie, Règlement UE N° 1169/2011 (kJ/100 g)",462.0,kJ,D,0.6,ANSES Ciqual 2025-11-03 — Valeur ajustée/calculée/imputée Ciqual
ING-PLANT-AIL-000001,11000,"Ail, cru",ENERCKCAL,"Energie, Règlement UE N° 1169/2011 (kcal/100 g)",109.0,kcal,D,0.6,ANSES Ciqual 2025-11-03 — Valeur ajustée/calculée/imputée Ciqual
ING-PLANT-AIL-000001,11000,"Ail, cru",WATER,Eau (g/100 g),67.8,g,A,0.95,ANSES Ciqual 2025-11-03 — Analyses Ciqual 2017 (MS 2.4)
ING-PLANT-AIL-000001,11000,"Ail, cru",SALT,Sel chlorure de sodium (g/100 g),0.023,g,A,0.95,ANSES Ciqual 2025-11-03 — Analyses Ciqual 2017 (MS 2.4)
ING-PLANT-AIL-000001,11000,"Ail, cru",NA,Sodium (mg/100 g),9.0,mg,A,0.95,ANSES Ciqual 2025-11-03 — Analyses Ciqual 2017 (MS 2.4)
ING-PLANT-AIL-000001,11000,"Ail, cru",PROTEIN,"Protéines, N x 6.25 (g/100 g)",5.31,g,A,0.95,ANSES Ciqual 2025-11-03 — Valeur ajustée/calculée/imputée Ciqual
ING-PLANT-AIL-000001,11000,"Ail, cru",CARB,Glucides (g/100 g),18.6,g,A,0.95,ANSES Ciqual 2025-11-03 — Valeur ajustée/calculée/imputée Ciqual
ING-PLANT-AIL-000001,11000,"Ail, cru",SUGAR,Sucres (g/100 g),1.2,g,A,0.95,ANSES Ciqual 2025-11-03 — Analyses Ciqual 2017 (MS 2.4)
ING-PLANT-AIL-000001,11000,"Ail, cru",FIBER,Fibres alimentaires (g/100 g),5.8,g,A,0.95,ANSES Ciqual 2025-11-03 — Analyses Ciqual 2017 (MS 2.4)
ING-PLANT-GRAINEDECORI-000001,11026,"Coriandre, graine",ENERC,"Energie, Règlement UE N° 1169/2011 (kJ/100 g)",1420.0,kJ,D,0.6,ANSES Ciqual 2025-11-03 — Valeur ajustée/calculée/imputée Ciqual
ING-PLANT-GRAINEDECORI-000001,11026,"Coriandre, graine",ENERCKCAL,"Energie, Règlement UE N° 1169/2011 (kcal/100 g)",345.0,kcal,D,0.6,ANSES Ciqual 2025-11-03 — Valeur ajustée/calculée/imputée Ciqual
ING-PLANT-GRAINEDECORI-000001,11026,"Coriandre, graine",WATER,Eau (g/100 g),8.86,g,C,0.75,"ANSES Ciqual 2025-11-03 — U.S. Department of Agriculture, Agricultural Research Service (2014). USDA National Nutrient Database for Standard Reference, Release 27. Nutrient Data Laboratory Home Page, http://www.ars.usda.gov/ba/bhnrc/ndl"
ING-PLANT-GRAINEDECORI-000001,11026,"Coriandre, graine",SALT,Sel chlorure de sodium (g/100 g),0.088,g,B,0.85,"ANSES Ciqual 2025-11-03 — U.S. Department of Agriculture, Agricultural Research Service (2014). USDA National Nutrient Database for Standard Reference, Release 27. Nutrient Data Laboratory Home Page, http://www.ars.usda.gov/ba/bhnrc/ndl"
ING-PLANT-GRAINEDECORI-000001,11026,"Coriandre, graine",NA,Sodium (mg/100 g),35.0,mg,B,0.85,"ANSES Ciqual 2025-11-03 — U.S. Department of Agriculture, Agricultural Research Service (2014). USDA National Nutrient Database for Standard Reference, Release 27. Nutrient Data Laboratory Home Page, http://www.ars.usda.gov/ba/bhnrc/ndl"
ING-PLANT-GRAINEDECORI-000001,11026,"Coriandre, graine",PROTEIN,"Protéines, N x 6.25 (g/100 g)",12.4,g,B,0.85,ANSES Ciqual 2025-11-03 — Valeur ajustée/calculée/imputée Ciqual
ING-PLANT-GRAINEDECORI-000001,11026,"Coriandre, graine",CARB,Glucides (g/100 g),13.0,g,D,0.6,ANSES Ciqual 2025-11-03 — Valeur ajustée/calculée/imputée Ciqual
ING-PLANT-GRAINEDECORI-000001,11026,"Coriandre, graine",FIBER,Fibres alimentaires (g/100 g),41.9,g,C,0.75,"ANSES Ciqual 2025-11-03 — U.S. Department of Agriculture, Agricultural Research Service (2014). USDA National Nutrient Database for Standard Reference, Release 27. Nutrient Data Laboratory Home Page, http://www.ars.usda.gov/ba/bhnrc/ndl"
ING-PLANT-GRAINEDECORI-000001,11026,"Coriandre, graine",FAT,Lipides (g/100 g),17.8,g,B,0.85,"ANSES Ciqual 2025-11-03 — U.S. Department of Agriculture, Agricultural Research Service (2014). USDA National Nutrient Database for Standard Reference, Release 27. Nutrient Data Laboratory Home Page, http://www.ars.usda.gov/ba/bhnrc/ndl"
ING-PLANT-GRAINEDECORI-000001,11026,"Coriandre, graine",FAT_SAT,AG saturés (g/100 g),0.99,g,C,0.75,"ANSES Ciqual 2025-11-03 — U.S. Department of Agriculture, Agricultural Research Service (2014). USDA National Nutrient Database for Standard Reference, Release 27. Nutrient Data Laboratory Home Page, http://www.ars.usda.gov/ba/bhnrc/ndl"
ING-PLANT-GRAINEDECUMI-000001,11042,"Cumin, graine",ENERC,"Energie, Règlement UE N° 1169/2011 (kJ/100 g)",1780.0,kJ,D,0.6,ANSES Ciqual 2025-11-03 — Valeur ajustée/calculée/imputée Ciqual
ING-PLANT-GRAINEDECUMI-000001,11042,"Cumin, graine",ENERCKCAL,"Energie, Règlement UE N° 1169/2011 (kcal/100 g)",427.0,kcal,D,0.6,ANSES Ciqual 2025-11-03 — Valeur ajustée/calculée/imputée Ciqual
ING-PLANT-GRAINEDECUMI-000001,11042,"Cumin, graine",WATER,Eau (g/100 g),8.06,g,C,0.75,"ANSES Ciqual 2025-11-03 — U.S. Department of Agriculture, Agricultural Research Service (2014). USDA National Nutrient Database for Standard Reference, Release 27. Nutrient Data Laboratory Home Page, http://www.ars.usda.gov/ba/bhnrc/ndl"
ING-PLANT-GRAINEDECUMI-000001,11042,"Cumin, graine",SALT,Sel chlorure de sodium (g/100 g),0.42,g,B,0.85,"ANSES Ciqual 2025-11-03 — U.S. Department of Agriculture, Agricultural Research Service (2014). USDA National Nutrient Database for Standard Reference, Release 27. Nutrient Data Laboratory Home Page, http://www.ars.usda.gov/ba/bhnrc/ndl"
ING-PLANT-GRAINEDECUMI-000001,11042,"Cumin, graine",NA,Sodium (mg/100 g),168.0,mg,B,0.85,"ANSES Ciqual 2025-11-03 — U.S. Department of Agriculture, Agricultural Research Service (2014). USDA National Nutrient Database for Standard Reference, Release 27. Nutrient Data Laboratory Home Page, http://www.ars.usda.gov/ba/bhnrc/ndl"
ING-PLANT-GRAINEDECUMI-000001,11042,"Cumin, graine",PROTEIN,"Protéines, N x 6.25 (g/100 g)",17.8,g,B,0.85,ANSES Ciqual 2025-11-03 — Valeur ajustée/calculée/imputée Ciqual
ING-PLANT-GRAINEDECUMI-000001,11042,"Cumin, graine",CARB,Glucides (g/100 g),33.7,g,D,0.6,ANSES Ciqual 2025-11-03 — Valeur ajustée/calculée/imputée Ciqual
ING-PLANT-GRAINEDECUMI-000001,11042,"Cumin, graine",SUGAR,Sucres (g/100 g),2.25,g,B,0.85,"ANSES Ciqual 2025-11-03 — U.S. Department of Agriculture, Agricultural Research Service (2014). USDA National Nutrient Database for Standard Reference, Release 27. Nutrient Data Laboratory Home Page, http://www.ars.usda.gov/ba/bhnrc/ndl"
ING-PLANT-GRAINEDECUMI-000001,11042,"Cumin, graine",FIBER,Fibres alimentaires (g/100 g),10.5,g,C,0.75,"ANSES Ciqual 2025-11-03 — U.S. Department of Agriculture, Agricultural Research Service (2014). USDA National Nutrient Database for Standard Reference, Release 27. Nutrient Data Laboratory Home Page, http://www.ars.usda.gov/ba/bhnrc/ndl"
ING-PLANT-GRAINEDECUMI-000001,11042,"Cumin, graine",FAT,Lipides (g/100 g),22.3,g,B,0.85,"ANSES Ciqual 2025-11-03 — U.S. Department of Agriculture, Agricultural Research Service (2014). USDA National Nutrient Database for Standard Reference, Release 27. Nutrient Data Laboratory Home Page, http://www.ars.usda.gov/ba/bhnrc/ndl"
ING-PLANT-GRAINEDECUMI-000001,11042,"Cumin, graine",FAT_SAT,AG saturés (g/100 g),1.54,g,C,0.75,"ANSES Ciqual 2025-11-03 — U.S. Department of Agriculture, Agricultural Research Service (2014). USDA National Nutrient Database for Standard Reference, Release 27. Nutrient Data Laboratory Home Page, http://www.ars.usda.gov/ba/bhnrc/ndl"
ING-PLANT-NOIX-000001,11048,Noix de muscade,ENERC,"Energie, Règlement UE N° 1169/2011 (kJ/100 g)",2090.0,kJ,D,0.6,ANSES Ciqual 2025-11-03 — Valeur ajustée/calculée/imputée Ciqual
ING-PLANT-NOIX-000001,11048,Noix de muscade,ENERCKCAL,"Energie, Règlement UE N° 1169/2011 (kcal/100 g)",506.0,kcal,D,0.6,ANSES Ciqual 2025-11-03 — Valeur ajustée/calculée/imputée Ciqual
ING-PLANT-NOIX-000001,11048,Noix de muscade,WATER,Eau (g/100 g),6.23,g,C,0.75,"ANSES Ciqual 2025-11-03 — U.S. Department of Agriculture, Agricultural Research Service (2014). USDA National Nutrient Database for Standard Reference, Release 27. Nutrient Data Laboratory Home Page, http://www.ars.usda.gov/ba/bhnrc/ndl"
ING-PLANT-NOIX-000001,11048,Noix de muscade,SALT,Sel chlorure de sodium (g/100 g),0.04,g,B,0.85,"ANSES Ciqual 2025-11-03 — U.S. Department of Agriculture, Agricultural Research Service (2014). USDA National Nutrient Database for Standard Reference, Release 27. Nutrient Data Laboratory Home Page, http://www.ars.usda.gov/ba/bhnrc/ndl"
ING-PLANT-NOIX-000001,11048,Noix de muscade,NA,Sodium (mg/100 g),16.0,mg,B,0.85,"ANSES Ciqual 2025-11-03 — U.S. Department of Agriculture, Agricultural Research Service (2014). USDA National Nutrient Database for Standard Reference, Release 27. Nutrient Data Laboratory Home Page, http://www.ars.usda.gov/ba/bhnrc/ndl"
ING-PLANT-NOIX-000001,11048,Noix de muscade,PROTEIN,"Protéines, N x 6.25 (g/100 g)",6.89,g,B,0.85,ANSES Ciqual 2025-11-03 — Valeur ajustée/calculée/imputée Ciqual
ING-PLANT-NOIX-000001,11048,Noix de muscade,CARB,Glucides (g/100 g),27.4,g,D,0.6,ANSES Ciqual 2025-11-03 — Valeur ajustée/calculée/imputée Ciqual
ING-PLANT-NOIX-000001,11048,Noix de muscade,SUGAR,Sucres (g/100 g),2.99,g,C,0.75,"ANSES Ciqual 2025-11-03 — U.S. Department of Agriculture, Agricultural Research Service (2014). USDA National Nutrient Database for Standard Reference, Release 27. Nutrient Data Laboratory Home Page, http://www.ars.usda.gov/ba/bhnrc/ndl"
ING-PLANT-NOIX-000001,11048,Noix de muscade,FIBER,Fibres alimentaires (g/100 g),20.8,g,C,0.75,"ANSES Ciqual 2025-11-03 — U.S. Department of Agriculture, Agricultural Research Service (2014). USDA National Nutrient Database for Standard Reference, Release 27. Nutrient Data Laboratory Home Page, http://www.ars.usda.gov/ba/bhnrc/ndl"
ING-PLANT-NOIX-000001,11048,Noix de muscade,FAT,Lipides (g/100 g),36.3,g,C,0.75,"ANSES Ciqual 2025-11-03 — U.S. Department of Agriculture, Agricultural Research Service (2014). USDA National Nutrient Database for Standard Reference, Release 27. Nutrient Data Laboratory Home Page, http://www.ars.usda.gov/ba/bhnrc/ndl"
ING-PLANT-NOIX-000001,11048,Noix de muscade,FAT_SAT,AG saturés (g/100 g),25.9,g,C,0.75,"ANSES Ciqual 2025-11-03 — U.S. Department of Agriculture, Agricultural Research Service (2014). USDA National Nutrient Database for Standard Reference, Release 27. Nutrient Data Laboratory Home Page, http://www.ars.usda.gov/ba/bhnrc/ndl"
ING-PLANT-CARDAMOME-000001,11075,"Cardamome, poudre",ENERC,"Energie, Règlement UE N° 1169/2011 (kJ/100 g)",1340.0,kJ,D,0.6,ANSES Ciqual 2025-11-03 — Valeur ajustée/calculée/imputée Ciqual
ING-PLANT-CARDAMOME-000001,11075,"Cardamome, poudre",ENERCKCAL,"Energie, Règlement UE N° 1169/2011 (kcal/100 g)",321.0,kcal,D,0.6,ANSES Ciqual 2025-11-03 — Valeur ajustée/calculée/imputée Ciqual
ING-PLANT-CARDAMOME-000001,11075,"Cardamome, poudre",WATER,Eau (g/100 g),8.28,g,C,0.75,"ANSES Ciqual 2025-11-03 — U.S. Department of Agriculture, Agricultural Research Service (2014). USDA National Nutrient Database for Standard Reference, Release 27. Nutrient Data Laboratory Home Page, http://www.ars.usda.gov/ba/bhnrc/ndl"
ING-PLANT-CARDAMOME-000001,11075,"Cardamome, poudre",SALT,Sel chlorure de sodium (g/100 g),0.045,g,C,0.75,"ANSES Ciqual 2025-11-03 — U.S. Department of Agriculture, Agricultural Research Service (2014). USDA National Nutrient Database for Standard Reference, Release 27. Nutrient Data Laboratory Home Page, http://www.ars.usda.gov/ba/bhnrc/ndl"
ING-PLANT-CARDAMOME-000001,11075,"Cardamome, poudre",NA,Sodium (mg/100 g),18.0,mg,C,0.75,"ANSES Ciqual 2025-11-03 — U.S. Department of Agriculture, Agricultural Research Service (2014). USDA National Nutrient Database for Standard Reference, Release 27. Nutrient Data Laboratory Home Page, http://www.ars.usda.gov/ba/bhnrc/ndl"
ING-PLANT-CARDAMOME-000001,11075,"Cardamome, poudre",PROTEIN,"Protéines, N x 6.25 (g/100 g)",10.8,g,C,0.75,ANSES Ciqual 2025-11-03 — Valeur ajustée/calculée/imputée Ciqual
ING-PLANT-CARDAMOME-000001,11075,"Cardamome, poudre",CARB,Glucides (g/100 g),40.5,g,C,0.75,ANSES Ciqual 2025-11-03 — Valeur ajustée/calculée/imputée Ciqual
ING-PLANT-CARDAMOME-000001,11075,"Cardamome, poudre",FIBER,Fibres alimentaires (g/100 g),28.0,g,C,0.75,"ANSES Ciqual 2025-11-03 — U.S. Department of Agriculture, Agricultural Research Service (2014). USDA National Nutrient Database for Standard Reference, Release 27. Nutrient Data Laboratory Home Page, http://www.ars.usda.gov/ba/bhnrc/ndl"
ING-PLANT-CARDAMOME-000001,11075,"Cardamome, poudre",FAT,Lipides (g/100 g),6.7,g,C,0.75,"ANSES Ciqual 2025-11-03 — U.S. Department of Agriculture, Agricultural Research Service (2014). USDA National Nutrient Database for Standard Reference, Release 27. Nutrient Data Laboratory Home Page, http://www.ars.usda.gov/ba/bhnrc/ndl"
ING-PLANT-ABRICOT-000001,13000,"Abricot, dénoyauté, cru",ENERC,"Energie, Règlement UE N° 1169/2011 (kJ/100 g)",187.0,kJ,D,0.6,ANSES Ciqual 2025-11-03 — Valeur ajustée/calculée/imputée Ciqual
ING-PLANT-ABRICOT-000001,13000,"Abricot, dénoyauté, cru",ENERCKCAL,"Energie, Règlement UE N° 1169/2011 (kcal/100 g)",44.1,kcal,D,0.6,ANSES Ciqual 2025-11-03 — Valeur ajustée/calculée/imputée Ciqual
ING-PLANT-ABRICOT-000001,13000,"Abricot, dénoyauté, cru",WATER,Eau (g/100 g),87.1,g,A,0.95,ANSES Ciqual 2025-11-03 — Analyses Ciqual-Aprifel 2017 (MS 2.5)
ING-PLANT-ABRICOT-000001,13000,"Abricot, dénoyauté, cru",PROTEIN,"Protéines, N x 6.25 (g/100 g)",0.81,g,A,0.95,ANSES Ciqual 2025-11-03 — Valeur ajustée/calculée/imputée Ciqual
ING-PLANT-ABRICOT-000001,13000,"Abricot, dénoyauté, cru",CARB,Glucides (g/100 g),9.01,g,A,0.95,ANSES Ciqual 2025-11-03 — Valeur ajustée/calculée/imputée Ciqual
ING-PLANT-ABRICOT-000001,13000,"Abricot, dénoyauté, cru",SUGAR,Sucres (g/100 g),6.7,g,A,0.95,ANSES Ciqual 2025-11-03 — Analyses Ciqual-Aprifel 2017 (MS 2.5)
ING-PLANT-ABRICOT-000001,13000,"Abricot, dénoyauté, cru",FIBER,Fibres alimentaires (g/100 g),1.7,g,A,0.95,ANSES Ciqual 2025-11-03 — Analyses Ciqual-Aprifel 2017 (MS 2.5)
ING-PLANT-ANANAS-000001,13002,"Ananas, chair sans peau, cru",ENERC,"Energie, Règlement UE N° 1169/2011 (kJ/100 g)",219.0,kJ,D,0.6,ANSES Ciqual 2025-11-03 — Valeur ajustée/calculée/imputée Ciqual
ING-PLANT-ANANAS-000001,13002,"Ananas, chair sans peau, cru",ENERCKCAL,"Energie, Règlement UE N° 1169/2011 (kcal/100 g)",51.6,kcal,D,0.6,ANSES Ciqual 2025-11-03 — Valeur ajustée/calculée/imputée Ciqual
ING-PLANT-ANANAS-000001,13002,"Ananas, chair sans peau, cru",WATER,Eau (g/100 g),85.5,g,A,0.95,ANSES Ciqual 2025-11-03 — Analyses Ciqual-Aprifel 2017 (MS 2.5)
ING-PLANT-ANANAS-000001,13002,"Ananas, chair sans peau, cru",PROTEIN,"Protéines, N x 6.25 (g/100 g)",0.25,g,A,0.95,ANSES Ciqual 2025-11-03 — Valeur ajustée/calculée/imputée Ciqual
ING-PLANT-ANANAS-000001,13002,"Ananas, chair sans peau, cru",CARB,Glucides (g/100 g),11.7,g,A,0.95,ANSES Ciqual 2025-11-03 — Valeur ajustée/calculée/imputée Ciqual
ING-PLANT-ANANAS-000001,13002,"Ananas, chair sans peau, cru",SUGAR,Sucres (g/100 g),10.5,g,A,0.95,ANSES Ciqual 2025-11-03 — Analyses Ciqual-Aprifel 2017 (MS 2.5)
ING-PLANT-ANANAS-000001,13002,"Ananas, chair sans peau, cru",FIBER,Fibres alimentaires (g/100 g),1.2,g,A,0.95,ANSES Ciqual 2025-11-03 — Analyses Ciqual-Aprifel 2017 (MS 2.5)
ING-PLANT-CASSIS-000001,13007,"Cassis, cru",ENERC,"Energie, Règlement UE N° 1169/2011 (kJ/100 g)",295.0,kJ,D,0.6,ANSES Ciqual 2025-11-03 — Valeur ajustée/calculée/imputée Ciqual
ING-PLANT-CASSIS-000001,13007,"Cassis, cru",ENERCKCAL,"Energie, Règlement UE N° 1169/2011 (kcal/100 g)",70.2,kcal,D,0.6,ANSES Ciqual 2025-11-03 — Valeur ajustée/calculée/imputée Ciqual
ING-PLANT-CASSIS-000001,13007,"Cassis, cru",WATER,Eau (g/100 g),80.9,g,D,0.6,ANSES Ciqual 2025-11-03 — Valeur ajustée/calculée/imputée Ciqual
ING-PLANT-CASSIS-000001,13007,"Cassis, cru",SALT,Sel chlorure de sodium (g/100 g),0.005,g,C,0.75,"ANSES Ciqual 2025-11-03 — U.S. Department of Agriculture, Agricultural Research Service (2014). USDA National Nutrient Database for Standard Reference, Release 27. Nutrient Data Laboratory Home Page, http://www.ars.usda.gov/ba/bhnrc/ndl"
ING-PLANT-CASSIS-000001,13007,"Cassis, cru",NA,Sodium (mg/100 g),2.0,mg,C,0.75,"ANSES Ciqual 2025-11-03 — U.S. Department of Agriculture, Agricultural Research Service (2014). USDA National Nutrient Database for Standard Reference, Release 27. Nutrient Data Laboratory Home Page, http://www.ars.usda.gov/ba/bhnrc/ndl"
ING-PLANT-CASSIS-000001,13007,"Cassis, cru",PROTEIN,"Protéines, N x 6.25 (g/100 g)",1.4,g,C,0.75,ANSES Ciqual 2025-11-03 — Valeur ajustée/calculée/imputée Ciqual
ING-PLANT-CASSIS-000001,13007,"Cassis, cru",CARB,Glucides (g/100 g),9.68,g,D,0.6,ANSES Ciqual 2025-11-03 — Valeur ajustée/calculée/imputée Ciqual
ING-PLANT-CASSIS-000001,13007,"Cassis, cru",SUGAR,Sucres (g/100 g),9.68,g,D,0.6,"ANSES Ciqual 2025-11-03 — Saxholt E, Christensen AT, Møller A, Hartkopp HB, Hess Ygil K, Hels OH (2009). Danish Food Composition Databank, revision 7.01. Department of Nutrition, National Food Institute, Technical University of Denmark, version 7.1, 2009."
ING-PLANT-CASSIS-000001,13007,"Cassis, cru",FIBER,Fibres alimentaires (g/100 g),7.13,g,D,0.6,"ANSES Ciqual 2025-11-03 — Holland B, Unwin ID, Buss DH (1992). Fruit and Nuts. First supplement to 5th edition of McCance and Widdowson's The Composition of Foods. Royal Society of Chemistry, Cambridge, 136p.-Salvini S, Parpinel M, Gnagnarella P, Maisonneuve P, Turrini A (1998). Banca Dati di Composizione degli Alimenti per Studi Epidemiologici in Italia. Ed. Istituto Europeo di Oncologia.-Saxholt E, Christensen AT, Møller A, Hartkopp HB, Hess Ygil K, Hels OH (2009). Danish Food Composition Databank, revision 7.01. Department of Nutrition, National Food Institute, Technical University of Denmark, version 7.1, 2009."
ING-PLANT-CASSIS-000001,13007,"Cassis, cru",FAT,Lipides (g/100 g),0.41,g,C,0.75,"ANSES Ciqual 2025-11-03 — U.S. Department of Agriculture, Agricultural Research Service (2014). USDA National Nutrient Database for Standard Reference, Release 27. Nutrient Data Laboratory Home Page, http://www.ars.usda.gov/ba/bhnrc/ndl"
ING-PLANT-CASSIS-000001,13007,"Cassis, cru",FAT_SAT,AG saturés (g/100 g),0.034,g,C,0.75,"ANSES Ciqual 2025-11-03 — U.S. Department of Agriculture, Agricultural Research Service (2014). USDA National Nutrient Database for Standard Reference, Release 27. Nutrient Data Laboratory Home Page, http://www.ars.usda.gov/ba/bhnrc/ndl"
ING-PLANT-FRAISE-000001,13014,"Fraise, crue",ENERC,"Energie, Règlement UE N° 1169/2011 (kJ/100 g)",147.0,kJ,D,0.6,ANSES Ciqual 2025-11-03 — Valeur ajustée/calculée/imputée Ciqual
ING-PLANT-FRAISE-000001,13014,"Fraise, crue",ENERCKCAL,"Energie, Règlement UE N° 1169/2011 (kcal/100 g)",35.1,kcal,D,0.6,ANSES Ciqual 2025-11-03 — Valeur ajustée/calculée/imputée Ciqual
ING-PLANT-FRAISE-000001,13014,"Fraise, crue",WATER,Eau (g/100 g),90.3,g,A,0.95,ANSES Ciqual 2025-11-03 — Analyses Ciqual-Aprifel 2017 (MS 2.5)
ING-PLANT-FRAISE-000001,13014,"Fraise, crue",PROTEIN,"Protéines, N x 6.25 (g/100 g)",0.63,g,A,0.95,ANSES Ciqual 2025-11-03 — Valeur ajustée/calculée/imputée Ciqual
ING-PLANT-FRAISE-000001,13014,"Fraise, crue",CARB,Glucides (g/100 g),6.03,g,A,0.95,ANSES Ciqual 2025-11-03 — Valeur ajustée/calculée/imputée Ciqual
ING-PLANT-FRAISE-000001,13014,"Fraise, crue",SUGAR,Sucres (g/100 g),5.6,g,A,0.95,ANSES Ciqual 2025-11-03 — Analyses Ciqual-Aprifel 2017 (MS 2.5)
ING-PLANT-FRAISE-000001,13014,"Fraise, crue",FIBER,Fibres alimentaires (g/100 g),3.8,g,A,0.95,ANSES Ciqual 2025-11-03 — Analyses Ciqual-Aprifel 2017 (MS 2.5)
ING-PLANT-FRAMBOISE-000001,13015,"Framboise, crue",ENERC,"Energie, Règlement UE N° 1169/2011 (kJ/100 g)",201.0,kJ,D,0.6,ANSES Ciqual 2025-11-03 — Valeur ajustée/calculée/imputée Ciqual
ING-PLANT-FRAMBOISE-000001,13015,"Framboise, crue",ENERCKCAL,"Energie, Règlement UE N° 1169/2011 (kcal/100 g)",47.9,kcal,D,0.6,ANSES Ciqual 2025-11-03 — Valeur ajustée/calculée/imputée Ciqual
ING-PLANT-FRAMBOISE-000001,13015,"Framboise, crue",WATER,Eau (g/100 g),86.8,g,A,0.95,ANSES Ciqual 2025-11-03 — Analyses Ciqual-Aprifel 2018 (MS 2.8)
ING-PLANT-FRAMBOISE-000001,13015,"Framboise, crue",PROTEIN,"Protéines, N x 6.25 (g/100 g)",1.19,g,A,0.95,ANSES Ciqual 2025-11-03 — Valeur ajustée/calculée/imputée Ciqual
ING-PLANT-FRAMBOISE-000001,13015,"Framboise, crue",CARB,Glucides (g/100 g),5.83,g,A,0.95,ANSES Ciqual 2025-11-03 — Valeur ajustée/calculée/imputée Ciqual
ING-PLANT-FRAMBOISE-000001,13015,"Framboise, crue",SUGAR,Sucres (g/100 g),5.4,g,A,0.95,ANSES Ciqual 2025-11-03 — Analyses Ciqual-Aprifel 2018 (MS 2.8)
ING-PLANT-FRAMBOISE-000001,13015,"Framboise, crue",FIBER,Fibres alimentaires (g/100 g),4.3,g,A,0.95,ANSES Ciqual 2025-11-03 — Analyses Ciqual-Aprifel 2018 (MS 2.8)
ING-PLANT-FRAMBOISE-000001,13015,"Framboise, crue",FAT,Lipides (g/100 g),0.8,g,A,0.95,ANSES Ciqual 2025-11-03 — Analyses Ciqual-Aprifel 2018 (MS 2.8)
ING-PLANT-FRAMBOISE-000001,13015,"Framboise, crue",FAT_SAT,AG saturés (g/100 g),0.13,g,A,0.95,ANSES Ciqual 2025-11-03 — Analyses Ciqual-Aprifel 2018 (MS 2.8)
ING-PLANT-FRUITDELAPAS-000001,13016,"Fruit de la passion ou maracudja, chair sans peau, avec pépins, cru",ENERC,"Energie, Règlement UE N° 1169/2011 (kJ/100 g)",426.0,kJ,D,0.6,ANSES Ciqual 2025-11-03 — Valeur ajustée/calculée/imputée Ciqual
ING-PLANT-FRUITDELAPAS-000001,13016,"Fruit de la passion ou maracudja, chair sans peau, avec pépins, cru",ENERCKCAL,"Energie, Règlement UE N° 1169/2011 (kcal/100 g)",102.0,kcal,D,0.6,ANSES Ciqual 2025-11-03 — Valeur ajustée/calculée/imputée Ciqual
ING-PLANT-FRUITDELAPAS-000001,13016,"Fruit de la passion ou maracudja, chair sans peau, avec pépins, cru",WATER,Eau (g/100 g),73.6,g,A,0.95,ANSES Ciqual 2025-11-03 — Analyses Ciqual-Aprifel 2018 (MS 2.8)
ING-PLANT-FRUITDELAPAS-000001,13016,"Fruit de la passion ou maracudja, chair sans peau, avec pépins, cru",PROTEIN,"Protéines, N x 6.25 (g/100 g)",2.13,g,A,0.95,ANSES Ciqual 2025-11-03 — Valeur ajustée/calculée/imputée Ciqual
ING-PLANT-FRUITDELAPAS-000001,13016,"Fruit de la passion ou maracudja, chair sans peau, avec pépins, cru",CARB,Glucides (g/100 g),10.9,g,B,0.85,ANSES Ciqual 2025-11-03 — Valeur ajustée/calculée/imputée Ciqual
ING-PLANT-FRUITDELAPAS-000001,13016,"Fruit de la passion ou maracudja, chair sans peau, avec pépins, cru",SUGAR,Sucres (g/100 g),8.5,g,A,0.95,ANSES Ciqual 2025-11-03 — Analyses Ciqual-Aprifel 2018 (MS 2.8)
ING-PLANT-FRUITDELAPAS-000001,13016,"Fruit de la passion ou maracudja, chair sans peau, avec pépins, cru",FIBER,Fibres alimentaires (g/100 g),6.8,g,A,0.95,ANSES Ciqual 2025-11-03 — Analyses Ciqual-Aprifel 2018 (MS 2.8)
ING-PLANT-FRUITDELAPAS-000001,13016,"Fruit de la passion ou maracudja, chair sans peau, avec pépins, cru",FAT,Lipides (g/100 g),3.0,g,A,0.95,ANSES Ciqual 2025-11-03 — Analyses Ciqual-Aprifel 2018 (MS 2.8)
ING-PLANT-FRUITDELAPAS-000001,13016,"Fruit de la passion ou maracudja, chair sans peau, avec pépins, cru",FAT_SAT,AG saturés (g/100 g),0.54,g,A,0.95,ANSES Ciqual 2025-11-03 — Analyses Ciqual-Aprifel 2018 (MS 2.8)
ING-PLANT-GRENADE-000001,13018,"Grenade, chair sans peau, avec pépins, crue",ENERC,"Energie, Règlement UE N° 1169/2011 (kJ/100 g)",342.0,kJ,D,0.6,ANSES Ciqual 2025-11-03 — Valeur ajustée/calculée/imputée Ciqual
ING-PLANT-GRENADE-000001,13018,"Grenade, chair sans peau, avec pépins, crue",ENERCKCAL,"Energie, Règlement UE N° 1169/2011 (kcal/100 g)",81.0,kcal,D,0.6,ANSES Ciqual 2025-11-03 — Valeur ajustée/calculée/imputée Ciqual
ING-PLANT-GRENADE-000001,13018,"Grenade, chair sans peau, avec pépins, crue",WATER,Eau (g/100 g),79.4,g,A,0.95,ANSES Ciqual 2025-11-03 — Analyses Ciqual-Aprifel 2018 (MS 2.8)
ING-PLANT-GRENADE-000001,13018,"Grenade, chair sans peau, avec pépins, crue",PROTEIN,"Protéines, N x 6.25 (g/100 g)",1.44,g,A,0.95,ANSES Ciqual 2025-11-03 — Valeur ajustée/calculée/imputée Ciqual
ING-PLANT-GRENADE-000001,13018,"Grenade, chair sans peau, avec pépins, crue",CARB,Glucides (g/100 g),14.3,g,A,0.95,ANSES Ciqual 2025-11-03 — Valeur ajustée/calculée/imputée Ciqual
ING-PLANT-GRENADE-000001,13018,"Grenade, chair sans peau, avec pépins, crue",SUGAR,Sucres (g/100 g),13.3,g,A,0.95,ANSES Ciqual 2025-11-03 — Analyses Ciqual-Aprifel 2018 (MS 2.8)
ING-PLANT-GRENADE-000001,13018,"Grenade, chair sans peau, avec pépins, crue",FIBER,Fibres alimentaires (g/100 g),2.3,g,A,0.95,ANSES Ciqual 2025-11-03 — Analyses Ciqual-Aprifel 2018 (MS 2.8)
ING-PLANT-GRENADE-000001,13018,"Grenade, chair sans peau, avec pépins, crue",FAT,Lipides (g/100 g),1.2,g,A,0.95,ANSES Ciqual 2025-11-03 — Analyses Ciqual-Aprifel 2018 (MS 2.8)
ING-PLANT-GRENADE-000001,13018,"Grenade, chair sans peau, avec pépins, crue",FAT_SAT,AG saturés (g/100 g),0.07,g,A,0.95,ANSES Ciqual 2025-11-03 — Analyses Ciqual-Aprifel 2018 (MS 2.8)
ING-PLANT-GROSEILLE-000001,13019,"Groseille, crue",ENERC,"Energie, Règlement UE N° 1169/2011 (kJ/100 g)",284.0,kJ,D,0.6,ANSES Ciqual 2025-11-03 — Valeur ajustée/calculée/imputée Ciqual
ING-PLANT-GROSEILLE-000001,13019,"Groseille, crue",ENERCKCAL,"Energie, Règlement UE N° 1169/2011 (kcal/100 g)",67.2,kcal,D,0.6,ANSES Ciqual 2025-11-03 — Valeur ajustée/calculée/imputée Ciqual
ING-PLANT-GROSEILLE-000001,13019,"Groseille, crue",WATER,Eau (g/100 g),82.1,g,D,0.6,ANSES Ciqual 2025-11-03 — Valeur ajustée/calculée/imputée Ciqual
ING-PLANT-GROSEILLE-000001,13019,"Groseille, crue",PROTEIN,"Protéines, N x 6.25 (g/100 g)",1.56,g,A,0.95,ANSES Ciqual 2025-11-03 — Valeur ajustée/calculée/imputée Ciqual
ING-PLANT-GROSEILLE-000001,13019,"Groseille, crue",CARB,Glucides (g/100 g),7.06,g,A,0.95,ANSES Ciqual 2025-11-03 — Valeur ajustée/calculée/imputée Ciqual
ING-PLANT-GROSEILLE-000001,13019,"Groseille, crue",SUGAR,Sucres (g/100 g),6.63,g,A,0.95,ANSES Ciqual 2025-11-03 — Analyses Ciqual-Aprifel 2018 (MS 2.8)
ING-PLANT-GROSEILLE-000001,13019,"Groseille, crue",FIBER,Fibres alimentaires (g/100 g),4.6,g,A,0.95,ANSES Ciqual 2025-11-03 — Analyses Ciqual-Aprifel 2018 (MS 2.8)
ING-PLANT-GROSEILLE-000001,13019,"Groseille, crue",FAT,Lipides (g/100 g),0.7,g,A,0.95,ANSES Ciqual 2025-11-03 — Analyses Ciqual-Aprifel 2018 (MS 2.8)
ING-PLANT-GROSEILLE-000001,13019,"Groseille, crue",FAT_SAT,AG saturés (g/100 g),0.21,g,A,0.95,ANSES Ciqual 2025-11-03 — Analyses Ciqual-Aprifel 2018 (MS 2.8)
ING-PLANT-KIWI-000001,13021,"Kiwi, chair sans peau, avec pépins, cru",ENERC,"Energie, Règlement UE N° 1169/2011 (kJ/100 g)",257.0,kJ,D,0.6,ANSES Ciqual 2025-11-03 — Valeur ajustée/calculée/imputée Ciqual
ING-PLANT-KIWI-000001,13021,"Kiwi, chair sans peau, avec pépins, cru",ENERCKCAL,"Energie, Règlement UE N° 1169/2011 (kcal/100 g)",60.9,kcal,D,0.6,ANSES Ciqual 2025-11-03 — Valeur ajustée/calculée/imputée Ciqual
ING-PLANT-KIWI-000001,13021,"Kiwi, chair sans peau, avec pépins, cru",WATER,Eau (g/100 g),83.5,g,A,0.95,ANSES Ciqual 2025-11-03 — Analyses Ciqual-Aprifel 2017 (MS 2.5)
ING-PLANT-KIWI-000001,13021,"Kiwi, chair sans peau, avec pépins, cru",PROTEIN,"Protéines, N x 6.25 (g/100 g)",0.88,g,A,0.95,ANSES Ciqual 2025-11-03 — Valeur ajustée/calculée/imputée Ciqual
ING-PLANT-KIWI-000001,13021,"Kiwi, chair sans peau, avec pépins, cru",CARB,Glucides (g/100 g),11.0,g,A,0.95,ANSES Ciqual 2025-11-03 — Valeur ajustée/calculée/imputée Ciqual
ING-PLANT-KIWI-000001,13021,"Kiwi, chair sans peau, avec pépins, cru",SUGAR,Sucres (g/100 g),8.9,g,A,0.95,ANSES Ciqual 2025-11-03 — Analyses Ciqual-Aprifel 2017 (MS 2.5)
ING-PLANT-KIWI-000001,13021,"Kiwi, chair sans peau, avec pépins, cru",FIBER,Fibres alimentaires (g/100 g),2.4,g,A,0.95,ANSES Ciqual 2025-11-03 — Analyses Ciqual-Aprifel 2017 (MS 2.5)
ING-PLANT-KIWI-000001,13021,"Kiwi, chair sans peau, avec pépins, cru",FAT,Lipides (g/100 g),0.6,g,A,0.95,ANSES Ciqual 2025-11-03 — Analyses Ciqual-Aprifel 2017 (MS 2.5)
ING-PLANT-KIWI-000001,13021,"Kiwi, chair sans peau, avec pépins, cru",FAT_SAT,AG saturés (g/100 g),0.13,g,A,0.95,ANSES Ciqual 2025-11-03 — Analyses Ciqual-Aprifel 2017 (MS 2.5)
ING-PLANT-LITCHI-000001,13023,"Litchi, chair sans peau, sans noyau, cru",ENERC,"Energie, Règlement UE N° 1169/2011 (kJ/100 g)",329.0,kJ,D,0.6,ANSES Ciqual 2025-11-03 — Valeur ajustée/calculée/imputée Ciqual
ING-PLANT-LITCHI-000001,13023,"Litchi, chair sans peau, sans noyau, cru",ENERCKCAL,"Energie, Règlement UE N° 1169/2011 (kcal/100 g)",77.5,kcal,D,0.6,ANSES Ciqual 2025-11-03 — Valeur ajustée/calculée/imputée Ciqual
ING-PLANT-LITCHI-000001,13023,"Litchi, chair sans peau, sans noyau, cru",WATER,Eau (g/100 g),80.5,g,A,0.95,ANSES Ciqual 2025-11-03 — Analyses Ciqual-Aprifel 2017 (MS 2.5)
ING-PLANT-LITCHI-000001,13023,"Litchi, chair sans peau, sans noyau, cru",PROTEIN,"Protéines, N x 6.25 (g/100 g)",1.13,g,A,0.95,ANSES Ciqual 2025-11-03 — Valeur ajustée/calculée/imputée Ciqual
ING-PLANT-LITCHI-000001,13023,"Litchi, chair sans peau, sans noyau, cru",CARB,Glucides (g/100 g),16.1,g,A,0.95,ANSES Ciqual 2025-11-03 — Valeur ajustée/calculée/imputée Ciqual
ING-PLANT-LITCHI-000001,13023,"Litchi, chair sans peau, sans noyau, cru",SUGAR,Sucres (g/100 g),15.7,g,A,0.95,ANSES Ciqual 2025-11-03 — Analyses Ciqual-Aprifel 2017 (MS 2.5)
ING-PLANT-LITCHI-000001,13023,"Litchi, chair sans peau, sans noyau, cru",FIBER,Fibres alimentaires (g/100 g),2.0,g,A,0.95,ANSES Ciqual 2025-11-03 — Analyses Ciqual-Aprifel 2017 (MS 2.5)
ING-PLANT-MANGUE-000001,13025,"Mangue, chair sans peau, sans noyau, crue",ENERC,"Energie, Règlement UE N° 1169/2011 (kJ/100 g)",302.0,kJ,D,0.6,ANSES Ciqual 2025-11-03 — Valeur ajustée/calculée/imputée Ciqual
ING-PLANT-MANGUE-000001,13025,"Mangue, chair sans peau, sans noyau, crue",ENERCKCAL,"Energie, Règlement UE N° 1169/2011 (kcal/100 g)",71.1,kcal,D,0.6,ANSES Ciqual 2025-11-03 — Valeur ajustée/calculée/imputée Ciqual
ING-PLANT-MANGUE-000001,13025,"Mangue, chair sans peau, sans noyau, crue",WATER,Eau (g/100 g),81.1,g,A,0.95,ANSES Ciqual 2025-11-03 — Analyses Ciqual-Aprifel 2017 (MS 2.5)
ING-PLANT-MANGUE-000001,13025,"Mangue, chair sans peau, sans noyau, crue",PROTEIN,"Protéines, N x 6.25 (g/100 g)",0.63,g,A,0.95,ANSES Ciqual 2025-11-03 — Valeur ajustée/calculée/imputée Ciqual
ING-PLANT-MANGUE-000001,13025,"Mangue, chair sans peau, sans noyau, crue",CARB,Glucides (g/100 g),14.3,g,A,0.95,ANSES Ciqual 2025-11-03 — Valeur ajustée/calculée/imputée Ciqual
ING-PLANT-MANGUE-000001,13025,"Mangue, chair sans peau, sans noyau, crue",SUGAR,Sucres (g/100 g),12.9,g,A,0.95,ANSES Ciqual 2025-11-03 — Analyses Ciqual-Aprifel 2017 (MS 2.5)
ING-PLANT-MANGUE-000001,13025,"Mangue, chair sans peau, sans noyau, crue",FIBER,Fibres alimentaires (g/100 g),1.6,g,A,0.95,ANSES Ciqual 2025-11-03 — Analyses Ciqual-Aprifel 2017 (MS 2.5)
ING-PLANT-MYRTILLE-000001,13028,"Myrtille, crue",ENERC,"Energie, Règlement UE N° 1169/2011 (kJ/100 g)",244.0,kJ,D,0.6,ANSES Ciqual 2025-11-03 — Valeur ajustée/calculée/imputée Ciqual
ING-PLANT-MYRTILLE-000001,13028,"Myrtille, crue",ENERCKCAL,"Energie, Règlement UE N° 1169/2011 (kcal/100 g)",57.7,kcal,D,0.6,ANSES Ciqual 2025-11-03 — Valeur ajustée/calculée/imputée Ciqual
ING-PLANT-MYRTILLE-000001,13028,"Myrtille, crue",WATER,Eau (g/100 g),84.2,g,B,0.85,"ANSES Ciqual 2025-11-03 — U.S. Department of Agriculture, Agricultural Research Service (2014). USDA National Nutrient Database for Standard Reference, Release 27. Nutrient Data Laboratory Home Page, http://www.ars.usda.gov/ba/bhnrc/ndl"
ING-PLANT-MYRTILLE-000001,13028,"Myrtille, crue",SALT,Sel chlorure de sodium (g/100 g),0.0025,g,B,0.85,"ANSES Ciqual 2025-11-03 — U.S. Department of Agriculture, Agricultural Research Service (2014). USDA National Nutrient Database for Standard Reference, Release 27. Nutrient Data Laboratory Home Page, http://www.ars.usda.gov/ba/bhnrc/ndl"
ING-PLANT-MYRTILLE-000001,13028,"Myrtille, crue",NA,Sodium (mg/100 g),1.0,mg,B,0.85,"ANSES Ciqual 2025-11-03 — U.S. Department of Agriculture, Agricultural Research Service (2014). USDA National Nutrient Database for Standard Reference, Release 27. Nutrient Data Laboratory Home Page, http://www.ars.usda.gov/ba/bhnrc/ndl"
ING-PLANT-MYRTILLE-000001,13028,"Myrtille, crue",PROTEIN,"Protéines, N x 6.25 (g/100 g)",0.87,g,B,0.85,ANSES Ciqual 2025-11-03 — Valeur ajustée/calculée/imputée Ciqual
ING-PLANT-MYRTILLE-000001,13028,"Myrtille, crue",CARB,Glucides (g/100 g),10.6,g,C,0.75,ANSES Ciqual 2025-11-03 — Valeur ajustée/calculée/imputée Ciqual
ING-PLANT-MYRTILLE-000001,13028,"Myrtille, crue",SUGAR,Sucres (g/100 g),9.96,g,B,0.85,"ANSES Ciqual 2025-11-03 — U.S. Department of Agriculture, Agricultural Research Service (2014). USDA National Nutrient Database for Standard Reference, Release 27. Nutrient Data Laboratory Home Page, http://www.ars.usda.gov/ba/bhnrc/ndl"
ING-PLANT-MYRTILLE-000001,13028,"Myrtille, crue",FIBER,Fibres alimentaires (g/100 g),2.4,g,B,0.85,"ANSES Ciqual 2025-11-03 — U.S. Department of Agriculture, Agricultural Research Service (2014). USDA National Nutrient Database for Standard Reference, Release 27. Nutrient Data Laboratory Home Page, http://www.ars.usda.gov/ba/bhnrc/ndl"
ING-PLANT-MYRTILLE-000001,13028,"Myrtille, crue",FAT,Lipides (g/100 g),0.33,g,B,0.85,"ANSES Ciqual 2025-11-03 — U.S. Department of Agriculture, Agricultural Research Service (2014). USDA National Nutrient Database for Standard Reference, Release 27. Nutrient Data Laboratory Home Page, http://www.ars.usda.gov/ba/bhnrc/ndl"
ING-PLANT-MYRTILLE-000001,13028,"Myrtille, crue",FAT_SAT,AG saturés (g/100 g),0.028,g,C,0.75,"ANSES Ciqual 2025-11-03 — U.S. Department of Agriculture, Agricultural Research Service (2014). USDA National Nutrient Database for Standard Reference, Release 27. Nutrient Data Laboratory Home Page, http://www.ars.usda.gov/ba/bhnrc/ndl"
ING-PLANT-MRE-000001,13029,"Mûre (de ronce), crue",ENERC,"Energie, Règlement UE N° 1169/2011 (kJ/100 g)",192.0,kJ,D,0.6,ANSES Ciqual 2025-11-03 — Valeur ajustée/calculée/imputée Ciqual
ING-PLANT-MRE-000001,13029,"Mûre (de ronce), crue",ENERCKCAL,"Energie, Règlement UE N° 1169/2011 (kcal/100 g)",46.0,kcal,D,0.6,ANSES Ciqual 2025-11-03 — Valeur ajustée/calculée/imputée Ciqual
ING-PLANT-MRE-000001,13029,"Mûre (de ronce), crue",WATER,Eau (g/100 g),86.1,g,A,0.95,ANSES Ciqual 2025-11-03 — Analyses Ciqual-Aprifel 2018 (MS 2.8)
ING-PLANT-MRE-000001,13029,"Mûre (de ronce), crue",PROTEIN,"Protéines, N x 6.25 (g/100 g)",1.13,g,A,0.95,ANSES Ciqual 2025-11-03 — Valeur ajustée/calculée/imputée Ciqual
ING-PLANT-MRE-000001,13029,"Mûre (de ronce), crue",CARB,Glucides (g/100 g),6.53,g,A,0.95,ANSES Ciqual 2025-11-03 — Valeur ajustée/calculée/imputée Ciqual
ING-PLANT-MRE-000001,13029,"Mûre (de ronce), crue",SUGAR,Sucres (g/100 g),6.1,g,A,0.95,ANSES Ciqual 2025-11-03 — Analyses Ciqual-Aprifel 2018 (MS 2.8)
ING-PLANT-MRE-000001,13029,"Mûre (de ronce), crue",FIBER,Fibres alimentaires (g/100 g),5.2,g,A,0.95,ANSES Ciqual 2025-11-03 — Analyses Ciqual-Aprifel 2018 (MS 2.8)
ING-PLANT-MRE-000001,13029,"Mûre (de ronce), crue",FAT,Lipides (g/100 g),0.7,g,A,0.95,ANSES Ciqual 2025-11-03 — Analyses Ciqual-Aprifel 2018 (MS 2.8)
ING-PLANT-MRE-000001,13029,"Mûre (de ronce), crue",FAT_SAT,AG saturés (g/100 g),0.07,g,A,0.95,ANSES Ciqual 2025-11-03 — Analyses Ciqual-Aprifel 2018 (MS 2.8)
ING-PLANT-ORANGE-000001,13034,"Orange, chair sans peau, sans pépins, crue",ENERC,"Energie, Règlement UE N° 1169/2011 (kJ/100 g)",177.0,kJ,D,0.6,ANSES Ciqual 2025-11-03 — Valeur ajustée/calculée/imputée Ciqual
ING-PLANT-ORANGE-000001,13034,"Orange, chair sans peau, sans pépins, crue",ENERCKCAL,"Energie, Règlement UE N° 1169/2011 (kcal/100 g)",42.0,kcal,D,0.6,ANSES Ciqual 2025-11-03 — Valeur ajustée/calculée/imputée Ciqual
ING-PLANT-ORANGE-000001,13034,"Orange, chair sans peau, sans pépins, crue",WATER,Eau (g/100 g),87.3,g,A,0.95,ANSES Ciqual 2025-11-03 — Analyses Ciqual-Aprifel 2017 (MS 2.5)
ING-PLANT-ORANGE-000001,13034,"Orange, chair sans peau, sans pépins, crue",PROTEIN,"Protéines, N x 6.25 (g/100 g)",0.75,g,A,0.95,ANSES Ciqual 2025-11-03 — Valeur ajustée/calculée/imputée Ciqual
ING-PLANT-ORANGE-000001,13034,"Orange, chair sans peau, sans pépins, crue",CARB,Glucides (g/100 g),8.03,g,A,0.95,ANSES Ciqual 2025-11-03 — Valeur ajustée/calculée/imputée Ciqual
ING-PLANT-ORANGE-000001,13034,"Orange, chair sans peau, sans pépins, crue",SUGAR,Sucres (g/100 g),7.6,g,A,0.95,ANSES Ciqual 2025-11-03 — Analyses Ciqual-Aprifel 2017 (MS 2.5)
ING-PLANT-ORANGE-000001,13034,"Orange, chair sans peau, sans pépins, crue",FIBER,Fibres alimentaires (g/100 g),2.7,g,A,0.95,ANSES Ciqual 2025-11-03 — Analyses Ciqual-Aprifel 2017 (MS 2.5)
ING-PLANT-PAPAYE-000001,13035,"Papaye, chair sans peau, crue",ENERC,"Energie, Règlement UE N° 1169/2011 (kJ/100 g)",167.0,kJ,D,0.6,ANSES Ciqual 2025-11-03 — Valeur ajustée/calculée/imputée Ciqual
ING-PLANT-PAPAYE-000001,13035,"Papaye, chair sans peau, crue",ENERCKCAL,"Energie, Règlement UE N° 1169/2011 (kcal/100 g)",39.6,kcal,D,0.6,ANSES Ciqual 2025-11-03 — Valeur ajustée/calculée/imputée Ciqual
ING-PLANT-PAPAYE-000001,13035,"Papaye, chair sans peau, crue",WATER,Eau (g/100 g),88.8,g,A,0.95,ANSES Ciqual 2025-11-03 — Analyses Ciqual-Aprifel 2018 (MS 2.8)
ING-PLANT-PAPAYE-000001,13035,"Papaye, chair sans peau, crue",PROTEIN,"Protéines, N x 6.25 (g/100 g)",0.75,g,A,0.95,ANSES Ciqual 2025-11-03 — Valeur ajustée/calculée/imputée Ciqual
ING-PLANT-PAPAYE-000001,13035,"Papaye, chair sans peau, crue",CARB,Glucides (g/100 g),8.53,g,A,0.95,ANSES Ciqual 2025-11-03 — Valeur ajustée/calculée/imputée Ciqual
ING-PLANT-PAPAYE-000001,13035,"Papaye, chair sans peau, crue",SUGAR,Sucres (g/100 g),8.1,g,A,0.95,ANSES Ciqual 2025-11-03 — Analyses Ciqual-Aprifel 2018 (MS 2.8)
ING-PLANT-PAPAYE-000001,13035,"Papaye, chair sans peau, crue",FIBER,Fibres alimentaires (g/100 g),1.8,g,A,0.95,ANSES Ciqual 2025-11-03 — Analyses Ciqual-Aprifel 2018 (MS 2.8)
ING-PLANT-PASTQUE-000001,13036,"Pastèque, chair sans peau, sans pépins, crue",ENERC,"Energie, Règlement UE N° 1169/2011 (kJ/100 g)",150.0,kJ,D,0.6,ANSES Ciqual 2025-11-03 — Valeur ajustée/calculée/imputée Ciqual
ING-PLANT-PASTQUE-000001,13036,"Pastèque, chair sans peau, sans pépins, crue",ENERCKCAL,"Energie, Règlement UE N° 1169/2011 (kcal/100 g)",35.4,kcal,D,0.6,ANSES Ciqual 2025-11-03 — Valeur ajustée/calculée/imputée Ciqual
ING-PLANT-PASTQUE-000001,13036,"Pastèque, chair sans peau, sans pépins, crue",WATER,Eau (g/100 g),91.0,g,A,0.95,ANSES Ciqual 2025-11-03 — Analyses Ciqual-Aprifel 2017 (MS 2.5)
ING-PLANT-PASTQUE-000001,13036,"Pastèque, chair sans peau, sans pépins, crue",PROTEIN,"Protéines, N x 6.25 (g/100 g)",0.69,g,A,0.95,ANSES Ciqual 2025-11-03 — Valeur ajustée/calculée/imputée Ciqual
ING-PLANT-PASTQUE-000001,13036,"Pastèque, chair sans peau, sans pépins, crue",CARB,Glucides (g/100 g),8.33,g,A,0.95,ANSES Ciqual 2025-11-03 — Valeur ajustée/calculée/imputée Ciqual
ING-PLANT-PASTQUE-000001,13036,"Pastèque, chair sans peau, sans pépins, crue",SUGAR,Sucres (g/100 g),7.9,g,A,0.95,ANSES Ciqual 2025-11-03 — Analyses Ciqual-Aprifel 2017 (MS 2.5)
ING-PLANT-PASTQUE-000001,13036,"Pastèque, chair sans peau, sans pépins, crue",FIBER,Fibres alimentaires (g/100 g),0.5,g,A,0.95,ANSES Ciqual 2025-11-03 — Analyses Ciqual-Aprifel 2017 (MS 2.5)
ING-PLANT-POMME-000003,13038,"Compote de pomme, préemballée",ENERC,"Energie, Règlement UE N° 1169/2011 (kJ/100 g)",453.0,kJ,D,0.6,ANSES Ciqual 2025-11-03 — Valeur ajustée/calculée/imputée Ciqual
ING-PLANT-POMME-000003,13038,"Compote de pomme, préemballée",ENERCKCAL,"Energie, Règlement UE N° 1169/2011 (kcal/100 g)",107.0,kcal,D,0.6,ANSES Ciqual 2025-11-03 — Valeur ajustée/calculée/imputée Ciqual
ING-PLANT-POMME-000003,13038,"Compote de pomme, préemballée",WATER,Eau (g/100 g),72.9,g,A,0.95,ANSES Ciqual 2025-11-03 — Oqali (2009). Analyses compotes.
ING-PLANT-POMME-000003,13038,"Compote de pomme, préemballée",SALT,Sel chlorure de sodium (g/100 g),0.031,g,A,0.95,ANSES Ciqual 2025-11-03 — Oqali (2017). Etude du secteur des compotes
ING-PLANT-POMME-000003,13038,"Compote de pomme, préemballée",PROTEIN,"Protéines, N x 6.25 (g/100 g)",0.25,g,A,0.95,ANSES Ciqual 2025-11-03 — Valeur ajustée/calculée/imputée Ciqual
ING-PLANT-POMME-000003,13038,"Compote de pomme, préemballée",CARB,Glucides (g/100 g),25.8,g,A,0.95,ANSES Ciqual 2025-11-03 — Valeur ajustée/calculée/imputée Ciqual
ING-PLANT-POMME-000003,13038,"Compote de pomme, préemballée",SUGAR,Sucres (g/100 g),22.6,g,A,0.95,ANSES Ciqual 2025-11-03 — Oqali (2017). Etude du secteur des compotes
ING-PLANT-POMME-000003,13038,"Compote de pomme, préemballée",FIBER,Fibres alimentaires (g/100 g),1.54,g,A,0.95,ANSES Ciqual 2025-11-03 — Oqali (2017). Etude du secteur des compotes
ING-PLANT-POMME-000003,13038,"Compote de pomme, préemballée",FAT,Lipides (g/100 g),0.23,g,A,0.95,ANSES Ciqual 2025-11-03 — Oqali (2017). Etude du secteur des compotes
ING-PLANT-POMME-000003,13038,"Compote de pomme, préemballée",FAT_SAT,AG saturés (g/100 g),0.000025,g,A,0.95,ANSES Ciqual 2025-11-03 — Oqali (2017). Etude du secteur des compotes
ING-PLANT-PAMPLEMOUSSE-000001,13040,"Pomelo (dit Pamplemousse), chair sans peau, sans pépins, cru",ENERC,"Energie, Règlement UE N° 1169/2011 (kJ/100 g)",142.0,kJ,D,0.6,ANSES Ciqual 2025-11-03 — Valeur ajustée/calculée/imputée Ciqual
ING-PLANT-PAMPLEMOUSSE-000001,13040,"Pomelo (dit Pamplemousse), chair sans peau, sans pépins, cru",ENERCKCAL,"Energie, Règlement UE N° 1169/2011 (kcal/100 g)",33.5,kcal,D,0.6,ANSES Ciqual 2025-11-03 — Valeur ajustée/calculée/imputée Ciqual
ING-PLANT-PAMPLEMOUSSE-000001,13040,"Pomelo (dit Pamplemousse), chair sans peau, sans pépins, cru",WATER,Eau (g/100 g),90.0,g,A,0.95,ANSES Ciqual 2025-11-03 — Analyses Ciqual 2020 (MS 1.3)
ING-PLANT-PAMPLEMOUSSE-000001,13040,"Pomelo (dit Pamplemousse), chair sans peau, sans pépins, cru",PROTEIN,"Protéines, N x 6.25 (g/100 g)",0.84,g,A,0.95,ANSES Ciqual 2025-11-03 — Valeur ajustée/calculée/imputée Ciqual
ING-PLANT-PAMPLEMOUSSE-000001,13040,"Pomelo (dit Pamplemousse), chair sans peau, sans pépins, cru",CARB,Glucides (g/100 g),5.92,g,A,0.95,ANSES Ciqual 2025-11-03 — Valeur ajustée/calculée/imputée Ciqual
ING-PLANT-PAMPLEMOUSSE-000001,13040,"Pomelo (dit Pamplemousse), chair sans peau, sans pépins, cru",SUGAR,Sucres (g/100 g),5.87,g,A,0.95,ANSES Ciqual 2025-11-03 — Analyses Ciqual 2020 (MS 1.3)
ING-PLANT-PAMPLEMOUSSE-000001,13040,"Pomelo (dit Pamplemousse), chair sans peau, sans pépins, cru",FIBER,Fibres alimentaires (g/100 g),1.1,g,A,0.95,ANSES Ciqual 2025-11-03 — Analyses Ciqual 2020 (MS 1.3)
ING-PLANT-RAISIN-000001,13045,"Raisin noir, cru",ENERC,"Energie, Règlement UE N° 1169/2011 (kJ/100 g)",294.0,kJ,D,0.6,ANSES Ciqual 2025-11-03 — Valeur ajustée/calculée/imputée Ciqual
ING-PLANT-RAISIN-000001,13045,"Raisin noir, cru",ENERCKCAL,"Energie, Règlement UE N° 1169/2011 (kcal/100 g)",69.5,kcal,D,0.6,ANSES Ciqual 2025-11-03 — Valeur ajustée/calculée/imputée Ciqual
ING-PLANT-RAISIN-000001,13045,"Raisin noir, cru",WATER,Eau (g/100 g),82.1,g,D,0.6,"ANSES Ciqual 2025-11-03 — Lintas, Cappelloni (1992). Dietary fiber content of italian fruit and nuts. J Food Comp Anal, 5, 148-149.-Salvini S, Parpinel M, Gnagnarella P, Maisonneuve P, Turrini A (1998). Banca Dati di Composizione degli Alimenti per Studi Epidemiologici in Italia. Ed. Istituto Europeo di Oncologia.-Laréal (2004). Rapport de laboratoire.-Redon J (2006). Rapport de laboratoire, programme Actia Phytostérols. ISHA.-Saxholt E, Christensen AT, Møller A, Hartkopp HB, Hess Ygil K, Hels OH (2009). Danish Food Composition Databank, revision 7.01. Department of Nutrition, National Food Institute, Technical University of Denmark, version 7.1, 2009."
ING-PLANT-RAISIN-000001,13045,"Raisin noir, cru",PROTEIN,"Protéines, N x 6.25 (g/100 g)",0.57,g,D,0.6,ANSES Ciqual 2025-11-03 — Valeur ajustée/calculée/imputée Ciqual
ING-PLANT-RAISIN-000001,13045,"Raisin noir, cru",CARB,Glucides (g/100 g),15.6,g,D,0.6,ANSES Ciqual 2025-11-03 — Valeur ajustée/calculée/imputée Ciqual
ING-PLANT-RAISIN-000001,13045,"Raisin noir, cru",SUGAR,Sucres (g/100 g),15.3,g,D,0.6,"ANSES Ciqual 2025-11-03 — Salvini S, Parpinel M, Gnagnarella P, Maisonneuve P, Turrini A (1998). Banca Dati di Composizione degli Alimenti per Studi Epidemiologici in Italia. Ed. Istituto Europeo di Oncologia.-Saxholt E, Christensen AT, Møller A, Hartkopp HB, Hess Ygil K, Hels OH (2009). Danish Food Composition Databank, revision 7.01. Department of Nutrition, National Food Institute, Technical University of Denmark, version 7.1, 2009."
ING-PLANT-RAISIN-000001,13045,"Raisin noir, cru",FIBER,Fibres alimentaires (g/100 g),1.43,g,D,0.6,"ANSES Ciqual 2025-11-03 — Lintas, Cappelloni (1992). Dietary fiber content of italian fruit and nuts. J Food Comp Anal, 5, 148-149.-Salvini S, Parpinel M, Gnagnarella P, Maisonneuve P, Turrini A (1998). Banca Dati di Composizione degli Alimenti per Studi Epidemiologici in Italia. Ed. Istituto Europeo di Oncologia.-Laréal (2004). Rapport de laboratoire.-Saxholt E, Christensen AT, Møller A, Hartkopp HB, Hess Ygil K, Hels OH (2009). Danish Food Composition Databank, revision 7.01. Department of Nutrition, National Food Institute, Technical University of Denmark, version 7.1, 2009."
ING-PLANT-RAISIN-000001,13045,"Raisin noir, cru",FAT,Lipides (g/100 g),0.25,g,D,0.6,"ANSES Ciqual 2025-11-03 — Salvini S, Parpinel M, Gnagnarella P, Maisonneuve P, Turrini A (1998). Banca Dati di Composizione degli Alimenti per Studi Epidemiologici in Italia. Ed. Istituto Europeo di Oncologia.-Saxholt E, Christensen AT, Møller A, Hartkopp HB, Hess Ygil K, Hels OH (2009). Danish Food Composition Databank, revision 7.01. Department of Nutrition, National Food Institute, Technical University of Denmark, version 7.1, 2009."
ING-PLANT-RAISIN-000001,13045,"Raisin noir, cru",FAT_SAT,AG saturés (g/100 g),0.08,g,D,0.6,"ANSES Ciqual 2025-11-03 — Salvini S, Parpinel M, Gnagnarella P, Maisonneuve P, Turrini A (1998). Banca Dati di Composizione degli Alimenti per Studi Epidemiologici in Italia. Ed. Istituto Europeo di Oncologia.-Saxholt E, Christensen AT, Møller A, Hartkopp HB, Hess Ygil K, Hels OH (2009). Danish Food Composition Databank, revision 7.01. Department of Nutrition, National Food Institute, Technical University of Denmark, version 7.1, 2009."
ING-PLANT-CERISE-000001,13055,"Cerise acérola, chair et peau, sans noyau, crue",WATER,Eau (g/100 g),91.4,g,C,0.75,"ANSES Ciqual 2025-11-03 — U.S. Department of Agriculture, Agricultural Research Service (2014). USDA National Nutrient Database for Standard Reference, Release 27. Nutrient Data Laboratory Home Page, http://www.ars.usda.gov/ba/bhnrc/ndl-U.S. Department of Agriculture, Agricultural Research Service, Nutrient Data Laboratory. USDA National Nutrient database for Standard Reference, Legacy. April 2018. http://www.ars.usda.gov/nutrientdata"
ING-PLANT-CERISE-000001,13055,"Cerise acérola, chair et peau, sans noyau, crue",SALT,Sel chlorure de sodium (g/100 g),0.018,g,C,0.75,"ANSES Ciqual 2025-11-03 — U.S. Department of Agriculture, Agricultural Research Service (2014). USDA National Nutrient Database for Standard Reference, Release 27. Nutrient Data Laboratory Home Page, http://www.ars.usda.gov/ba/bhnrc/ndl-U.S. Department of Agriculture, Agricultural Research Service, Nutrient Data Laboratory. USDA National Nutrient database for Standard Reference, Legacy. April 2018. http://www.ars.usda.gov/nutrientdata"
ING-PLANT-CERISE-000001,13055,"Cerise acérola, chair et peau, sans noyau, crue",NA,Sodium (mg/100 g),7.0,mg,C,0.75,"ANSES Ciqual 2025-11-03 — U.S. Department of Agriculture, Agricultural Research Service (2014). USDA National Nutrient Database for Standard Reference, Release 27. Nutrient Data Laboratory Home Page, http://www.ars.usda.gov/ba/bhnrc/ndl-U.S. Department of Agriculture, Agricultural Research Service, Nutrient Data Laboratory. USDA National Nutrient database for Standard Reference, Legacy. April 2018. http://www.ars.usda.gov/nutrientdata"
ING-PLANT-CERISE-000001,13055,"Cerise acérola, chair et peau, sans noyau, crue",PROTEIN,"Protéines, N x 6.25 (g/100 g)",0.4,g,C,0.75,ANSES Ciqual 2025-11-03 — Valeur ajustée/calculée/imputée Ciqual
ING-PLANT-CERISE-000001,13055,"Cerise acérola, chair et peau, sans noyau, crue",CARB,Glucides (g/100 g),6.59,g,C,0.75,ANSES Ciqual 2025-11-03 — Valeur ajustée/calculée/imputée Ciqual
ING-PLANT-CERISE-000001,13055,"Cerise acérola, chair et peau, sans noyau, crue",FIBER,Fibres alimentaires (g/100 g),1.1,g,C,0.75,"ANSES Ciqual 2025-11-03 — U.S. Department of Agriculture, Agricultural Research Service (2014). USDA National Nutrient Database for Standard Reference, Release 27. Nutrient Data Laboratory Home Page, http://www.ars.usda.gov/ba/bhnrc/ndl-U.S. Department of Agriculture, Agricultural Research Service, Nutrient Data Laboratory. USDA National Nutrient database for Standard Reference, Legacy. April 2018. http://www.ars.usda.gov/nutrientdata"
ING-PLANT-CERISE-000001,13055,"Cerise acérola, chair et peau, sans noyau, crue",FAT,Lipides (g/100 g),0.3,g,C,0.75,"ANSES Ciqual 2025-11-03 — U.S. Department of Agriculture, Agricultural Research Service (2014). USDA National Nutrient Database for Standard Reference, Release 27. Nutrient Data Laboratory Home Page, http://www.ars.usda.gov/ba/bhnrc/ndl-U.S. Department of Agriculture, Agricultural Research Service, Nutrient Data Laboratory. USDA National Nutrient database for Standard Reference, Legacy. April 2018. http://www.ars.usda.gov/nutrientdata"
ING-PLANT-CERISE-000001,13055,"Cerise acérola, chair et peau, sans noyau, crue",FAT_SAT,AG saturés (g/100 g),0.068,g,C,0.75,"ANSES Ciqual 2025-11-03 — U.S. Department of Agriculture, Agricultural Research Service (2014). USDA National Nutrient Database for Standard Reference, Release 27. Nutrient Data Laboratory Home Page, http://www.ars.usda.gov/ba/bhnrc/ndl-U.S. Department of Agriculture, Agricultural Research Service, Nutrient Data Laboratory. USDA National Nutrient database for Standard Reference, Legacy. April 2018. http://www.ars.usda.gov/nutrientdata"
ING-PLANT-KAKI-000001,13066,"Kaki, chair et peau, cru",ENERC,"Energie, Règlement UE N° 1169/2011 (kJ/100 g)",279.0,kJ,D,0.6,ANSES Ciqual 2025-11-03 — Valeur ajustée/calculée/imputée Ciqual
ING-PLANT-KAKI-000001,13066,"Kaki, chair et peau, cru",ENERCKCAL,"Energie, Règlement UE N° 1169/2011 (kcal/100 g)",66.0,kcal,D,0.6,ANSES Ciqual 2025-11-03 — Valeur ajustée/calculée/imputée Ciqual
ING-PLANT-KAKI-000001,13066,"Kaki, chair et peau, cru",WATER,Eau (g/100 g),81.8,g,A,0.95,ANSES Ciqual 2025-11-03 — Analyses Ciqual-Aprifel 2018 (MS 2.8)
ING-PLANT-KAKI-000001,13066,"Kaki, chair et peau, cru",PROTEIN,"Protéines, N x 6.25 (g/100 g)",0.88,g,A,0.95,ANSES Ciqual 2025-11-03 — Valeur ajustée/calculée/imputée Ciqual
ING-PLANT-KAKI-000001,13066,"Kaki, chair et peau, cru",CARB,Glucides (g/100 g),14.3,g,A,0.95,ANSES Ciqual 2025-11-03 — Valeur ajustée/calculée/imputée Ciqual
ING-PLANT-KAKI-000001,13066,"Kaki, chair et peau, cru",SUGAR,Sucres (g/100 g),13.9,g,A,0.95,ANSES Ciqual 2025-11-03 — Analyses Ciqual-Aprifel 2018 (MS 2.8)
ING-PLANT-KAKI-000001,13066,"Kaki, chair et peau, cru",FIBER,Fibres alimentaires (g/100 g),3.4,g,A,0.95,ANSES Ciqual 2025-11-03 — Analyses Ciqual-Aprifel 2018 (MS 2.8)
ING-PLANT-CITRONVERT-000001,13067,"Citron vert ou lime, chair sans peau, sans pépins, cru",ENERC,"Energie, Règlement UE N° 1169/2011 (kJ/100 g)",166.0,kJ,D,0.6,ANSES Ciqual 2025-11-03 — Valeur ajustée/calculée/imputée Ciqual
ING-PLANT-CITRONVERT-000001,13067,"Citron vert ou lime, chair sans peau, sans pépins, cru",ENERCKCAL,"Energie, Règlement UE N° 1169/2011 (kcal/100 g)",39.3,kcal,D,0.6,ANSES Ciqual 2025-11-03 — Valeur ajustée/calculée/imputée Ciqual
ING-PLANT-CITRONVERT-000001,13067,"Citron vert ou lime, chair sans peau, sans pépins, cru",WATER,Eau (g/100 g),86.3,g,A,0.95,ANSES Ciqual 2025-11-03 — Analyses Ciqual-Aprifel 2018 (MS 2.8)
ING-PLANT-CITRONVERT-000001,13067,"Citron vert ou lime, chair sans peau, sans pépins, cru",SALT,Sel chlorure de sodium (g/100 g),0.015,g,A,0.95,ANSES Ciqual 2025-11-03 — Analyses Ciqual-Aprifel 2018 (MS 2.8)
ING-PLANT-CITRONVERT-000001,13067,"Citron vert ou lime, chair sans peau, sans pépins, cru",NA,Sodium (mg/100 g),6.0,mg,A,0.95,ANSES Ciqual 2025-11-03 — Analyses Ciqual-Aprifel 2018 (MS 2.8)
ING-PLANT-CITRONVERT-000001,13067,"Citron vert ou lime, chair sans peau, sans pépins, cru",PROTEIN,"Protéines, N x 6.25 (g/100 g)",1.13,g,A,0.95,ANSES Ciqual 2025-11-03 — Valeur ajustée/calculée/imputée Ciqual
ING-PLANT-CITRONVERT-000001,13067,"Citron vert ou lime, chair sans peau, sans pépins, cru",CARB,Glucides (g/100 g),3.14,g,A,0.95,ANSES Ciqual 2025-11-03 — Valeur ajustée/calculée/imputée Ciqual
ING-PLANT-CITRONVERT-000001,13067,"Citron vert ou lime, chair sans peau, sans pépins, cru",SUGAR,Sucres (g/100 g),2.1,g,A,0.95,ANSES Ciqual 2025-11-03 — Analyses Ciqual-Aprifel 2018 (MS 2.8)
ING-PLANT-CITRONVERT-000001,13067,"Citron vert ou lime, chair sans peau, sans pépins, cru",FIBER,Fibres alimentaires (g/100 g),4.3,g,A,0.95,ANSES Ciqual 2025-11-03 — Analyses Ciqual-Aprifel 2018 (MS 2.8)
ING-PLANT-GOYAVE-000001,13083,"Goyave, chair sans peau, crue",ENERC,"Energie, Règlement UE N° 1169/2011 (kJ/100 g)",286.0,kJ,D,0.6,ANSES Ciqual 2025-11-03 — Valeur ajustée/calculée/imputée Ciqual
ING-PLANT-GOYAVE-000001,13083,"Goyave, chair sans peau, crue",ENERCKCAL,"Energie, Règlement UE N° 1169/2011 (kcal/100 g)",68.3,kcal,D,0.6,ANSES Ciqual 2025-11-03 — Valeur ajustée/calculée/imputée Ciqual
ING-PLANT-GOYAVE-000001,13083,"Goyave, chair sans peau, crue",WATER,Eau (g/100 g),80.8,g,B,0.85,"ANSES Ciqual 2025-11-03 — U.S. Department of Agriculture, Agricultural Research Service (2014). USDA National Nutrient Database for Standard Reference, Release 27. Nutrient Data Laboratory Home Page, http://www.ars.usda.gov/ba/bhnrc/ndl"
ING-PLANT-GOYAVE-000001,13083,"Goyave, chair sans peau, crue",SALT,Sel chlorure de sodium (g/100 g),0.005,g,B,0.85,"ANSES Ciqual 2025-11-03 — U.S. Department of Agriculture, Agricultural Research Service (2014). USDA National Nutrient Database for Standard Reference, Release 27. Nutrient Data Laboratory Home Page, http://www.ars.usda.gov/ba/bhnrc/ndl"
ING-PLANT-GOYAVE-000001,13083,"Goyave, chair sans peau, crue",NA,Sodium (mg/100 g),2.0,mg,B,0.85,"ANSES Ciqual 2025-11-03 — U.S. Department of Agriculture, Agricultural Research Service (2014). USDA National Nutrient Database for Standard Reference, Release 27. Nutrient Data Laboratory Home Page, http://www.ars.usda.gov/ba/bhnrc/ndl"
ING-PLANT-GOYAVE-000001,13083,"Goyave, chair sans peau, crue",PROTEIN,"Protéines, N x 6.25 (g/100 g)",2.55,g,B,0.85,ANSES Ciqual 2025-11-03 — Valeur ajustée/calculée/imputée Ciqual
ING-PLANT-GOYAVE-000001,13083,"Goyave, chair sans peau, crue",CARB,Glucides (g/100 g),9.02,g,D,0.6,ANSES Ciqual 2025-11-03 — Valeur ajustée/calculée/imputée Ciqual
ING-PLANT-GOYAVE-000001,13083,"Goyave, chair sans peau, crue",SUGAR,Sucres (g/100 g),8.92,g,C,0.75,"ANSES Ciqual 2025-11-03 — U.S. Department of Agriculture, Agricultural Research Service (2014). USDA National Nutrient Database for Standard Reference, Release 27. Nutrient Data Laboratory Home Page, http://www.ars.usda.gov/ba/bhnrc/ndl"
ING-PLANT-GOYAVE-000001,13083,"Goyave, chair sans peau, crue",FIBER,Fibres alimentaires (g/100 g),5.4,g,C,0.75,"ANSES Ciqual 2025-11-03 — U.S. Department of Agriculture, Agricultural Research Service (2014). USDA National Nutrient Database for Standard Reference, Release 27. Nutrient Data Laboratory Home Page, http://www.ars.usda.gov/ba/bhnrc/ndl"
ING-PLANT-GOYAVE-000001,13083,"Goyave, chair sans peau, crue",FAT,Lipides (g/100 g),0.95,g,B,0.85,"ANSES Ciqual 2025-11-03 — U.S. Department of Agriculture, Agricultural Research Service (2014). USDA National Nutrient Database for Standard Reference, Release 27. Nutrient Data Laboratory Home Page, http://www.ars.usda.gov/ba/bhnrc/ndl"
ING-PLANT-GOYAVE-000001,13083,"Goyave, chair sans peau, crue",FAT_SAT,AG saturés (g/100 g),0.27,g,C,0.75,"ANSES Ciqual 2025-11-03 — U.S. Department of Agriculture, Agricultural Research Service (2014). USDA National Nutrient Database for Standard Reference, Release 27. Nutrient Data Laboratory Home Page, http://www.ars.usda.gov/ba/bhnrc/ndl"
ING-PLANT-PRUNE-000001,13100,"Prune, sans noyau, crue",ENERC,"Energie, Règlement UE N° 1169/2011 (kJ/100 g)",219.0,kJ,D,0.6,ANSES Ciqual 2025-11-03 — Valeur ajustée/calculée/imputée Ciqual
ING-PLANT-PRUNE-000001,13100,"Prune, sans noyau, crue",ENERCKCAL,"Energie, Règlement UE N° 1169/2011 (kcal/100 g)",51.6,kcal,D,0.6,ANSES Ciqual 2025-11-03 — Valeur ajustée/calculée/imputée Ciqual
ING-PLANT-PRUNE-000001,13100,"Prune, sans noyau, crue",WATER,Eau (g/100 g),87.2,g,B,0.85,"ANSES Ciqual 2025-11-03 — U.S. Department of Agriculture, Agricultural Research Service (2014). USDA National Nutrient Database for Standard Reference, Release 27. Nutrient Data Laboratory Home Page, http://www.ars.usda.gov/ba/bhnrc/ndl"
ING-PLANT-PRUNE-000001,13100,"Prune, sans noyau, crue",SALT,Sel chlorure de sodium (g/100 g),0.0,g,B,0.85,"ANSES Ciqual 2025-11-03 — U.S. Department of Agriculture, Agricultural Research Service (2014). USDA National Nutrient Database for Standard Reference, Release 27. Nutrient Data Laboratory Home Page, http://www.ars.usda.gov/ba/bhnrc/ndl"
ING-PLANT-PRUNE-000001,13100,"Prune, sans noyau, crue",NA,Sodium (mg/100 g),0.0,mg,B,0.85,"ANSES Ciqual 2025-11-03 — U.S. Department of Agriculture, Agricultural Research Service (2014). USDA National Nutrient Database for Standard Reference, Release 27. Nutrient Data Laboratory Home Page, http://www.ars.usda.gov/ba/bhnrc/ndl"
ING-PLANT-PRUNE-000001,13100,"Prune, sans noyau, crue",PROTEIN,"Protéines, N x 6.25 (g/100 g)",0.7,g,B,0.85,ANSES Ciqual 2025-11-03 — Valeur ajustée/calculée/imputée Ciqual
ING-PLANT-PRUNE-000001,13100,"Prune, sans noyau, crue",CARB,Glucides (g/100 g),9.92,g,D,0.6,ANSES Ciqual 2025-11-03 — Valeur ajustée/calculée/imputée Ciqual
ING-PLANT-PRUNE-000001,13100,"Prune, sans noyau, crue",SUGAR,Sucres (g/100 g),9.92,g,B,0.85,"ANSES Ciqual 2025-11-03 — U.S. Department of Agriculture, Agricultural Research Service (2014). USDA National Nutrient Database for Standard Reference, Release 27. Nutrient Data Laboratory Home Page, http://www.ars.usda.gov/ba/bhnrc/ndl"
ING-PLANT-PRUNE-000001,13100,"Prune, sans noyau, crue",FIBER,Fibres alimentaires (g/100 g),1.4,g,B,0.85,"ANSES Ciqual 2025-11-03 — U.S. Department of Agriculture, Agricultural Research Service (2014). USDA National Nutrient Database for Standard Reference, Release 27. Nutrient Data Laboratory Home Page, http://www.ars.usda.gov/ba/bhnrc/ndl"
ING-PLANT-PRUNE-000001,13100,"Prune, sans noyau, crue",FAT,Lipides (g/100 g),0.28,g,B,0.85,"ANSES Ciqual 2025-11-03 — U.S. Department of Agriculture, Agricultural Research Service (2014). USDA National Nutrient Database for Standard Reference, Release 27. Nutrient Data Laboratory Home Page, http://www.ars.usda.gov/ba/bhnrc/ndl"
ING-PLANT-PRUNE-000001,13100,"Prune, sans noyau, crue",FAT_SAT,AG saturés (g/100 g),0.017,g,C,0.75,"ANSES Ciqual 2025-11-03 — U.S. Department of Agriculture, Agricultural Research Service (2014). USDA National Nutrient Database for Standard Reference, Release 27. Nutrient Data Laboratory Home Page, http://www.ars.usda.gov/ba/bhnrc/ndl"
ING-PLANT-CANNEBERGE-000001,13113,"Canneberge ou cranberry, crue",WATER,Eau (g/100 g),86.6,g,B,0.85,"ANSES Ciqual 2025-11-03 — U.S. Department of Agriculture, Agricultural Research Service (2014). USDA National Nutrient Database for Standard Reference, Release 27. Nutrient Data Laboratory Home Page, http://www.ars.usda.gov/ba/bhnrc/ndl"
ING-PLANT-CANNEBERGE-000001,13113,"Canneberge ou cranberry, crue",SALT,Sel chlorure de sodium (g/100 g),0.035,g,B,0.85,"ANSES Ciqual 2025-11-03 — U.S. Department of Agriculture, Agricultural Research Service (2014). USDA National Nutrient Database for Standard Reference, Release 27. Nutrient Data Laboratory Home Page, http://www.ars.usda.gov/ba/bhnrc/ndl"
ING-PLANT-CANNEBERGE-000001,13113,"Canneberge ou cranberry, crue",NA,Sodium (mg/100 g),14.0,mg,B,0.85,"ANSES Ciqual 2025-11-03 — U.S. Department of Agriculture, Agricultural Research Service (2014). USDA National Nutrient Database for Standard Reference, Release 27. Nutrient Data Laboratory Home Page, http://www.ars.usda.gov/ba/bhnrc/ndl"
ING-PLANT-CANNEBERGE-000001,13113,"Canneberge ou cranberry, crue",PROTEIN,"Protéines, N x 6.25 (g/100 g)",0.88,g,B,0.85,ANSES Ciqual 2025-11-03 — Valeur ajustée/calculée/imputée Ciqual
ING-PLANT-CANNEBERGE-000001,13113,"Canneberge ou cranberry, crue",CARB,Glucides (g/100 g),7.6,g,D,0.6,ANSES Ciqual 2025-11-03 — Valeur ajustée/calculée/imputée Ciqual
ING-PLANT-CANNEBERGE-000001,13113,"Canneberge ou cranberry, crue",SUGAR,Sucres (g/100 g),4.04,g,B,0.85,"ANSES Ciqual 2025-11-03 — U.S. Department of Agriculture, Agricultural Research Service (2014). USDA National Nutrient Database for Standard Reference, Release 27. Nutrient Data Laboratory Home Page, http://www.ars.usda.gov/ba/bhnrc/ndl"
ING-PLANT-CANNEBERGE-000001,13113,"Canneberge ou cranberry, crue",FIBER,Fibres alimentaires (g/100 g),5.65,g,B,0.85,"ANSES Ciqual 2025-11-03 — U.S. Department of Agriculture, Agricultural Research Service (2014). USDA National Nutrient Database for Standard Reference, Release 27. Nutrient Data Laboratory Home Page, http://www.ars.usda.gov/ba/bhnrc/ndl"
ING-PLANT-CANNEBERGE-000001,13113,"Canneberge ou cranberry, crue",FAT,Lipides (g/100 g),0.17,g,B,0.85,"ANSES Ciqual 2025-11-03 — U.S. Department of Agriculture, Agricultural Research Service (2014). USDA National Nutrient Database for Standard Reference, Release 27. Nutrient Data Laboratory Home Page, http://www.ars.usda.gov/ba/bhnrc/ndl"
ING-PLANT-CANNEBERGE-000001,13113,"Canneberge ou cranberry, crue",FAT_SAT,AG saturés (g/100 g),0.011,g,C,0.75,"ANSES Ciqual 2025-11-03 — U.S. Department of Agriculture, Agricultural Research Service (2014). USDA National Nutrient Database for Standard Reference, Release 27. Nutrient Data Laboratory Home Page, http://www.ars.usda.gov/ba/bhnrc/ndl"
ING-PLANT-CITRONJAUNE-000001,13125,"Citron, zeste, cru",WATER,Eau (g/100 g),81.6,g,C,0.75,"ANSES Ciqual 2025-11-03 — U.S. Department of Agriculture, Agricultural Research Service (2014). USDA National Nutrient Database for Standard Reference, Release 27. Nutrient Data Laboratory Home Page, http://www.ars.usda.gov/ba/bhnrc/ndl"
ING-PLANT-CITRONJAUNE-000001,13125,"Citron, zeste, cru",SALT,Sel chlorure de sodium (g/100 g),0.015,g,C,0.75,"ANSES Ciqual 2025-11-03 — U.S. Department of Agriculture, Agricultural Research Service (2014). USDA National Nutrient Database for Standard Reference, Release 27. Nutrient Data Laboratory Home Page, http://www.ars.usda.gov/ba/bhnrc/ndl"
ING-PLANT-CITRONJAUNE-000001,13125,"Citron, zeste, cru",NA,Sodium (mg/100 g),6.0,mg,C,0.75,"ANSES Ciqual 2025-11-03 — U.S. Department of Agriculture, Agricultural Research Service (2014). USDA National Nutrient Database for Standard Reference, Release 27. Nutrient Data Laboratory Home Page, http://www.ars.usda.gov/ba/bhnrc/ndl"
ING-PLANT-CITRONJAUNE-000001,13125,"Citron, zeste, cru",PROTEIN,"Protéines, N x 6.25 (g/100 g)",1.5,g,C,0.75,ANSES Ciqual 2025-11-03 — Valeur ajustée/calculée/imputée Ciqual
ING-PLANT-CITRONJAUNE-000001,13125,"Citron, zeste, cru",CARB,Glucides (g/100 g),5.4,g,D,0.6,ANSES Ciqual 2025-11-03 — Valeur ajustée/calculée/imputée Ciqual
ING-PLANT-CITRONJAUNE-000001,13125,"Citron, zeste, cru",SUGAR,Sucres (g/100 g),4.17,g,C,0.75,"ANSES Ciqual 2025-11-03 — U.S. Department of Agriculture, Agricultural Research Service (2014). USDA National Nutrient Database for Standard Reference, Release 27. Nutrient Data Laboratory Home Page, http://www.ars.usda.gov/ba/bhnrc/ndl"
ING-PLANT-CITRONJAUNE-000001,13125,"Citron, zeste, cru",FIBER,Fibres alimentaires (g/100 g),10.6,g,C,0.75,"ANSES Ciqual 2025-11-03 — U.S. Department of Agriculture, Agricultural Research Service (2014). USDA National Nutrient Database for Standard Reference, Release 27. Nutrient Data Laboratory Home Page, http://www.ars.usda.gov/ba/bhnrc/ndl"
ING-PLANT-CITRONJAUNE-000001,13125,"Citron, zeste, cru",FAT,Lipides (g/100 g),0.3,g,C,0.75,"ANSES Ciqual 2025-11-03 — U.S. Department of Agriculture, Agricultural Research Service (2014). USDA National Nutrient Database for Standard Reference, Release 27. Nutrient Data Laboratory Home Page, http://www.ars.usda.gov/ba/bhnrc/ndl"
ING-PLANT-CITRONJAUNE-000001,13125,"Citron, zeste, cru",FAT_SAT,AG saturés (g/100 g),0.039,g,C,0.75,"ANSES Ciqual 2025-11-03 — U.S. Department of Agriculture, Agricultural Research Service (2014). USDA National Nutrient Database for Standard Reference, Release 27. Nutrient Data Laboratory Home Page, http://www.ars.usda.gov/ba/bhnrc/ndl"
ING-PLANT-OLIVE-000001,13184,Olive (aliment moyen),ENERC,"Energie, Règlement UE N° 1169/2011 (kJ/100 g)",680.0,kJ,D,0.6,ANSES Ciqual 2025-11-03 — Calcul Ciqual utilisant la composition des aliments contributeurs et les quantités consommées INCA3
ING-PLANT-OLIVE-000001,13184,Olive (aliment moyen),ENERCKCAL,"Energie, Règlement UE N° 1169/2011 (kcal/100 g)",165.0,kcal,D,0.6,ANSES Ciqual 2025-11-03 — Calcul Ciqual utilisant la composition des aliments contributeurs et les quantités consommées INCA3
ING-PLANT-OLIVE-000001,13184,Olive (aliment moyen),WATER,Eau (g/100 g),74.4,g,D,0.6,ANSES Ciqual 2025-11-03 — Calcul Ciqual utilisant la composition des aliments contributeurs et les quantités consommées INCA3
ING-PLANT-OLIVE-000001,13184,Olive (aliment moyen),SALT,Sel chlorure de sodium (g/100 g),2.83,g,D,0.6,ANSES Ciqual 2025-11-03 — Calcul Ciqual utilisant la composition des aliments contributeurs et les quantités consommées INCA3
ING-PLANT-OLIVE-000001,13184,Olive (aliment moyen),NA,Sodium (mg/100 g),1130.0,mg,D,0.6,ANSES Ciqual 2025-11-03 — Calcul Ciqual utilisant la composition des aliments contributeurs et les quantités consommées INCA3
ING-PLANT-OLIVE-000001,13184,Olive (aliment moyen),PROTEIN,"Protéines, N x 6.25 (g/100 g)",1.29,g,D,0.6,ANSES Ciqual 2025-11-03 — Calcul Ciqual utilisant la composition des aliments contributeurs et les quantités consommées INCA3
ING-PLANT-OLIVE-000001,13184,Olive (aliment moyen),CARB,Glucides (g/100 g),0.65,g,D,0.6,ANSES Ciqual 2025-11-03 — Calcul Ciqual utilisant la composition des aliments contributeurs et les quantités consommées INCA3
ING-PLANT-OLIVE-000001,13184,Olive (aliment moyen),SUGAR,Sucres (g/100 g),0.029,g,D,0.6,ANSES Ciqual 2025-11-03 — Calcul Ciqual utilisant la composition des aliments contributeurs et les quantités consommées INCA3
ING-PLANT-OLIVE-000001,13184,Olive (aliment moyen),FIBER,Fibres alimentaires (g/100 g),3.83,g,D,0.6,ANSES Ciqual 2025-11-03 — Calcul Ciqual utilisant la composition des aliments contributeurs et les quantités consommées INCA3
ING-PLANT-OLIVE-000001,13184,Olive (aliment moyen),FAT,Lipides (g/100 g),16.6,g,D,0.6,ANSES Ciqual 2025-11-03 — Calcul Ciqual utilisant la composition des aliments contributeurs et les quantités consommées INCA3
ING-PLANT-OLIVE-000001,13184,Olive (aliment moyen),FAT_SAT,AG saturés (g/100 g),2.29,g,D,0.6,ANSES Ciqual 2025-11-03 — Calcul Ciqual utilisant la composition des aliments contributeurs et les quantités consommées INCA3
ING-PLANT-MANDARINE-000001,13425,"Mandarine commune, chair sans peau, sans pépins, au sirop, appertisée, non égouttée, prélevée à la Martinique",CARB,Glucides (g/100 g),17.4,g,A,0.95,ANSES Ciqual 2025-11-03 — Valeur ajustée/calculée/imputée Ciqual
ING-PLANT-MANDARINE-000001,13425,"Mandarine commune, chair sans peau, sans pépins, au sirop, appertisée, non égouttée, prélevée à la Martinique",SUGAR,Sucres (g/100 g),17.4,g,A,0.95,"ANSES Ciqual 2025-11-03 — Table de composition nutritionnelle des fruits et légumes de Martinique, PARM (2012)"
ING-PLANT-MANDARINE-000001,13425,"Mandarine commune, chair sans peau, sans pépins, au sirop, appertisée, non égouttée, prélevée à la Martinique",FIBER,Fibres alimentaires (g/100 g),0.7,g,A,0.95,"ANSES Ciqual 2025-11-03 — Table de composition nutritionnelle des fruits et légumes de Martinique, PARM (2012)"
ING-PLANT-MELON-000001,13430,"Melon, chair sans peau, sans pépins, cru, prélevé à la Martinique",WATER,Eau (g/100 g),87.0,g,A,0.95,"ANSES Ciqual 2025-11-03 — Table de composition nutritionnelle des fruits et légumes de Martinique, PARM (2012)"
ING-PLANT-MELON-000001,13430,"Melon, chair sans peau, sans pépins, cru, prélevé à la Martinique",PROTEIN,"Protéines, N x 6.25 (g/100 g)",1.08,g,A,0.95,ANSES Ciqual 2025-11-03 — Valeur ajustée/calculée/imputée Ciqual
ING-PLANT-MELON-000001,13430,"Melon, chair sans peau, sans pépins, cru, prélevé à la Martinique",FAT,Lipides (g/100 g),0.047,g,A,0.95,"ANSES Ciqual 2025-11-03 — Table de composition nutritionnelle des fruits et légumes de Martinique, PARM (2012)"
ING-PLANT-CAJOU-000001,13434,"Pomme cajou, chair et peau, crue, prélevée à la Martinique",WATER,Eau (g/100 g),88.5,g,A,0.95,"ANSES Ciqual 2025-11-03 — Table de composition nutritionnelle des fruits et légumes de Martinique, PARM (2012)"
ING-PLANT-CAJOU-000001,13434,"Pomme cajou, chair et peau, crue, prélevée à la Martinique",PROTEIN,"Protéines, N x 6.25 (g/100 g)",0.79,g,A,0.95,ANSES Ciqual 2025-11-03 — Valeur ajustée/calculée/imputée Ciqual
ING-PLANT-CAJOU-000001,13434,"Pomme cajou, chair et peau, crue, prélevée à la Martinique",FAT,Lipides (g/100 g),0.11,g,A,0.95,"ANSES Ciqual 2025-11-03 — Table de composition nutritionnelle des fruits et légumes de Martinique, PARM (2012)"
ING-PLANT-AMANDE-000001,15000,"Amande, avec peau, sans sel ajouté",ENERC,"Energie, Règlement UE N° 1169/2011 (kJ/100 g)",2540.0,kJ,D,0.6,ANSES Ciqual 2025-11-03 — Valeur ajustée/calculée/imputée Ciqual
ING-PLANT-AMANDE-000001,15000,"Amande, avec peau, sans sel ajouté",ENERCKCAL,"Energie, Règlement UE N° 1169/2011 (kcal/100 g)",615.0,kcal,D,0.6,ANSES Ciqual 2025-11-03 — Valeur ajustée/calculée/imputée Ciqual
ING-PLANT-AMANDE-000001,15000,"Amande, avec peau, sans sel ajouté",WATER,Eau (g/100 g),4.8,g,A,0.95,ANSES Ciqual 2025-11-03 — Analyses Ciqual 2018 (MS 2.7)
ING-PLANT-AMANDE-000001,15000,"Amande, avec peau, sans sel ajouté",PROTEIN,"Protéines, N x 6.25 (g/100 g)",22.6,g,A,0.95,ANSES Ciqual 2025-11-03 — Valeur ajustée/calculée/imputée Ciqual
ING-PLANT-AMANDE-000001,15000,"Amande, avec peau, sans sel ajouté",CARB,Glucides (g/100 g),9.51,g,A,0.95,ANSES Ciqual 2025-11-03 — Valeur ajustée/calculée/imputée Ciqual
ING-PLANT-AMANDE-000001,15000,"Amande, avec peau, sans sel ajouté",SUGAR,Sucres (g/100 g),4.2,g,A,0.95,ANSES Ciqual 2025-11-03 — Analyses Ciqual 2018 (MS 2.7)
ING-PLANT-AMANDE-000001,15000,"Amande, avec peau, sans sel ajouté",FIBER,Fibres alimentaires (g/100 g),12.5,g,A,0.95,ANSES Ciqual 2025-11-03 — Analyses Ciqual 2018 (MS 2.7)
ING-PLANT-AMANDE-000001,15000,"Amande, avec peau, sans sel ajouté",FAT,Lipides (g/100 g),51.3,g,A,0.95,ANSES Ciqual 2025-11-03 — Analyses Ciqual 2018 (MS 2.7)
ING-PLANT-AMANDE-000001,15000,"Amande, avec peau, sans sel ajouté",FAT_SAT,AG saturés (g/100 g),4.11,g,A,0.95,ANSES Ciqual 2025-11-03 — Analyses Ciqual 2018 (MS 2.7)
ING-PLANT-NOISETTE-000001,15004,"Noisette, sans sel ajouté",ENERC,"Energie, Règlement UE N° 1169/2011 (kJ/100 g)",2610.0,kJ,D,0.6,ANSES Ciqual 2025-11-03 — Valeur ajustée/calculée/imputée Ciqual
ING-PLANT-NOISETTE-000001,15004,"Noisette, sans sel ajouté",ENERCKCAL,"Energie, Règlement UE N° 1169/2011 (kcal/100 g)",632.0,kcal,D,0.6,ANSES Ciqual 2025-11-03 — Valeur ajustée/calculée/imputée Ciqual
ING-PLANT-NOISETTE-000001,15004,"Noisette, sans sel ajouté",WATER,Eau (g/100 g),7.3,g,A,0.95,ANSES Ciqual 2025-11-03 — Analyses Ciqual 2018 (MS 2.7)
ING-PLANT-NOISETTE-000001,15004,"Noisette, sans sel ajouté",PROTEIN,"Protéines, N x 6.25 (g/100 g)",17.0,g,A,0.95,ANSES Ciqual 2025-11-03 — Valeur ajustée/calculée/imputée Ciqual
ING-PLANT-NOISETTE-000001,15004,"Noisette, sans sel ajouté",CARB,Glucides (g/100 g),7.16,g,A,0.95,ANSES Ciqual 2025-11-03 — Valeur ajustée/calculée/imputée Ciqual
ING-PLANT-NOISETTE-000001,15004,"Noisette, sans sel ajouté",SUGAR,Sucres (g/100 g),4.9,g,A,0.95,ANSES Ciqual 2025-11-03 — Analyses Ciqual 2018 (MS 2.7)
ING-PLANT-NOISETTE-000001,15004,"Noisette, sans sel ajouté",FIBER,Fibres alimentaires (g/100 g),11.6,g,A,0.95,ANSES Ciqual 2025-11-03 — Analyses Ciqual 2018 (MS 2.7)
ING-PLANT-NOISETTE-000001,15004,"Noisette, sans sel ajouté",FAT,Lipides (g/100 g),56.9,g,A,0.95,ANSES Ciqual 2025-11-03 — Analyses Ciqual 2018 (MS 2.7)
ING-PLANT-NOISETTE-000001,15004,"Noisette, sans sel ajouté",FAT_SAT,AG saturés (g/100 g),4.75,g,A,0.95,ANSES Ciqual 2025-11-03 — Analyses Ciqual 2018 (MS 2.7)
ING-PLANT-NOIXDUBRSIL-000001,15007,"Noix de coco, chair, sèche",ENERC,"Energie, Règlement UE N° 1169/2011 (kJ/100 g)",2850.0,kJ,D,0.6,ANSES Ciqual 2025-11-03 — Valeur ajustée/calculée/imputée Ciqual
ING-PLANT-NOIXDUBRSIL-000001,15007,"Noix de coco, chair, sèche",ENERCKCAL,"Energie, Règlement UE N° 1169/2011 (kcal/100 g)",692.0,kcal,D,0.6,ANSES Ciqual 2025-11-03 — Valeur ajustée/calculée/imputée Ciqual
ING-PLANT-NOIXDUBRSIL-000001,15007,"Noix de coco, chair, sèche",WATER,Eau (g/100 g),3.0,g,C,0.75,"ANSES Ciqual 2025-11-03 — U.S. Department of Agriculture, Agricultural Research Service (2014). USDA National Nutrient Database for Standard Reference, Release 27. Nutrient Data Laboratory Home Page, http://www.ars.usda.gov/ba/bhnrc/ndl"
ING-PLANT-NOIXDUBRSIL-000001,15007,"Noix de coco, chair, sèche",SALT,Sel chlorure de sodium (g/100 g),0.076,g,C,0.75,"ANSES Ciqual 2025-11-03 — Données industrielles françaises (2014)-U.S. Department of Agriculture, Agricultural Research Service (2014). USDA National Nutrient Database for Standard Reference, Release 27. Nutrient Data Laboratory Home Page, http://www.ars.usda.gov/ba/bhnrc/ndl"
ING-PLANT-NOIXDUBRSIL-000001,15007,"Noix de coco, chair, sèche",NA,Sodium (mg/100 g),30.5,mg,C,0.75,"ANSES Ciqual 2025-11-03 — Données industrielles françaises (2014)-U.S. Department of Agriculture, Agricultural Research Service (2014). USDA National Nutrient Database for Standard Reference, Release 27. Nutrient Data Laboratory Home Page, http://www.ars.usda.gov/ba/bhnrc/ndl"
ING-PLANT-NOIXDUBRSIL-000001,15007,"Noix de coco, chair, sèche",PROTEIN,"Protéines, N x 6.25 (g/100 g)",8.06,g,C,0.75,ANSES Ciqual 2025-11-03 — Valeur ajustée/calculée/imputée Ciqual
ING-PLANT-NOIXDUBRSIL-000001,15007,"Noix de coco, chair, sèche",CARB,Glucides (g/100 g),7.81,g,C,0.75,ANSES Ciqual 2025-11-03 — Valeur ajustée/calculée/imputée Ciqual
ING-PLANT-NOIXDUBRSIL-000001,15007,"Noix de coco, chair, sèche",SUGAR,Sucres (g/100 g),6.93,g,C,0.75,"ANSES Ciqual 2025-11-03 — Données industrielles françaises (2014)-U.S. Department of Agriculture, Agricultural Research Service (2014). USDA National Nutrient Database for Standard Reference, Release 27. Nutrient Data Laboratory Home Page, http://www.ars.usda.gov/ba/bhnrc/ndl"
ING-PLANT-NOIXDUBRSIL-000001,15007,"Noix de coco, chair, sèche",FIBER,Fibres alimentaires (g/100 g),13.7,g,C,0.75,"ANSES Ciqual 2025-11-03 — Données industrielles françaises (2014)-U.S. Department of Agriculture, Agricultural Research Service (2014). USDA National Nutrient Database for Standard Reference, Release 27. Nutrient Data Laboratory Home Page, http://www.ars.usda.gov/ba/bhnrc/ndl"
ING-PLANT-NOIXDUBRSIL-000001,15007,"Noix de coco, chair, sèche",FAT,Lipides (g/100 g),66.8,g,C,0.75,"ANSES Ciqual 2025-11-03 — Données industrielles françaises (2014)-U.S. Department of Agriculture, Agricultural Research Service (2014). USDA National Nutrient Database for Standard Reference, Release 27. Nutrient Data Laboratory Home Page, http://www.ars.usda.gov/ba/bhnrc/ndl"
ING-PLANT-NOIXDUBRSIL-000001,15007,"Noix de coco, chair, sèche",FAT_SAT,AG saturés (g/100 g),60.6,g,C,0.75,"ANSES Ciqual 2025-11-03 — Données industrielles françaises (2014)-U.S. Department of Agriculture, Agricultural Research Service (2014). USDA National Nutrient Database for Standard Reference, Release 27. Nutrient Data Laboratory Home Page, http://www.ars.usda.gov/ba/bhnrc/ndl"
ING-PLANT-NOIXDEMACADA-000001,15008,"Noix du Brésil ou noix d'Amazonie, sans sel ajouté",ENERC,"Energie, Règlement UE N° 1169/2011 (kJ/100 g)",2890.0,kJ,D,0.6,ANSES Ciqual 2025-11-03 — Valeur ajustée/calculée/imputée Ciqual
ING-PLANT-NOIXDEMACADA-000001,15008,"Noix du Brésil ou noix d'Amazonie, sans sel ajouté",ENERCKCAL,"Energie, Règlement UE N° 1169/2011 (kcal/100 g)",701.0,kcal,D,0.6,ANSES Ciqual 2025-11-03 — Valeur ajustée/calculée/imputée Ciqual
ING-PLANT-NOIXDEMACADA-000001,15008,"Noix du Brésil ou noix d'Amazonie, sans sel ajouté",WATER,Eau (g/100 g),3.42,g,B,0.85,"ANSES Ciqual 2025-11-03 — U.S. Department of Agriculture, Agricultural Research Service (2014). USDA National Nutrient Database for Standard Reference, Release 27. Nutrient Data Laboratory Home Page, http://www.ars.usda.gov/ba/bhnrc/ndl"
ING-PLANT-NOIXDEMACADA-000001,15008,"Noix du Brésil ou noix d'Amazonie, sans sel ajouté",SALT,Sel chlorure de sodium (g/100 g),0.0075,g,B,0.85,"ANSES Ciqual 2025-11-03 — U.S. Department of Agriculture, Agricultural Research Service (2014). USDA National Nutrient Database for Standard Reference, Release 27. Nutrient Data Laboratory Home Page, http://www.ars.usda.gov/ba/bhnrc/ndl"
ING-PLANT-NOIXDEMACADA-000001,15008,"Noix du Brésil ou noix d'Amazonie, sans sel ajouté",NA,Sodium (mg/100 g),3.0,mg,B,0.85,"ANSES Ciqual 2025-11-03 — U.S. Department of Agriculture, Agricultural Research Service (2014). USDA National Nutrient Database for Standard Reference, Release 27. Nutrient Data Laboratory Home Page, http://www.ars.usda.gov/ba/bhnrc/ndl"
ING-PLANT-NOIXDEMACADA-000001,15008,"Noix du Brésil ou noix d'Amazonie, sans sel ajouté",PROTEIN,"Protéines, N x 6.25 (g/100 g)",16.4,g,B,0.85,ANSES Ciqual 2025-11-03 — Valeur ajustée/calculée/imputée Ciqual
ING-PLANT-NOIXDEMACADA-000001,15008,"Noix du Brésil ou noix d'Amazonie, sans sel ajouté",CARB,Glucides (g/100 g),4.23,g,B,0.85,ANSES Ciqual 2025-11-03 — Valeur ajustée/calculée/imputée Ciqual
ING-PLANT-NOIXDEMACADA-000001,15008,"Noix du Brésil ou noix d'Amazonie, sans sel ajouté",SUGAR,Sucres (g/100 g),2.33,g,B,0.85,"ANSES Ciqual 2025-11-03 — U.S. Department of Agriculture, Agricultural Research Service (2014). USDA National Nutrient Database for Standard Reference, Release 27. Nutrient Data Laboratory Home Page, http://www.ars.usda.gov/ba/bhnrc/ndl"
ING-PLANT-NOIXDEMACADA-000001,15008,"Noix du Brésil ou noix d'Amazonie, sans sel ajouté",FIBER,Fibres alimentaires (g/100 g),7.5,g,B,0.85,"ANSES Ciqual 2025-11-03 — U.S. Department of Agriculture, Agricultural Research Service (2014). USDA National Nutrient Database for Standard Reference, Release 27. Nutrient Data Laboratory Home Page, http://www.ars.usda.gov/ba/bhnrc/ndl"
ING-PLANT-NOIXDEMACADA-000001,15008,"Noix du Brésil ou noix d'Amazonie, sans sel ajouté",FAT,Lipides (g/100 g),67.1,g,B,0.85,"ANSES Ciqual 2025-11-03 — U.S. Department of Agriculture, Agricultural Research Service (2014). USDA National Nutrient Database for Standard Reference, Release 27. Nutrient Data Laboratory Home Page, http://www.ars.usda.gov/ba/bhnrc/ndl"
ING-PLANT-NOIXDEMACADA-000001,15008,"Noix du Brésil ou noix d'Amazonie, sans sel ajouté",FAT_SAT,AG saturés (g/100 g),16.1,g,C,0.75,"ANSES Ciqual 2025-11-03 — U.S. Department of Agriculture, Agricultural Research Service (2014). USDA National Nutrient Database for Standard Reference, Release 27. Nutrient Data Laboratory Home Page, http://www.ars.usda.gov/ba/bhnrc/ndl"
ING-PLANT-PISTACHE-000001,15009,"Pistache, grillée, salée",ENERC,"Energie, Règlement UE N° 1169/2011 (kJ/100 g)",2550.0,kJ,D,0.6,ANSES Ciqual 2025-11-03 — Valeur ajustée/calculée/imputée Ciqual
ING-PLANT-PISTACHE-000001,15009,"Pistache, grillée, salée",ENERCKCAL,"Energie, Règlement UE N° 1169/2011 (kcal/100 g)",617.0,kcal,D,0.6,ANSES Ciqual 2025-11-03 — Valeur ajustée/calculée/imputée Ciqual
ING-PLANT-PISTACHE-000001,15009,"Pistache, grillée, salée",WATER,Eau (g/100 g),2.09,g,A,0.95,ANSES Ciqual 2025-11-03 — Analyses Ciqual 2008 (2a)
ING-PLANT-PISTACHE-000001,15009,"Pistache, grillée, salée",SALT,Sel chlorure de sodium (g/100 g),1.67,g,A,0.95,ANSES Ciqual 2025-11-03 — Extraction BDD Oqali au 07/02/2014
ING-PLANT-PISTACHE-000001,15009,"Pistache, grillée, salée",NA,Sodium (mg/100 g),664.0,mg,A,0.95,ANSES Ciqual 2025-11-03 — Extraction BDD Oqali au 07/02/2014
ING-PLANT-PISTACHE-000001,15009,"Pistache, grillée, salée",PROTEIN,"Protéines, N x 6.25 (g/100 g)",22.3,g,A,0.95,ANSES Ciqual 2025-11-03 — Valeur ajustée/calculée/imputée Ciqual
ING-PLANT-PISTACHE-000001,15009,"Pistache, grillée, salée",CARB,Glucides (g/100 g),15.9,g,A,0.95,ANSES Ciqual 2025-11-03 — Valeur ajustée/calculée/imputée Ciqual
ING-PLANT-PISTACHE-000001,15009,"Pistache, grillée, salée",SUGAR,Sucres (g/100 g),7.57,g,A,0.95,ANSES Ciqual 2025-11-03 — Extraction BDD Oqali au 07/02/2014
ING-PLANT-PISTACHE-000001,15009,"Pistache, grillée, salée",FIBER,Fibres alimentaires (g/100 g),9.32,g,A,0.95,ANSES Ciqual 2025-11-03 — Extraction BDD Oqali au 07/02/2014
ING-PLANT-PISTACHE-000001,15009,"Pistache, grillée, salée",FAT,Lipides (g/100 g),49.5,g,A,0.95,ANSES Ciqual 2025-11-03 — Extraction BDD Oqali au 07/02/2014
ING-PLANT-PISTACHE-000001,15009,"Pistache, grillée, salée",FAT_SAT,AG saturés (g/100 g),6.58,g,A,0.95,ANSES Ciqual 2025-11-03 — Extraction BDD Oqali au 07/02/2014
ING-PLANT-GRAINEDESSAM-000001,15010,"Sésame, graine",ENERC,"Energie, Règlement UE N° 1169/2011 (kJ/100 g)",2510.0,kJ,D,0.6,ANSES Ciqual 2025-11-03 — Valeur ajustée/calculée/imputée Ciqual
ING-PLANT-GRAINEDESSAM-000001,15010,"Sésame, graine",ENERCKCAL,"Energie, Règlement UE N° 1169/2011 (kcal/100 g)",606.0,kcal,D,0.6,ANSES Ciqual 2025-11-03 — Valeur ajustée/calculée/imputée Ciqual
ING-PLANT-GRAINEDESSAM-000001,15010,"Sésame, graine",WATER,Eau (g/100 g),3.48,g,A,0.95,ANSES Ciqual 2025-11-03 — Analyses Ciqual 2009 (1a)
ING-PLANT-GRAINEDESSAM-000001,15010,"Sésame, graine",NA,Sodium (mg/100 g),2.31,mg,A,0.95,ANSES Ciqual 2025-11-03 — Inra-Afssa (2004). Etude TDS. Rapport de laboratoire.
ING-PLANT-GRAINEDESSAM-000001,15010,"Sésame, graine",PROTEIN,"Protéines, N x 6.25 (g/100 g)",20.9,g,C,0.75,ANSES Ciqual 2025-11-03 — Valeur ajustée/calculée/imputée Ciqual
ING-PLANT-GRAINEDESSAM-000001,15010,"Sésame, graine",CARB,Glucides (g/100 g),12.8,g,C,0.75,ANSES Ciqual 2025-11-03 — Valeur ajustée/calculée/imputée Ciqual
ING-PLANT-GRAINEDESSAM-000001,15010,"Sésame, graine",SUGAR,Sucres (g/100 g),0.3,g,B,0.85,"ANSES Ciqual 2025-11-03 — U.S. Department of Agriculture, Agricultural Research Service (2014). USDA National Nutrient Database for Standard Reference, Release 27. Nutrient Data Laboratory Home Page, http://www.ars.usda.gov/ba/bhnrc/ndl"
ING-PLANT-GRAINEDESSAM-000001,15010,"Sésame, graine",FIBER,Fibres alimentaires (g/100 g),11.8,g,C,0.75,"ANSES Ciqual 2025-11-03 — U.S. Department of Agriculture, Agricultural Research Service (2014). USDA National Nutrient Database for Standard Reference, Release 27. Nutrient Data Laboratory Home Page, http://www.ars.usda.gov/ba/bhnrc/ndl"
ING-PLANT-GRAINEDESSAM-000001,15010,"Sésame, graine",FAT,Lipides (g/100 g),49.7,g,D,0.6,ANSES Ciqual 2025-11-03 — Valeur ajustée/calculée/imputée Ciqual
ING-PLANT-GRAINEDESSAM-000001,15010,"Sésame, graine",FAT_SAT,AG saturés (g/100 g),6.96,g,C,0.75,"ANSES Ciqual 2025-11-03 — U.S. Department of Agriculture, Agricultural Research Service (2014). USDA National Nutrient Database for Standard Reference, Release 27. Nutrient Data Laboratory Home Page, http://www.ars.usda.gov/ba/bhnrc/ndl"
ING-PLANT-GRAINEDETOUR-000001,15011,"Tournesol, graine",ENERC,"Energie, Règlement UE N° 1169/2011 (kJ/100 g)",2700.0,kJ,D,0.6,ANSES Ciqual 2025-11-03 — Valeur ajustée/calculée/imputée Ciqual
ING-PLANT-GRAINEDETOUR-000001,15011,"Tournesol, graine",ENERCKCAL,"Energie, Règlement UE N° 1169/2011 (kcal/100 g)",653.0,kcal,D,0.6,ANSES Ciqual 2025-11-03 — Valeur ajustée/calculée/imputée Ciqual
ING-PLANT-GRAINEDETOUR-000001,15011,"Tournesol, graine",WATER,Eau (g/100 g),3.38,g,A,0.95,ANSES Ciqual 2025-11-03 — Analyses Ciqual 2009 (3a)
ING-PLANT-GRAINEDETOUR-000001,15011,"Tournesol, graine",SALT,Sel chlorure de sodium (g/100 g),0.023,g,B,0.85,"ANSES Ciqual 2025-11-03 — U.S. Department of Agriculture, Agricultural Research Service (2014). USDA National Nutrient Database for Standard Reference, Release 27. Nutrient Data Laboratory Home Page, http://www.ars.usda.gov/ba/bhnrc/ndl"
ING-PLANT-GRAINEDETOUR-000001,15011,"Tournesol, graine",NA,Sodium (mg/100 g),9.0,mg,B,0.85,"ANSES Ciqual 2025-11-03 — U.S. Department of Agriculture, Agricultural Research Service (2014). USDA National Nutrient Database for Standard Reference, Release 27. Nutrient Data Laboratory Home Page, http://www.ars.usda.gov/ba/bhnrc/ndl"
ING-PLANT-GRAINEDETOUR-000001,15011,"Tournesol, graine",PROTEIN,"Protéines, N x 6.25 (g/100 g)",25.1,g,A,0.95,ANSES Ciqual 2025-11-03 — Valeur ajustée/calculée/imputée Ciqual
ING-PLANT-GRAINEDETOUR-000001,15011,"Tournesol, graine",CARB,Glucides (g/100 g),10.1,g,A,0.95,ANSES Ciqual 2025-11-03 — Valeur ajustée/calculée/imputée Ciqual
ING-PLANT-GRAINEDETOUR-000001,15011,"Tournesol, graine",SUGAR,Sucres (g/100 g),2.62,g,C,0.75,"ANSES Ciqual 2025-11-03 — U.S. Department of Agriculture, Agricultural Research Service (2014). USDA National Nutrient Database for Standard Reference, Release 27. Nutrient Data Laboratory Home Page, http://www.ars.usda.gov/ba/bhnrc/ndl"
ING-PLANT-GRAINEDETOUR-000001,15011,"Tournesol, graine",FIBER,Fibres alimentaires (g/100 g),6.4,g,A,0.95,ANSES Ciqual 2025-11-03 — Analyses Ciqual 2009 (3a)
ING-PLANT-GRAINEDETOUR-000001,15011,"Tournesol, graine",FAT,Lipides (g/100 g),55.5,g,A,0.95,ANSES Ciqual 2025-11-03 — Analyses Ciqual 2009 (3a)
ING-PLANT-GRAINEDETOUR-000001,15011,"Tournesol, graine",FAT_SAT,AG saturés (g/100 g),6.23,g,A,0.95,ANSES Ciqual 2025-11-03 — Analyses Ciqual 2009 (3b)
ING-PLANT-CHTAIGNE-000001,15024,"Châtaigne, crue",ENERC,"Energie, Règlement UE N° 1169/2011 (kJ/100 g)",795.0,kJ,D,0.6,ANSES Ciqual 2025-11-03 — Valeur ajustée/calculée/imputée Ciqual
ING-PLANT-CHTAIGNE-000001,15024,"Châtaigne, crue",ENERCKCAL,"Energie, Règlement UE N° 1169/2011 (kcal/100 g)",189.0,kcal,D,0.6,ANSES Ciqual 2025-11-03 — Valeur ajustée/calculée/imputée Ciqual
ING-PLANT-CHTAIGNE-000001,15024,"Châtaigne, crue",WATER,Eau (g/100 g),50.3,g,C,0.75,"ANSES Ciqual 2025-11-03 — U.S. Department of Agriculture, Agricultural Research Service (2014). USDA National Nutrient Database for Standard Reference, Release 27. Nutrient Data Laboratory Home Page, http://www.ars.usda.gov/ba/bhnrc/ndl"
ING-PLANT-CHTAIGNE-000001,15024,"Châtaigne, crue",SALT,Sel chlorure de sodium (g/100 g),0.0063,g,C,0.75,"ANSES Ciqual 2025-11-03 — U.S. Department of Agriculture, Agricultural Research Service (2014). USDA National Nutrient Database for Standard Reference, Release 27. Nutrient Data Laboratory Home Page, http://www.ars.usda.gov/ba/bhnrc/ndl"
ING-PLANT-CHTAIGNE-000001,15024,"Châtaigne, crue",NA,Sodium (mg/100 g),2.5,mg,C,0.75,"ANSES Ciqual 2025-11-03 — U.S. Department of Agriculture, Agricultural Research Service (2014). USDA National Nutrient Database for Standard Reference, Release 27. Nutrient Data Laboratory Home Page, http://www.ars.usda.gov/ba/bhnrc/ndl"
ING-PLANT-CHTAIGNE-000001,15024,"Châtaigne, crue",PROTEIN,"Protéines, N x 6.25 (g/100 g)",2.39,g,C,0.75,ANSES Ciqual 2025-11-03 — Valeur ajustée/calculée/imputée Ciqual
ING-PLANT-CHTAIGNE-000001,15024,"Châtaigne, crue",CARB,Glucides (g/100 g),36.8,g,C,0.75,ANSES Ciqual 2025-11-03 — Valeur ajustée/calculée/imputée Ciqual
ING-PLANT-CHTAIGNE-000001,15024,"Châtaigne, crue",SUGAR,Sucres (g/100 g),7.92,g,D,0.6,ANSES Ciqual 2025-11-03 — Valeur ajustée/calculée/imputée Ciqual
ING-PLANT-CHTAIGNE-000001,15024,"Châtaigne, crue",FIBER,Fibres alimentaires (g/100 g),8.1,g,C,0.75,"ANSES Ciqual 2025-11-03 — U.S. Department of Agriculture, Agricultural Research Service (2014). USDA National Nutrient Database for Standard Reference, Release 27. Nutrient Data Laboratory Home Page, http://www.ars.usda.gov/ba/bhnrc/ndl"
ING-PLANT-CHTAIGNE-000001,15024,"Châtaigne, crue",FAT,Lipides (g/100 g),1.76,g,C,0.75,"ANSES Ciqual 2025-11-03 — U.S. Department of Agriculture, Agricultural Research Service (2014). USDA National Nutrient Database for Standard Reference, Release 27. Nutrient Data Laboratory Home Page, http://www.ars.usda.gov/ba/bhnrc/ndl"
ING-PLANT-CHTAIGNE-000001,15024,"Châtaigne, crue",FAT_SAT,AG saturés (g/100 g),0.33,g,C,0.75,"ANSES Ciqual 2025-11-03 — U.S. Department of Agriculture, Agricultural Research Service (2014). USDA National Nutrient Database for Standard Reference, Release 27. Nutrient Data Laboratory Home Page, http://www.ars.usda.gov/ba/bhnrc/ndl"
ING-PLANT-PIGNONDEPIN-000001,15025,Pignon de pin,ENERC,"Energie, Règlement UE N° 1169/2011 (kJ/100 g)",2930.0,kJ,D,0.6,ANSES Ciqual 2025-11-03 — Valeur ajustée/calculée/imputée Ciqual
ING-PLANT-PIGNONDEPIN-000001,15025,Pignon de pin,ENERCKCAL,"Energie, Règlement UE N° 1169/2011 (kcal/100 g)",712.0,kcal,D,0.6,ANSES Ciqual 2025-11-03 — Valeur ajustée/calculée/imputée Ciqual
ING-PLANT-PIGNONDEPIN-000001,15025,Pignon de pin,WATER,Eau (g/100 g),2.45,g,A,0.95,ANSES Ciqual 2025-11-03 — Analyses Ciqual 2008 (2a)
ING-PLANT-PIGNONDEPIN-000001,15025,Pignon de pin,SALT,Sel chlorure de sodium (g/100 g),0.023,g,A,0.95,ANSES Ciqual 2025-11-03 — Analyses Ciqual 2008 (2a)
ING-PLANT-PIGNONDEPIN-000001,15025,Pignon de pin,NA,Sodium (mg/100 g),9.0,mg,A,0.95,ANSES Ciqual 2025-11-03 — Analyses Ciqual 2008 (2a)
ING-PLANT-PIGNONDEPIN-000001,15025,Pignon de pin,PROTEIN,"Protéines, N x 6.25 (g/100 g)",16.2,g,A,0.95,ANSES Ciqual 2025-11-03 — Valeur ajustée/calculée/imputée Ciqual
ING-PLANT-PIGNONDEPIN-000001,15025,Pignon de pin,CARB,Glucides (g/100 g),2.93,g,B,0.85,ANSES Ciqual 2025-11-03 — Valeur ajustée/calculée/imputée Ciqual
ING-PLANT-PIGNONDEPIN-000001,15025,Pignon de pin,SUGAR,Sucres (g/100 g),1.83,g,D,0.6,ANSES Ciqual 2025-11-03 — Valeur ajustée/calculée/imputée Ciqual
ING-PLANT-PIGNONDEPIN-000001,15025,Pignon de pin,FIBER,Fibres alimentaires (g/100 g),10.0,g,A,0.95,ANSES Ciqual 2025-11-03 — Analyses Ciqual 2008 (2a)
ING-PLANT-PIGNONDEPIN-000001,15025,Pignon de pin,FAT,Lipides (g/100 g),68.4,g,B,0.85,"ANSES Ciqual 2025-11-03 — U.S. Department of Agriculture, Agricultural Research Service (2014). USDA National Nutrient Database for Standard Reference, Release 27. Nutrient Data Laboratory Home Page, http://www.ars.usda.gov/ba/bhnrc/ndl"
ING-PLANT-PIGNONDEPIN-000001,15025,Pignon de pin,FAT_SAT,AG saturés (g/100 g),4.9,g,C,0.75,"ANSES Ciqual 2025-11-03 — U.S. Department of Agriculture, Agricultural Research Service (2014). USDA National Nutrient Database for Standard Reference, Release 27. Nutrient Data Laboratory Home Page, http://www.ars.usda.gov/ba/bhnrc/ndl"
ING-PLANT-GRAINEDEMOUT-000001,15029,"Graine germée de luzerne, crue",ENERC,"Energie, Règlement UE N° 1169/2011 (kJ/100 g)",122.0,kJ,D,0.6,ANSES Ciqual 2025-11-03 — Valeur ajustée/calculée/imputée Ciqual
ING-PLANT-GRAINEDEMOUT-000001,15029,"Graine germée de luzerne, crue",ENERCKCAL,"Energie, Règlement UE N° 1169/2011 (kcal/100 g)",29.2,kcal,D,0.6,ANSES Ciqual 2025-11-03 — Valeur ajustée/calculée/imputée Ciqual
ING-PLANT-GRAINEDEMOUT-000001,15029,"Graine germée de luzerne, crue",WATER,Eau (g/100 g),92.8,g,B,0.85,"ANSES Ciqual 2025-11-03 — U.S. Department of Agriculture, Agricultural Research Service (2014). USDA National Nutrient Database for Standard Reference, Release 27. Nutrient Data Laboratory Home Page, http://www.ars.usda.gov/ba/bhnrc/ndl"
ING-PLANT-GRAINEDEMOUT-000001,15029,"Graine germée de luzerne, crue",SALT,Sel chlorure de sodium (g/100 g),0.015,g,B,0.85,"ANSES Ciqual 2025-11-03 — U.S. Department of Agriculture, Agricultural Research Service (2014). USDA National Nutrient Database for Standard Reference, Release 27. Nutrient Data Laboratory Home Page, http://www.ars.usda.gov/ba/bhnrc/ndl"
ING-PLANT-GRAINEDEMOUT-000001,15029,"Graine germée de luzerne, crue",NA,Sodium (mg/100 g),6.0,mg,B,0.85,"ANSES Ciqual 2025-11-03 — U.S. Department of Agriculture, Agricultural Research Service (2014). USDA National Nutrient Database for Standard Reference, Release 27. Nutrient Data Laboratory Home Page, http://www.ars.usda.gov/ba/bhnrc/ndl"
ING-PLANT-GRAINEDEMOUT-000001,15029,"Graine germée de luzerne, crue",PROTEIN,"Protéines, N x 6.25 (g/100 g)",3.99,g,B,0.85,ANSES Ciqual 2025-11-03 — Valeur ajustée/calculée/imputée Ciqual
ING-PLANT-GRAINEDEMOUT-000001,15029,"Graine germée de luzerne, crue",CARB,Glucides (g/100 g),0.81,g,B,0.85,ANSES Ciqual 2025-11-03 — Valeur ajustée/calculée/imputée Ciqual
ING-PLANT-GRAINEDEMOUT-000001,15029,"Graine germée de luzerne, crue",SUGAR,Sucres (g/100 g),0.2,g,C,0.75,"ANSES Ciqual 2025-11-03 — U.S. Department of Agriculture, Agricultural Research Service (2014). USDA National Nutrient Database for Standard Reference, Release 27. Nutrient Data Laboratory Home Page, http://www.ars.usda.gov/ba/bhnrc/ndl"
ING-PLANT-GRAINEDEMOUT-000001,15029,"Graine germée de luzerne, crue",FIBER,Fibres alimentaires (g/100 g),1.9,g,C,0.75,"ANSES Ciqual 2025-11-03 — U.S. Department of Agriculture, Agricultural Research Service (2014). USDA National Nutrient Database for Standard Reference, Release 27. Nutrient Data Laboratory Home Page, http://www.ars.usda.gov/ba/bhnrc/ndl"
ING-PLANT-GRAINEDEMOUT-000001,15029,"Graine germée de luzerne, crue",FAT,Lipides (g/100 g),0.69,g,B,0.85,"ANSES Ciqual 2025-11-03 — U.S. Department of Agriculture, Agricultural Research Service (2014). USDA National Nutrient Database for Standard Reference, Release 27. Nutrient Data Laboratory Home Page, http://www.ars.usda.gov/ba/bhnrc/ndl"
ING-PLANT-GRAINEDEMOUT-000001,15029,"Graine germée de luzerne, crue",FAT_SAT,AG saturés (g/100 g),0.069,g,C,0.75,"ANSES Ciqual 2025-11-03 — U.S. Department of Agriculture, Agricultural Research Service (2014). USDA National Nutrient Database for Standard Reference, Release 27. Nutrient Data Laboratory Home Page, http://www.ars.usda.gov/ba/bhnrc/ndl"
ING-PLANT-GRAINEDELIN-000001,15034,"Lin, graine",ENERC,"Energie, Règlement UE N° 1169/2011 (kJ/100 g)",2180.0,kJ,D,0.6,ANSES Ciqual 2025-11-03 — Valeur ajustée/calculée/imputée Ciqual
ING-PLANT-GRAINEDELIN-000001,15034,"Lin, graine",ENERCKCAL,"Energie, Règlement UE N° 1169/2011 (kcal/100 g)",528.0,kcal,D,0.6,ANSES Ciqual 2025-11-03 — Valeur ajustée/calculée/imputée Ciqual
ING-PLANT-GRAINEDELIN-000001,15034,"Lin, graine",WATER,Eau (g/100 g),6.1,g,A,0.95,ANSES Ciqual 2025-11-03 — Analyses Ciqual 2020 (MS 1.1)
ING-PLANT-GRAINEDELIN-000001,15034,"Lin, graine",SALT,Sel chlorure de sodium (g/100 g),0.1,g,A,0.95,ANSES Ciqual 2025-11-03 — Analyses Ciqual 2020 (MS 1.1)
ING-PLANT-GRAINEDELIN-000001,15034,"Lin, graine",NA,Sodium (mg/100 g),40.0,mg,A,0.95,ANSES Ciqual 2025-11-03 — Analyses Ciqual 2020 (MS 1.1)
ING-PLANT-GRAINEDELIN-000001,15034,"Lin, graine",PROTEIN,"Protéines, N x 6.25 (g/100 g)",22.4,g,A,0.95,ANSES Ciqual 2025-11-03 — Valeur ajustée/calculée/imputée Ciqual
ING-PLANT-GRAINEDELIN-000001,15034,"Lin, graine",CARB,Glucides (g/100 g),6.49,g,B,0.85,ANSES Ciqual 2025-11-03 — Valeur ajustée/calculée/imputée Ciqual
ING-PLANT-GRAINEDELIN-000001,15034,"Lin, graine",SUGAR,Sucres (g/100 g),1.64,g,A,0.95,ANSES Ciqual 2025-11-03 — Analyses Ciqual 2020 (MS 1.1)
ING-PLANT-GRAINEDELIN-000001,15034,"Lin, graine",FIBER,Fibres alimentaires (g/100 g),24.4,g,A,0.95,ANSES Ciqual 2025-11-03 — Analyses Ciqual 2020 (MS 1.1)
ING-PLANT-GRAINEDELIN-000001,15034,"Lin, graine",FAT,Lipides (g/100 g),40.3,g,A,0.95,ANSES Ciqual 2025-11-03 — Analyses Ciqual 2020 (MS 1.1)
ING-PLANT-GRAINEDELIN-000001,15034,"Lin, graine",FAT_SAT,AG saturés (g/100 g),4.26,g,A,0.95,ANSES Ciqual 2025-11-03 — Analyses Ciqual 2020 (MS 1.1)
ING-PLANT-GRAINEDEPAVO-000001,15045,"Tournesol, graine, grillé, salé",ENERC,"Energie, Règlement UE N° 1169/2011 (kJ/100 g)",2590.0,kJ,D,0.6,ANSES Ciqual 2025-11-03 — Valeur ajustée/calculée/imputée Ciqual
ING-PLANT-GRAINEDEPAVO-000001,15045,"Tournesol, graine, grillé, salé",ENERCKCAL,"Energie, Règlement UE N° 1169/2011 (kcal/100 g)",626.0,kcal,D,0.6,ANSES Ciqual 2025-11-03 — Valeur ajustée/calculée/imputée Ciqual
ING-PLANT-GRAINEDEPAVO-000001,15045,"Tournesol, graine, grillé, salé",WATER,Eau (g/100 g),1.2,g,C,0.75,"ANSES Ciqual 2025-11-03 — U.S. Department of Agriculture, Agricultural Research Service (2014). USDA National Nutrient Database for Standard Reference, Release 27. Nutrient Data Laboratory Home Page, http://www.ars.usda.gov/ba/bhnrc/ndl"
ING-PLANT-GRAINEDEPAVO-000001,15045,"Tournesol, graine, grillé, salé",SALT,Sel chlorure de sodium (g/100 g),2.63,g,A,0.95,ANSES Ciqual 2025-11-03 — Oqali (2013). Etude du secteur des apéritifs à croquer
ING-PLANT-GRAINEDEPAVO-000001,15045,"Tournesol, graine, grillé, salé",NA,Sodium (mg/100 g),2000.0,mg,A,0.95,ANSES Ciqual 2025-11-03 — Oqali (2013). Etude du secteur des apéritifs à croquer
ING-PLANT-GRAINEDEPAVO-000001,15045,"Tournesol, graine, grillé, salé",PROTEIN,"Protéines, N x 6.25 (g/100 g)",25.0,g,A,0.95,ANSES Ciqual 2025-11-03 — Valeur ajustée/calculée/imputée Ciqual
ING-PLANT-GRAINEDEPAVO-000001,15045,"Tournesol, graine, grillé, salé",CARB,Glucides (g/100 g),12.7,g,B,0.85,ANSES Ciqual 2025-11-03 — Valeur ajustée/calculée/imputée Ciqual
ING-PLANT-GRAINEDEPAVO-000001,15045,"Tournesol, graine, grillé, salé",SUGAR,Sucres (g/100 g),3.3,g,A,0.95,ANSES Ciqual 2025-11-03 — Oqali (2013). Etude du secteur des apéritifs à croquer
ING-PLANT-GRAINEDEPAVO-000001,15045,"Tournesol, graine, grillé, salé",FIBER,Fibres alimentaires (g/100 g),8.3,g,A,0.95,ANSES Ciqual 2025-11-03 — Oqali (2013). Etude du secteur des apéritifs à croquer
ING-PLANT-GRAINEDEPAVO-000001,15045,"Tournesol, graine, grillé, salé",FAT,Lipides (g/100 g),51.0,g,A,0.95,ANSES Ciqual 2025-11-03 — Oqali (2013). Etude du secteur des apéritifs à croquer
ING-PLANT-GRAINEDEPAVO-000001,15045,"Tournesol, graine, grillé, salé",FAT_SAT,AG saturés (g/100 g),2.2,g,A,0.95,ANSES Ciqual 2025-11-03 — Oqali (2013). Etude du secteur des apéritifs à croquer
ING-PLANT-PCAN-000001,15046,"Noix de pécan, salées",ENERC,"Energie, Règlement UE N° 1169/2011 (kJ/100 g)",3010.0,kJ,D,0.6,ANSES Ciqual 2025-11-03 — Valeur ajustée/calculée/imputée Ciqual
ING-PLANT-PCAN-000001,15046,"Noix de pécan, salées",ENERCKCAL,"Energie, Règlement UE N° 1169/2011 (kcal/100 g)",731.0,kcal,D,0.6,ANSES Ciqual 2025-11-03 — Valeur ajustée/calculée/imputée Ciqual
ING-PLANT-PCAN-000001,15046,"Noix de pécan, salées",SALT,Sel chlorure de sodium (g/100 g),1.0,g,A,0.95,ANSES Ciqual 2025-11-03 — Extraction BDD Oqali au 07/02/2014
ING-PLANT-PCAN-000001,15046,"Noix de pécan, salées",NA,Sodium (mg/100 g),400.0,mg,A,0.95,ANSES Ciqual 2025-11-03 — Extraction BDD Oqali au 07/02/2014
ING-PLANT-PCAN-000001,15046,"Noix de pécan, salées",PROTEIN,"Protéines, N x 6.25 (g/100 g)",12.0,g,A,0.95,ANSES Ciqual 2025-11-03 — Valeur ajustée/calculée/imputée Ciqual
ING-PLANT-PCAN-000001,15046,"Noix de pécan, salées",CARB,Glucides (g/100 g),5.0,g,A,0.95,ANSES Ciqual 2025-11-03 — Valeur ajustée/calculée/imputée Ciqual
ING-PLANT-PCAN-000001,15046,"Noix de pécan, salées",SUGAR,Sucres (g/100 g),4.9,g,A,0.95,ANSES Ciqual 2025-11-03 — Extraction BDD Oqali au 07/02/2014
ING-PLANT-PCAN-000001,15046,"Noix de pécan, salées",FIBER,Fibres alimentaires (g/100 g),3.0,g,A,0.95,ANSES Ciqual 2025-11-03 — Extraction BDD Oqali au 07/02/2014
ING-PLANT-PCAN-000001,15046,"Noix de pécan, salées",FAT,Lipides (g/100 g),73.0,g,A,0.95,ANSES Ciqual 2025-11-03 — Extraction BDD Oqali au 07/02/2014
ING-PLANT-PCAN-000001,15046,"Noix de pécan, salées",FAT_SAT,AG saturés (g/100 g),7.1,g,A,0.95,ANSES Ciqual 2025-11-03 — Extraction BDD Oqali au 07/02/2014
ING-PLANT-GRAINEDECHIA-000001,15047,"Chia, graine, séchée",ENERC,"Energie, Règlement UE N° 1169/2011 (kJ/100 g)",1880.0,kJ,D,0.6,ANSES Ciqual 2025-11-03 — Valeur ajustée/calculée/imputée Ciqual
ING-PLANT-GRAINEDECHIA-000001,15047,"Chia, graine, séchée",ENERCKCAL,"Energie, Règlement UE N° 1169/2011 (kcal/100 g)",454.0,kcal,D,0.6,ANSES Ciqual 2025-11-03 — Valeur ajustée/calculée/imputée Ciqual
ING-PLANT-GRAINEDECHIA-000001,15047,"Chia, graine, séchée",WATER,Eau (g/100 g),5.8,g,B,0.85,"ANSES Ciqual 2025-11-03 — U.S. Department of Agriculture, Agricultural Research Service (2014). USDA National Nutrient Database for Standard Reference, Release 27. Nutrient Data Laboratory Home Page, http://www.ars.usda.gov/ba/bhnrc/ndl"
ING-PLANT-GRAINEDECHIA-000001,15047,"Chia, graine, séchée",SALT,Sel chlorure de sodium (g/100 g),0.04,g,C,0.75,"ANSES Ciqual 2025-11-03 — U.S. Department of Agriculture, Agricultural Research Service (2014). USDA National Nutrient Database for Standard Reference, Release 27. Nutrient Data Laboratory Home Page, http://www.ars.usda.gov/ba/bhnrc/ndl"
ING-PLANT-GRAINEDECHIA-000001,15047,"Chia, graine, séchée",NA,Sodium (mg/100 g),16.0,mg,C,0.75,"ANSES Ciqual 2025-11-03 — U.S. Department of Agriculture, Agricultural Research Service (2014). USDA National Nutrient Database for Standard Reference, Release 27. Nutrient Data Laboratory Home Page, http://www.ars.usda.gov/ba/bhnrc/ndl"
ING-PLANT-GRAINEDECHIA-000001,15047,"Chia, graine, séchée",PROTEIN,"Protéines, N x 6.25 (g/100 g)",19.5,g,B,0.85,ANSES Ciqual 2025-11-03 — Valeur ajustée/calculée/imputée Ciqual
ING-PLANT-GRAINEDECHIA-000001,15047,"Chia, graine, séchée",CARB,Glucides (g/100 g),7.72,g,B,0.85,ANSES Ciqual 2025-11-03 — Valeur ajustée/calculée/imputée Ciqual
ING-PLANT-GRAINEDECHIA-000001,15047,"Chia, graine, séchée",FIBER,Fibres alimentaires (g/100 g),34.4,g,C,0.75,"ANSES Ciqual 2025-11-03 — U.S. Department of Agriculture, Agricultural Research Service (2014). USDA National Nutrient Database for Standard Reference, Release 27. Nutrient Data Laboratory Home Page, http://www.ars.usda.gov/ba/bhnrc/ndl"
ING-PLANT-GRAINEDECHIA-000001,15047,"Chia, graine, séchée",FAT,Lipides (g/100 g),30.7,g,B,0.85,"ANSES Ciqual 2025-11-03 — U.S. Department of Agriculture, Agricultural Research Service (2014). USDA National Nutrient Database for Standard Reference, Release 27. Nutrient Data Laboratory Home Page, http://www.ars.usda.gov/ba/bhnrc/ndl"
ING-PLANT-GRAINEDECHIA-000001,15047,"Chia, graine, séchée",FAT_SAT,AG saturés (g/100 g),3.33,g,C,0.75,"ANSES Ciqual 2025-11-03 — U.S. Department of Agriculture, Agricultural Research Service (2014). USDA National Nutrient Database for Standard Reference, Release 27. Nutrient Data Laboratory Home Page, http://www.ars.usda.gov/ba/bhnrc/ndl"
ING-PLANT-GRAINEDECOUR-000001,15064,"Courge, graine, séchée",ENERC,"Energie, Règlement UE N° 1169/2011 (kJ/100 g)",2560.0,kJ,D,0.6,ANSES Ciqual 2025-11-03 — Valeur ajustée/calculée/imputée Ciqual
ING-PLANT-GRAINEDECOUR-000001,15064,"Courge, graine, séchée",ENERCKCAL,"Energie, Règlement UE N° 1169/2011 (kcal/100 g)",618.0,kcal,D,0.6,ANSES Ciqual 2025-11-03 — Valeur ajustée/calculée/imputée Ciqual
ING-PLANT-GRAINEDECOUR-000001,15064,"Courge, graine, séchée",WATER,Eau (g/100 g),5.23,g,C,0.75,"ANSES Ciqual 2025-11-03 — U.S. Department of Agriculture, Agricultural Research Service, Nutrient Data Laboratory. USDA National Nutrient database for Standard Reference, Legacy. April 2018. http://www.ars.usda.gov/nutrientdata"
ING-PLANT-GRAINEDECOUR-000001,15064,"Courge, graine, séchée",SALT,Sel chlorure de sodium (g/100 g),0.018,g,C,0.75,"ANSES Ciqual 2025-11-03 — U.S. Department of Agriculture, Agricultural Research Service, Nutrient Data Laboratory. USDA National Nutrient database for Standard Reference, Legacy. April 2018. http://www.ars.usda.gov/nutrientdata"
ING-PLANT-GRAINEDECOUR-000001,15064,"Courge, graine, séchée",NA,Sodium (mg/100 g),7.0,mg,C,0.75,"ANSES Ciqual 2025-11-03 — U.S. Department of Agriculture, Agricultural Research Service, Nutrient Data Laboratory. USDA National Nutrient database for Standard Reference, Legacy. April 2018. http://www.ars.usda.gov/nutrientdata"
ING-PLANT-GRAINEDECOUR-000001,15064,"Courge, graine, séchée",PROTEIN,"Protéines, N x 6.25 (g/100 g)",35.6,g,C,0.75,ANSES Ciqual 2025-11-03 — Valeur ajustée/calculée/imputée Ciqual
ING-PLANT-GRAINEDECOUR-000001,15064,"Courge, graine, séchée",CARB,Glucides (g/100 g),5.39,g,C,0.75,ANSES Ciqual 2025-11-03 — Valeur ajustée/calculée/imputée Ciqual
ING-PLANT-GRAINEDECOUR-000001,15064,"Courge, graine, séchée",SUGAR,Sucres (g/100 g),1.4,g,C,0.75,"ANSES Ciqual 2025-11-03 — U.S. Department of Agriculture, Agricultural Research Service, Nutrient Data Laboratory. USDA National Nutrient database for Standard Reference, Legacy. April 2018. http://www.ars.usda.gov/nutrientdata"
ING-PLANT-GRAINEDECOUR-000001,15064,"Courge, graine, séchée",FIBER,Fibres alimentaires (g/100 g),6.0,g,C,0.75,"ANSES Ciqual 2025-11-03 — U.S. Department of Agriculture, Agricultural Research Service, Nutrient Data Laboratory. USDA National Nutrient database for Standard Reference, Legacy. April 2018. http://www.ars.usda.gov/nutrientdata"
ING-PLANT-GRAINEDECOUR-000001,15064,"Courge, graine, séchée",FAT,Lipides (g/100 g),49.1,g,C,0.75,"ANSES Ciqual 2025-11-03 — U.S. Department of Agriculture, Agricultural Research Service, Nutrient Data Laboratory. USDA National Nutrient database for Standard Reference, Legacy. April 2018. http://www.ars.usda.gov/nutrientdata"
ING-PLANT-GRAINEDECOUR-000001,15064,"Courge, graine, séchée",FAT_SAT,AG saturés (g/100 g),8.66,g,C,0.75,"ANSES Ciqual 2025-11-03 — U.S. Department of Agriculture, Agricultural Research Service, Nutrient Data Laboratory. USDA National Nutrient database for Standard Reference, Legacy. April 2018. http://www.ars.usda.gov/nutrientdata"
ING-DAIRY-BEURREDOUX-000001,16400,"Beurre à 80% MG minimum, doux",ENERC,"Energie, Règlement UE N° 1169/2011 (kJ/100 g)",3100.0,kJ,D,0.6,ANSES Ciqual 2025-11-03 — Valeur ajustée/calculée/imputée Ciqual
ING-DAIRY-BEURREDOUX-000001,16400,"Beurre à 80% MG minimum, doux",ENERCKCAL,"Energie, Règlement UE N° 1169/2011 (kcal/100 g)",753.0,kcal,D,0.6,ANSES Ciqual 2025-11-03 — Valeur ajustée/calculée/imputée Ciqual
ING-DAIRY-BEURREDOUX-000001,16400,"Beurre à 80% MG minimum, doux",WATER,Eau (g/100 g),15.4,g,A,0.95,ANSES Ciqual 2025-11-03 — Analyses Ciqual 2021 (MS 1.4)
ING-DAIRY-BEURREDOUX-000001,16400,"Beurre à 80% MG minimum, doux",SALT,Sel chlorure de sodium (g/100 g),0.035,g,A,0.95,ANSES Ciqual 2025-11-03 — Analyses Ciqual 2021 (MS 1.4)
ING-DAIRY-BEURREDOUX-000001,16400,"Beurre à 80% MG minimum, doux",NA,Sodium (mg/100 g),14.0,mg,A,0.95,ANSES Ciqual 2025-11-03 — Analyses Ciqual 2021 (MS 1.4)
ING-DAIRY-BEURREDOUX-000001,16400,"Beurre à 80% MG minimum, doux",PROTEIN,"Protéines, N x 6.25 (g/100 g)",0.63,g,A,0.95,ANSES Ciqual 2025-11-03 — Valeur ajustée/calculée/imputée Ciqual
ING-DAIRY-BEURREDOUX-000001,16400,"Beurre à 80% MG minimum, doux",CARB,Glucides (g/100 g),0.71,g,A,0.95,ANSES Ciqual 2025-11-03 — Valeur ajustée/calculée/imputée Ciqual
ING-DAIRY-BEURREDOUX-000001,16400,"Beurre à 80% MG minimum, doux",SUGAR,Sucres (g/100 g),0.71,g,D,0.6,ANSES Ciqual 2025-11-03 — Valeur ajustée/calculée/imputée Ciqual
ING-DAIRY-BEURREDOUX-000001,16400,"Beurre à 80% MG minimum, doux",FIBER,Fibres alimentaires (g/100 g),0.0,g,A,0.95,ANSES Ciqual 2025-11-03 — Analyses Ciqual 2017 (MS 2.6)
ING-DAIRY-BEURREDOUX-000001,16400,"Beurre à 80% MG minimum, doux",FAT,Lipides (g/100 g),83.0,g,A,0.95,ANSES Ciqual 2025-11-03 — Analyses Ciqual 2021 (MS 1.4)
ING-DAIRY-BEURREDOUX-000001,16400,"Beurre à 80% MG minimum, doux",FAT_SAT,AG saturés (g/100 g),60.0,g,A,0.95,ANSES Ciqual 2025-11-03 — Analyses Ciqual 2021 (MS 1.4)
ING-PLANT-ARACHIDE-000001,17040,Huile d'arachide,ENERC,"Energie, Règlement UE N° 1169/2011 (kJ/100 g)",3700.0,kJ,D,0.6,ANSES Ciqual 2025-11-03 — Valeur ajustée/calculée/imputée Ciqual
ING-PLANT-ARACHIDE-000001,17040,Huile d'arachide,ENERCKCAL,"Energie, Règlement UE N° 1169/2011 (kcal/100 g)",899.0,kcal,D,0.6,ANSES Ciqual 2025-11-03 — Valeur ajustée/calculée/imputée Ciqual
ING-PLANT-ARACHIDE-000001,17040,Huile d'arachide,WATER,Eau (g/100 g),0.08,g,A,0.95,ANSES Ciqual 2025-11-03 — Analyses Ciqual 2017 (MS 2.4)
ING-PLANT-ARACHIDE-000001,17040,Huile d'arachide,PROTEIN,"Protéines, N x 6.25 (g/100 g)",0.25,g,A,0.95,ANSES Ciqual 2025-11-03 — Valeur ajustée/calculée/imputée Ciqual
ING-PLANT-ARACHIDE-000001,17040,Huile d'arachide,CARB,Glucides (g/100 g),0.0,g,A,0.95,ANSES Ciqual 2025-11-03 — Valeur ajustée/calculée/imputée Ciqual
ING-PLANT-ARACHIDE-000001,17040,Huile d'arachide,SUGAR,Sucres (g/100 g),0.0,g,C,0.75,"ANSES Ciqual 2025-11-03 — Données industrielles françaises (2014)-U.S. Department of Agriculture, Agricultural Research Service (2014). USDA National Nutrient Database for Standard Reference, Release 27. Nutrient Data Laboratory Home Page, http://www.ars.usda.gov/ba/bhnrc/ndl"
ING-PLANT-ARACHIDE-000001,17040,Huile d'arachide,FIBER,Fibres alimentaires (g/100 g),0.0,g,C,0.75,"ANSES Ciqual 2025-11-03 — Données industrielles françaises (2014)-U.S. Department of Agriculture, Agricultural Research Service (2014). USDA National Nutrient Database for Standard Reference, Release 27. Nutrient Data Laboratory Home Page, http://www.ars.usda.gov/ba/bhnrc/ndl"
ING-PLANT-ARACHIDE-000001,17040,Huile d'arachide,FAT,Lipides (g/100 g),99.9,g,A,0.95,ANSES Ciqual 2025-11-03 — Analyses Ciqual 2017 (MS 2.4)
ING-PLANT-ARACHIDE-000001,17040,Huile d'arachide,FAT_SAT,AG saturés (g/100 g),16.2,g,A,0.95,ANSES Ciqual 2025-11-03 — Analyses Ciqual 2017 (MS 2.4)
ING-TECH-HUILEDOLIVE-000001,17270,Huile d'olive vierge extra,ENERC,"Energie, Règlement UE N° 1169/2011 (kJ/100 g)",3700.0,kJ,D,0.6,ANSES Ciqual 2025-11-03 — Valeur ajustée/calculée/imputée Ciqual
ING-TECH-HUILEDOLIVE-000001,17270,Huile d'olive vierge extra,ENERCKCAL,"Energie, Règlement UE N° 1169/2011 (kcal/100 g)",899.0,kcal,D,0.6,ANSES Ciqual 2025-11-03 — Valeur ajustée/calculée/imputée Ciqual
ING-TECH-HUILEDOLIVE-000001,17270,Huile d'olive vierge extra,WATER,Eau (g/100 g),0.1,g,A,0.95,ANSES Ciqual 2025-11-03 — Analyses Ciqual 2019 (MS 2.10)
ING-TECH-HUILEDOLIVE-000001,17270,Huile d'olive vierge extra,PROTEIN,"Protéines, N x 6.25 (g/100 g)",0.25,g,A,0.95,ANSES Ciqual 2025-11-03 — Valeur ajustée/calculée/imputée Ciqual
ING-TECH-HUILEDOLIVE-000001,17270,Huile d'olive vierge extra,SUGAR,Sucres (g/100 g),0.0,g,C,0.75,"ANSES Ciqual 2025-11-03 — Données industrielles françaises (2014)-U.S. Department of Agriculture, Agricultural Research Service (2014). USDA National Nutrient Database for Standard Reference, Release 27. Nutrient Data Laboratory Home Page, http://www.ars.usda.gov/ba/bhnrc/ndl"
ING-TECH-HUILEDOLIVE-000001,17270,Huile d'olive vierge extra,FIBER,Fibres alimentaires (g/100 g),0.0,g,C,0.75,"ANSES Ciqual 2025-11-03 — Données industrielles françaises (2014)-U.S. Department of Agriculture, Agricultural Research Service (2014). USDA National Nutrient Database for Standard Reference, Release 27. Nutrient Data Laboratory Home Page, http://www.ars.usda.gov/ba/bhnrc/ndl"
ING-TECH-HUILEDOLIVE-000001,17270,Huile d'olive vierge extra,FAT,Lipides (g/100 g),99.9,g,A,0.95,ANSES Ciqual 2025-11-03 — Analyses Ciqual 2019 (MS 2.10)
ING-TECH-HUILEDOLIVE-000001,17270,Huile d'olive vierge extra,FAT_SAT,AG saturés (g/100 g),15.2,g,A,0.95,ANSES Ciqual 2025-11-03 — Analyses Ciqual 2019 (MS 2.10)
ING-DAIRY-LAITENTIER-000001,19000,"Lait de grand mélange, en vrac",ENERC,"Energie, Règlement UE N° 1169/2011 (kJ/100 g)",269.0,kJ,D,0.6,ANSES Ciqual 2025-11-03 — Valeur ajustée/calculée/imputée Ciqual
ING-DAIRY-LAITENTIER-000001,19000,"Lait de grand mélange, en vrac",ENERCKCAL,"Energie, Règlement UE N° 1169/2011 (kcal/100 g)",64.4,kcal,D,0.6,ANSES Ciqual 2025-11-03 — Valeur ajustée/calculée/imputée Ciqual
ING-DAIRY-LAITENTIER-000001,19000,"Lait de grand mélange, en vrac",WATER,Eau (g/100 g),87.7,g,C,0.75,"ANSES Ciqual 2025-11-03 — U.S. Department of Agriculture, Agricultural Research Service (2014). USDA National Nutrient Database for Standard Reference, Release 27. Nutrient Data Laboratory Home Page, http://www.ars.usda.gov/ba/bhnrc/ndl"
ING-DAIRY-LAITENTIER-000001,19000,"Lait de grand mélange, en vrac",SALT,Sel chlorure de sodium (g/100 g),0.12,g,C,0.75,"ANSES Ciqual 2025-11-03 — U.S. Department of Agriculture, Agricultural Research Service (2014). USDA National Nutrient Database for Standard Reference, Release 27. Nutrient Data Laboratory Home Page, http://www.ars.usda.gov/ba/bhnrc/ndl"
ING-DAIRY-LAITENTIER-000001,19000,"Lait de grand mélange, en vrac",NA,Sodium (mg/100 g),49.0,mg,C,0.75,"ANSES Ciqual 2025-11-03 — U.S. Department of Agriculture, Agricultural Research Service (2014). USDA National Nutrient Database for Standard Reference, Release 27. Nutrient Data Laboratory Home Page, http://www.ars.usda.gov/ba/bhnrc/ndl"
ING-DAIRY-LAITENTIER-000001,19000,"Lait de grand mélange, en vrac",PROTEIN,"Protéines, N x 6.25 (g/100 g)",3.21,g,C,0.75,ANSES Ciqual 2025-11-03 — Valeur ajustée/calculée/imputée Ciqual
ING-DAIRY-LAITENTIER-000001,19000,"Lait de grand mélange, en vrac",CARB,Glucides (g/100 g),4.65,g,C,0.75,ANSES Ciqual 2025-11-03 — Valeur ajustée/calculée/imputée Ciqual
ING-DAIRY-LAITENTIER-000001,19000,"Lait de grand mélange, en vrac",FIBER,Fibres alimentaires (g/100 g),0.0,g,C,0.75,"ANSES Ciqual 2025-11-03 — U.S. Department of Agriculture, Agricultural Research Service (2014). USDA National Nutrient Database for Standard Reference, Release 27. Nutrient Data Laboratory Home Page, http://www.ars.usda.gov/ba/bhnrc/ndl"
ING-DAIRY-LAITENTIER-000001,19000,"Lait de grand mélange, en vrac",FAT,Lipides (g/100 g),3.66,g,C,0.75,"ANSES Ciqual 2025-11-03 — U.S. Department of Agriculture, Agricultural Research Service (2014). USDA National Nutrient Database for Standard Reference, Release 27. Nutrient Data Laboratory Home Page, http://www.ars.usda.gov/ba/bhnrc/ndl"
ING-DAIRY-LAITENTIER-000001,19000,"Lait de grand mélange, en vrac",FAT_SAT,AG saturés (g/100 g),2.28,g,C,0.75,"ANSES Ciqual 2025-11-03 — U.S. Department of Agriculture, Agricultural Research Service (2014). USDA National Nutrient Database for Standard Reference, Release 27. Nutrient Data Laboratory Home Page, http://www.ars.usda.gov/ba/bhnrc/ndl"
ING-PLANT-BETTE-000001,20004,"Bette ou blette, côte (sans feuille), crue",ENERC,"Energie, Règlement UE N° 1169/2011 (kJ/100 g)",53.5,kJ,D,0.6,ANSES Ciqual 2025-11-03 — Valeur ajustée/calculée/imputée Ciqual
ING-PLANT-BETTE-000001,20004,"Bette ou blette, côte (sans feuille), crue",ENERCKCAL,"Energie, Règlement UE N° 1169/2011 (kcal/100 g)",12.8,kcal,D,0.6,ANSES Ciqual 2025-11-03 — Valeur ajustée/calculée/imputée Ciqual
ING-PLANT-BETTE-000001,20004,"Bette ou blette, côte (sans feuille), crue",WATER,Eau (g/100 g),95.4,g,A,0.95,ANSES Ciqual 2025-11-03 — Analyses Ciqual 2016 (MS 2.1)
ING-PLANT-BETTE-000001,20004,"Bette ou blette, côte (sans feuille), crue",SALT,Sel chlorure de sodium (g/100 g),0.57,g,A,0.95,ANSES Ciqual 2025-11-03 — Analyses Ciqual 2016 (MS 2.1)
ING-PLANT-BETTE-000001,20004,"Bette ou blette, côte (sans feuille), crue",PROTEIN,"Protéines, N x 6.25 (g/100 g)",1.0,g,A,0.95,ANSES Ciqual 2025-11-03 — Valeur ajustée/calculée/imputée Ciqual
ING-PLANT-BETTE-000001,20004,"Bette ou blette, côte (sans feuille), crue",CARB,Glucides (g/100 g),1.63,g,A,0.95,ANSES Ciqual 2025-11-03 — Valeur ajustée/calculée/imputée Ciqual
ING-PLANT-BETTE-000001,20004,"Bette ou blette, côte (sans feuille), crue",SUGAR,Sucres (g/100 g),1.2,g,A,0.95,ANSES Ciqual 2025-11-03 — Analyses Ciqual 2016 (MS 2.1)
ING-PLANT-BETTE-000001,20004,"Bette ou blette, côte (sans feuille), crue",FIBER,Fibres alimentaires (g/100 g),1.8,g,A,0.95,ANSES Ciqual 2025-11-03 — Analyses Ciqual 2016 (MS 2.1)
ING-PLANT-CAROTTE-000001,20009,"Carotte, crue",ENERC,"Energie, Règlement UE N° 1169/2011 (kJ/100 g)",127.0,kJ,D,0.6,ANSES Ciqual 2025-11-03 — Valeur ajustée/calculée/imputée Ciqual
ING-PLANT-CAROTTE-000001,20009,"Carotte, crue",ENERCKCAL,"Energie, Règlement UE N° 1169/2011 (kcal/100 g)",30.2,kcal,D,0.6,ANSES Ciqual 2025-11-03 — Valeur ajustée/calculée/imputée Ciqual
ING-PLANT-CAROTTE-000001,20009,"Carotte, crue",WATER,Eau (g/100 g),90.0,g,A,0.95,ANSES Ciqual 2025-11-03 — Analyses Ciqual 2020 (MS 1.3)
ING-PLANT-CAROTTE-000001,20009,"Carotte, crue",SALT,Sel chlorure de sodium (g/100 g),0.12,g,A,0.95,ANSES Ciqual 2025-11-03 — Analyses Ciqual 2020 (MS 1.3)
ING-PLANT-CAROTTE-000001,20009,"Carotte, crue",NA,Sodium (mg/100 g),49.0,mg,A,0.95,ANSES Ciqual 2025-11-03 — Analyses Ciqual 2020 (MS 1.3)
ING-PLANT-CAROTTE-000001,20009,"Carotte, crue",PROTEIN,"Protéines, N x 6.25 (g/100 g)",0.78,g,A,0.95,ANSES Ciqual 2025-11-03 — Valeur ajustée/calculée/imputée Ciqual
ING-PLANT-CAROTTE-000001,20009,"Carotte, crue",CARB,Glucides (g/100 g),5.16,g,A,0.95,ANSES Ciqual 2025-11-03 — Valeur ajustée/calculée/imputée Ciqual
ING-PLANT-CAROTTE-000001,20009,"Carotte, crue",SUGAR,Sucres (g/100 g),4.85,g,A,0.95,ANSES Ciqual 2025-11-03 — Analyses Ciqual 2020 (MS 1.3)
ING-PLANT-CAROTTE-000001,20009,"Carotte, crue",FIBER,Fibres alimentaires (g/100 g),2.9,g,A,0.95,ANSES Ciqual 2025-11-03 — Analyses Ciqual 2020 (MS 1.3)
ING-PLANT-CHOUROUGE-000001,20014,"Chou rouge, cru",ENERC,"Energie, Règlement UE N° 1169/2011 (kJ/100 g)",111.0,kJ,D,0.6,ANSES Ciqual 2025-11-03 — Valeur ajustée/calculée/imputée Ciqual
ING-PLANT-CHOUROUGE-000001,20014,"Chou rouge, cru",ENERCKCAL,"Energie, Règlement UE N° 1169/2011 (kcal/100 g)",26.4,kcal,D,0.6,ANSES Ciqual 2025-11-03 — Valeur ajustée/calculée/imputée Ciqual
ING-PLANT-CHOUROUGE-000001,20014,"Chou rouge, cru",WATER,Eau (g/100 g),90.7,g,A,0.95,ANSES Ciqual 2025-11-03 — Analyses Ciqual-Aprifel 2017 (MS 2.5)
ING-PLANT-CHOUROUGE-000001,20014,"Chou rouge, cru",SALT,Sel chlorure de sodium (g/100 g),0.035,g,A,0.95,ANSES Ciqual 2025-11-03 — Analyses Ciqual-Aprifel 2017 (MS 2.5)
ING-PLANT-CHOUROUGE-000001,20014,"Chou rouge, cru",NA,Sodium (mg/100 g),14.0,mg,A,0.95,ANSES Ciqual 2025-11-03 — Analyses Ciqual-Aprifel 2017 (MS 2.5)
ING-PLANT-CHOUROUGE-000001,20014,"Chou rouge, cru",PROTEIN,"Protéines, N x 6.25 (g/100 g)",1.13,g,A,0.95,ANSES Ciqual 2025-11-03 — Valeur ajustée/calculée/imputée Ciqual
ING-PLANT-CHOUROUGE-000001,20014,"Chou rouge, cru",CARB,Glucides (g/100 g),4.33,g,A,0.95,ANSES Ciqual 2025-11-03 — Valeur ajustée/calculée/imputée Ciqual
ING-PLANT-CHOUROUGE-000001,20014,"Chou rouge, cru",SUGAR,Sucres (g/100 g),3.9,g,A,0.95,ANSES Ciqual 2025-11-03 — Analyses Ciqual-Aprifel 2017 (MS 2.5)
ING-PLANT-CHOUROUGE-000001,20014,"Chou rouge, cru",FIBER,Fibres alimentaires (g/100 g),2.8,g,A,0.95,ANSES Ciqual 2025-11-03 — Analyses Ciqual-Aprifel 2017 (MS 2.5)
ING-PLANT-CHOUFLEUR-000001,20016,"Chou-fleur, cru",ENERC,"Energie, Règlement UE N° 1169/2011 (kJ/100 g)",104.0,kJ,D,0.6,ANSES Ciqual 2025-11-03 — Valeur ajustée/calculée/imputée Ciqual
ING-PLANT-CHOUFLEUR-000001,20016,"Chou-fleur, cru",ENERCKCAL,"Energie, Règlement UE N° 1169/2011 (kcal/100 g)",24.9,kcal,D,0.6,ANSES Ciqual 2025-11-03 — Valeur ajustée/calculée/imputée Ciqual
ING-PLANT-CHOUFLEUR-000001,20016,"Chou-fleur, cru",WATER,Eau (g/100 g),92.9,g,A,0.95,ANSES Ciqual 2025-11-03 — Analyses Ciqual-Aprifel 2017 (MS 2.5)
ING-PLANT-CHOUFLEUR-000001,20016,"Chou-fleur, cru",SALT,Sel chlorure de sodium (g/100 g),0.015,g,A,0.95,ANSES Ciqual 2025-11-03 — Analyses Ciqual-Aprifel 2017 (MS 2.5)
ING-PLANT-CHOUFLEUR-000001,20016,"Chou-fleur, cru",NA,Sodium (mg/100 g),6.0,mg,A,0.95,ANSES Ciqual 2025-11-03 — Analyses Ciqual-Aprifel 2017 (MS 2.5)
ING-PLANT-CHOUFLEUR-000001,20016,"Chou-fleur, cru",PROTEIN,"Protéines, N x 6.25 (g/100 g)",1.81,g,A,0.95,ANSES Ciqual 2025-11-03 — Valeur ajustée/calculée/imputée Ciqual
ING-PLANT-CHOUFLEUR-000001,20016,"Chou-fleur, cru",CARB,Glucides (g/100 g),2.13,g,A,0.95,ANSES Ciqual 2025-11-03 — Valeur ajustée/calculée/imputée Ciqual
ING-PLANT-CHOUFLEUR-000001,20016,"Chou-fleur, cru",SUGAR,Sucres (g/100 g),1.7,g,A,0.95,ANSES Ciqual 2025-11-03 — Analyses Ciqual-Aprifel 2017 (MS 2.5)
ING-PLANT-CHOUFLEUR-000001,20016,"Chou-fleur, cru",FIBER,Fibres alimentaires (g/100 g),2.2,g,A,0.95,ANSES Ciqual 2025-11-03 — Analyses Ciqual-Aprifel 2017 (MS 2.5)
ING-PLANT-CHOUFLEUR-000001,20016,"Chou-fleur, cru",FAT,Lipides (g/100 g),0.7,g,A,0.95,ANSES Ciqual 2025-11-03 — Analyses Ciqual-Aprifel 2017 (MS 2.5)
ING-PLANT-CHOUFLEUR-000001,20016,"Chou-fleur, cru",FAT_SAT,AG saturés (g/100 g),0.24,g,A,0.95,ANSES Ciqual 2025-11-03 — Analyses Ciqual-Aprifel 2017 (MS 2.5)
ING-PLANT-CONCOMBRE-000001,20019,"Concombre, chair et peau, cru",ENERC,"Energie, Règlement UE N° 1169/2011 (kJ/100 g)",71.0,kJ,D,0.6,ANSES Ciqual 2025-11-03 — Valeur ajustée/calculée/imputée Ciqual
ING-PLANT-CONCOMBRE-000001,20019,"Concombre, chair et peau, cru",ENERCKCAL,"Energie, Règlement UE N° 1169/2011 (kcal/100 g)",16.8,kcal,D,0.6,ANSES Ciqual 2025-11-03 — Valeur ajustée/calculée/imputée Ciqual
ING-PLANT-CONCOMBRE-000001,20019,"Concombre, chair et peau, cru",WATER,Eau (g/100 g),95.2,g,C,0.75,"ANSES Ciqual 2025-11-03 — U.S. Department of Agriculture, Agricultural Research Service (2014). USDA National Nutrient Database for Standard Reference, Release 27. Nutrient Data Laboratory Home Page, http://www.ars.usda.gov/ba/bhnrc/ndl"
ING-PLANT-CONCOMBRE-000001,20019,"Concombre, chair et peau, cru",SALT,Sel chlorure de sodium (g/100 g),0.012,g,A,0.95,"ANSES Ciqual 2025-11-03 — Etude de l'alimentation totale, 2e édition, 2009"
ING-PLANT-CONCOMBRE-000001,20019,"Concombre, chair et peau, cru",NA,Sodium (mg/100 g),4.8,mg,A,0.95,"ANSES Ciqual 2025-11-03 — Etude de l'alimentation totale, 2e édition, 2009"
ING-PLANT-CONCOMBRE-000001,20019,"Concombre, chair et peau, cru",PROTEIN,"Protéines, N x 6.25 (g/100 g)",0.65,g,B,0.85,ANSES Ciqual 2025-11-03 — Valeur ajustée/calculée/imputée Ciqual
ING-PLANT-CONCOMBRE-000001,20019,"Concombre, chair et peau, cru",CARB,Glucides (g/100 g),2.87,g,C,0.75,ANSES Ciqual 2025-11-03 — Valeur ajustée/calculée/imputée Ciqual
ING-PLANT-CONCOMBRE-000001,20019,"Concombre, chair et peau, cru",SUGAR,Sucres (g/100 g),1.67,g,C,0.75,"ANSES Ciqual 2025-11-03 — U.S. Department of Agriculture, Agricultural Research Service (2014). USDA National Nutrient Database for Standard Reference, Release 27. Nutrient Data Laboratory Home Page, http://www.ars.usda.gov/ba/bhnrc/ndl"
ING-PLANT-CONCOMBRE-000001,20019,"Concombre, chair et peau, cru",FIBER,Fibres alimentaires (g/100 g),0.5,g,C,0.75,"ANSES Ciqual 2025-11-03 — U.S. Department of Agriculture, Agricultural Research Service (2014). USDA National Nutrient Database for Standard Reference, Release 27. Nutrient Data Laboratory Home Page, http://www.ars.usda.gov/ba/bhnrc/ndl"
ING-PLANT-CONCOMBRE-000001,20019,"Concombre, chair et peau, cru",FAT,Lipides (g/100 g),0.11,g,B,0.85,"ANSES Ciqual 2025-11-03 — U.S. Department of Agriculture, Agricultural Research Service (2014). USDA National Nutrient Database for Standard Reference, Release 27. Nutrient Data Laboratory Home Page, http://www.ars.usda.gov/ba/bhnrc/ndl"
ING-PLANT-CONCOMBRE-000001,20019,"Concombre, chair et peau, cru",FAT_SAT,AG saturés (g/100 g),0.037,g,C,0.75,"ANSES Ciqual 2025-11-03 — U.S. Department of Agriculture, Agricultural Research Service (2014). USDA National Nutrient Database for Standard Reference, Release 27. Nutrient Data Laboratory Home Page, http://www.ars.usda.gov/ba/bhnrc/ndl"
ING-PLANT-CRESSON-000001,20022,"Cresson de fontaine, cru",ENERC,"Energie, Règlement UE N° 1169/2011 (kJ/100 g)",65.7,kJ,D,0.6,ANSES Ciqual 2025-11-03 — Valeur ajustée/calculée/imputée Ciqual
ING-PLANT-CRESSON-000001,20022,"Cresson de fontaine, cru",ENERCKCAL,"Energie, Règlement UE N° 1169/2011 (kcal/100 g)",15.5,kcal,D,0.6,ANSES Ciqual 2025-11-03 — Valeur ajustée/calculée/imputée Ciqual
ING-PLANT-CRESSON-000001,20022,"Cresson de fontaine, cru",WATER,Eau (g/100 g),95.1,g,C,0.75,"ANSES Ciqual 2025-11-03 — U.S. Department of Agriculture, Agricultural Research Service (2014). USDA National Nutrient Database for Standard Reference, Release 27. Nutrient Data Laboratory Home Page, http://www.ars.usda.gov/ba/bhnrc/ndl"
ING-PLANT-CRESSON-000001,20022,"Cresson de fontaine, cru",SALT,Sel chlorure de sodium (g/100 g),0.1,g,C,0.75,"ANSES Ciqual 2025-11-03 — U.S. Department of Agriculture, Agricultural Research Service (2014). USDA National Nutrient Database for Standard Reference, Release 27. Nutrient Data Laboratory Home Page, http://www.ars.usda.gov/ba/bhnrc/ndl"
ING-PLANT-CRESSON-000001,20022,"Cresson de fontaine, cru",NA,Sodium (mg/100 g),41.0,mg,C,0.75,"ANSES Ciqual 2025-11-03 — U.S. Department of Agriculture, Agricultural Research Service (2014). USDA National Nutrient Database for Standard Reference, Release 27. Nutrient Data Laboratory Home Page, http://www.ars.usda.gov/ba/bhnrc/ndl"
ING-PLANT-CRESSON-000001,20022,"Cresson de fontaine, cru",PROTEIN,"Protéines, N x 6.25 (g/100 g)",2.3,g,C,0.75,ANSES Ciqual 2025-11-03 — Valeur ajustée/calculée/imputée Ciqual
ING-PLANT-CRESSON-000001,20022,"Cresson de fontaine, cru",CARB,Glucides (g/100 g),1.11,g,D,0.6,ANSES Ciqual 2025-11-03 — Valeur ajustée/calculée/imputée Ciqual
ING-PLANT-CRESSON-000001,20022,"Cresson de fontaine, cru",SUGAR,Sucres (g/100 g),0.2,g,C,0.75,"ANSES Ciqual 2025-11-03 — U.S. Department of Agriculture, Agricultural Research Service (2014). USDA National Nutrient Database for Standard Reference, Release 27. Nutrient Data Laboratory Home Page, http://www.ars.usda.gov/ba/bhnrc/ndl"
ING-PLANT-CRESSON-000001,20022,"Cresson de fontaine, cru",FIBER,Fibres alimentaires (g/100 g),0.5,g,C,0.75,"ANSES Ciqual 2025-11-03 — U.S. Department of Agriculture, Agricultural Research Service (2014). USDA National Nutrient Database for Standard Reference, Release 27. Nutrient Data Laboratory Home Page, http://www.ars.usda.gov/ba/bhnrc/ndl"
ING-PLANT-CRESSON-000001,20022,"Cresson de fontaine, cru",FAT,Lipides (g/100 g),0.1,g,C,0.75,"ANSES Ciqual 2025-11-03 — U.S. Department of Agriculture, Agricultural Research Service (2014). USDA National Nutrient Database for Standard Reference, Release 27. Nutrient Data Laboratory Home Page, http://www.ars.usda.gov/ba/bhnrc/ndl"
ING-PLANT-CRESSON-000001,20022,"Cresson de fontaine, cru",FAT_SAT,AG saturés (g/100 g),0.027,g,C,0.75,"ANSES Ciqual 2025-11-03 — U.S. Department of Agriculture, Agricultural Research Service (2014). USDA National Nutrient Database for Standard Reference, Release 27. Nutrient Data Laboratory Home Page, http://www.ars.usda.gov/ba/bhnrc/ndl"
ING-PLANT-CLERIBRANCHE-000001,20023,"Céleri branche, cru",ENERC,"Energie, Règlement UE N° 1169/2011 (kJ/100 g)",64.2,kJ,D,0.6,ANSES Ciqual 2025-11-03 — Valeur ajustée/calculée/imputée Ciqual
ING-PLANT-CLERIBRANCHE-000001,20023,"Céleri branche, cru",ENERCKCAL,"Energie, Règlement UE N° 1169/2011 (kcal/100 g)",15.4,kcal,D,0.6,ANSES Ciqual 2025-11-03 — Valeur ajustée/calculée/imputée Ciqual
ING-PLANT-CLERIBRANCHE-000001,20023,"Céleri branche, cru",WATER,Eau (g/100 g),93.4,g,A,0.95,ANSES Ciqual 2025-11-03 — Analyses Ciqual-Aprifel 2017 (MS 2.5)
ING-PLANT-CLERIBRANCHE-000001,20023,"Céleri branche, cru",SALT,Sel chlorure de sodium (g/100 g),0.2,g,A,0.95,ANSES Ciqual 2025-11-03 — Analyses Ciqual-Aprifel 2017 (MS 2.5)
ING-PLANT-CLERIBRANCHE-000001,20023,"Céleri branche, cru",NA,Sodium (mg/100 g),79.0,mg,A,0.95,ANSES Ciqual 2025-11-03 — Analyses Ciqual-Aprifel 2017 (MS 2.5)
ING-PLANT-CLERIBRANCHE-000001,20023,"Céleri branche, cru",PROTEIN,"Protéines, N x 6.25 (g/100 g)",0.63,g,A,0.95,ANSES Ciqual 2025-11-03 — Valeur ajustée/calculée/imputée Ciqual
ING-PLANT-CLERIBRANCHE-000001,20023,"Céleri branche, cru",CARB,Glucides (g/100 g),2.41,g,A,0.95,ANSES Ciqual 2025-11-03 — Valeur ajustée/calculée/imputée Ciqual
ING-PLANT-CLERIBRANCHE-000001,20023,"Céleri branche, cru",SUGAR,Sucres (g/100 g),1.3,g,A,0.95,ANSES Ciqual 2025-11-03 — Analyses Ciqual-Aprifel 2017 (MS 2.5)
ING-PLANT-CLERIBRANCHE-000001,20023,"Céleri branche, cru",FIBER,Fibres alimentaires (g/100 g),2.2,g,A,0.95,ANSES Ciqual 2025-11-03 — Analyses Ciqual-Aprifel 2017 (MS 2.5)
ING-PLANT-ENDIVE-000001,20026,"Endive, crue",ENERC,"Energie, Règlement UE N° 1169/2011 (kJ/100 g)",70.0,kJ,D,0.6,ANSES Ciqual 2025-11-03 — Valeur ajustée/calculée/imputée Ciqual
ING-PLANT-ENDIVE-000001,20026,"Endive, crue",ENERCKCAL,"Energie, Règlement UE N° 1169/2011 (kcal/100 g)",16.6,kcal,D,0.6,ANSES Ciqual 2025-11-03 — Valeur ajustée/calculée/imputée Ciqual
ING-PLANT-ENDIVE-000001,20026,"Endive, crue",WATER,Eau (g/100 g),94.3,g,A,0.95,ANSES Ciqual 2025-11-03 — Analyses Ciqual-Aprifel 2017 (MS 2.5)
ING-PLANT-ENDIVE-000001,20026,"Endive, crue",PROTEIN,"Protéines, N x 6.25 (g/100 g)",1.19,g,A,0.95,ANSES Ciqual 2025-11-03 — Valeur ajustée/calculée/imputée Ciqual
ING-PLANT-ENDIVE-000001,20026,"Endive, crue",CARB,Glucides (g/100 g),2.83,g,A,0.95,ANSES Ciqual 2025-11-03 — Valeur ajustée/calculée/imputée Ciqual
ING-PLANT-ENDIVE-000001,20026,"Endive, crue",SUGAR,Sucres (g/100 g),2.4,g,A,0.95,ANSES Ciqual 2025-11-03 — Analyses Ciqual-Aprifel 2017 (MS 2.5)
ING-PLANT-ENDIVE-000001,20026,"Endive, crue",FIBER,Fibres alimentaires (g/100 g),1.1,g,A,0.95,ANSES Ciqual 2025-11-03 — Analyses Ciqual-Aprifel 2017 (MS 2.5)
ING-PLANT-HARICOTNOIRC-000001,20030,"Haricot vert, cuit",ENERC,"Energie, Règlement UE N° 1169/2011 (kJ/100 g)",123.0,kJ,D,0.6,ANSES Ciqual 2025-11-03 — Valeur ajustée/calculée/imputée Ciqual
ING-PLANT-HARICOTNOIRC-000001,20030,"Haricot vert, cuit",ENERCKCAL,"Energie, Règlement UE N° 1169/2011 (kcal/100 g)",29.4,kcal,D,0.6,ANSES Ciqual 2025-11-03 — Valeur ajustée/calculée/imputée Ciqual
ING-PLANT-HARICOTNOIRC-000001,20030,"Haricot vert, cuit",WATER,Eau (g/100 g),89.3,g,A,0.95,ANSES Ciqual 2025-11-03 — Analyses Ciqual 2009 (1a)
ING-PLANT-HARICOTNOIRC-000001,20030,"Haricot vert, cuit",SALT,Sel chlorure de sodium (g/100 g),0.4,g,A,0.95,ANSES Ciqual 2025-11-03 — Analyses Ciqual 2009 (1a)
ING-PLANT-HARICOTNOIRC-000001,20030,"Haricot vert, cuit",NA,Sodium (mg/100 g),5.8,mg,A,0.95,ANSES Ciqual 2025-11-03 — Analyses Ciqual 2007 (c )
ING-PLANT-HARICOTNOIRC-000001,20030,"Haricot vert, cuit",PROTEIN,"Protéines, N x 6.25 (g/100 g)",2.0,g,A,0.95,ANSES Ciqual 2025-11-03 — Valeur ajustée/calculée/imputée Ciqual
ING-PLANT-HARICOTNOIRC-000001,20030,"Haricot vert, cuit",CARB,Glucides (g/100 g),3.0,g,A,0.95,ANSES Ciqual 2025-11-03 — Valeur ajustée/calculée/imputée Ciqual
ING-PLANT-HARICOTNOIRC-000001,20030,"Haricot vert, cuit",SUGAR,Sucres (g/100 g),0.0,g,D,0.6,ANSES Ciqual 2025-11-03 — Valeur ajustée/calculée/imputée Ciqual
ING-PLANT-HARICOTNOIRC-000001,20030,"Haricot vert, cuit",FIBER,Fibres alimentaires (g/100 g),4.0,g,A,0.95,ANSES Ciqual 2025-11-03 — Analyses Ciqual 2007 (c )
ING-PLANT-HARICOTNOIRC-000001,20030,"Haricot vert, cuit",FAT,Lipides (g/100 g),0.17,g,A,0.95,ANSES Ciqual 2025-11-03 — Analyses Ciqual 2009 (1a)
ING-PLANT-HARICOTNOIRC-000001,20030,"Haricot vert, cuit",FAT_SAT,AG saturés (g/100 g),0.048,g,D,0.6,ANSES Ciqual 2025-11-03 — Valeur ajustée/calculée/imputée Ciqual
ING-PLANT-LAITUE-000001,20031,"Laitue, crue",ENERC,"Energie, Règlement UE N° 1169/2011 (kJ/100 g)",61.5,kJ,D,0.6,ANSES Ciqual 2025-11-03 — Valeur ajustée/calculée/imputée Ciqual
ING-PLANT-LAITUE-000001,20031,"Laitue, crue",ENERCKCAL,"Energie, Règlement UE N° 1169/2011 (kcal/100 g)",14.7,kcal,D,0.6,ANSES Ciqual 2025-11-03 — Valeur ajustée/calculée/imputée Ciqual
ING-PLANT-LAITUE-000001,20031,"Laitue, crue",WATER,Eau (g/100 g),95.4,g,B,0.85,"ANSES Ciqual 2025-11-03 — U.S. Department of Agriculture, Agricultural Research Service (2014). USDA National Nutrient Database for Standard Reference, Release 27. Nutrient Data Laboratory Home Page, http://www.ars.usda.gov/ba/bhnrc/ndl"
ING-PLANT-LAITUE-000001,20031,"Laitue, crue",SALT,Sel chlorure de sodium (g/100 g),0.021,g,A,0.95,ANSES Ciqual 2025-11-03 — Inra-Afssa (2004). Etude TDS. Rapport de laboratoire.
ING-PLANT-LAITUE-000001,20031,"Laitue, crue",NA,Sodium (mg/100 g),8.47,mg,A,0.95,ANSES Ciqual 2025-11-03 — Inra-Afssa (2004). Etude TDS. Rapport de laboratoire.
ING-PLANT-LAITUE-000001,20031,"Laitue, crue",PROTEIN,"Protéines, N x 6.25 (g/100 g)",1.35,g,B,0.85,ANSES Ciqual 2025-11-03 — Valeur ajustée/calculée/imputée Ciqual
ING-PLANT-LAITUE-000001,20031,"Laitue, crue",CARB,Glucides (g/100 g),1.22,g,C,0.75,ANSES Ciqual 2025-11-03 — Valeur ajustée/calculée/imputée Ciqual
ING-PLANT-LAITUE-000001,20031,"Laitue, crue",SUGAR,Sucres (g/100 g),0.73,g,B,0.85,"ANSES Ciqual 2025-11-03 — U.S. Department of Agriculture, Agricultural Research Service (2014). USDA National Nutrient Database for Standard Reference, Release 27. Nutrient Data Laboratory Home Page, http://www.ars.usda.gov/ba/bhnrc/ndl"
ING-PLANT-LAITUE-000001,20031,"Laitue, crue",FIBER,Fibres alimentaires (g/100 g),1.1,g,B,0.85,"ANSES Ciqual 2025-11-03 — U.S. Department of Agriculture, Agricultural Research Service (2014). USDA National Nutrient Database for Standard Reference, Release 27. Nutrient Data Laboratory Home Page, http://www.ars.usda.gov/ba/bhnrc/ndl"
ING-PLANT-LAITUE-000001,20031,"Laitue, crue",FAT,Lipides (g/100 g),0.2,g,B,0.85,"ANSES Ciqual 2025-11-03 — U.S. Department of Agriculture, Agricultural Research Service (2014). USDA National Nutrient Database for Standard Reference, Release 27. Nutrient Data Laboratory Home Page, http://www.ars.usda.gov/ba/bhnrc/ndl"
ING-PLANT-LAITUE-000001,20031,"Laitue, crue",FAT_SAT,AG saturés (g/100 g),0.022,g,C,0.75,"ANSES Ciqual 2025-11-03 — U.S. Department of Agriculture, Agricultural Research Service (2014). USDA National Nutrient Database for Standard Reference, Release 27. Nutrient Data Laboratory Home Page, http://www.ars.usda.gov/ba/bhnrc/ndl"
ING-PLANT-OIGNON-000001,20034,"Oignon, cru",ENERC,"Energie, Règlement UE N° 1169/2011 (kJ/100 g)",164.0,kJ,D,0.6,ANSES Ciqual 2025-11-03 — Valeur ajustée/calculée/imputée Ciqual
ING-PLANT-OIGNON-000001,20034,"Oignon, cru",ENERCKCAL,"Energie, Règlement UE N° 1169/2011 (kcal/100 g)",39.0,kcal,D,0.6,ANSES Ciqual 2025-11-03 — Valeur ajustée/calculée/imputée Ciqual
ING-PLANT-OIGNON-000001,20034,"Oignon, cru",WATER,Eau (g/100 g),89.6,g,A,0.95,ANSES Ciqual 2025-11-03 — Analyses Ciqual 2009 (3a)
ING-PLANT-OIGNON-000001,20034,"Oignon, cru",SALT,Sel chlorure de sodium (g/100 g),0.098,g,A,0.95,ANSES Ciqual 2025-11-03 — Analyses Ciqual 2009 (3a)
ING-PLANT-OIGNON-000001,20034,"Oignon, cru",NA,Sodium (mg/100 g),39.0,mg,A,0.95,ANSES Ciqual 2025-11-03 — Analyses Ciqual 2009 (3a)
ING-PLANT-OIGNON-000001,20034,"Oignon, cru",PROTEIN,"Protéines, N x 6.25 (g/100 g)",1.1,g,A,0.95,ANSES Ciqual 2025-11-03 — Valeur ajustée/calculée/imputée Ciqual
ING-PLANT-OIGNON-000001,20034,"Oignon, cru",CARB,Glucides (g/100 g),6.25,g,B,0.85,ANSES Ciqual 2025-11-03 — Valeur ajustée/calculée/imputée Ciqual
ING-PLANT-OIGNON-000001,20034,"Oignon, cru",SUGAR,Sucres (g/100 g),4.8,g,A,0.95,ANSES Ciqual 2025-11-03 — Analyses Ciqual 2007 (c )
ING-PLANT-OIGNON-000001,20034,"Oignon, cru",FIBER,Fibres alimentaires (g/100 g),1.7,g,A,0.95,ANSES Ciqual 2025-11-03 — Analyses Ciqual 2009 (3a)
ING-PLANT-OIGNON-000001,20034,"Oignon, cru",FAT,Lipides (g/100 g),0.62,g,A,0.95,ANSES Ciqual 2025-11-03 — Analyses Ciqual 2009 (3a)
ING-PLANT-OIGNON-000001,20034,"Oignon, cru",FAT_SAT,AG saturés (g/100 g),0.2,g,A,0.95,ANSES Ciqual 2025-11-03 — Analyses Ciqual 2009 (3b)
ING-PLANT-PISSENLIT-000001,20038,"Pissenlit, cru",ENERC,"Energie, Règlement UE N° 1169/2011 (kJ/100 g)",204.0,kJ,D,0.6,ANSES Ciqual 2025-11-03 — Valeur ajustée/calculée/imputée Ciqual
ING-PLANT-PISSENLIT-000001,20038,"Pissenlit, cru",ENERCKCAL,"Energie, Règlement UE N° 1169/2011 (kcal/100 g)",48.5,kcal,D,0.6,ANSES Ciqual 2025-11-03 — Valeur ajustée/calculée/imputée Ciqual
ING-PLANT-PISSENLIT-000001,20038,"Pissenlit, cru",WATER,Eau (g/100 g),85.6,g,C,0.75,"ANSES Ciqual 2025-11-03 — U.S. Department of Agriculture, Agricultural Research Service (2014). USDA National Nutrient Database for Standard Reference, Release 27. Nutrient Data Laboratory Home Page, http://www.ars.usda.gov/ba/bhnrc/ndl"
ING-PLANT-PISSENLIT-000001,20038,"Pissenlit, cru",SALT,Sel chlorure de sodium (g/100 g),0.22,g,A,0.95,ANSES Ciqual 2025-11-03 — Inra-Afssa (2004). Etude TDS. Rapport de laboratoire.
ING-PLANT-PISSENLIT-000001,20038,"Pissenlit, cru",NA,Sodium (mg/100 g),87.8,mg,A,0.95,ANSES Ciqual 2025-11-03 — Inra-Afssa (2004). Etude TDS. Rapport de laboratoire.
ING-PLANT-PISSENLIT-000001,20038,"Pissenlit, cru",PROTEIN,"Protéines, N x 6.25 (g/100 g)",2.7,g,C,0.75,ANSES Ciqual 2025-11-03 — Valeur ajustée/calculée/imputée Ciqual
ING-PLANT-PISSENLIT-000001,20038,"Pissenlit, cru",CARB,Glucides (g/100 g),6.1,g,D,0.6,ANSES Ciqual 2025-11-03 — Valeur ajustée/calculée/imputée Ciqual
ING-PLANT-PISSENLIT-000001,20038,"Pissenlit, cru",SUGAR,Sucres (g/100 g),0.71,g,C,0.75,"ANSES Ciqual 2025-11-03 — U.S. Department of Agriculture, Agricultural Research Service (2014). USDA National Nutrient Database for Standard Reference, Release 27. Nutrient Data Laboratory Home Page, http://www.ars.usda.gov/ba/bhnrc/ndl"
ING-PLANT-PISSENLIT-000001,20038,"Pissenlit, cru",FIBER,Fibres alimentaires (g/100 g),3.5,g,C,0.75,"ANSES Ciqual 2025-11-03 — U.S. Department of Agriculture, Agricultural Research Service (2014). USDA National Nutrient Database for Standard Reference, Release 27. Nutrient Data Laboratory Home Page, http://www.ars.usda.gov/ba/bhnrc/ndl"
ING-PLANT-PISSENLIT-000001,20038,"Pissenlit, cru",FAT,Lipides (g/100 g),0.7,g,C,0.75,"ANSES Ciqual 2025-11-03 — U.S. Department of Agriculture, Agricultural Research Service (2014). USDA National Nutrient Database for Standard Reference, Release 27. Nutrient Data Laboratory Home Page, http://www.ars.usda.gov/ba/bhnrc/ndl"
ING-PLANT-PISSENLIT-000001,20038,"Pissenlit, cru",FAT_SAT,AG saturés (g/100 g),0.17,g,C,0.75,"ANSES Ciqual 2025-11-03 — U.S. Department of Agriculture, Agricultural Research Service (2014). USDA National Nutrient Database for Standard Reference, Release 27. Nutrient Data Laboratory Home Page, http://www.ars.usda.gov/ba/bhnrc/ndl"
ING-PLANT-POIREAU-000001,20039,"Poireau, cru",ENERC,"Energie, Règlement UE N° 1169/2011 (kJ/100 g)",128.0,kJ,D,0.6,ANSES Ciqual 2025-11-03 — Valeur ajustée/calculée/imputée Ciqual
ING-PLANT-POIREAU-000001,20039,"Poireau, cru",ENERCKCAL,"Energie, Règlement UE N° 1169/2011 (kcal/100 g)",30.4,kcal,D,0.6,ANSES Ciqual 2025-11-03 — Valeur ajustée/calculée/imputée Ciqual
ING-PLANT-POIREAU-000001,20039,"Poireau, cru",WATER,Eau (g/100 g),90.4,g,D,0.6,"ANSES Ciqual 2025-11-03 — Holland B, Unwin ID, Buss DH (1991). Vegetables, Herbs and Spices. Fifth supplement to McCance and Widdowson's The Composition of Foods, Royal Society of Chemistry, Cambridge, 146p.-Souci SW, Fachmann W, Kraut H (1994). Food Composition and Nutrition Tables, 5ème édition.-Inra Theix (1995). Rapport de laboratoire.-Redon J (2006). Rapport de laboratoire, programme Actia Phytostérols. ISHA.-EMC Distribution, groupe Casino (2013)"
ING-PLANT-POIREAU-000001,20039,"Poireau, cru",SALT,Sel chlorure de sodium (g/100 g),0.05,g,C,0.75,"ANSES Ciqual 2025-11-03 — U.S. Department of Agriculture, Agricultural Research Service (2014). USDA National Nutrient Database for Standard Reference, Release 27. Nutrient Data Laboratory Home Page, http://www.ars.usda.gov/ba/bhnrc/ndl"
ING-PLANT-POIREAU-000001,20039,"Poireau, cru",NA,Sodium (mg/100 g),20.0,mg,C,0.75,"ANSES Ciqual 2025-11-03 — U.S. Department of Agriculture, Agricultural Research Service (2014). USDA National Nutrient Database for Standard Reference, Release 27. Nutrient Data Laboratory Home Page, http://www.ars.usda.gov/ba/bhnrc/ndl"
ING-PLANT-POIREAU-000001,20039,"Poireau, cru",PROTEIN,"Protéines, N x 6.25 (g/100 g)",1.5,g,C,0.75,ANSES Ciqual 2025-11-03 — Valeur ajustée/calculée/imputée Ciqual
ING-PLANT-POIREAU-000001,20039,"Poireau, cru",CARB,Glucides (g/100 g),4.55,g,D,0.6,ANSES Ciqual 2025-11-03 — Valeur ajustée/calculée/imputée Ciqual
ING-PLANT-POIREAU-000001,20039,"Poireau, cru",SUGAR,Sucres (g/100 g),3.9,g,C,0.75,"ANSES Ciqual 2025-11-03 — U.S. Department of Agriculture, Agricultural Research Service (2014). USDA National Nutrient Database for Standard Reference, Release 27. Nutrient Data Laboratory Home Page, http://www.ars.usda.gov/ba/bhnrc/ndl"
ING-PLANT-POIREAU-000001,20039,"Poireau, cru",FIBER,Fibres alimentaires (g/100 g),1.8,g,C,0.75,"ANSES Ciqual 2025-11-03 — U.S. Department of Agriculture, Agricultural Research Service (2014). USDA National Nutrient Database for Standard Reference, Release 27. Nutrient Data Laboratory Home Page, http://www.ars.usda.gov/ba/bhnrc/ndl"
ING-PLANT-POIREAU-000001,20039,"Poireau, cru",FAT,Lipides (g/100 g),0.3,g,C,0.75,"ANSES Ciqual 2025-11-03 — U.S. Department of Agriculture, Agricultural Research Service (2014). USDA National Nutrient Database for Standard Reference, Release 27. Nutrient Data Laboratory Home Page, http://www.ars.usda.gov/ba/bhnrc/ndl"
ING-PLANT-POIREAU-000001,20039,"Poireau, cru",FAT_SAT,AG saturés (g/100 g),0.04,g,C,0.75,"ANSES Ciqual 2025-11-03 — U.S. Department of Agriculture, Agricultural Research Service (2014). USDA National Nutrient Database for Standard Reference, Release 27. Nutrient Data Laboratory Home Page, http://www.ars.usda.gov/ba/bhnrc/ndl"
ING-PLANT-POTIRON-000001,20044,"Potiron, cru",ENERC,"Energie, Règlement UE N° 1169/2011 (kJ/100 g)",85.1,kJ,D,0.6,ANSES Ciqual 2025-11-03 — Valeur ajustée/calculée/imputée Ciqual
ING-PLANT-POTIRON-000001,20044,"Potiron, cru",ENERCKCAL,"Energie, Règlement UE N° 1169/2011 (kcal/100 g)",20.1,kcal,D,0.6,ANSES Ciqual 2025-11-03 — Valeur ajustée/calculée/imputée Ciqual
ING-PLANT-POTIRON-000001,20044,"Potiron, cru",WATER,Eau (g/100 g),93.7,g,D,0.6,"ANSES Ciqual 2025-11-03 — Holland B, Unwin ID, Buss DH (1991). Vegetables, Herbs and Spices. Fifth supplement to McCance and Widdowson's The Composition of Foods, Royal Society of Chemistry, Cambridge, 146p.-Salvini S, Parpinel M, Gnagnarella P, Maisonneuve P, Turrini A (1998). Banca Dati di Composizione degli Alimenti per Studi Epidemiologici in Italia. Ed. Istituto Europeo di Oncologia.-USDA (2010). Nutrient Database for Standard Reference, Release 23. http://www.ars.usda.gov/ba/bhnrc/ndl."
ING-PLANT-POTIRON-000001,20044,"Potiron, cru",SALT,Sel chlorure de sodium (g/100 g),0.0025,g,D,0.6,"ANSES Ciqual 2025-11-03 — Salvini S, Parpinel M, Gnagnarella P, Maisonneuve P, Turrini A (1998). Banca Dati di Composizione degli Alimenti per Studi Epidemiologici in Italia. Ed. Istituto Europeo di Oncologia.-USDA (2010). Nutrient Database for Standard Reference, Release 23. http://www.ars.usda.gov/ba/bhnrc/ndl."
ING-PLANT-POTIRON-000001,20044,"Potiron, cru",NA,Sodium (mg/100 g),1.0,mg,D,0.6,"ANSES Ciqual 2025-11-03 — Salvini S, Parpinel M, Gnagnarella P, Maisonneuve P, Turrini A (1998). Banca Dati di Composizione degli Alimenti per Studi Epidemiologici in Italia. Ed. Istituto Europeo di Oncologia.-USDA (2010). Nutrient Database for Standard Reference, Release 23. http://www.ars.usda.gov/ba/bhnrc/ndl."
ING-PLANT-POTIRON-000001,20044,"Potiron, cru",PROTEIN,"Protéines, N x 6.25 (g/100 g)",1.05,g,D,0.6,ANSES Ciqual 2025-11-03 — Valeur ajustée/calculée/imputée Ciqual
ING-PLANT-POTIRON-000001,20044,"Potiron, cru",CARB,Glucides (g/100 g),3.5,g,D,0.6,ANSES Ciqual 2025-11-03 — Valeur ajustée/calculée/imputée Ciqual
ING-PLANT-POTIRON-000001,20044,"Potiron, cru",SUGAR,Sucres (g/100 g),1.93,g,D,0.6,"ANSES Ciqual 2025-11-03 — Salvini S, Parpinel M, Gnagnarella P, Maisonneuve P, Turrini A (1998). Banca Dati di Composizione degli Alimenti per Studi Epidemiologici in Italia. Ed. Istituto Europeo di Oncologia.-USDA (2010). Nutrient Database for Standard Reference, Release 23. http://www.ars.usda.gov/ba/bhnrc/ndl."
ING-PLANT-POTIRON-000001,20044,"Potiron, cru",FIBER,Fibres alimentaires (g/100 g),0.5,g,D,0.6,"ANSES Ciqual 2025-11-03 — Salvini S, Parpinel M, Gnagnarella P, Maisonneuve P, Turrini A (1998). Banca Dati di Composizione degli Alimenti per Studi Epidemiologici in Italia. Ed. Istituto Europeo di Oncologia.-USDA (2010). Nutrient Database for Standard Reference, Release 23. http://www.ars.usda.gov/ba/bhnrc/ndl."
ING-PLANT-POTIRON-000001,20044,"Potiron, cru",FAT,Lipides (g/100 g),0.1,g,D,0.6,"ANSES Ciqual 2025-11-03 — Salvini S, Parpinel M, Gnagnarella P, Maisonneuve P, Turrini A (1998). Banca Dati di Composizione degli Alimenti per Studi Epidemiologici in Italia. Ed. Istituto Europeo di Oncologia.-USDA (2010). Nutrient Database for Standard Reference, Release 23. http://www.ars.usda.gov/ba/bhnrc/ndl."
ING-PLANT-POTIRON-000001,20044,"Potiron, cru",FAT_SAT,AG saturés (g/100 g),0.051,g,D,0.6,"ANSES Ciqual 2025-11-03 — Salvini S, Parpinel M, Gnagnarella P, Maisonneuve P, Turrini A (1998). Banca Dati di Composizione degli Alimenti per Studi Epidemiologici in Italia. Ed. Istituto Europeo di Oncologia.-USDA (2010). Nutrient Database for Standard Reference, Release 23. http://www.ars.usda.gov/ba/bhnrc/ndl."
ING-PLANT-RADIS-000001,20045,"Radis rouge, cru",ENERC,"Energie, Règlement UE N° 1169/2011 (kJ/100 g)",46.0,kJ,D,0.6,ANSES Ciqual 2025-11-03 — Valeur ajustée/calculée/imputée Ciqual
ING-PLANT-RADIS-000001,20045,"Radis rouge, cru",ENERCKCAL,"Energie, Règlement UE N° 1169/2011 (kcal/100 g)",11.0,kcal,D,0.6,ANSES Ciqual 2025-11-03 — Valeur ajustée/calculée/imputée Ciqual
ING-PLANT-RADIS-000001,20045,"Radis rouge, cru",WATER,Eau (g/100 g),95.5,g,A,0.95,ANSES Ciqual 2025-11-03 — Analyses Ciqual-Aprifel 2017 (MS 2.5)
ING-PLANT-RADIS-000001,20045,"Radis rouge, cru",SALT,Sel chlorure de sodium (g/100 g),0.04,g,A,0.95,ANSES Ciqual 2025-11-03 — Analyses Ciqual-Aprifel 2017 (MS 2.5)
ING-PLANT-RADIS-000001,20045,"Radis rouge, cru",NA,Sodium (mg/100 g),16.0,mg,A,0.95,ANSES Ciqual 2025-11-03 — Analyses Ciqual-Aprifel 2017 (MS 2.5)
ING-PLANT-RADIS-000001,20045,"Radis rouge, cru",PROTEIN,"Protéines, N x 6.25 (g/100 g)",0.94,g,A,0.95,ANSES Ciqual 2025-11-03 — Valeur ajustée/calculée/imputée Ciqual
ING-PLANT-RADIS-000001,20045,"Radis rouge, cru",CARB,Glucides (g/100 g),1.53,g,A,0.95,ANSES Ciqual 2025-11-03 — Valeur ajustée/calculée/imputée Ciqual
ING-PLANT-RADIS-000001,20045,"Radis rouge, cru",SUGAR,Sucres (g/100 g),1.1,g,A,0.95,ANSES Ciqual 2025-11-03 — Analyses Ciqual-Aprifel 2017 (MS 2.5)
ING-PLANT-RADIS-000001,20045,"Radis rouge, cru",FIBER,Fibres alimentaires (g/100 g),1.4,g,A,0.95,ANSES Ciqual 2025-11-03 — Analyses Ciqual-Aprifel 2017 (MS 2.5)
ING-PLANT-AUBERGINE-000001,20053,"Aubergine, crue",ENERC,"Energie, Règlement UE N° 1169/2011 (kJ/100 g)",95.5,kJ,D,0.6,ANSES Ciqual 2025-11-03 — Valeur ajustée/calculée/imputée Ciqual
ING-PLANT-AUBERGINE-000001,20053,"Aubergine, crue",ENERCKCAL,"Energie, Règlement UE N° 1169/2011 (kcal/100 g)",22.9,kcal,D,0.6,ANSES Ciqual 2025-11-03 — Valeur ajustée/calculée/imputée Ciqual
ING-PLANT-AUBERGINE-000001,20053,"Aubergine, crue",WATER,Eau (g/100 g),92.3,g,C,0.75,"ANSES Ciqual 2025-11-03 — U.S. Department of Agriculture, Agricultural Research Service (2014). USDA National Nutrient Database for Standard Reference, Release 27. Nutrient Data Laboratory Home Page, http://www.ars.usda.gov/ba/bhnrc/ndl"
ING-PLANT-AUBERGINE-000001,20053,"Aubergine, crue",SALT,Sel chlorure de sodium (g/100 g),0.005,g,B,0.85,"ANSES Ciqual 2025-11-03 — U.S. Department of Agriculture, Agricultural Research Service (2014). USDA National Nutrient Database for Standard Reference, Release 27. Nutrient Data Laboratory Home Page, http://www.ars.usda.gov/ba/bhnrc/ndl"
ING-PLANT-AUBERGINE-000001,20053,"Aubergine, crue",NA,Sodium (mg/100 g),2.0,mg,B,0.85,"ANSES Ciqual 2025-11-03 — U.S. Department of Agriculture, Agricultural Research Service (2014). USDA National Nutrient Database for Standard Reference, Release 27. Nutrient Data Laboratory Home Page, http://www.ars.usda.gov/ba/bhnrc/ndl"
ING-PLANT-AUBERGINE-000001,20053,"Aubergine, crue",PROTEIN,"Protéines, N x 6.25 (g/100 g)",0.98,g,B,0.85,ANSES Ciqual 2025-11-03 — Valeur ajustée/calculée/imputée Ciqual
ING-PLANT-AUBERGINE-000001,20053,"Aubergine, crue",CARB,Glucides (g/100 g),2.7,g,C,0.75,ANSES Ciqual 2025-11-03 — Valeur ajustée/calculée/imputée Ciqual
ING-PLANT-AUBERGINE-000001,20053,"Aubergine, crue",SUGAR,Sucres (g/100 g),2.7,g,D,0.6,ANSES Ciqual 2025-11-03 — Valeur ajustée/calculée/imputée Ciqual
ING-PLANT-AUBERGINE-000001,20053,"Aubergine, crue",FIBER,Fibres alimentaires (g/100 g),3.0,g,B,0.85,"ANSES Ciqual 2025-11-03 — U.S. Department of Agriculture, Agricultural Research Service (2014). USDA National Nutrient Database for Standard Reference, Release 27. Nutrient Data Laboratory Home Page, http://www.ars.usda.gov/ba/bhnrc/ndl"
ING-PLANT-AUBERGINE-000001,20053,"Aubergine, crue",FAT,Lipides (g/100 g),0.18,g,B,0.85,"ANSES Ciqual 2025-11-03 — U.S. Department of Agriculture, Agricultural Research Service (2014). USDA National Nutrient Database for Standard Reference, Release 27. Nutrient Data Laboratory Home Page, http://www.ars.usda.gov/ba/bhnrc/ndl"
ING-PLANT-AUBERGINE-000001,20053,"Aubergine, crue",FAT_SAT,AG saturés (g/100 g),0.034,g,C,0.75,"ANSES Ciqual 2025-11-03 — U.S. Department of Agriculture, Agricultural Research Service (2014). USDA National Nutrient Database for Standard Reference, Release 27. Nutrient Data Laboratory Home Page, http://www.ars.usda.gov/ba/bhnrc/ndl"
ING-PLANT-CLERIRAVE-000001,20055,"Céleri-rave, cru",ENERC,"Energie, Règlement UE N° 1169/2011 (kJ/100 g)",109.0,kJ,D,0.6,ANSES Ciqual 2025-11-03 — Valeur ajustée/calculée/imputée Ciqual
ING-PLANT-CLERIRAVE-000001,20055,"Céleri-rave, cru",ENERCKCAL,"Energie, Règlement UE N° 1169/2011 (kcal/100 g)",26.3,kcal,D,0.6,ANSES Ciqual 2025-11-03 — Valeur ajustée/calculée/imputée Ciqual
ING-PLANT-CLERIRAVE-000001,20055,"Céleri-rave, cru",WATER,Eau (g/100 g),88.8,g,A,0.95,ANSES Ciqual 2025-11-03 — Analyses Ciqual-Aprifel 2017 (MS 2.5)
ING-PLANT-CLERIRAVE-000001,20055,"Céleri-rave, cru",SALT,Sel chlorure de sodium (g/100 g),0.085,g,A,0.95,ANSES Ciqual 2025-11-03 — Analyses Ciqual-Aprifel 2017 (MS 2.5)
ING-PLANT-CLERIRAVE-000001,20055,"Céleri-rave, cru",NA,Sodium (mg/100 g),34.0,mg,A,0.95,ANSES Ciqual 2025-11-03 — Analyses Ciqual-Aprifel 2017 (MS 2.5)
ING-PLANT-CLERIRAVE-000001,20055,"Céleri-rave, cru",PROTEIN,"Protéines, N x 6.25 (g/100 g)",1.38,g,A,0.95,ANSES Ciqual 2025-11-03 — Valeur ajustée/calculée/imputée Ciqual
ING-PLANT-CLERIRAVE-000001,20055,"Céleri-rave, cru",CARB,Glucides (g/100 g),3.98,g,A,0.95,ANSES Ciqual 2025-11-03 — Valeur ajustée/calculée/imputée Ciqual
ING-PLANT-CLERIRAVE-000001,20055,"Céleri-rave, cru",SUGAR,Sucres (g/100 g),1.6,g,A,0.95,ANSES Ciqual 2025-11-03 — Analyses Ciqual-Aprifel 2017 (MS 2.5)
ING-PLANT-CLERIRAVE-000001,20055,"Céleri-rave, cru",FIBER,Fibres alimentaires (g/100 g),4.5,g,A,0.95,ANSES Ciqual 2025-11-03 — Analyses Ciqual-Aprifel 2017 (MS 2.5)
ING-FUNGUS-CHAMPIGNONDE-000001,20056,"Champignon de Paris ou champignon de couche, cru",ENERC,"Energie, Règlement UE N° 1169/2011 (kJ/100 g)",88.2,kJ,D,0.6,ANSES Ciqual 2025-11-03 — Valeur ajustée/calculée/imputée Ciqual
ING-FUNGUS-CHAMPIGNONDE-000001,20056,"Champignon de Paris ou champignon de couche, cru",ENERCKCAL,"Energie, Règlement UE N° 1169/2011 (kcal/100 g)",21.0,kcal,D,0.6,ANSES Ciqual 2025-11-03 — Valeur ajustée/calculée/imputée Ciqual
ING-FUNGUS-CHAMPIGNONDE-000001,20056,"Champignon de Paris ou champignon de couche, cru",WATER,Eau (g/100 g),93.9,g,A,0.95,ANSES Ciqual 2025-11-03 — Analyses Ciqual 2009 (3a)
ING-FUNGUS-CHAMPIGNONDE-000001,20056,"Champignon de Paris ou champignon de couche, cru",SALT,Sel chlorure de sodium (g/100 g),0.098,g,A,0.95,ANSES Ciqual 2025-11-03 — Analyses Ciqual 2009 (3a)
ING-FUNGUS-CHAMPIGNONDE-000001,20056,"Champignon de Paris ou champignon de couche, cru",NA,Sodium (mg/100 g),39.0,mg,A,0.95,ANSES Ciqual 2025-11-03 — Analyses Ciqual 2009 (3a)
ING-FUNGUS-CHAMPIGNONDE-000001,20056,"Champignon de Paris ou champignon de couche, cru",PROTEIN,"Protéines, N x 6.25 (g/100 g)",2.11,g,B,0.85,ANSES Ciqual 2025-11-03 — Valeur ajustée/calculée/imputée Ciqual
ING-FUNGUS-CHAMPIGNONDE-000001,20056,"Champignon de Paris ou champignon de couche, cru",CARB,Glucides (g/100 g),1.83,g,B,0.85,ANSES Ciqual 2025-11-03 — Valeur ajustée/calculée/imputée Ciqual
ING-FUNGUS-CHAMPIGNONDE-000001,20056,"Champignon de Paris ou champignon de couche, cru",SUGAR,Sucres (g/100 g),1.55,g,D,0.6,ANSES Ciqual 2025-11-03 — Valeur ajustée/calculée/imputée Ciqual
ING-FUNGUS-CHAMPIGNONDE-000001,20056,"Champignon de Paris ou champignon de couche, cru",FIBER,Fibres alimentaires (g/100 g),1.0,g,A,0.95,ANSES Ciqual 2025-11-03 — Analyses Ciqual 2009 (3a)
ING-FUNGUS-CHAMPIGNONDE-000001,20056,"Champignon de Paris ou champignon de couche, cru",FAT,Lipides (g/100 g),0.36,g,A,0.95,ANSES Ciqual 2025-11-03 — Analyses Ciqual 2009 (3a)
ING-FUNGUS-CHAMPIGNONDE-000001,20056,"Champignon de Paris ou champignon de couche, cru",FAT_SAT,AG saturés (g/100 g),0.067,g,A,0.95,ANSES Ciqual 2025-11-03 — Analyses Ciqual 2009 (3b)
ING-PLANT-BROCOLI-000001,20057,"Brocoli, cru",ENERC,"Energie, Règlement UE N° 1169/2011 (kJ/100 g)",134.0,kJ,D,0.6,ANSES Ciqual 2025-11-03 — Valeur ajustée/calculée/imputée Ciqual
ING-PLANT-BROCOLI-000001,20057,"Brocoli, cru",ENERCKCAL,"Energie, Règlement UE N° 1169/2011 (kcal/100 g)",31.9,kcal,D,0.6,ANSES Ciqual 2025-11-03 — Valeur ajustée/calculée/imputée Ciqual
ING-PLANT-BROCOLI-000001,20057,"Brocoli, cru",WATER,Eau (g/100 g),90.0,g,C,0.75,"ANSES Ciqual 2025-11-03 — U.S. Department of Agriculture, Agricultural Research Service (2014). USDA National Nutrient Database for Standard Reference, Release 27. Nutrient Data Laboratory Home Page, http://www.ars.usda.gov/ba/bhnrc/ndl"
ING-PLANT-BROCOLI-000001,20057,"Brocoli, cru",SALT,Sel chlorure de sodium (g/100 g),0.075,g,C,0.75,"ANSES Ciqual 2025-11-03 — U.S. Department of Agriculture, Agricultural Research Service (2014). USDA National Nutrient Database for Standard Reference, Release 27. Nutrient Data Laboratory Home Page, http://www.ars.usda.gov/ba/bhnrc/ndl"
ING-PLANT-BROCOLI-000001,20057,"Brocoli, cru",NA,Sodium (mg/100 g),30.0,mg,C,0.75,"ANSES Ciqual 2025-11-03 — U.S. Department of Agriculture, Agricultural Research Service (2014). USDA National Nutrient Database for Standard Reference, Release 27. Nutrient Data Laboratory Home Page, http://www.ars.usda.gov/ba/bhnrc/ndl"
ING-PLANT-BROCOLI-000001,20057,"Brocoli, cru",PROTEIN,"Protéines, N x 6.25 (g/100 g)",2.9,g,C,0.75,ANSES Ciqual 2025-11-03 — Valeur ajustée/calculée/imputée Ciqual
ING-PLANT-BROCOLI-000001,20057,"Brocoli, cru",CARB,Glucides (g/100 g),2.15,g,C,0.75,ANSES Ciqual 2025-11-03 — Valeur ajustée/calculée/imputée Ciqual
ING-PLANT-BROCOLI-000001,20057,"Brocoli, cru",SUGAR,Sucres (g/100 g),1.7,g,C,0.75,"ANSES Ciqual 2025-11-03 — U.S. Department of Agriculture, Agricultural Research Service (2014). USDA National Nutrient Database for Standard Reference, Release 27. Nutrient Data Laboratory Home Page, http://www.ars.usda.gov/ba/bhnrc/ndl"
ING-PLANT-BROCOLI-000001,20057,"Brocoli, cru",FIBER,Fibres alimentaires (g/100 g),2.6,g,B,0.85,"ANSES Ciqual 2025-11-03 — U.S. Department of Agriculture, Agricultural Research Service (2014). USDA National Nutrient Database for Standard Reference, Release 27. Nutrient Data Laboratory Home Page, http://www.ars.usda.gov/ba/bhnrc/ndl"
ING-PLANT-BROCOLI-000001,20057,"Brocoli, cru",FAT,Lipides (g/100 g),0.36,g,C,0.75,"ANSES Ciqual 2025-11-03 — U.S. Department of Agriculture, Agricultural Research Service (2014). USDA National Nutrient Database for Standard Reference, Release 27. Nutrient Data Laboratory Home Page, http://www.ars.usda.gov/ba/bhnrc/ndl"
ING-PLANT-BROCOLI-000001,20057,"Brocoli, cru",FAT_SAT,AG saturés (g/100 g),0.047,g,C,0.75,"ANSES Ciqual 2025-11-03 — U.S. Department of Agriculture, Agricultural Research Service (2014). USDA National Nutrient Database for Standard Reference, Release 27. Nutrient Data Laboratory Home Page, http://www.ars.usda.gov/ba/bhnrc/ndl"
ING-PLANT-PINARD-000001,20059,"Épinard, cru",ENERC,"Energie, Règlement UE N° 1169/2011 (kJ/100 g)",140.0,kJ,D,0.6,ANSES Ciqual 2025-11-03 — Valeur ajustée/calculée/imputée Ciqual
ING-PLANT-PINARD-000001,20059,"Épinard, cru",ENERCKCAL,"Energie, Règlement UE N° 1169/2011 (kcal/100 g)",33.3,kcal,D,0.6,ANSES Ciqual 2025-11-03 — Valeur ajustée/calculée/imputée Ciqual
ING-PLANT-PINARD-000001,20059,"Épinard, cru",WATER,Eau (g/100 g),90.0,g,D,0.6,"ANSES Ciqual 2025-11-03 — Holland B, Unwin ID, Buss DH (1991). Vegetables, Herbs and Spices. Fifth supplement to McCance and Widdowson's The Composition of Foods, Royal Society of Chemistry, Cambridge, 146p.-Salvini S, Parpinel M, Gnagnarella P, Maisonneuve P, Turrini A (1998). Banca Dati di Composizione degli Alimenti per Studi Epidemiologici in Italia. Ed. Istituto Europeo di Oncologia.-Li BW, Andrews KW, Pehrsson PR (2002). Individual sugars, soluble and iInsoluble dietary fiber contents of 70 high consumption foods. J Food Comp Anal, 15, 715-723."
ING-PLANT-PINARD-000001,20059,"Épinard, cru",SALT,Sel chlorure de sodium (g/100 g),0.2,g,C,0.75,"ANSES Ciqual 2025-11-03 — Données industrielles françaises (2014)-U.S. Department of Agriculture, Agricultural Research Service (2014). USDA National Nutrient Database for Standard Reference, Release 27. Nutrient Data Laboratory Home Page, http://www.ars.usda.gov/ba/bhnrc/ndl"
ING-PLANT-PINARD-000001,20059,"Épinard, cru",NA,Sodium (mg/100 g),79.5,mg,C,0.75,"ANSES Ciqual 2025-11-03 — Données industrielles françaises (2014)-U.S. Department of Agriculture, Agricultural Research Service (2014). USDA National Nutrient Database for Standard Reference, Release 27. Nutrient Data Laboratory Home Page, http://www.ars.usda.gov/ba/bhnrc/ndl"
ING-PLANT-PINARD-000001,20059,"Épinard, cru",PROTEIN,"Protéines, N x 6.25 (g/100 g)",2.68,g,C,0.75,ANSES Ciqual 2025-11-03 — Valeur ajustée/calculée/imputée Ciqual
ING-PLANT-PINARD-000001,20059,"Épinard, cru",CARB,Glucides (g/100 g),3.06,g,C,0.75,ANSES Ciqual 2025-11-03 — Valeur ajustée/calculée/imputée Ciqual
ING-PLANT-PINARD-000001,20059,"Épinard, cru",SUGAR,Sucres (g/100 g),0.46,g,C,0.75,"ANSES Ciqual 2025-11-03 — Données industrielles françaises (2014)-U.S. Department of Agriculture, Agricultural Research Service (2014). USDA National Nutrient Database for Standard Reference, Release 27. Nutrient Data Laboratory Home Page, http://www.ars.usda.gov/ba/bhnrc/ndl"
ING-PLANT-PINARD-000001,20059,"Épinard, cru",FIBER,Fibres alimentaires (g/100 g),2.6,g,C,0.75,"ANSES Ciqual 2025-11-03 — Données industrielles françaises (2014)-U.S. Department of Agriculture, Agricultural Research Service (2014). USDA National Nutrient Database for Standard Reference, Release 27. Nutrient Data Laboratory Home Page, http://www.ars.usda.gov/ba/bhnrc/ndl"
ING-PLANT-PINARD-000001,20059,"Épinard, cru",FAT,Lipides (g/100 g),0.39,g,B,0.85,"ANSES Ciqual 2025-11-03 — U.S. Department of Agriculture, Agricultural Research Service (2014). USDA National Nutrient Database for Standard Reference, Release 27. Nutrient Data Laboratory Home Page, http://www.ars.usda.gov/ba/bhnrc/ndl"
ING-PLANT-PINARD-000001,20059,"Épinard, cru",FAT_SAT,AG saturés (g/100 g),0.063,g,C,0.75,"ANSES Ciqual 2025-11-03 — U.S. Department of Agriculture, Agricultural Research Service (2014). USDA National Nutrient Database for Standard Reference, Release 27. Nutrient Data Laboratory Home Page, http://www.ars.usda.gov/ba/bhnrc/ndl"
ING-PLANT-HARICOTNOIR-000001,20061,"Haricot vert, cru",ENERC,"Energie, Règlement UE N° 1169/2011 (kJ/100 g)",134.0,kJ,D,0.6,ANSES Ciqual 2025-11-03 — Valeur ajustée/calculée/imputée Ciqual
ING-PLANT-HARICOTNOIR-000001,20061,"Haricot vert, cru",ENERCKCAL,"Energie, Règlement UE N° 1169/2011 (kcal/100 g)",31.9,kcal,D,0.6,ANSES Ciqual 2025-11-03 — Valeur ajustée/calculée/imputée Ciqual
ING-PLANT-HARICOTNOIR-000001,20061,"Haricot vert, cru",WATER,Eau (g/100 g),90.3,g,C,0.75,"ANSES Ciqual 2025-11-03 — U.S. Department of Agriculture, Agricultural Research Service (2014). USDA National Nutrient Database for Standard Reference, Release 27. Nutrient Data Laboratory Home Page, http://www.ars.usda.gov/ba/bhnrc/ndl"
ING-PLANT-HARICOTNOIR-000001,20061,"Haricot vert, cru",SALT,Sel chlorure de sodium (g/100 g),0.015,g,C,0.75,"ANSES Ciqual 2025-11-03 — U.S. Department of Agriculture, Agricultural Research Service (2014). USDA National Nutrient Database for Standard Reference, Release 27. Nutrient Data Laboratory Home Page, http://www.ars.usda.gov/ba/bhnrc/ndl"
ING-PLANT-HARICOTNOIR-000001,20061,"Haricot vert, cru",NA,Sodium (mg/100 g),6.0,mg,C,0.75,"ANSES Ciqual 2025-11-03 — U.S. Department of Agriculture, Agricultural Research Service (2014). USDA National Nutrient Database for Standard Reference, Release 27. Nutrient Data Laboratory Home Page, http://www.ars.usda.gov/ba/bhnrc/ndl"
ING-PLANT-HARICOTNOIR-000001,20061,"Haricot vert, cru",PROTEIN,"Protéines, N x 6.25 (g/100 g)",1.83,g,C,0.75,ANSES Ciqual 2025-11-03 — Valeur ajustée/calculée/imputée Ciqual
ING-PLANT-HARICOTNOIR-000001,20061,"Haricot vert, cru",CARB,Glucides (g/100 g),4.14,g,D,0.6,ANSES Ciqual 2025-11-03 — Valeur ajustée/calculée/imputée Ciqual
ING-PLANT-HARICOTNOIR-000001,20061,"Haricot vert, cru",SUGAR,Sucres (g/100 g),3.26,g,B,0.85,"ANSES Ciqual 2025-11-03 — U.S. Department of Agriculture, Agricultural Research Service (2014). USDA National Nutrient Database for Standard Reference, Release 27. Nutrient Data Laboratory Home Page, http://www.ars.usda.gov/ba/bhnrc/ndl"
ING-PLANT-HARICOTNOIR-000001,20061,"Haricot vert, cru",FIBER,Fibres alimentaires (g/100 g),2.7,g,B,0.85,"ANSES Ciqual 2025-11-03 — U.S. Department of Agriculture, Agricultural Research Service (2014). USDA National Nutrient Database for Standard Reference, Release 27. Nutrient Data Laboratory Home Page, http://www.ars.usda.gov/ba/bhnrc/ndl"
ING-PLANT-HARICOTNOIR-000001,20061,"Haricot vert, cru",FAT,Lipides (g/100 g),0.22,g,B,0.85,"ANSES Ciqual 2025-11-03 — U.S. Department of Agriculture, Agricultural Research Service (2014). USDA National Nutrient Database for Standard Reference, Release 27. Nutrient Data Laboratory Home Page, http://www.ars.usda.gov/ba/bhnrc/ndl"
ING-PLANT-HARICOTNOIR-000001,20061,"Haricot vert, cru",FAT_SAT,AG saturés (g/100 g),0.05,g,C,0.75,"ANSES Ciqual 2025-11-03 — U.S. Department of Agriculture, Agricultural Research Service (2014). USDA National Nutrient Database for Standard Reference, Release 27. Nutrient Data Laboratory Home Page, http://www.ars.usda.gov/ba/bhnrc/ndl"
ING-PLANT-NAVET-000001,20064,"Navet, pelé, cru",ENERC,"Energie, Règlement UE N° 1169/2011 (kJ/100 g)",108.0,kJ,D,0.6,ANSES Ciqual 2025-11-03 — Valeur ajustée/calculée/imputée Ciqual
ING-PLANT-NAVET-000001,20064,"Navet, pelé, cru",ENERCKCAL,"Energie, Règlement UE N° 1169/2011 (kcal/100 g)",25.6,kcal,D,0.6,ANSES Ciqual 2025-11-03 — Valeur ajustée/calculée/imputée Ciqual
ING-PLANT-NAVET-000001,20064,"Navet, pelé, cru",WATER,Eau (g/100 g),91.9,g,B,0.85,"ANSES Ciqual 2025-11-03 — U.S. Department of Agriculture, Agricultural Research Service (2014). USDA National Nutrient Database for Standard Reference, Release 27. Nutrient Data Laboratory Home Page, http://www.ars.usda.gov/ba/bhnrc/ndl"
ING-PLANT-NAVET-000001,20064,"Navet, pelé, cru",SALT,Sel chlorure de sodium (g/100 g),0.17,g,C,0.75,"ANSES Ciqual 2025-11-03 — U.S. Department of Agriculture, Agricultural Research Service (2014). USDA National Nutrient Database for Standard Reference, Release 27. Nutrient Data Laboratory Home Page, http://www.ars.usda.gov/ba/bhnrc/ndl"
ING-PLANT-NAVET-000001,20064,"Navet, pelé, cru",NA,Sodium (mg/100 g),67.0,mg,C,0.75,"ANSES Ciqual 2025-11-03 — U.S. Department of Agriculture, Agricultural Research Service (2014). USDA National Nutrient Database for Standard Reference, Release 27. Nutrient Data Laboratory Home Page, http://www.ars.usda.gov/ba/bhnrc/ndl"
ING-PLANT-NAVET-000001,20064,"Navet, pelé, cru",PROTEIN,"Protéines, N x 6.25 (g/100 g)",0.9,g,C,0.75,ANSES Ciqual 2025-11-03 — Valeur ajustée/calculée/imputée Ciqual
ING-PLANT-NAVET-000001,20064,"Navet, pelé, cru",CARB,Glucides (g/100 g),4.39,g,D,0.6,ANSES Ciqual 2025-11-03 — Valeur ajustée/calculée/imputée Ciqual
ING-PLANT-NAVET-000001,20064,"Navet, pelé, cru",SUGAR,Sucres (g/100 g),3.71,g,D,0.6,ANSES Ciqual 2025-11-03 — Valeur ajustée/calculée/imputée Ciqual
ING-PLANT-NAVET-000001,20064,"Navet, pelé, cru",FIBER,Fibres alimentaires (g/100 g),1.8,g,C,0.75,"ANSES Ciqual 2025-11-03 — U.S. Department of Agriculture, Agricultural Research Service (2014). USDA National Nutrient Database for Standard Reference, Release 27. Nutrient Data Laboratory Home Page, http://www.ars.usda.gov/ba/bhnrc/ndl"
ING-PLANT-NAVET-000001,20064,"Navet, pelé, cru",FAT,Lipides (g/100 g),0.1,g,C,0.75,"ANSES Ciqual 2025-11-03 — U.S. Department of Agriculture, Agricultural Research Service (2014). USDA National Nutrient Database for Standard Reference, Release 27. Nutrient Data Laboratory Home Page, http://www.ars.usda.gov/ba/bhnrc/ndl"
ING-PLANT-NAVET-000001,20064,"Navet, pelé, cru",FAT_SAT,AG saturés (g/100 g),0.011,g,C,0.75,"ANSES Ciqual 2025-11-03 — U.S. Department of Agriculture, Agricultural Research Service (2014). USDA National Nutrient Database for Standard Reference, Release 27. Nutrient Data Laboratory Home Page, http://www.ars.usda.gov/ba/bhnrc/ndl"
ING-FERMENT-CONCENTRDETO-000001,20068,"Tomate, concentré, appertisé",ENERC,"Energie, Règlement UE N° 1169/2011 (kJ/100 g)",419.0,kJ,D,0.6,ANSES Ciqual 2025-11-03 — Valeur ajustée/calculée/imputée Ciqual
ING-FERMENT-CONCENTRDETO-000001,20068,"Tomate, concentré, appertisé",ENERCKCAL,"Energie, Règlement UE N° 1169/2011 (kcal/100 g)",99.2,kcal,D,0.6,ANSES Ciqual 2025-11-03 — Valeur ajustée/calculée/imputée Ciqual
ING-FERMENT-CONCENTRDETO-000001,20068,"Tomate, concentré, appertisé",WATER,Eau (g/100 g),72.0,g,A,0.95,ANSES Ciqual 2025-11-03 — Analyses Ciqual 2007 (c )
ING-FERMENT-CONCENTRDETO-000001,20068,"Tomate, concentré, appertisé",SALT,Sel chlorure de sodium (g/100 g),0.27,g,A,0.95,ANSES Ciqual 2025-11-03 — Analyses Ciqual 2007 (c )
ING-FERMENT-CONCENTRDETO-000001,20068,"Tomate, concentré, appertisé",NA,Sodium (mg/100 g),108.0,mg,A,0.95,ANSES Ciqual 2025-11-03 — Analyses Ciqual 2007 (c )
ING-FERMENT-CONCENTRDETO-000001,20068,"Tomate, concentré, appertisé",PROTEIN,"Protéines, N x 6.25 (g/100 g)",4.4,g,A,0.95,ANSES Ciqual 2025-11-03 — Valeur ajustée/calculée/imputée Ciqual
ING-FERMENT-CONCENTRDETO-000001,20068,"Tomate, concentré, appertisé",CARB,Glucides (g/100 g),17.1,g,A,0.95,ANSES Ciqual 2025-11-03 — Valeur ajustée/calculée/imputée Ciqual
ING-FERMENT-CONCENTRDETO-000001,20068,"Tomate, concentré, appertisé",SUGAR,Sucres (g/100 g),13.3,g,A,0.95,ANSES Ciqual 2025-11-03 — Analyses Ciqual 2007 (c )
ING-FERMENT-CONCENTRDETO-000001,20068,"Tomate, concentré, appertisé",FIBER,Fibres alimentaires (g/100 g),4.2,g,A,0.95,ANSES Ciqual 2025-11-03 — Analyses Ciqual 2007 (c )
ING-FERMENT-CONCENTRDETO-000001,20068,"Tomate, concentré, appertisé",FAT,Lipides (g/100 g),0.53,g,A,0.95,ANSES Ciqual 2025-11-03 — Analyses Ciqual 2007 (c )
ING-FERMENT-CONCENTRDETO-000001,20068,"Tomate, concentré, appertisé",FAT_SAT,AG saturés (g/100 g),0.1,g,C,0.75,"ANSES Ciqual 2025-11-03 — U.S. Department of Agriculture, Agricultural Research Service (2014). USDA National Nutrient Database for Standard Reference, Release 27. Nutrient Data Laboratory Home Page, http://www.ars.usda.gov/ba/bhnrc/ndl"
ING-PLANT-CHOUVERT-000001,20069,"Chou vert, cru",ENERC,"Energie, Règlement UE N° 1169/2011 (kJ/100 g)",102.0,kJ,D,0.6,ANSES Ciqual 2025-11-03 — Valeur ajustée/calculée/imputée Ciqual
ING-PLANT-CHOUVERT-000001,20069,"Chou vert, cru",ENERCKCAL,"Energie, Règlement UE N° 1169/2011 (kcal/100 g)",24.4,kcal,D,0.6,ANSES Ciqual 2025-11-03 — Valeur ajustée/calculée/imputée Ciqual
ING-PLANT-CHOUVERT-000001,20069,"Chou vert, cru",WATER,Eau (g/100 g),92.1,g,B,0.85,"ANSES Ciqual 2025-11-03 — U.S. Department of Agriculture, Agricultural Research Service (2014). USDA National Nutrient Database for Standard Reference, Release 27. Nutrient Data Laboratory Home Page, http://www.ars.usda.gov/ba/bhnrc/ndl"
ING-PLANT-CHOUVERT-000001,20069,"Chou vert, cru",SALT,Sel chlorure de sodium (g/100 g),0.051,g,C,0.75,"ANSES Ciqual 2025-11-03 — U.S. Department of Agriculture, Agricultural Research Service (2014). USDA National Nutrient Database for Standard Reference, Release 27. Nutrient Data Laboratory Home Page, http://www.ars.usda.gov/ba/bhnrc/ndl"
ING-PLANT-CHOUVERT-000001,20069,"Chou vert, cru",NA,Sodium (mg/100 g),20.5,mg,C,0.75,"ANSES Ciqual 2025-11-03 — U.S. Department of Agriculture, Agricultural Research Service (2014). USDA National Nutrient Database for Standard Reference, Release 27. Nutrient Data Laboratory Home Page, http://www.ars.usda.gov/ba/bhnrc/ndl"
ING-PLANT-CHOUVERT-000001,20069,"Chou vert, cru",PROTEIN,"Protéines, N x 6.25 (g/100 g)",1.43,g,B,0.85,ANSES Ciqual 2025-11-03 — Valeur ajustée/calculée/imputée Ciqual
ING-PLANT-CHOUVERT-000001,20069,"Chou vert, cru",CARB,Glucides (g/100 g),2.74,g,D,0.6,ANSES Ciqual 2025-11-03 — Valeur ajustée/calculée/imputée Ciqual
ING-PLANT-CHOUVERT-000001,20069,"Chou vert, cru",SUGAR,Sucres (g/100 g),2.74,g,C,0.75,"ANSES Ciqual 2025-11-03 — U.S. Department of Agriculture, Agricultural Research Service (2014). USDA National Nutrient Database for Standard Reference, Release 27. Nutrient Data Laboratory Home Page, http://www.ars.usda.gov/ba/bhnrc/ndl"
ING-PLANT-CHOUVERT-000001,20069,"Chou vert, cru",FIBER,Fibres alimentaires (g/100 g),2.55,g,C,0.75,"ANSES Ciqual 2025-11-03 — U.S. Department of Agriculture, Agricultural Research Service (2014). USDA National Nutrient Database for Standard Reference, Release 27. Nutrient Data Laboratory Home Page, http://www.ars.usda.gov/ba/bhnrc/ndl"
ING-PLANT-CHOUVERT-000001,20069,"Chou vert, cru",FAT,Lipides (g/100 g),0.14,g,B,0.85,"ANSES Ciqual 2025-11-03 — U.S. Department of Agriculture, Agricultural Research Service (2014). USDA National Nutrient Database for Standard Reference, Release 27. Nutrient Data Laboratory Home Page, http://www.ars.usda.gov/ba/bhnrc/ndl"
ING-PLANT-CHOUVERT-000001,20069,"Chou vert, cru",FAT_SAT,AG saturés (g/100 g),0.023,g,C,0.75,"ANSES Ciqual 2025-11-03 — U.S. Department of Agriculture, Agricultural Research Service (2014). USDA National Nutrient Database for Standard Reference, Release 27. Nutrient Data Laboratory Home Page, http://www.ars.usda.gov/ba/bhnrc/ndl"
ING-PLANT-POIVRONVERT-000001,20085,"Poivron vert, cru",ENERC,"Energie, Règlement UE N° 1169/2011 (kJ/100 g)",93.9,kJ,D,0.6,ANSES Ciqual 2025-11-03 — Valeur ajustée/calculée/imputée Ciqual
ING-PLANT-POIVRONVERT-000001,20085,"Poivron vert, cru",ENERCKCAL,"Energie, Règlement UE N° 1169/2011 (kcal/100 g)",22.5,kcal,D,0.6,ANSES Ciqual 2025-11-03 — Valeur ajustée/calculée/imputée Ciqual
ING-PLANT-POIVRONVERT-000001,20085,"Poivron vert, cru",WATER,Eau (g/100 g),93.0,g,A,0.95,ANSES Ciqual 2025-11-03 — Analyses Ciqual-Aprifel 2017 (MS 2.5)
ING-PLANT-POIVRONVERT-000001,20085,"Poivron vert, cru",PROTEIN,"Protéines, N x 6.25 (g/100 g)",0.81,g,A,0.95,ANSES Ciqual 2025-11-03 — Valeur ajustée/calculée/imputée Ciqual
ING-PLANT-POIVRONVERT-000001,20085,"Poivron vert, cru",CARB,Glucides (g/100 g),3.43,g,A,0.95,ANSES Ciqual 2025-11-03 — Valeur ajustée/calculée/imputée Ciqual
ING-PLANT-POIVRONVERT-000001,20085,"Poivron vert, cru",SUGAR,Sucres (g/100 g),3.0,g,A,0.95,ANSES Ciqual 2025-11-03 — Analyses Ciqual-Aprifel 2017 (MS 2.5)
ING-PLANT-POIVRONVERT-000001,20085,"Poivron vert, cru",FIBER,Fibres alimentaires (g/100 g),3.2,g,A,0.95,ANSES Ciqual 2025-11-03 — Analyses Ciqual-Aprifel 2017 (MS 2.5)
ING-PLANT-POIVRONROUGE-000001,20087,"Poivron rouge, cru",ENERC,"Energie, Règlement UE N° 1169/2011 (kJ/100 g)",141.0,kJ,D,0.6,ANSES Ciqual 2025-11-03 — Valeur ajustée/calculée/imputée Ciqual
ING-PLANT-POIVRONROUGE-000001,20087,"Poivron rouge, cru",ENERCKCAL,"Energie, Règlement UE N° 1169/2011 (kcal/100 g)",33.6,kcal,D,0.6,ANSES Ciqual 2025-11-03 — Valeur ajustée/calculée/imputée Ciqual
ING-PLANT-POIVRONROUGE-000001,20087,"Poivron rouge, cru",WATER,Eau (g/100 g),90.2,g,A,0.95,ANSES Ciqual 2025-11-03 — Analyses Ciqual-Aprifel 2017 (MS 2.5)
ING-PLANT-POIVRONROUGE-000001,20087,"Poivron rouge, cru",PROTEIN,"Protéines, N x 6.25 (g/100 g)",1.06,g,A,0.95,ANSES Ciqual 2025-11-03 — Valeur ajustée/calculée/imputée Ciqual
ING-PLANT-POIVRONROUGE-000001,20087,"Poivron rouge, cru",CARB,Glucides (g/100 g),5.98,g,A,0.95,ANSES Ciqual 2025-11-03 — Valeur ajustée/calculée/imputée Ciqual
ING-PLANT-POIVRONROUGE-000001,20087,"Poivron rouge, cru",SUGAR,Sucres (g/100 g),4.8,g,A,0.95,ANSES Ciqual 2025-11-03 — Analyses Ciqual-Aprifel 2017 (MS 2.5)
ING-PLANT-POIVRONROUGE-000001,20087,"Poivron rouge, cru",FIBER,Fibres alimentaires (g/100 g),3.2,g,A,0.95,ANSES Ciqual 2025-11-03 — Analyses Ciqual-Aprifel 2017 (MS 2.5)
ING-PLANT-BETTERAVE-000001,20091,"Betterave rouge, crue",ENERC,"Energie, Règlement UE N° 1169/2011 (kJ/100 g)",169.0,kJ,D,0.6,ANSES Ciqual 2025-11-03 — Valeur ajustée/calculée/imputée Ciqual
ING-PLANT-BETTERAVE-000001,20091,"Betterave rouge, crue",ENERCKCAL,"Energie, Règlement UE N° 1169/2011 (kcal/100 g)",40.2,kcal,D,0.6,ANSES Ciqual 2025-11-03 — Valeur ajustée/calculée/imputée Ciqual
ING-PLANT-BETTERAVE-000001,20091,"Betterave rouge, crue",WATER,Eau (g/100 g),87.6,g,C,0.75,"ANSES Ciqual 2025-11-03 — U.S. Department of Agriculture, Agricultural Research Service (2014). USDA National Nutrient Database for Standard Reference, Release 27. Nutrient Data Laboratory Home Page, http://www.ars.usda.gov/ba/bhnrc/ndl"
ING-PLANT-BETTERAVE-000001,20091,"Betterave rouge, crue",SALT,Sel chlorure de sodium (g/100 g),0.2,g,B,0.85,"ANSES Ciqual 2025-11-03 — U.S. Department of Agriculture, Agricultural Research Service (2014). USDA National Nutrient Database for Standard Reference, Release 27. Nutrient Data Laboratory Home Page, http://www.ars.usda.gov/ba/bhnrc/ndl"
ING-PLANT-BETTERAVE-000001,20091,"Betterave rouge, crue",NA,Sodium (mg/100 g),78.0,mg,B,0.85,"ANSES Ciqual 2025-11-03 — U.S. Department of Agriculture, Agricultural Research Service (2014). USDA National Nutrient Database for Standard Reference, Release 27. Nutrient Data Laboratory Home Page, http://www.ars.usda.gov/ba/bhnrc/ndl"
ING-PLANT-BETTERAVE-000001,20091,"Betterave rouge, crue",PROTEIN,"Protéines, N x 6.25 (g/100 g)",1.61,g,B,0.85,ANSES Ciqual 2025-11-03 — Valeur ajustée/calculée/imputée Ciqual
ING-PLANT-BETTERAVE-000001,20091,"Betterave rouge, crue",CARB,Glucides (g/100 g),6.34,g,C,0.75,ANSES Ciqual 2025-11-03 — Valeur ajustée/calculée/imputée Ciqual
ING-PLANT-BETTERAVE-000001,20091,"Betterave rouge, crue",SUGAR,Sucres (g/100 g),6.34,g,D,0.6,ANSES Ciqual 2025-11-03 — Valeur ajustée/calculée/imputée Ciqual
ING-PLANT-BETTERAVE-000001,20091,"Betterave rouge, crue",FIBER,Fibres alimentaires (g/100 g),2.8,g,C,0.75,"ANSES Ciqual 2025-11-03 — U.S. Department of Agriculture, Agricultural Research Service (2014). USDA National Nutrient Database for Standard Reference, Release 27. Nutrient Data Laboratory Home Page, http://www.ars.usda.gov/ba/bhnrc/ndl"
ING-PLANT-BETTERAVE-000001,20091,"Betterave rouge, crue",FAT,Lipides (g/100 g),0.17,g,B,0.85,"ANSES Ciqual 2025-11-03 — U.S. Department of Agriculture, Agricultural Research Service (2014). USDA National Nutrient Database for Standard Reference, Release 27. Nutrient Data Laboratory Home Page, http://www.ars.usda.gov/ba/bhnrc/ndl"
ING-PLANT-BETTERAVE-000001,20091,"Betterave rouge, crue",FAT_SAT,AG saturés (g/100 g),0.027,g,C,0.75,"ANSES Ciqual 2025-11-03 — U.S. Department of Agriculture, Agricultural Research Service (2014). USDA National Nutrient Database for Standard Reference, Release 27. Nutrient Data Laboratory Home Page, http://www.ars.usda.gov/ba/bhnrc/ndl"
ING-PLANT-CHALOTE-000001,20097,"Échalote, crue",ENERC,"Energie, Règlement UE N° 1169/2011 (kJ/100 g)",261.0,kJ,D,0.6,ANSES Ciqual 2025-11-03 — Valeur ajustée/calculée/imputée Ciqual
ING-PLANT-CHALOTE-000001,20097,"Échalote, crue",ENERCKCAL,"Energie, Règlement UE N° 1169/2011 (kcal/100 g)",61.7,kcal,D,0.6,ANSES Ciqual 2025-11-03 — Valeur ajustée/calculée/imputée Ciqual
ING-PLANT-CHALOTE-000001,20097,"Échalote, crue",WATER,Eau (g/100 g),82.3,g,A,0.95,ANSES Ciqual 2025-11-03 — Analyses Ciqual-Aprifel 2017 (MS 2.5)
ING-PLANT-CHALOTE-000001,20097,"Échalote, crue",SALT,Sel chlorure de sodium (g/100 g),0.013,g,A,0.95,ANSES Ciqual 2025-11-03 — Analyses Ciqual-Aprifel 2017 (MS 2.5)
ING-PLANT-CHALOTE-000001,20097,"Échalote, crue",NA,Sodium (mg/100 g),5.0,mg,A,0.95,ANSES Ciqual 2025-11-03 — Analyses Ciqual-Aprifel 2017 (MS 2.5)
ING-PLANT-CHALOTE-000001,20097,"Échalote, crue",PROTEIN,"Protéines, N x 6.25 (g/100 g)",1.81,g,A,0.95,ANSES Ciqual 2025-11-03 — Valeur ajustée/calculée/imputée Ciqual
ING-PLANT-CHALOTE-000001,20097,"Échalote, crue",CARB,Glucides (g/100 g),12.2,g,A,0.95,ANSES Ciqual 2025-11-03 — Valeur ajustée/calculée/imputée Ciqual
ING-PLANT-CHALOTE-000001,20097,"Échalote, crue",SUGAR,Sucres (g/100 g),3.3,g,A,0.95,ANSES Ciqual 2025-11-03 — Analyses Ciqual-Aprifel 2017 (MS 2.5)
ING-PLANT-CHALOTE-000001,20097,"Échalote, crue",FIBER,Fibres alimentaires (g/100 g),2.6,g,A,0.95,ANSES Ciqual 2025-11-03 — Analyses Ciqual-Aprifel 2017 (MS 2.5)
ING-PLANT-MCHE-000001,20099,"Mâche, crue",ENERC,"Energie, Règlement UE N° 1169/2011 (kJ/100 g)",62.6,kJ,D,0.6,ANSES Ciqual 2025-11-03 — Valeur ajustée/calculée/imputée Ciqual
ING-PLANT-MCHE-000001,20099,"Mâche, crue",ENERCKCAL,"Energie, Règlement UE N° 1169/2011 (kcal/100 g)",15.0,kcal,D,0.6,ANSES Ciqual 2025-11-03 — Valeur ajustée/calculée/imputée Ciqual
ING-PLANT-MCHE-000001,20099,"Mâche, crue",WATER,Eau (g/100 g),93.7,g,A,0.95,ANSES Ciqual 2025-11-03 — Analyses Ciqual-Aprifel 2017 (MS 2.5)
ING-PLANT-MCHE-000001,20099,"Mâche, crue",PROTEIN,"Protéines, N x 6.25 (g/100 g)",2.0,g,A,0.95,ANSES Ciqual 2025-11-03 — Valeur ajustée/calculée/imputée Ciqual
ING-PLANT-MCHE-000001,20099,"Mâche, crue",CARB,Glucides (g/100 g),0.5,g,A,0.95,ANSES Ciqual 2025-11-03 — Valeur ajustée/calculée/imputée Ciqual
ING-PLANT-MCHE-000001,20099,"Mâche, crue",FIBER,Fibres alimentaires (g/100 g),2.3,g,A,0.95,ANSES Ciqual 2025-11-03 — Analyses Ciqual-Aprifel 2017 (MS 2.5)
ING-FUNGUS-GIROLLE-000001,20103,"Champignon, chanterelle ou girolle, crue",ENERC,"Energie, Règlement UE N° 1169/2011 (kJ/100 g)",102.0,kJ,D,0.6,ANSES Ciqual 2025-11-03 — Valeur ajustée/calculée/imputée Ciqual
ING-FUNGUS-GIROLLE-000001,20103,"Champignon, chanterelle ou girolle, crue",ENERCKCAL,"Energie, Règlement UE N° 1169/2011 (kcal/100 g)",24.7,kcal,D,0.6,ANSES Ciqual 2025-11-03 — Valeur ajustée/calculée/imputée Ciqual
ING-FUNGUS-GIROLLE-000001,20103,"Champignon, chanterelle ou girolle, crue",WATER,Eau (g/100 g),89.9,g,B,0.85,"ANSES Ciqual 2025-11-03 — U.S. Department of Agriculture, Agricultural Research Service (2014). USDA National Nutrient Database for Standard Reference, Release 27. Nutrient Data Laboratory Home Page, http://www.ars.usda.gov/ba/bhnrc/ndl"
ING-FUNGUS-GIROLLE-000001,20103,"Champignon, chanterelle ou girolle, crue",SALT,Sel chlorure de sodium (g/100 g),0.023,g,B,0.85,"ANSES Ciqual 2025-11-03 — U.S. Department of Agriculture, Agricultural Research Service (2014). USDA National Nutrient Database for Standard Reference, Release 27. Nutrient Data Laboratory Home Page, http://www.ars.usda.gov/ba/bhnrc/ndl"
ING-FUNGUS-GIROLLE-000001,20103,"Champignon, chanterelle ou girolle, crue",NA,Sodium (mg/100 g),9.0,mg,B,0.85,"ANSES Ciqual 2025-11-03 — U.S. Department of Agriculture, Agricultural Research Service (2014). USDA National Nutrient Database for Standard Reference, Release 27. Nutrient Data Laboratory Home Page, http://www.ars.usda.gov/ba/bhnrc/ndl"
ING-FUNGUS-GIROLLE-000001,20103,"Champignon, chanterelle ou girolle, crue",PROTEIN,"Protéines, N x 6.25 (g/100 g)",1.49,g,B,0.85,ANSES Ciqual 2025-11-03 — Valeur ajustée/calculée/imputée Ciqual
ING-FUNGUS-GIROLLE-000001,20103,"Champignon, chanterelle ou girolle, crue",CARB,Glucides (g/100 g),1.77,g,D,0.6,ANSES Ciqual 2025-11-03 — Valeur ajustée/calculée/imputée Ciqual
ING-FUNGUS-GIROLLE-000001,20103,"Champignon, chanterelle ou girolle, crue",SUGAR,Sucres (g/100 g),1.16,g,B,0.85,"ANSES Ciqual 2025-11-03 — U.S. Department of Agriculture, Agricultural Research Service (2014). USDA National Nutrient Database for Standard Reference, Release 27. Nutrient Data Laboratory Home Page, http://www.ars.usda.gov/ba/bhnrc/ndl"
ING-FUNGUS-GIROLLE-000001,20103,"Champignon, chanterelle ou girolle, crue",FIBER,Fibres alimentaires (g/100 g),3.8,g,B,0.85,"ANSES Ciqual 2025-11-03 — U.S. Department of Agriculture, Agricultural Research Service (2014). USDA National Nutrient Database for Standard Reference, Release 27. Nutrient Data Laboratory Home Page, http://www.ars.usda.gov/ba/bhnrc/ndl"
ING-FUNGUS-GIROLLE-000001,20103,"Champignon, chanterelle ou girolle, crue",FAT,Lipides (g/100 g),0.53,g,B,0.85,"ANSES Ciqual 2025-11-03 — U.S. Department of Agriculture, Agricultural Research Service (2014). USDA National Nutrient Database for Standard Reference, Release 27. Nutrient Data Laboratory Home Page, http://www.ars.usda.gov/ba/bhnrc/ndl"
ING-FUNGUS-GIROLLE-000001,20103,"Champignon, chanterelle ou girolle, crue",FAT_SAT,AG saturés (g/100 g),0.5,g,D,0.6,ANSES Ciqual 2025-11-03 — Données industrielles françaises (2013)
ING-FUNGUS-MORILLE-000001,20105,"Champignon, morille, crue",ENERC,"Energie, Règlement UE N° 1169/2011 (kJ/100 g)",97.9,kJ,D,0.6,ANSES Ciqual 2025-11-03 — Valeur ajustée/calculée/imputée Ciqual
ING-FUNGUS-MORILLE-000001,20105,"Champignon, morille, crue",ENERCKCAL,"Energie, Règlement UE N° 1169/2011 (kcal/100 g)",23.5,kcal,D,0.6,ANSES Ciqual 2025-11-03 — Valeur ajustée/calculée/imputée Ciqual
ING-FUNGUS-MORILLE-000001,20105,"Champignon, morille, crue",WATER,Eau (g/100 g),89.6,g,B,0.85,"ANSES Ciqual 2025-11-03 — U.S. Department of Agriculture, Agricultural Research Service (2014). USDA National Nutrient Database for Standard Reference, Release 27. Nutrient Data Laboratory Home Page, http://www.ars.usda.gov/ba/bhnrc/ndl"
ING-FUNGUS-MORILLE-000001,20105,"Champignon, morille, crue",SALT,Sel chlorure de sodium (g/100 g),0.053,g,B,0.85,"ANSES Ciqual 2025-11-03 — U.S. Department of Agriculture, Agricultural Research Service (2014). USDA National Nutrient Database for Standard Reference, Release 27. Nutrient Data Laboratory Home Page, http://www.ars.usda.gov/ba/bhnrc/ndl"
ING-FUNGUS-MORILLE-000001,20105,"Champignon, morille, crue",NA,Sodium (mg/100 g),21.0,mg,B,0.85,"ANSES Ciqual 2025-11-03 — U.S. Department of Agriculture, Agricultural Research Service (2014). USDA National Nutrient Database for Standard Reference, Release 27. Nutrient Data Laboratory Home Page, http://www.ars.usda.gov/ba/bhnrc/ndl"
ING-FUNGUS-MORILLE-000001,20105,"Champignon, morille, crue",PROTEIN,"Protéines, N x 6.25 (g/100 g)",3.12,g,B,0.85,ANSES Ciqual 2025-11-03 — Valeur ajustée/calculée/imputée Ciqual
ING-FUNGUS-MORILLE-000001,20105,"Champignon, morille, crue",CARB,Glucides (g/100 g),0.1,g,D,0.6,ANSES Ciqual 2025-11-03 — Valeur ajustée/calculée/imputée Ciqual
ING-FUNGUS-MORILLE-000001,20105,"Champignon, morille, crue",SUGAR,Sucres (g/100 g),0.057,g,D,0.6,ANSES Ciqual 2025-11-03 — Valeur ajustée/calculée/imputée Ciqual
ING-FUNGUS-MORILLE-000001,20105,"Champignon, morille, crue",FIBER,Fibres alimentaires (g/100 g),2.8,g,B,0.85,"ANSES Ciqual 2025-11-03 — U.S. Department of Agriculture, Agricultural Research Service (2014). USDA National Nutrient Database for Standard Reference, Release 27. Nutrient Data Laboratory Home Page, http://www.ars.usda.gov/ba/bhnrc/ndl"
ING-FUNGUS-MORILLE-000001,20105,"Champignon, morille, crue",FAT,Lipides (g/100 g),0.57,g,B,0.85,"ANSES Ciqual 2025-11-03 — U.S. Department of Agriculture, Agricultural Research Service (2014). USDA National Nutrient Database for Standard Reference, Release 27. Nutrient Data Laboratory Home Page, http://www.ars.usda.gov/ba/bhnrc/ndl"
ING-FUNGUS-MORILLE-000001,20105,"Champignon, morille, crue",FAT_SAT,AG saturés (g/100 g),0.065,g,C,0.75,"ANSES Ciqual 2025-11-03 — U.S. Department of Agriculture, Agricultural Research Service (2014). USDA National Nutrient Database for Standard Reference, Release 27. Nutrient Data Laboratory Home Page, http://www.ars.usda.gov/ba/bhnrc/ndl"
ING-FUNGUS-TRUFFENOIRE-000001,20106,"Champignon, truffe noire, crue",WATER,Eau (g/100 g),75.9,g,D,0.6,"ANSES Ciqual 2025-11-03 — Souci SW, Fachmann W, Kraut H (1986). Food Composition and Nutrition Tables 1986/1987. Medpharm, Stuttgart; 1091p.-Salvini S, Parpinel M, Gnagnarella P, Maisonneuve P, Turrini A (1998). Banca Dati di Composizione degli Alimenti per Studi Epidemiologici in Italia. Ed. Istituto Europeo di Oncologia."
ING-FUNGUS-TRUFFENOIRE-000001,20106,"Champignon, truffe noire, crue",SALT,Sel chlorure de sodium (g/100 g),0.17,g,D,0.6,"ANSES Ciqual 2025-11-03 — Souci SW, Fachmann W, Kraut H (1986). Food Composition and Nutrition Tables 1986/1987. Medpharm, Stuttgart; 1091p.-Salvini S, Parpinel M, Gnagnarella P, Maisonneuve P, Turrini A (1998). Banca Dati di Composizione degli Alimenti per Studi Epidemiologici in Italia. Ed. Istituto Europeo di Oncologia."
ING-FUNGUS-TRUFFENOIRE-000001,20106,"Champignon, truffe noire, crue",NA,Sodium (mg/100 g),66.0,mg,D,0.6,"ANSES Ciqual 2025-11-03 — Souci SW, Fachmann W, Kraut H (1986). Food Composition and Nutrition Tables 1986/1987. Medpharm, Stuttgart; 1091p.-Salvini S, Parpinel M, Gnagnarella P, Maisonneuve P, Turrini A (1998). Banca Dati di Composizione degli Alimenti per Studi Epidemiologici in Italia. Ed. Istituto Europeo di Oncologia."
ING-FUNGUS-TRUFFENOIRE-000001,20106,"Champignon, truffe noire, crue",PROTEIN,"Protéines, N x 6.25 (g/100 g)",5.77,g,D,0.6,ANSES Ciqual 2025-11-03 — Valeur ajustée/calculée/imputée Ciqual
ING-FUNGUS-TRUFFENOIRE-000001,20106,"Champignon, truffe noire, crue",SUGAR,Sucres (g/100 g),0.7,g,D,0.6,"ANSES Ciqual 2025-11-03 — Salvini S, Parpinel M, Gnagnarella P, Maisonneuve P, Turrini A (1998). Banca Dati di Composizione degli Alimenti per Studi Epidemiologici in Italia. Ed. Istituto Europeo di Oncologia."
ING-FUNGUS-TRUFFENOIRE-000001,20106,"Champignon, truffe noire, crue",FIBER,Fibres alimentaires (g/100 g),8.5,g,D,0.6,"ANSES Ciqual 2025-11-03 — Salvini S, Parpinel M, Gnagnarella P, Maisonneuve P, Turrini A (1998). Banca Dati di Composizione degli Alimenti per Studi Epidemiologici in Italia. Ed. Istituto Europeo di Oncologia."
ING-FUNGUS-TRUFFENOIRE-000001,20106,"Champignon, truffe noire, crue",FAT,Lipides (g/100 g),0.51,g,D,0.6,"ANSES Ciqual 2025-11-03 — Souci SW, Fachmann W, Kraut H (1986). Food Composition and Nutrition Tables 1986/1987. Medpharm, Stuttgart; 1091p.-Salvini S, Parpinel M, Gnagnarella P, Maisonneuve P, Turrini A (1998). Banca Dati di Composizione degli Alimenti per Studi Epidemiologici in Italia. Ed. Istituto Europeo di Oncologia."
ING-FUNGUS-TRUFFENOIRE-000001,20106,"Champignon, truffe noire, crue",FAT_SAT,AG saturés (g/100 g),0.11,g,D,0.6,"ANSES Ciqual 2025-11-03 — Salvini S, Parpinel M, Gnagnarella P, Maisonneuve P, Turrini A (1998). Banca Dati di Composizione degli Alimenti per Studi Epidemiologici in Italia. Ed. Istituto Europeo di Oncologia."
ING-FUNGUS-PLEUROTE-000001,20114,"Champignon, pleurote, crue",ENERC,"Energie, Règlement UE N° 1169/2011 (kJ/100 g)",112.0,kJ,D,0.6,ANSES Ciqual 2025-11-03 — Valeur ajustée/calculée/imputée Ciqual
ING-FUNGUS-PLEUROTE-000001,20114,"Champignon, pleurote, crue",ENERCKCAL,"Energie, Règlement UE N° 1169/2011 (kcal/100 g)",26.8,kcal,D,0.6,ANSES Ciqual 2025-11-03 — Valeur ajustée/calculée/imputée Ciqual
ING-FUNGUS-PLEUROTE-000001,20114,"Champignon, pleurote, crue",WATER,Eau (g/100 g),89.2,g,B,0.85,"ANSES Ciqual 2025-11-03 — U.S. Department of Agriculture, Agricultural Research Service (2014). USDA National Nutrient Database for Standard Reference, Release 27. Nutrient Data Laboratory Home Page, http://www.ars.usda.gov/ba/bhnrc/ndl"
ING-FUNGUS-PLEUROTE-000001,20114,"Champignon, pleurote, crue",SALT,Sel chlorure de sodium (g/100 g),0.045,g,B,0.85,"ANSES Ciqual 2025-11-03 — U.S. Department of Agriculture, Agricultural Research Service (2014). USDA National Nutrient Database for Standard Reference, Release 27. Nutrient Data Laboratory Home Page, http://www.ars.usda.gov/ba/bhnrc/ndl"
ING-FUNGUS-PLEUROTE-000001,20114,"Champignon, pleurote, crue",NA,Sodium (mg/100 g),18.0,mg,B,0.85,"ANSES Ciqual 2025-11-03 — U.S. Department of Agriculture, Agricultural Research Service (2014). USDA National Nutrient Database for Standard Reference, Release 27. Nutrient Data Laboratory Home Page, http://www.ars.usda.gov/ba/bhnrc/ndl"
ING-FUNGUS-PLEUROTE-000001,20114,"Champignon, pleurote, crue",PROTEIN,"Protéines, N x 6.25 (g/100 g)",3.31,g,B,0.85,ANSES Ciqual 2025-11-03 — Valeur ajustée/calculée/imputée Ciqual
ING-FUNGUS-PLEUROTE-000001,20114,"Champignon, pleurote, crue",CARB,Glucides (g/100 g),1.5,g,D,0.6,ANSES Ciqual 2025-11-03 — Valeur ajustée/calculée/imputée Ciqual
ING-FUNGUS-PLEUROTE-000001,20114,"Champignon, pleurote, crue",SUGAR,Sucres (g/100 g),1.07,g,D,0.6,ANSES Ciqual 2025-11-03 — Valeur ajustée/calculée/imputée Ciqual
ING-FUNGUS-PLEUROTE-000001,20114,"Champignon, pleurote, crue",FIBER,Fibres alimentaires (g/100 g),2.3,g,B,0.85,"ANSES Ciqual 2025-11-03 — U.S. Department of Agriculture, Agricultural Research Service (2014). USDA National Nutrient Database for Standard Reference, Release 27. Nutrient Data Laboratory Home Page, http://www.ars.usda.gov/ba/bhnrc/ndl"
ING-FUNGUS-PLEUROTE-000001,20114,"Champignon, pleurote, crue",FAT,Lipides (g/100 g),0.41,g,B,0.85,"ANSES Ciqual 2025-11-03 — U.S. Department of Agriculture, Agricultural Research Service (2014). USDA National Nutrient Database for Standard Reference, Release 27. Nutrient Data Laboratory Home Page, http://www.ars.usda.gov/ba/bhnrc/ndl"
ING-FUNGUS-PLEUROTE-000001,20114,"Champignon, pleurote, crue",FAT_SAT,AG saturés (g/100 g),0.062,g,C,0.75,"ANSES Ciqual 2025-11-03 — U.S. Department of Agriculture, Agricultural Research Service (2014). USDA National Nutrient Database for Standard Reference, Release 27. Nutrient Data Laboratory Home Page, http://www.ars.usda.gov/ba/bhnrc/ndl"
ING-PLANT-CHOUBLANC-000001,20116,"Chou blanc, cru",ENERC,"Energie, Règlement UE N° 1169/2011 (kJ/100 g)",147.0,kJ,D,0.6,ANSES Ciqual 2025-11-03 — Valeur ajustée/calculée/imputée Ciqual
ING-PLANT-CHOUBLANC-000001,20116,"Chou blanc, cru",ENERCKCAL,"Energie, Règlement UE N° 1169/2011 (kcal/100 g)",35.2,kcal,D,0.6,ANSES Ciqual 2025-11-03 — Valeur ajustée/calculée/imputée Ciqual
ING-PLANT-CHOUBLANC-000001,20116,"Chou blanc, cru",WATER,Eau (g/100 g),90.0,g,A,0.95,ANSES Ciqual 2025-11-03 — Analyses Ciqual-Aprifel 2017 (MS 2.5)
ING-PLANT-CHOUBLANC-000001,20116,"Chou blanc, cru",SALT,Sel chlorure de sodium (g/100 g),0.033,g,A,0.95,ANSES Ciqual 2025-11-03 — Analyses Ciqual-Aprifel 2017 (MS 2.5)
ING-PLANT-CHOUBLANC-000001,20116,"Chou blanc, cru",NA,Sodium (mg/100 g),13.0,mg,A,0.95,ANSES Ciqual 2025-11-03 — Analyses Ciqual-Aprifel 2017 (MS 2.5)
ING-PLANT-CHOUBLANC-000001,20116,"Chou blanc, cru",PROTEIN,"Protéines, N x 6.25 (g/100 g)",1.38,g,A,0.95,ANSES Ciqual 2025-11-03 — Valeur ajustée/calculée/imputée Ciqual
ING-PLANT-CHOUBLANC-000001,20116,"Chou blanc, cru",CARB,Glucides (g/100 g),4.63,g,A,0.95,ANSES Ciqual 2025-11-03 — Valeur ajustée/calculée/imputée Ciqual
ING-PLANT-CHOUBLANC-000001,20116,"Chou blanc, cru",SUGAR,Sucres (g/100 g),4.2,g,A,0.95,ANSES Ciqual 2025-11-03 — Analyses Ciqual-Aprifel 2017 (MS 2.5)
ING-PLANT-CHOUBLANC-000001,20116,"Chou blanc, cru",FIBER,Fibres alimentaires (g/100 g),3.5,g,A,0.95,ANSES Ciqual 2025-11-03 — Analyses Ciqual-Aprifel 2017 (MS 2.5)
ING-PLANT-CHOUBLANC-000001,20116,"Chou blanc, cru",FAT,Lipides (g/100 g),0.6,g,A,0.95,ANSES Ciqual 2025-11-03 — Analyses Ciqual-Aprifel 2017 (MS 2.5)
ING-PLANT-CHOUBLANC-000001,20116,"Chou blanc, cru",FAT_SAT,AG saturés (g/100 g),0.27,g,A,0.95,ANSES Ciqual 2025-11-03 — Analyses Ciqual-Aprifel 2017 (MS 2.5)
ING-PLANT-TOMATE-000001,20119,"Tomate verte, crue",ENERC,"Energie, Règlement UE N° 1169/2011 (kJ/100 g)",105.0,kJ,D,0.6,ANSES Ciqual 2025-11-03 — Valeur ajustée/calculée/imputée Ciqual
ING-PLANT-TOMATE-000001,20119,"Tomate verte, crue",ENERCKCAL,"Energie, Règlement UE N° 1169/2011 (kcal/100 g)",24.8,kcal,D,0.6,ANSES Ciqual 2025-11-03 — Valeur ajustée/calculée/imputée Ciqual
ING-PLANT-TOMATE-000001,20119,"Tomate verte, crue",WATER,Eau (g/100 g),93.0,g,C,0.75,"ANSES Ciqual 2025-11-03 — U.S. Department of Agriculture, Agricultural Research Service (2014). USDA National Nutrient Database for Standard Reference, Release 27. Nutrient Data Laboratory Home Page, http://www.ars.usda.gov/ba/bhnrc/ndl"
ING-PLANT-TOMATE-000001,20119,"Tomate verte, crue",SALT,Sel chlorure de sodium (g/100 g),0.033,g,B,0.85,"ANSES Ciqual 2025-11-03 — U.S. Department of Agriculture, Agricultural Research Service (2014). USDA National Nutrient Database for Standard Reference, Release 27. Nutrient Data Laboratory Home Page, http://www.ars.usda.gov/ba/bhnrc/ndl"
ING-PLANT-TOMATE-000001,20119,"Tomate verte, crue",NA,Sodium (mg/100 g),13.0,mg,B,0.85,"ANSES Ciqual 2025-11-03 — U.S. Department of Agriculture, Agricultural Research Service (2014). USDA National Nutrient Database for Standard Reference, Release 27. Nutrient Data Laboratory Home Page, http://www.ars.usda.gov/ba/bhnrc/ndl"
ING-PLANT-TOMATE-000001,20119,"Tomate verte, crue",PROTEIN,"Protéines, N x 6.25 (g/100 g)",1.2,g,C,0.75,ANSES Ciqual 2025-11-03 — Valeur ajustée/calculée/imputée Ciqual
ING-PLANT-TOMATE-000001,20119,"Tomate verte, crue",CARB,Glucides (g/100 g),4.0,g,C,0.75,ANSES Ciqual 2025-11-03 — Valeur ajustée/calculée/imputée Ciqual
ING-PLANT-TOMATE-000001,20119,"Tomate verte, crue",SUGAR,Sucres (g/100 g),4.0,g,D,0.6,ANSES Ciqual 2025-11-03 — Valeur ajustée/calculée/imputée Ciqual
ING-PLANT-TOMATE-000001,20119,"Tomate verte, crue",FIBER,Fibres alimentaires (g/100 g),1.1,g,C,0.75,"ANSES Ciqual 2025-11-03 — U.S. Department of Agriculture, Agricultural Research Service (2014). USDA National Nutrient Database for Standard Reference, Release 27. Nutrient Data Laboratory Home Page, http://www.ars.usda.gov/ba/bhnrc/ndl"
ING-PLANT-TOMATE-000001,20119,"Tomate verte, crue",FAT,Lipides (g/100 g),0.2,g,C,0.75,"ANSES Ciqual 2025-11-03 — U.S. Department of Agriculture, Agricultural Research Service (2014). USDA National Nutrient Database for Standard Reference, Release 27. Nutrient Data Laboratory Home Page, http://www.ars.usda.gov/ba/bhnrc/ndl"
ING-PLANT-TOMATE-000001,20119,"Tomate verte, crue",FAT_SAT,AG saturés (g/100 g),0.028,g,C,0.75,"ANSES Ciqual 2025-11-03 — U.S. Department of Agriculture, Agricultural Research Service (2014). USDA National Nutrient Database for Standard Reference, Release 27. Nutrient Data Laboratory Home Page, http://www.ars.usda.gov/ba/bhnrc/ndl"
ING-PLANT-COURGEBUTTER-000001,20138,"Courge butternut (doubeurre), chair sans peau, crue",ENERC,"Energie, Règlement UE N° 1169/2011 (kJ/100 g)",129.0,kJ,D,0.6,ANSES Ciqual 2025-11-03 — Valeur ajustée/calculée/imputée Ciqual
ING-PLANT-COURGEBUTTER-000001,20138,"Courge butternut (doubeurre), chair sans peau, crue",ENERCKCAL,"Energie, Règlement UE N° 1169/2011 (kcal/100 g)",30.5,kcal,D,0.6,ANSES Ciqual 2025-11-03 — Valeur ajustée/calculée/imputée Ciqual
ING-PLANT-COURGEBUTTER-000001,20138,"Courge butternut (doubeurre), chair sans peau, crue",WATER,Eau (g/100 g),86.4,g,B,0.85,"ANSES Ciqual 2025-11-03 — U.S. Department of Agriculture, Agricultural Research Service (2014). USDA National Nutrient Database for Standard Reference, Release 27. Nutrient Data Laboratory Home Page, http://www.ars.usda.gov/ba/bhnrc/ndl"
ING-PLANT-COURGEBUTTER-000001,20138,"Courge butternut (doubeurre), chair sans peau, crue",SALT,Sel chlorure de sodium (g/100 g),0.01,g,C,0.75,"ANSES Ciqual 2025-11-03 — U.S. Department of Agriculture, Agricultural Research Service (2014). USDA National Nutrient Database for Standard Reference, Release 27. Nutrient Data Laboratory Home Page, http://www.ars.usda.gov/ba/bhnrc/ndl"
ING-PLANT-COURGEBUTTER-000001,20138,"Courge butternut (doubeurre), chair sans peau, crue",NA,Sodium (mg/100 g),4.0,mg,C,0.75,"ANSES Ciqual 2025-11-03 — U.S. Department of Agriculture, Agricultural Research Service (2014). USDA National Nutrient Database for Standard Reference, Release 27. Nutrient Data Laboratory Home Page, http://www.ars.usda.gov/ba/bhnrc/ndl"
ING-PLANT-COURGEBUTTER-000001,20138,"Courge butternut (doubeurre), chair sans peau, crue",PROTEIN,"Protéines, N x 6.25 (g/100 g)",1.0,g,C,0.75,ANSES Ciqual 2025-11-03 — Valeur ajustée/calculée/imputée Ciqual
ING-PLANT-COURGEBUTTER-000001,20138,"Courge butternut (doubeurre), chair sans peau, crue",CARB,Glucides (g/100 g),5.4,g,D,0.6,ANSES Ciqual 2025-11-03 — Valeur ajustée/calculée/imputée Ciqual
ING-PLANT-COURGEBUTTER-000001,20138,"Courge butternut (doubeurre), chair sans peau, crue",SUGAR,Sucres (g/100 g),2.2,g,C,0.75,"ANSES Ciqual 2025-11-03 — U.S. Department of Agriculture, Agricultural Research Service (2014). USDA National Nutrient Database for Standard Reference, Release 27. Nutrient Data Laboratory Home Page, http://www.ars.usda.gov/ba/bhnrc/ndl"
ING-PLANT-COURGEBUTTER-000001,20138,"Courge butternut (doubeurre), chair sans peau, crue",FIBER,Fibres alimentaires (g/100 g),2.0,g,C,0.75,"ANSES Ciqual 2025-11-03 — U.S. Department of Agriculture, Agricultural Research Service (2014). USDA National Nutrient Database for Standard Reference, Release 27. Nutrient Data Laboratory Home Page, http://www.ars.usda.gov/ba/bhnrc/ndl"
ING-PLANT-COURGEBUTTER-000001,20138,"Courge butternut (doubeurre), chair sans peau, crue",FAT,Lipides (g/100 g),0.1,g,C,0.75,"ANSES Ciqual 2025-11-03 — U.S. Department of Agriculture, Agricultural Research Service (2014). USDA National Nutrient Database for Standard Reference, Release 27. Nutrient Data Laboratory Home Page, http://www.ars.usda.gov/ba/bhnrc/ndl"
ING-PLANT-COURGEBUTTER-000001,20138,"Courge butternut (doubeurre), chair sans peau, crue",FAT_SAT,AG saturés (g/100 g),0.021,g,C,0.75,"ANSES Ciqual 2025-11-03 — U.S. Department of Agriculture, Agricultural Research Service (2014). USDA National Nutrient Database for Standard Reference, Release 27. Nutrient Data Laboratory Home Page, http://www.ars.usda.gov/ba/bhnrc/ndl"
ING-MARINE-SPAGHETTIDEM-000001,20145,"Courge spaghetti, chair sans peau, crue",ENERC,"Energie, Règlement UE N° 1169/2011 (kJ/100 g)",136.0,kJ,D,0.6,ANSES Ciqual 2025-11-03 — Valeur ajustée/calculée/imputée Ciqual
ING-MARINE-SPAGHETTIDEM-000001,20145,"Courge spaghetti, chair sans peau, crue",ENERCKCAL,"Energie, Règlement UE N° 1169/2011 (kcal/100 g)",32.3,kcal,D,0.6,ANSES Ciqual 2025-11-03 — Valeur ajustée/calculée/imputée Ciqual
ING-MARINE-SPAGHETTIDEM-000001,20145,"Courge spaghetti, chair sans peau, crue",WATER,Eau (g/100 g),91.6,g,C,0.75,"ANSES Ciqual 2025-11-03 — U.S. Department of Agriculture, Agricultural Research Service (2014). USDA National Nutrient Database for Standard Reference, Release 27. Nutrient Data Laboratory Home Page, http://www.ars.usda.gov/ba/bhnrc/ndl"
ING-MARINE-SPAGHETTIDEM-000001,20145,"Courge spaghetti, chair sans peau, crue",SALT,Sel chlorure de sodium (g/100 g),0.043,g,C,0.75,"ANSES Ciqual 2025-11-03 — U.S. Department of Agriculture, Agricultural Research Service (2014). USDA National Nutrient Database for Standard Reference, Release 27. Nutrient Data Laboratory Home Page, http://www.ars.usda.gov/ba/bhnrc/ndl"
ING-MARINE-SPAGHETTIDEM-000001,20145,"Courge spaghetti, chair sans peau, crue",NA,Sodium (mg/100 g),17.0,mg,C,0.75,"ANSES Ciqual 2025-11-03 — U.S. Department of Agriculture, Agricultural Research Service (2014). USDA National Nutrient Database for Standard Reference, Release 27. Nutrient Data Laboratory Home Page, http://www.ars.usda.gov/ba/bhnrc/ndl"
ING-MARINE-SPAGHETTIDEM-000001,20145,"Courge spaghetti, chair sans peau, crue",PROTEIN,"Protéines, N x 6.25 (g/100 g)",0.64,g,C,0.75,ANSES Ciqual 2025-11-03 — Valeur ajustée/calculée/imputée Ciqual
ING-MARINE-SPAGHETTIDEM-000001,20145,"Courge spaghetti, chair sans peau, crue",CARB,Glucides (g/100 g),5.41,g,C,0.75,ANSES Ciqual 2025-11-03 — Valeur ajustée/calculée/imputée Ciqual
ING-MARINE-SPAGHETTIDEM-000001,20145,"Courge spaghetti, chair sans peau, crue",SUGAR,Sucres (g/100 g),2.76,g,C,0.75,"ANSES Ciqual 2025-11-03 — U.S. Department of Agriculture, Agricultural Research Service (2014). USDA National Nutrient Database for Standard Reference, Release 27. Nutrient Data Laboratory Home Page, http://www.ars.usda.gov/ba/bhnrc/ndl"
ING-MARINE-SPAGHETTIDEM-000001,20145,"Courge spaghetti, chair sans peau, crue",FIBER,Fibres alimentaires (g/100 g),1.5,g,C,0.75,"ANSES Ciqual 2025-11-03 — U.S. Department of Agriculture, Agricultural Research Service (2014). USDA National Nutrient Database for Standard Reference, Release 27. Nutrient Data Laboratory Home Page, http://www.ars.usda.gov/ba/bhnrc/ndl"
ING-MARINE-SPAGHETTIDEM-000001,20145,"Courge spaghetti, chair sans peau, crue",FAT,Lipides (g/100 g),0.57,g,C,0.75,"ANSES Ciqual 2025-11-03 — U.S. Department of Agriculture, Agricultural Research Service (2014). USDA National Nutrient Database for Standard Reference, Release 27. Nutrient Data Laboratory Home Page, http://www.ars.usda.gov/ba/bhnrc/ndl"
ING-MARINE-SPAGHETTIDEM-000001,20145,"Courge spaghetti, chair sans peau, crue",FAT_SAT,AG saturés (g/100 g),0.12,g,C,0.75,"ANSES Ciqual 2025-11-03 — U.S. Department of Agriculture, Agricultural Research Service (2014). USDA National Nutrient Database for Standard Reference, Release 27. Nutrient Data Laboratory Home Page, http://www.ars.usda.gov/ba/bhnrc/ndl"
ING-PLANT-PIMENTFORT-000001,20151,"Piment, cru",ENERC,"Energie, Règlement UE N° 1169/2011 (kJ/100 g)",158.0,kJ,D,0.6,ANSES Ciqual 2025-11-03 — Valeur ajustée/calculée/imputée Ciqual
ING-PLANT-PIMENTFORT-000001,20151,"Piment, cru",ENERCKCAL,"Energie, Règlement UE N° 1169/2011 (kcal/100 g)",37.4,kcal,D,0.6,ANSES Ciqual 2025-11-03 — Valeur ajustée/calculée/imputée Ciqual
ING-PLANT-PIMENTFORT-000001,20151,"Piment, cru",WATER,Eau (g/100 g),88.0,g,B,0.85,"ANSES Ciqual 2025-11-03 — U.S. Department of Agriculture, Agricultural Research Service (2014). USDA National Nutrient Database for Standard Reference, Release 27. Nutrient Data Laboratory Home Page, http://www.ars.usda.gov/ba/bhnrc/ndl"
ING-PLANT-PIMENTFORT-000001,20151,"Piment, cru",SALT,Sel chlorure de sodium (g/100 g),0.023,g,B,0.85,"ANSES Ciqual 2025-11-03 — U.S. Department of Agriculture, Agricultural Research Service (2014). USDA National Nutrient Database for Standard Reference, Release 27. Nutrient Data Laboratory Home Page, http://www.ars.usda.gov/ba/bhnrc/ndl"
ING-PLANT-PIMENTFORT-000001,20151,"Piment, cru",NA,Sodium (mg/100 g),9.0,mg,B,0.85,"ANSES Ciqual 2025-11-03 — U.S. Department of Agriculture, Agricultural Research Service (2014). USDA National Nutrient Database for Standard Reference, Release 27. Nutrient Data Laboratory Home Page, http://www.ars.usda.gov/ba/bhnrc/ndl"
ING-PLANT-PIMENTFORT-000001,20151,"Piment, cru",PROTEIN,"Protéines, N x 6.25 (g/100 g)",1.87,g,B,0.85,ANSES Ciqual 2025-11-03 — Valeur ajustée/calculée/imputée Ciqual
ING-PLANT-PIMENTFORT-000001,20151,"Piment, cru",CARB,Glucides (g/100 g),5.75,g,D,0.6,ANSES Ciqual 2025-11-03 — Valeur ajustée/calculée/imputée Ciqual
ING-PLANT-PIMENTFORT-000001,20151,"Piment, cru",SUGAR,Sucres (g/100 g),4.01,g,D,0.6,ANSES Ciqual 2025-11-03 — Valeur ajustée/calculée/imputée Ciqual
ING-PLANT-PIMENTFORT-000001,20151,"Piment, cru",FIBER,Fibres alimentaires (g/100 g),1.5,g,C,0.75,"ANSES Ciqual 2025-11-03 — U.S. Department of Agriculture, Agricultural Research Service (2014). USDA National Nutrient Database for Standard Reference, Release 27. Nutrient Data Laboratory Home Page, http://www.ars.usda.gov/ba/bhnrc/ndl"
ING-PLANT-PIMENTFORT-000001,20151,"Piment, cru",FAT,Lipides (g/100 g),0.44,g,C,0.75,"ANSES Ciqual 2025-11-03 — U.S. Department of Agriculture, Agricultural Research Service (2014). USDA National Nutrient Database for Standard Reference, Release 27. Nutrient Data Laboratory Home Page, http://www.ars.usda.gov/ba/bhnrc/ndl"
ING-PLANT-PIMENTFORT-000001,20151,"Piment, cru",FAT_SAT,AG saturés (g/100 g),0.042,g,C,0.75,"ANSES Ciqual 2025-11-03 — U.S. Department of Agriculture, Agricultural Research Service (2014). USDA National Nutrient Database for Standard Reference, Release 27. Nutrient Data Laboratory Home Page, http://www.ars.usda.gov/ba/bhnrc/ndl"
ING-FUNGUS-CPE-000001,20160,"Champignon, cèpe, cru",ENERC,"Energie, Règlement UE N° 1169/2011 (kJ/100 g)",121.0,kJ,D,0.6,ANSES Ciqual 2025-11-03 — Valeur ajustée/calculée/imputée Ciqual
ING-FUNGUS-CPE-000001,20160,"Champignon, cèpe, cru",ENERCKCAL,"Energie, Règlement UE N° 1169/2011 (kcal/100 g)",28.8,kcal,D,0.6,ANSES Ciqual 2025-11-03 — Valeur ajustée/calculée/imputée Ciqual
ING-FUNGUS-CPE-000001,20160,"Champignon, cèpe, cru",WATER,Eau (g/100 g),90.3,g,D,0.6,"ANSES Ciqual 2025-11-03 — Souci SW, Fachmann W, Kraut H (1986). Food Composition and Nutrition Tables 1986/1987. Medpharm, Stuttgart; 1091p.-Salvini S, Parpinel M, Gnagnarella P, Maisonneuve P, Turrini A (1998). Banca Dati di Composizione degli Alimenti per Studi Epidemiologici in Italia. Ed. Istituto Europeo di Oncologia."
ING-FUNGUS-CPE-000001,20160,"Champignon, cèpe, cru",SALT,Sel chlorure de sodium (g/100 g),0.048,g,D,0.6,"ANSES Ciqual 2025-11-03 — Souci SW, Fachmann W, Kraut H (1986). Food Composition and Nutrition Tables 1986/1987. Medpharm, Stuttgart; 1091p.-Salvini S, Parpinel M, Gnagnarella P, Maisonneuve P, Turrini A (1998). Banca Dati di Composizione degli Alimenti per Studi Epidemiologici in Italia. Ed. Istituto Europeo di Oncologia.-Données industrielles françaises (2013)-Données industrielles françaises (2013)"
ING-FUNGUS-CPE-000001,20160,"Champignon, cèpe, cru",NA,Sodium (mg/100 g),21.0,mg,D,0.6,"ANSES Ciqual 2025-11-03 — Souci SW, Fachmann W, Kraut H (1986). Food Composition and Nutrition Tables 1986/1987. Medpharm, Stuttgart; 1091p.-Salvini S, Parpinel M, Gnagnarella P, Maisonneuve P, Turrini A (1998). Banca Dati di Composizione degli Alimenti per Studi Epidemiologici in Italia. Ed. Istituto Europeo di Oncologia.-Données industrielles françaises (2013)"
ING-FUNGUS-CPE-000001,20160,"Champignon, cèpe, cru",PROTEIN,"Protéines, N x 6.25 (g/100 g)",3.23,g,D,0.6,ANSES Ciqual 2025-11-03 — Valeur ajustée/calculée/imputée Ciqual
ING-FUNGUS-CPE-000001,20160,"Champignon, cèpe, cru",CARB,Glucides (g/100 g),2.0,g,D,0.6,ANSES Ciqual 2025-11-03 — Valeur ajustée/calculée/imputée Ciqual
ING-FUNGUS-CPE-000001,20160,"Champignon, cèpe, cru",SUGAR,Sucres (g/100 g),1.28,g,D,0.6,"ANSES Ciqual 2025-11-03 — Souci SW, Fachmann W, Kraut H (1986). Food Composition and Nutrition Tables 1986/1987. Medpharm, Stuttgart; 1091p.-Salvini S, Parpinel M, Gnagnarella P, Maisonneuve P, Turrini A (1998). Banca Dati di Composizione degli Alimenti per Studi Epidemiologici in Italia. Ed. Istituto Europeo di Oncologia.-Données industrielles françaises (2013)-Données industrielles françaises (2013)"
ING-FUNGUS-CPE-000001,20160,"Champignon, cèpe, cru",FIBER,Fibres alimentaires (g/100 g),2.12,g,D,0.6,"ANSES Ciqual 2025-11-03 — Salvini S, Parpinel M, Gnagnarella P, Maisonneuve P, Turrini A (1998). Banca Dati di Composizione degli Alimenti per Studi Epidemiologici in Italia. Ed. Istituto Europeo di Oncologia.-Données industrielles françaises (2013)-Données industrielles françaises (2013)"
ING-FUNGUS-CPE-000001,20160,"Champignon, cèpe, cru",FAT,Lipides (g/100 g),0.49,g,D,0.6,"ANSES Ciqual 2025-11-03 — Souci SW, Fachmann W, Kraut H (1986). Food Composition and Nutrition Tables 1986/1987. Medpharm, Stuttgart; 1091p.-Salvini S, Parpinel M, Gnagnarella P, Maisonneuve P, Turrini A (1998). Banca Dati di Composizione degli Alimenti per Studi Epidemiologici in Italia. Ed. Istituto Europeo di Oncologia.-Données industrielles françaises (2013)-Données industrielles françaises (2013)"
ING-FUNGUS-CPE-000001,20160,"Champignon, cèpe, cru",FAT_SAT,AG saturés (g/100 g),0.12,g,D,0.6,ANSES Ciqual 2025-11-03 — Valeur ajustée/calculée/imputée Ciqual
ING-PLANT-PANAIS-000001,20181,"Panais, cru",ENERC,"Energie, Règlement UE N° 1169/2011 (kJ/100 g)",286.0,kJ,D,0.6,ANSES Ciqual 2025-11-03 — Valeur ajustée/calculée/imputée Ciqual
ING-PLANT-PANAIS-000001,20181,"Panais, cru",ENERCKCAL,"Energie, Règlement UE N° 1169/2011 (kcal/100 g)",67.9,kcal,D,0.6,ANSES Ciqual 2025-11-03 — Valeur ajustée/calculée/imputée Ciqual
ING-PLANT-PANAIS-000001,20181,"Panais, cru",WATER,Eau (g/100 g),79.5,g,B,0.85,"ANSES Ciqual 2025-11-03 — U.S. Department of Agriculture, Agricultural Research Service (2014). USDA National Nutrient Database for Standard Reference, Release 27. Nutrient Data Laboratory Home Page, http://www.ars.usda.gov/ba/bhnrc/ndl"
ING-PLANT-PANAIS-000001,20181,"Panais, cru",SALT,Sel chlorure de sodium (g/100 g),0.025,g,C,0.75,"ANSES Ciqual 2025-11-03 — U.S. Department of Agriculture, Agricultural Research Service (2014). USDA National Nutrient Database for Standard Reference, Release 27. Nutrient Data Laboratory Home Page, http://www.ars.usda.gov/ba/bhnrc/ndl"
ING-PLANT-PANAIS-000001,20181,"Panais, cru",NA,Sodium (mg/100 g),10.0,mg,C,0.75,"ANSES Ciqual 2025-11-03 — U.S. Department of Agriculture, Agricultural Research Service (2014). USDA National Nutrient Database for Standard Reference, Release 27. Nutrient Data Laboratory Home Page, http://www.ars.usda.gov/ba/bhnrc/ndl"
ING-PLANT-PANAIS-000001,20181,"Panais, cru",PROTEIN,"Protéines, N x 6.25 (g/100 g)",1.2,g,C,0.75,ANSES Ciqual 2025-11-03 — Valeur ajustée/calculée/imputée Ciqual
ING-PLANT-PANAIS-000001,20181,"Panais, cru",CARB,Glucides (g/100 g),12.6,g,C,0.75,ANSES Ciqual 2025-11-03 — Valeur ajustée/calculée/imputée Ciqual
ING-PLANT-PANAIS-000001,20181,"Panais, cru",SUGAR,Sucres (g/100 g),4.8,g,C,0.75,"ANSES Ciqual 2025-11-03 — U.S. Department of Agriculture, Agricultural Research Service (2014). USDA National Nutrient Database for Standard Reference, Release 27. Nutrient Data Laboratory Home Page, http://www.ars.usda.gov/ba/bhnrc/ndl"
ING-PLANT-PANAIS-000001,20181,"Panais, cru",FIBER,Fibres alimentaires (g/100 g),4.9,g,C,0.75,"ANSES Ciqual 2025-11-03 — U.S. Department of Agriculture, Agricultural Research Service (2014). USDA National Nutrient Database for Standard Reference, Release 27. Nutrient Data Laboratory Home Page, http://www.ars.usda.gov/ba/bhnrc/ndl"
ING-PLANT-PANAIS-000001,20181,"Panais, cru",FAT,Lipides (g/100 g),0.3,g,C,0.75,"ANSES Ciqual 2025-11-03 — U.S. Department of Agriculture, Agricultural Research Service (2014). USDA National Nutrient Database for Standard Reference, Release 27. Nutrient Data Laboratory Home Page, http://www.ars.usda.gov/ba/bhnrc/ndl"
ING-PLANT-PANAIS-000001,20181,"Panais, cru",FAT_SAT,AG saturés (g/100 g),0.05,g,C,0.75,"ANSES Ciqual 2025-11-03 — U.S. Department of Agriculture, Agricultural Research Service (2014). USDA National Nutrient Database for Standard Reference, Release 27. Nutrient Data Laboratory Home Page, http://www.ars.usda.gov/ba/bhnrc/ndl"
ING-PLANT-TOMATESCHE-000001,20189,"Tomate, séchée",WATER,Eau (g/100 g),14.6,g,C,0.75,"ANSES Ciqual 2025-11-03 — U.S. Department of Agriculture, Agricultural Research Service (2014). USDA National Nutrient Database for Standard Reference, Release 27. Nutrient Data Laboratory Home Page, http://www.ars.usda.gov/ba/bhnrc/ndl"
ING-PLANT-TOMATESCHE-000001,20189,"Tomate, séchée",SALT,Sel chlorure de sodium (g/100 g),0.62,g,C,0.75,"ANSES Ciqual 2025-11-03 — U.S. Department of Agriculture, Agricultural Research Service (2014). USDA National Nutrient Database for Standard Reference, Release 27. Nutrient Data Laboratory Home Page, http://www.ars.usda.gov/ba/bhnrc/ndl"
ING-PLANT-TOMATESCHE-000001,20189,"Tomate, séchée",NA,Sodium (mg/100 g),247.0,mg,C,0.75,"ANSES Ciqual 2025-11-03 — U.S. Department of Agriculture, Agricultural Research Service (2014). USDA National Nutrient Database for Standard Reference, Release 27. Nutrient Data Laboratory Home Page, http://www.ars.usda.gov/ba/bhnrc/ndl"
ING-PLANT-TOMATESCHE-000001,20189,"Tomate, séchée",PROTEIN,"Protéines, N x 6.25 (g/100 g)",14.1,g,C,0.75,ANSES Ciqual 2025-11-03 — Valeur ajustée/calculée/imputée Ciqual
ING-PLANT-TOMATESCHE-000001,20189,"Tomate, séchée",CARB,Glucides (g/100 g),43.5,g,D,0.6,ANSES Ciqual 2025-11-03 — Valeur ajustée/calculée/imputée Ciqual
ING-PLANT-TOMATESCHE-000001,20189,"Tomate, séchée",SUGAR,Sucres (g/100 g),37.6,g,C,0.75,"ANSES Ciqual 2025-11-03 — U.S. Department of Agriculture, Agricultural Research Service (2014). USDA National Nutrient Database for Standard Reference, Release 27. Nutrient Data Laboratory Home Page, http://www.ars.usda.gov/ba/bhnrc/ndl"
ING-PLANT-TOMATESCHE-000001,20189,"Tomate, séchée",FIBER,Fibres alimentaires (g/100 g),12.3,g,C,0.75,"ANSES Ciqual 2025-11-03 — U.S. Department of Agriculture, Agricultural Research Service (2014). USDA National Nutrient Database for Standard Reference, Release 27. Nutrient Data Laboratory Home Page, http://www.ars.usda.gov/ba/bhnrc/ndl"
ING-PLANT-TOMATESCHE-000001,20189,"Tomate, séchée",FAT,Lipides (g/100 g),2.97,g,C,0.75,"ANSES Ciqual 2025-11-03 — U.S. Department of Agriculture, Agricultural Research Service (2014). USDA National Nutrient Database for Standard Reference, Release 27. Nutrient Data Laboratory Home Page, http://www.ars.usda.gov/ba/bhnrc/ndl"
ING-PLANT-TOMATESCHE-000001,20189,"Tomate, séchée",FAT_SAT,AG saturés (g/100 g),0.43,g,C,0.75,"ANSES Ciqual 2025-11-03 — U.S. Department of Agriculture, Agricultural Research Service (2014). USDA National Nutrient Database for Standard Reference, Release 27. Nutrient Data Laboratory Home Page, http://www.ars.usda.gov/ba/bhnrc/ndl"
ING-PLANT-TOPINAMBOUR-000001,20196,"Topinambour, cru",ENERC,"Energie, Règlement UE N° 1169/2011 (kJ/100 g)",316.0,kJ,D,0.6,ANSES Ciqual 2025-11-03 — Valeur ajustée/calculée/imputée Ciqual
ING-PLANT-TOPINAMBOUR-000001,20196,"Topinambour, cru",ENERCKCAL,"Energie, Règlement UE N° 1169/2011 (kcal/100 g)",74.7,kcal,D,0.6,ANSES Ciqual 2025-11-03 — Valeur ajustée/calculée/imputée Ciqual
ING-PLANT-TOPINAMBOUR-000001,20196,"Topinambour, cru",WATER,Eau (g/100 g),78.0,g,C,0.75,"ANSES Ciqual 2025-11-03 — U.S. Department of Agriculture, Agricultural Research Service (2014). USDA National Nutrient Database for Standard Reference, Release 27. Nutrient Data Laboratory Home Page, http://www.ars.usda.gov/ba/bhnrc/ndl"
ING-PLANT-TOPINAMBOUR-000001,20196,"Topinambour, cru",SALT,Sel chlorure de sodium (g/100 g),0.01,g,C,0.75,"ANSES Ciqual 2025-11-03 — U.S. Department of Agriculture, Agricultural Research Service (2014). USDA National Nutrient Database for Standard Reference, Release 27. Nutrient Data Laboratory Home Page, http://www.ars.usda.gov/ba/bhnrc/ndl"
ING-PLANT-TOPINAMBOUR-000001,20196,"Topinambour, cru",NA,Sodium (mg/100 g),4.0,mg,C,0.75,"ANSES Ciqual 2025-11-03 — U.S. Department of Agriculture, Agricultural Research Service (2014). USDA National Nutrient Database for Standard Reference, Release 27. Nutrient Data Laboratory Home Page, http://www.ars.usda.gov/ba/bhnrc/ndl"
ING-PLANT-TOPINAMBOUR-000001,20196,"Topinambour, cru",PROTEIN,"Protéines, N x 6.25 (g/100 g)",2.0,g,C,0.75,ANSES Ciqual 2025-11-03 — Valeur ajustée/calculée/imputée Ciqual
ING-PLANT-TOPINAMBOUR-000001,20196,"Topinambour, cru",CARB,Glucides (g/100 g),15.8,g,C,0.75,ANSES Ciqual 2025-11-03 — Valeur ajustée/calculée/imputée Ciqual
ING-PLANT-TOPINAMBOUR-000001,20196,"Topinambour, cru",SUGAR,Sucres (g/100 g),9.6,g,C,0.75,"ANSES Ciqual 2025-11-03 — U.S. Department of Agriculture, Agricultural Research Service (2014). USDA National Nutrient Database for Standard Reference, Release 27. Nutrient Data Laboratory Home Page, http://www.ars.usda.gov/ba/bhnrc/ndl"
ING-PLANT-TOPINAMBOUR-000001,20196,"Topinambour, cru",FIBER,Fibres alimentaires (g/100 g),1.6,g,C,0.75,"ANSES Ciqual 2025-11-03 — U.S. Department of Agriculture, Agricultural Research Service (2014). USDA National Nutrient Database for Standard Reference, Release 27. Nutrient Data Laboratory Home Page, http://www.ars.usda.gov/ba/bhnrc/ndl"
ING-PLANT-TOPINAMBOUR-000001,20196,"Topinambour, cru",FAT,Lipides (g/100 g),0.01,g,C,0.75,"ANSES Ciqual 2025-11-03 — U.S. Department of Agriculture, Agricultural Research Service (2014). USDA National Nutrient Database for Standard Reference, Release 27. Nutrient Data Laboratory Home Page, http://www.ars.usda.gov/ba/bhnrc/ndl"
ING-PLANT-TOPINAMBOUR-000001,20196,"Topinambour, cru",FAT_SAT,AG saturés (g/100 g),0.0,g,C,0.75,"ANSES Ciqual 2025-11-03 — U.S. Department of Agriculture, Agricultural Research Service (2014). USDA National Nutrient Database for Standard Reference, Release 27. Nutrient Data Laboratory Home Page, http://www.ars.usda.gov/ba/bhnrc/ndl"
ING-PLANT-RUTABAGA-000001,20201,"Rutabaga, cru",ENERC,"Energie, Règlement UE N° 1169/2011 (kJ/100 g)",140.0,kJ,D,0.6,ANSES Ciqual 2025-11-03 — Valeur ajustée/calculée/imputée Ciqual
ING-PLANT-RUTABAGA-000001,20201,"Rutabaga, cru",ENERCKCAL,"Energie, Règlement UE N° 1169/2011 (kcal/100 g)",33.2,kcal,D,0.6,ANSES Ciqual 2025-11-03 — Valeur ajustée/calculée/imputée Ciqual
ING-PLANT-RUTABAGA-000001,20201,"Rutabaga, cru",WATER,Eau (g/100 g),89.4,g,B,0.85,"ANSES Ciqual 2025-11-03 — U.S. Department of Agriculture, Agricultural Research Service (2014). USDA National Nutrient Database for Standard Reference, Release 27. Nutrient Data Laboratory Home Page, http://www.ars.usda.gov/ba/bhnrc/ndl"
ING-PLANT-RUTABAGA-000001,20201,"Rutabaga, cru",SALT,Sel chlorure de sodium (g/100 g),0.03,g,C,0.75,"ANSES Ciqual 2025-11-03 — U.S. Department of Agriculture, Agricultural Research Service (2014). USDA National Nutrient Database for Standard Reference, Release 27. Nutrient Data Laboratory Home Page, http://www.ars.usda.gov/ba/bhnrc/ndl"
ING-PLANT-RUTABAGA-000001,20201,"Rutabaga, cru",NA,Sodium (mg/100 g),12.0,mg,C,0.75,"ANSES Ciqual 2025-11-03 — U.S. Department of Agriculture, Agricultural Research Service (2014). USDA National Nutrient Database for Standard Reference, Release 27. Nutrient Data Laboratory Home Page, http://www.ars.usda.gov/ba/bhnrc/ndl"
ING-PLANT-RUTABAGA-000001,20201,"Rutabaga, cru",PROTEIN,"Protéines, N x 6.25 (g/100 g)",1.08,g,C,0.75,ANSES Ciqual 2025-11-03 — Valeur ajustée/calculée/imputée Ciqual
ING-PLANT-RUTABAGA-000001,20201,"Rutabaga, cru",CARB,Glucides (g/100 g),5.7,g,D,0.6,ANSES Ciqual 2025-11-03 — Valeur ajustée/calculée/imputée Ciqual
ING-PLANT-RUTABAGA-000001,20201,"Rutabaga, cru",SUGAR,Sucres (g/100 g),4.46,g,C,0.75,"ANSES Ciqual 2025-11-03 — U.S. Department of Agriculture, Agricultural Research Service (2014). USDA National Nutrient Database for Standard Reference, Release 27. Nutrient Data Laboratory Home Page, http://www.ars.usda.gov/ba/bhnrc/ndl"
ING-PLANT-RUTABAGA-000001,20201,"Rutabaga, cru",FIBER,Fibres alimentaires (g/100 g),2.3,g,C,0.75,"ANSES Ciqual 2025-11-03 — U.S. Department of Agriculture, Agricultural Research Service (2014). USDA National Nutrient Database for Standard Reference, Release 27. Nutrient Data Laboratory Home Page, http://www.ars.usda.gov/ba/bhnrc/ndl"
ING-PLANT-RUTABAGA-000001,20201,"Rutabaga, cru",FAT,Lipides (g/100 g),0.16,g,C,0.75,"ANSES Ciqual 2025-11-03 — U.S. Department of Agriculture, Agricultural Research Service (2014). USDA National Nutrient Database for Standard Reference, Release 27. Nutrient Data Laboratory Home Page, http://www.ars.usda.gov/ba/bhnrc/ndl"
ING-PLANT-RUTABAGA-000001,20201,"Rutabaga, cru",FAT_SAT,AG saturés (g/100 g),0.027,g,C,0.75,"ANSES Ciqual 2025-11-03 — U.S. Department of Agriculture, Agricultural Research Service (2014). USDA National Nutrient Database for Standard Reference, Release 27. Nutrient Data Laboratory Home Page, http://www.ars.usda.gov/ba/bhnrc/ndl"
ING-FUNGUS-SHIITAKE-000001,20211,"Champignon, lentin comestible ou shiitaké, séché",ENERC,"Energie, Règlement UE N° 1169/2011 (kJ/100 g)",1330.0,kJ,D,0.6,ANSES Ciqual 2025-11-03 — Valeur ajustée/calculée/imputée Ciqual
ING-FUNGUS-SHIITAKE-000001,20211,"Champignon, lentin comestible ou shiitaké, séché",ENERCKCAL,"Energie, Règlement UE N° 1169/2011 (kcal/100 g)",316.0,kcal,D,0.6,ANSES Ciqual 2025-11-03 — Valeur ajustée/calculée/imputée Ciqual
ING-FUNGUS-SHIITAKE-000001,20211,"Champignon, lentin comestible ou shiitaké, séché",WATER,Eau (g/100 g),9.5,g,C,0.75,"ANSES Ciqual 2025-11-03 — U.S. Department of Agriculture, Agricultural Research Service (2014). USDA National Nutrient Database for Standard Reference, Release 27. Nutrient Data Laboratory Home Page, http://www.ars.usda.gov/ba/bhnrc/ndl"
ING-FUNGUS-SHIITAKE-000001,20211,"Champignon, lentin comestible ou shiitaké, séché",SALT,Sel chlorure de sodium (g/100 g),0.033,g,C,0.75,"ANSES Ciqual 2025-11-03 — U.S. Department of Agriculture, Agricultural Research Service (2014). USDA National Nutrient Database for Standard Reference, Release 27. Nutrient Data Laboratory Home Page, http://www.ars.usda.gov/ba/bhnrc/ndl"
ING-FUNGUS-SHIITAKE-000001,20211,"Champignon, lentin comestible ou shiitaké, séché",NA,Sodium (mg/100 g),13.0,mg,C,0.75,"ANSES Ciqual 2025-11-03 — U.S. Department of Agriculture, Agricultural Research Service (2014). USDA National Nutrient Database for Standard Reference, Release 27. Nutrient Data Laboratory Home Page, http://www.ars.usda.gov/ba/bhnrc/ndl"
ING-FUNGUS-SHIITAKE-000001,20211,"Champignon, lentin comestible ou shiitaké, séché",PROTEIN,"Protéines, N x 6.25 (g/100 g)",9.58,g,C,0.75,ANSES Ciqual 2025-11-03 — Valeur ajustée/calculée/imputée Ciqual
ING-FUNGUS-SHIITAKE-000001,20211,"Champignon, lentin comestible ou shiitaké, séché",CARB,Glucides (g/100 g),63.9,g,C,0.75,ANSES Ciqual 2025-11-03 — Valeur ajustée/calculée/imputée Ciqual
ING-FUNGUS-SHIITAKE-000001,20211,"Champignon, lentin comestible ou shiitaké, séché",SUGAR,Sucres (g/100 g),2.21,g,C,0.75,"ANSES Ciqual 2025-11-03 — U.S. Department of Agriculture, Agricultural Research Service (2014). USDA National Nutrient Database for Standard Reference, Release 27. Nutrient Data Laboratory Home Page, http://www.ars.usda.gov/ba/bhnrc/ndl"
ING-FUNGUS-SHIITAKE-000001,20211,"Champignon, lentin comestible ou shiitaké, séché",FIBER,Fibres alimentaires (g/100 g),11.5,g,C,0.75,"ANSES Ciqual 2025-11-03 — U.S. Department of Agriculture, Agricultural Research Service (2014). USDA National Nutrient Database for Standard Reference, Release 27. Nutrient Data Laboratory Home Page, http://www.ars.usda.gov/ba/bhnrc/ndl"
ING-FUNGUS-SHIITAKE-000001,20211,"Champignon, lentin comestible ou shiitaké, séché",FAT,Lipides (g/100 g),0.99,g,C,0.75,"ANSES Ciqual 2025-11-03 — U.S. Department of Agriculture, Agricultural Research Service (2014). USDA National Nutrient Database for Standard Reference, Release 27. Nutrient Data Laboratory Home Page, http://www.ars.usda.gov/ba/bhnrc/ndl"
ING-FUNGUS-SHIITAKE-000001,20211,"Champignon, lentin comestible ou shiitaké, séché",FAT_SAT,AG saturés (g/100 g),0.23,g,C,0.75,"ANSES Ciqual 2025-11-03 — U.S. Department of Agriculture, Agricultural Research Service (2014). USDA National Nutrient Database for Standard Reference, Release 27. Nutrient Data Laboratory Home Page, http://www.ars.usda.gov/ba/bhnrc/ndl"
ING-PLANT-ROQUETTE-000001,20217,"Roquette, crue",ENERC,"Energie, Règlement UE N° 1169/2011 (kJ/100 g)",117.0,kJ,D,0.6,ANSES Ciqual 2025-11-03 — Valeur ajustée/calculée/imputée Ciqual
ING-PLANT-ROQUETTE-000001,20217,"Roquette, crue",ENERCKCAL,"Energie, Règlement UE N° 1169/2011 (kcal/100 g)",27.9,kcal,D,0.6,ANSES Ciqual 2025-11-03 — Valeur ajustée/calculée/imputée Ciqual
ING-PLANT-ROQUETTE-000001,20217,"Roquette, crue",WATER,Eau (g/100 g),91.7,g,C,0.75,"ANSES Ciqual 2025-11-03 — U.S. Department of Agriculture, Agricultural Research Service (2014). USDA National Nutrient Database for Standard Reference, Release 27. Nutrient Data Laboratory Home Page, http://www.ars.usda.gov/ba/bhnrc/ndl"
ING-PLANT-ROQUETTE-000001,20217,"Roquette, crue",SALT,Sel chlorure de sodium (g/100 g),0.068,g,C,0.75,"ANSES Ciqual 2025-11-03 — U.S. Department of Agriculture, Agricultural Research Service (2014). USDA National Nutrient Database for Standard Reference, Release 27. Nutrient Data Laboratory Home Page, http://www.ars.usda.gov/ba/bhnrc/ndl"
ING-PLANT-ROQUETTE-000001,20217,"Roquette, crue",NA,Sodium (mg/100 g),27.0,mg,C,0.75,"ANSES Ciqual 2025-11-03 — U.S. Department of Agriculture, Agricultural Research Service (2014). USDA National Nutrient Database for Standard Reference, Release 27. Nutrient Data Laboratory Home Page, http://www.ars.usda.gov/ba/bhnrc/ndl"
ING-PLANT-ROQUETTE-000001,20217,"Roquette, crue",PROTEIN,"Protéines, N x 6.25 (g/100 g)",2.58,g,C,0.75,ANSES Ciqual 2025-11-03 — Valeur ajustée/calculée/imputée Ciqual
ING-PLANT-ROQUETTE-000001,20217,"Roquette, crue",CARB,Glucides (g/100 g),2.1,g,D,0.6,ANSES Ciqual 2025-11-03 — Valeur ajustée/calculée/imputée Ciqual
ING-PLANT-ROQUETTE-000001,20217,"Roquette, crue",SUGAR,Sucres (g/100 g),2.05,g,C,0.75,"ANSES Ciqual 2025-11-03 — U.S. Department of Agriculture, Agricultural Research Service (2014). USDA National Nutrient Database for Standard Reference, Release 27. Nutrient Data Laboratory Home Page, http://www.ars.usda.gov/ba/bhnrc/ndl"
ING-PLANT-ROQUETTE-000001,20217,"Roquette, crue",FIBER,Fibres alimentaires (g/100 g),1.6,g,C,0.75,"ANSES Ciqual 2025-11-03 — U.S. Department of Agriculture, Agricultural Research Service (2014). USDA National Nutrient Database for Standard Reference, Release 27. Nutrient Data Laboratory Home Page, http://www.ars.usda.gov/ba/bhnrc/ndl"
ING-PLANT-ROQUETTE-000001,20217,"Roquette, crue",FAT,Lipides (g/100 g),0.66,g,C,0.75,"ANSES Ciqual 2025-11-03 — U.S. Department of Agriculture, Agricultural Research Service (2014). USDA National Nutrient Database for Standard Reference, Release 27. Nutrient Data Laboratory Home Page, http://www.ars.usda.gov/ba/bhnrc/ndl"
ING-PLANT-ROQUETTE-000001,20217,"Roquette, crue",FAT_SAT,AG saturés (g/100 g),0.086,g,C,0.75,"ANSES Ciqual 2025-11-03 — U.S. Department of Agriculture, Agricultural Research Service (2014). USDA National Nutrient Database for Standard Reference, Release 27. Nutrient Data Laboratory Home Page, http://www.ars.usda.gov/ba/bhnrc/ndl"
ING-PLANT-CHOUFRIS-000001,20218,"Chou frisé, cru",ENERC,"Energie, Règlement UE N° 1169/2011 (kJ/100 g)",207.0,kJ,D,0.6,ANSES Ciqual 2025-11-03 — Valeur ajustée/calculée/imputée Ciqual
ING-PLANT-CHOUFRIS-000001,20218,"Chou frisé, cru",ENERCKCAL,"Energie, Règlement UE N° 1169/2011 (kcal/100 g)",49.5,kcal,D,0.6,ANSES Ciqual 2025-11-03 — Valeur ajustée/calculée/imputée Ciqual
ING-PLANT-CHOUFRIS-000001,20218,"Chou frisé, cru",WATER,Eau (g/100 g),84.0,g,B,0.85,"ANSES Ciqual 2025-11-03 — U.S. Department of Agriculture, Agricultural Research Service (2014). USDA National Nutrient Database for Standard Reference, Release 27. Nutrient Data Laboratory Home Page, http://www.ars.usda.gov/ba/bhnrc/ndl"
ING-PLANT-CHOUFRIS-000001,20218,"Chou frisé, cru",SALT,Sel chlorure de sodium (g/100 g),0.095,g,B,0.85,"ANSES Ciqual 2025-11-03 — U.S. Department of Agriculture, Agricultural Research Service (2014). USDA National Nutrient Database for Standard Reference, Release 27. Nutrient Data Laboratory Home Page, http://www.ars.usda.gov/ba/bhnrc/ndl"
ING-PLANT-CHOUFRIS-000001,20218,"Chou frisé, cru",NA,Sodium (mg/100 g),38.0,mg,B,0.85,"ANSES Ciqual 2025-11-03 — U.S. Department of Agriculture, Agricultural Research Service (2014). USDA National Nutrient Database for Standard Reference, Release 27. Nutrient Data Laboratory Home Page, http://www.ars.usda.gov/ba/bhnrc/ndl"
ING-PLANT-CHOUFRIS-000001,20218,"Chou frisé, cru",PROTEIN,"Protéines, N x 6.25 (g/100 g)",4.28,g,C,0.75,ANSES Ciqual 2025-11-03 — Valeur ajustée/calculée/imputée Ciqual
ING-PLANT-CHOUFRIS-000001,20218,"Chou frisé, cru",CARB,Glucides (g/100 g),4.2,g,D,0.6,ANSES Ciqual 2025-11-03 — Valeur ajustée/calculée/imputée Ciqual
ING-PLANT-CHOUFRIS-000001,20218,"Chou frisé, cru",SUGAR,Sucres (g/100 g),2.26,g,C,0.75,"ANSES Ciqual 2025-11-03 — U.S. Department of Agriculture, Agricultural Research Service (2014). USDA National Nutrient Database for Standard Reference, Release 27. Nutrient Data Laboratory Home Page, http://www.ars.usda.gov/ba/bhnrc/ndl"
ING-PLANT-CHOUFRIS-000001,20218,"Chou frisé, cru",FIBER,Fibres alimentaires (g/100 g),3.6,g,C,0.75,"ANSES Ciqual 2025-11-03 — U.S. Department of Agriculture, Agricultural Research Service (2014). USDA National Nutrient Database for Standard Reference, Release 27. Nutrient Data Laboratory Home Page, http://www.ars.usda.gov/ba/bhnrc/ndl"
ING-PLANT-CHOUFRIS-000001,20218,"Chou frisé, cru",FAT,Lipides (g/100 g),0.93,g,C,0.75,"ANSES Ciqual 2025-11-03 — U.S. Department of Agriculture, Agricultural Research Service (2014). USDA National Nutrient Database for Standard Reference, Release 27. Nutrient Data Laboratory Home Page, http://www.ars.usda.gov/ba/bhnrc/ndl"
ING-PLANT-CHOUFRIS-000001,20218,"Chou frisé, cru",FAT_SAT,AG saturés (g/100 g),0.091,g,C,0.75,"ANSES Ciqual 2025-11-03 — U.S. Department of Agriculture, Agricultural Research Service (2014). USDA National Nutrient Database for Standard Reference, Release 27. Nutrient Data Laboratory Home Page, http://www.ars.usda.gov/ba/bhnrc/ndl"
ING-PLANT-MAS-000001,20233,"Maïs doux, surgelé, cru",ENERC,"Energie, Règlement UE N° 1169/2011 (kJ/100 g)",444.0,kJ,D,0.6,ANSES Ciqual 2025-11-03 — Valeur ajustée/calculée/imputée Ciqual
ING-PLANT-MAS-000001,20233,"Maïs doux, surgelé, cru",ENERCKCAL,"Energie, Règlement UE N° 1169/2011 (kcal/100 g)",105.0,kcal,D,0.6,ANSES Ciqual 2025-11-03 — Valeur ajustée/calculée/imputée Ciqual
ING-PLANT-MAS-000001,20233,"Maïs doux, surgelé, cru",WATER,Eau (g/100 g),71.8,g,C,0.75,"ANSES Ciqual 2025-11-03 — U.S. Department of Agriculture, Agricultural Research Service (2014). USDA National Nutrient Database for Standard Reference, Release 27. Nutrient Data Laboratory Home Page, http://www.ars.usda.gov/ba/bhnrc/ndl"
ING-PLANT-MAS-000001,20233,"Maïs doux, surgelé, cru",SALT,Sel chlorure de sodium (g/100 g),0.013,g,C,0.75,"ANSES Ciqual 2025-11-03 — U.S. Department of Agriculture, Agricultural Research Service (2014). USDA National Nutrient Database for Standard Reference, Release 27. Nutrient Data Laboratory Home Page, http://www.ars.usda.gov/ba/bhnrc/ndl"
ING-PLANT-MAS-000001,20233,"Maïs doux, surgelé, cru",NA,Sodium (mg/100 g),5.0,mg,C,0.75,"ANSES Ciqual 2025-11-03 — U.S. Department of Agriculture, Agricultural Research Service (2014). USDA National Nutrient Database for Standard Reference, Release 27. Nutrient Data Laboratory Home Page, http://www.ars.usda.gov/ba/bhnrc/ndl"
ING-PLANT-MAS-000001,20233,"Maïs doux, surgelé, cru",PROTEIN,"Protéines, N x 6.25 (g/100 g)",3.28,g,C,0.75,ANSES Ciqual 2025-11-03 — Valeur ajustée/calculée/imputée Ciqual
ING-PLANT-MAS-000001,20233,"Maïs doux, surgelé, cru",CARB,Glucides (g/100 g),19.8,g,D,0.6,ANSES Ciqual 2025-11-03 — Valeur ajustée/calculée/imputée Ciqual
ING-PLANT-MAS-000001,20233,"Maïs doux, surgelé, cru",SUGAR,Sucres (g/100 g),3.78,g,C,0.75,"ANSES Ciqual 2025-11-03 — U.S. Department of Agriculture, Agricultural Research Service (2014). USDA National Nutrient Database for Standard Reference, Release 27. Nutrient Data Laboratory Home Page, http://www.ars.usda.gov/ba/bhnrc/ndl"
ING-PLANT-MAS-000001,20233,"Maïs doux, surgelé, cru",FIBER,Fibres alimentaires (g/100 g),2.8,g,C,0.75,"ANSES Ciqual 2025-11-03 — U.S. Department of Agriculture, Agricultural Research Service (2014). USDA National Nutrient Database for Standard Reference, Release 27. Nutrient Data Laboratory Home Page, http://www.ars.usda.gov/ba/bhnrc/ndl"
ING-PLANT-MAS-000001,20233,"Maïs doux, surgelé, cru",FAT,Lipides (g/100 g),0.78,g,C,0.75,"ANSES Ciqual 2025-11-03 — U.S. Department of Agriculture, Agricultural Research Service (2014). USDA National Nutrient Database for Standard Reference, Release 27. Nutrient Data Laboratory Home Page, http://www.ars.usda.gov/ba/bhnrc/ndl"
ING-PLANT-MAS-000001,20233,"Maïs doux, surgelé, cru",FAT_SAT,AG saturés (g/100 g),0.12,g,C,0.75,"ANSES Ciqual 2025-11-03 — U.S. Department of Agriculture, Agricultural Research Service (2014). USDA National Nutrient Database for Standard Reference, Release 27. Nutrient Data Laboratory Home Page, http://www.ars.usda.gov/ba/bhnrc/ndl"
ING-FERMENT-COULISDETOMA-000001,20260,"Tomate, coulis, appertisé (purée de tomates mi-réduite à 11%)",ENERC,"Energie, Règlement UE N° 1169/2011 (kJ/100 g)",192.0,kJ,D,0.6,ANSES Ciqual 2025-11-03 — Valeur ajustée/calculée/imputée Ciqual
ING-FERMENT-COULISDETOMA-000001,20260,"Tomate, coulis, appertisé (purée de tomates mi-réduite à 11%)",ENERCKCAL,"Energie, Règlement UE N° 1169/2011 (kcal/100 g)",45.5,kcal,D,0.6,ANSES Ciqual 2025-11-03 — Valeur ajustée/calculée/imputée Ciqual
ING-FERMENT-COULISDETOMA-000001,20260,"Tomate, coulis, appertisé (purée de tomates mi-réduite à 11%)",WATER,Eau (g/100 g),89.1,g,D,0.6,ANSES Ciqual 2025-11-03 — Valeur ajustée/calculée/imputée Ciqual
ING-FERMENT-COULISDETOMA-000001,20260,"Tomate, coulis, appertisé (purée de tomates mi-réduite à 11%)",SALT,Sel chlorure de sodium (g/100 g),0.88,g,A,0.95,ANSES Ciqual 2025-11-03 — Extraction BDD Oqali au 07/02/2014
ING-FERMENT-COULISDETOMA-000001,20260,"Tomate, coulis, appertisé (purée de tomates mi-réduite à 11%)",NA,Sodium (mg/100 g),350.0,mg,A,0.95,ANSES Ciqual 2025-11-03 — Extraction BDD Oqali au 07/02/2014
ING-FERMENT-COULISDETOMA-000001,20260,"Tomate, coulis, appertisé (purée de tomates mi-réduite à 11%)",PROTEIN,"Protéines, N x 6.25 (g/100 g)",2.05,g,A,0.95,ANSES Ciqual 2025-11-03 — Valeur ajustée/calculée/imputée Ciqual
ING-FERMENT-COULISDETOMA-000001,20260,"Tomate, coulis, appertisé (purée de tomates mi-réduite à 11%)",CARB,Glucides (g/100 g),7.57,g,A,0.95,ANSES Ciqual 2025-11-03 — Valeur ajustée/calculée/imputée Ciqual
ING-FERMENT-COULISDETOMA-000001,20260,"Tomate, coulis, appertisé (purée de tomates mi-réduite à 11%)",SUGAR,Sucres (g/100 g),5.5,g,A,0.95,ANSES Ciqual 2025-11-03 — Extraction BDD Oqali au 07/02/2014
ING-FERMENT-COULISDETOMA-000001,20260,"Tomate, coulis, appertisé (purée de tomates mi-réduite à 11%)",FIBER,Fibres alimentaires (g/100 g),2.6,g,A,0.95,ANSES Ciqual 2025-11-03 — Extraction BDD Oqali au 07/02/2014
ING-FERMENT-COULISDETOMA-000001,20260,"Tomate, coulis, appertisé (purée de tomates mi-réduite à 11%)",FAT,Lipides (g/100 g),0.2,g,A,0.95,ANSES Ciqual 2025-11-03 — Extraction BDD Oqali au 07/02/2014
ING-FERMENT-COULISDETOMA-000001,20260,"Tomate, coulis, appertisé (purée de tomates mi-réduite à 11%)",FAT_SAT,AG saturés (g/100 g),0.08,g,A,0.95,ANSES Ciqual 2025-11-03 — Extraction BDD Oqali au 07/02/2014
ING-PLANT-COURGETTE-000001,20264,"Courgette, purée",ENERC,"Energie, Règlement UE N° 1169/2011 (kJ/100 g)",240.0,kJ,D,0.6,ANSES Ciqual 2025-11-03 — Valeur ajustée/calculée/imputée Ciqual
ING-PLANT-COURGETTE-000001,20264,"Courgette, purée",ENERCKCAL,"Energie, Règlement UE N° 1169/2011 (kcal/100 g)",57.3,kcal,D,0.6,ANSES Ciqual 2025-11-03 — Valeur ajustée/calculée/imputée Ciqual
ING-PLANT-COURGETTE-000001,20264,"Courgette, purée",SALT,Sel chlorure de sodium (g/100 g),0.6,g,A,0.95,ANSES Ciqual 2025-11-03 — Extraction BDD Oqali au 07/02/2014
ING-PLANT-COURGETTE-000001,20264,"Courgette, purée",NA,Sodium (mg/100 g),220.0,mg,A,0.95,ANSES Ciqual 2025-11-03 — Extraction BDD Oqali au 07/02/2014
ING-PLANT-COURGETTE-000001,20264,"Courgette, purée",PROTEIN,"Protéines, N x 6.25 (g/100 g)",2.8,g,A,0.95,ANSES Ciqual 2025-11-03 — Valeur ajustée/calculée/imputée Ciqual
ING-PLANT-COURGETTE-000001,20264,"Courgette, purée",CARB,Glucides (g/100 g),6.5,g,A,0.95,ANSES Ciqual 2025-11-03 — Valeur ajustée/calculée/imputée Ciqual
ING-PLANT-COURGETTE-000001,20264,"Courgette, purée",SUGAR,Sucres (g/100 g),2.3,g,A,0.95,ANSES Ciqual 2025-11-03 — Extraction BDD Oqali au 07/02/2014
ING-PLANT-COURGETTE-000001,20264,"Courgette, purée",FIBER,Fibres alimentaires (g/100 g),1.5,g,A,0.95,ANSES Ciqual 2025-11-03 — Extraction BDD Oqali au 07/02/2014
ING-PLANT-COURGETTE-000001,20264,"Courgette, purée",FAT,Lipides (g/100 g),1.9,g,A,0.95,ANSES Ciqual 2025-11-03 — Extraction BDD Oqali au 07/02/2014
ING-PLANT-COURGETTE-000001,20264,"Courgette, purée",FAT_SAT,AG saturés (g/100 g),1.3,g,A,0.95,ANSES Ciqual 2025-11-03 — Extraction BDD Oqali au 07/02/2014
ING-PLANT-HARICOTBLANC-000001,20501,"Haricot blanc, sec",ENERC,"Energie, Règlement UE N° 1169/2011 (kJ/100 g)",1300.0,kJ,D,0.6,ANSES Ciqual 2025-11-03 — Valeur ajustée/calculée/imputée Ciqual
ING-PLANT-HARICOTBLANC-000001,20501,"Haricot blanc, sec",ENERCKCAL,"Energie, Règlement UE N° 1169/2011 (kcal/100 g)",307.0,kcal,D,0.6,ANSES Ciqual 2025-11-03 — Valeur ajustée/calculée/imputée Ciqual
ING-PLANT-HARICOTBLANC-000001,20501,"Haricot blanc, sec",WATER,Eau (g/100 g),11.3,g,B,0.85,"ANSES Ciqual 2025-11-03 — U.S. Department of Agriculture, Agricultural Research Service (2014). USDA National Nutrient Database for Standard Reference, Release 27. Nutrient Data Laboratory Home Page, http://www.ars.usda.gov/ba/bhnrc/ndl"
ING-PLANT-HARICOTBLANC-000001,20501,"Haricot blanc, sec",SALT,Sel chlorure de sodium (g/100 g),0.04,g,C,0.75,"ANSES Ciqual 2025-11-03 — U.S. Department of Agriculture, Agricultural Research Service (2014). USDA National Nutrient Database for Standard Reference, Release 27. Nutrient Data Laboratory Home Page, http://www.ars.usda.gov/ba/bhnrc/ndl"
ING-PLANT-HARICOTBLANC-000001,20501,"Haricot blanc, sec",NA,Sodium (mg/100 g),16.0,mg,C,0.75,"ANSES Ciqual 2025-11-03 — U.S. Department of Agriculture, Agricultural Research Service (2014). USDA National Nutrient Database for Standard Reference, Release 27. Nutrient Data Laboratory Home Page, http://www.ars.usda.gov/ba/bhnrc/ndl"
ING-PLANT-HARICOTBLANC-000001,20501,"Haricot blanc, sec",PROTEIN,"Protéines, N x 6.25 (g/100 g)",23.4,g,B,0.85,ANSES Ciqual 2025-11-03 — Valeur ajustée/calculée/imputée Ciqual
ING-PLANT-HARICOTBLANC-000001,20501,"Haricot blanc, sec",CARB,Glucides (g/100 g),43.9,g,D,0.6,ANSES Ciqual 2025-11-03 — Valeur ajustée/calculée/imputée Ciqual
ING-PLANT-HARICOTBLANC-000001,20501,"Haricot blanc, sec",FIBER,Fibres alimentaires (g/100 g),15.2,g,C,0.75,"ANSES Ciqual 2025-11-03 — U.S. Department of Agriculture, Agricultural Research Service (2014). USDA National Nutrient Database for Standard Reference, Release 27. Nutrient Data Laboratory Home Page, http://www.ars.usda.gov/ba/bhnrc/ndl"
ING-PLANT-HARICOTBLANC-000001,20501,"Haricot blanc, sec",FAT,Lipides (g/100 g),0.85,g,B,0.85,"ANSES Ciqual 2025-11-03 — U.S. Department of Agriculture, Agricultural Research Service (2014). USDA National Nutrient Database for Standard Reference, Release 27. Nutrient Data Laboratory Home Page, http://www.ars.usda.gov/ba/bhnrc/ndl"
ING-PLANT-HARICOTBLANC-000001,20501,"Haricot blanc, sec",FAT_SAT,AG saturés (g/100 g),0.22,g,C,0.75,"ANSES Ciqual 2025-11-03 — U.S. Department of Agriculture, Agricultural Research Service (2014). USDA National Nutrient Database for Standard Reference, Release 27. Nutrient Data Laboratory Home Page, http://www.ars.usda.gov/ba/bhnrc/ndl"
ING-PLANT-HARICOTBLANC-000002,20502,"Haricot blanc, bouilli/cuit à l'eau",ENERC,"Energie, Règlement UE N° 1169/2011 (kJ/100 g)",466.0,kJ,D,0.6,ANSES Ciqual 2025-11-03 — Valeur ajustée/calculée/imputée Ciqual
ING-PLANT-HARICOTBLANC-000002,20502,"Haricot blanc, bouilli/cuit à l'eau",ENERCKCAL,"Energie, Règlement UE N° 1169/2011 (kcal/100 g)",112.0,kcal,D,0.6,ANSES Ciqual 2025-11-03 — Valeur ajustée/calculée/imputée Ciqual
ING-PLANT-HARICOTBLANC-000002,20502,"Haricot blanc, bouilli/cuit à l'eau",WATER,Eau (g/100 g),66.9,g,A,0.95,ANSES Ciqual 2025-11-03 — Analyses Ciqual 2016 (MS 2.2)
ING-PLANT-HARICOTBLANC-000002,20502,"Haricot blanc, bouilli/cuit à l'eau",SALT,Sel chlorure de sodium (g/100 g),0.023,g,A,0.95,ANSES Ciqual 2025-11-03 — Analyses Ciqual 2016 (MS 2.2)
ING-PLANT-HARICOTBLANC-000002,20502,"Haricot blanc, bouilli/cuit à l'eau",NA,Sodium (mg/100 g),9.3,mg,A,0.95,ANSES Ciqual 2025-11-03 — Analyses Ciqual 2016 (MS 2.2)
ING-PLANT-HARICOTBLANC-000002,20502,"Haricot blanc, bouilli/cuit à l'eau",PROTEIN,"Protéines, N x 6.25 (g/100 g)",6.75,g,A,0.95,ANSES Ciqual 2025-11-03 — Valeur ajustée/calculée/imputée Ciqual
ING-PLANT-HARICOTBLANC-000002,20502,"Haricot blanc, bouilli/cuit à l'eau",CARB,Glucides (g/100 g),12.0,g,A,0.95,ANSES Ciqual 2025-11-03 — Valeur ajustée/calculée/imputée Ciqual
ING-PLANT-HARICOTBLANC-000002,20502,"Haricot blanc, bouilli/cuit à l'eau",SUGAR,Sucres (g/100 g),0.3,g,A,0.95,ANSES Ciqual 2025-11-03 — Analyses Ciqual 2016 (MS 2.2)
ING-PLANT-HARICOTBLANC-000002,20502,"Haricot blanc, bouilli/cuit à l'eau",FIBER,Fibres alimentaires (g/100 g),13.8,g,A,0.95,ANSES Ciqual 2025-11-03 — Analyses Ciqual 2016 (MS 2.2)
ING-PLANT-HARICOTBLANC-000002,20502,"Haricot blanc, bouilli/cuit à l'eau",FAT,Lipides (g/100 g),1.1,g,A,0.95,ANSES Ciqual 2025-11-03 — Analyses Ciqual 2016 (MS 2.2)
ING-PLANT-HARICOTBLANC-000002,20502,"Haricot blanc, bouilli/cuit à l'eau",FAT_SAT,AG saturés (g/100 g),0.25,g,A,0.95,ANSES Ciqual 2025-11-03 — Analyses Ciqual 2016 (MS 2.2)
ING-PLANT-HARICOTROUGE-000002,20503,"Haricot rouge, bouilli/cuit à l'eau",ENERC,"Energie, Règlement UE N° 1169/2011 (kJ/100 g)",485.0,kJ,D,0.6,ANSES Ciqual 2025-11-03 — Valeur ajustée/calculée/imputée Ciqual
ING-PLANT-HARICOTROUGE-000002,20503,"Haricot rouge, bouilli/cuit à l'eau",ENERCKCAL,"Energie, Règlement UE N° 1169/2011 (kcal/100 g)",116.0,kcal,D,0.6,ANSES Ciqual 2025-11-03 — Valeur ajustée/calculée/imputée Ciqual
ING-PLANT-HARICOTROUGE-000002,20503,"Haricot rouge, bouilli/cuit à l'eau",WATER,Eau (g/100 g),65.0,g,A,0.95,ANSES Ciqual 2025-11-03 — Analyses Ciqual 2016 (MS 2.2)
ING-PLANT-HARICOTROUGE-000002,20503,"Haricot rouge, bouilli/cuit à l'eau",SALT,Sel chlorure de sodium (g/100 g),0.021,g,A,0.95,ANSES Ciqual 2025-11-03 — Analyses Ciqual 2016 (MS 2.2)
ING-PLANT-HARICOTROUGE-000002,20503,"Haricot rouge, bouilli/cuit à l'eau",NA,Sodium (mg/100 g),8.4,mg,A,0.95,ANSES Ciqual 2025-11-03 — Analyses Ciqual 2016 (MS 2.2)
ING-PLANT-HARICOTROUGE-000002,20503,"Haricot rouge, bouilli/cuit à l'eau",PROTEIN,"Protéines, N x 6.25 (g/100 g)",9.63,g,A,0.95,ANSES Ciqual 2025-11-03 — Valeur ajustée/calculée/imputée Ciqual
ING-PLANT-HARICOTROUGE-000002,20503,"Haricot rouge, bouilli/cuit à l'eau",CARB,Glucides (g/100 g),12.3,g,A,0.95,ANSES Ciqual 2025-11-03 — Valeur ajustée/calculée/imputée Ciqual
ING-PLANT-HARICOTROUGE-000002,20503,"Haricot rouge, bouilli/cuit à l'eau",SUGAR,Sucres (g/100 g),0.5,g,A,0.95,ANSES Ciqual 2025-11-03 — Analyses Ciqual 2016 (MS 2.2)
ING-PLANT-HARICOTROUGE-000002,20503,"Haricot rouge, bouilli/cuit à l'eau",FIBER,Fibres alimentaires (g/100 g),11.6,g,A,0.95,ANSES Ciqual 2025-11-03 — Analyses Ciqual 2016 (MS 2.2)
ING-PLANT-HARICOTROUGE-000002,20503,"Haricot rouge, bouilli/cuit à l'eau",FAT,Lipides (g/100 g),0.6,g,A,0.95,ANSES Ciqual 2025-11-03 — Analyses Ciqual 2016 (MS 2.2)
ING-PLANT-HARICOTROUGE-000002,20503,"Haricot rouge, bouilli/cuit à l'eau",FAT_SAT,AG saturés (g/100 g),0.19,g,A,0.95,ANSES Ciqual 2025-11-03 — Analyses Ciqual 2016 (MS 2.2)
ING-PLANT-POISCASSCUIT-000001,20506,"Pois cassé, bouilli/cuit à l'eau",ENERC,"Energie, Règlement UE N° 1169/2011 (kJ/100 g)",542.0,kJ,D,0.6,ANSES Ciqual 2025-11-03 — Valeur ajustée/calculée/imputée Ciqual
ING-PLANT-POISCASSCUIT-000001,20506,"Pois cassé, bouilli/cuit à l'eau",ENERCKCAL,"Energie, Règlement UE N° 1169/2011 (kcal/100 g)",129.0,kcal,D,0.6,ANSES Ciqual 2025-11-03 — Valeur ajustée/calculée/imputée Ciqual
ING-PLANT-POISCASSCUIT-000001,20506,"Pois cassé, bouilli/cuit à l'eau",WATER,Eau (g/100 g),64.9,g,C,0.75,"ANSES Ciqual 2025-11-03 — U.S. Department of Agriculture, Agricultural Research Service (2014). USDA National Nutrient Database for Standard Reference, Release 27. Nutrient Data Laboratory Home Page, http://www.ars.usda.gov/ba/bhnrc/ndl"
ING-PLANT-POISCASSCUIT-000001,20506,"Pois cassé, bouilli/cuit à l'eau",SALT,Sel chlorure de sodium (g/100 g),0.011,g,B,0.85,"ANSES Ciqual 2025-11-03 — U.S. Department of Agriculture, Agricultural Research Service (2014). USDA National Nutrient Database for Standard Reference, Release 27. Nutrient Data Laboratory Home Page, http://www.ars.usda.gov/ba/bhnrc/ndl"
ING-PLANT-POISCASSCUIT-000001,20506,"Pois cassé, bouilli/cuit à l'eau",NA,Sodium (mg/100 g),4.5,mg,B,0.85,"ANSES Ciqual 2025-11-03 — U.S. Department of Agriculture, Agricultural Research Service (2014). USDA National Nutrient Database for Standard Reference, Release 27. Nutrient Data Laboratory Home Page, http://www.ars.usda.gov/ba/bhnrc/ndl"
ING-PLANT-POISCASSCUIT-000001,20506,"Pois cassé, bouilli/cuit à l'eau",PROTEIN,"Protéines, N x 6.25 (g/100 g)",8.6,g,B,0.85,ANSES Ciqual 2025-11-03 — Valeur ajustée/calculée/imputée Ciqual
ING-PLANT-POISCASSCUIT-000001,20506,"Pois cassé, bouilli/cuit à l'eau",CARB,Glucides (g/100 g),16.3,g,C,0.75,ANSES Ciqual 2025-11-03 — Valeur ajustée/calculée/imputée Ciqual
ING-PLANT-POISCASSCUIT-000001,20506,"Pois cassé, bouilli/cuit à l'eau",SUGAR,Sucres (g/100 g),3.85,g,C,0.75,"ANSES Ciqual 2025-11-03 — U.S. Department of Agriculture, Agricultural Research Service (2014). USDA National Nutrient Database for Standard Reference, Release 27. Nutrient Data Laboratory Home Page, http://www.ars.usda.gov/ba/bhnrc/ndl"
ING-PLANT-POISCASSCUIT-000001,20506,"Pois cassé, bouilli/cuit à l'eau",FIBER,Fibres alimentaires (g/100 g),7.95,g,C,0.75,"ANSES Ciqual 2025-11-03 — U.S. Department of Agriculture, Agricultural Research Service (2014). USDA National Nutrient Database for Standard Reference, Release 27. Nutrient Data Laboratory Home Page, http://www.ars.usda.gov/ba/bhnrc/ndl"
ING-PLANT-POISCASSCUIT-000001,20506,"Pois cassé, bouilli/cuit à l'eau",FAT,Lipides (g/100 g),1.49,g,B,0.85,"ANSES Ciqual 2025-11-03 — U.S. Department of Agriculture, Agricultural Research Service (2014). USDA National Nutrient Database for Standard Reference, Release 27. Nutrient Data Laboratory Home Page, http://www.ars.usda.gov/ba/bhnrc/ndl"
ING-PLANT-POISCASSCUIT-000001,20506,"Pois cassé, bouilli/cuit à l'eau",FAT_SAT,AG saturés (g/100 g),0.16,g,C,0.75,"ANSES Ciqual 2025-11-03 — U.S. Department of Agriculture, Agricultural Research Service (2014). USDA National Nutrient Database for Standard Reference, Release 27. Nutrient Data Laboratory Home Page, http://www.ars.usda.gov/ba/bhnrc/ndl"
ING-PLANT-POISCHICHECU-000001,20507,"Pois chiche, bouilli/cuit à l'eau",ENERC,"Energie, Règlement UE N° 1169/2011 (kJ/100 g)",620.0,kJ,D,0.6,ANSES Ciqual 2025-11-03 — Valeur ajustée/calculée/imputée Ciqual
ING-PLANT-POISCHICHECU-000001,20507,"Pois chiche, bouilli/cuit à l'eau",ENERCKCAL,"Energie, Règlement UE N° 1169/2011 (kcal/100 g)",148.0,kcal,D,0.6,ANSES Ciqual 2025-11-03 — Valeur ajustée/calculée/imputée Ciqual
ING-PLANT-POISCHICHECU-000001,20507,"Pois chiche, bouilli/cuit à l'eau",WATER,Eau (g/100 g),62.0,g,A,0.95,ANSES Ciqual 2025-11-03 — Analyses Ciqual 2016 (MS 2.2)
ING-PLANT-POISCHICHECU-000001,20507,"Pois chiche, bouilli/cuit à l'eau",SALT,Sel chlorure de sodium (g/100 g),0.027,g,A,0.95,ANSES Ciqual 2025-11-03 — Analyses Ciqual 2016 (MS 2.2)
ING-PLANT-POISCHICHECU-000001,20507,"Pois chiche, bouilli/cuit à l'eau",NA,Sodium (mg/100 g),10.9,mg,A,0.95,ANSES Ciqual 2025-11-03 — Analyses Ciqual 2016 (MS 2.2)
ING-PLANT-POISCHICHECU-000001,20507,"Pois chiche, bouilli/cuit à l'eau",PROTEIN,"Protéines, N x 6.25 (g/100 g)",8.31,g,A,0.95,ANSES Ciqual 2025-11-03 — Valeur ajustée/calculée/imputée Ciqual
ING-PLANT-POISCHICHECU-000001,20507,"Pois chiche, bouilli/cuit à l'eau",CARB,Glucides (g/100 g),17.7,g,A,0.95,ANSES Ciqual 2025-11-03 — Valeur ajustée/calculée/imputée Ciqual
ING-PLANT-POISCHICHECU-000001,20507,"Pois chiche, bouilli/cuit à l'eau",SUGAR,Sucres (g/100 g),0.3,g,A,0.95,ANSES Ciqual 2025-11-03 — Analyses Ciqual 2016 (MS 2.2)
ING-PLANT-POISCHICHECU-000001,20507,"Pois chiche, bouilli/cuit à l'eau",FIBER,Fibres alimentaires (g/100 g),8.2,g,A,0.95,ANSES Ciqual 2025-11-03 — Analyses Ciqual 2016 (MS 2.2)
ING-PLANT-POISCHICHECU-000001,20507,"Pois chiche, bouilli/cuit à l'eau",FAT,Lipides (g/100 g),3.0,g,A,0.95,ANSES Ciqual 2025-11-03 — Analyses Ciqual 2016 (MS 2.2)
ING-PLANT-POISCHICHECU-000001,20507,"Pois chiche, bouilli/cuit à l'eau",FAT_SAT,AG saturés (g/100 g),0.46,g,A,0.95,ANSES Ciqual 2025-11-03 — Analyses Ciqual 2016 (MS 2.2)
ING-PLANT-FLAGEOLETCUI-000001,20513,"Haricot flageolet, bouilli/cuit à l'eau",ENERC,"Energie, Règlement UE N° 1169/2011 (kJ/100 g)",466.0,kJ,D,0.6,ANSES Ciqual 2025-11-03 — Valeur ajustée/calculée/imputée Ciqual
ING-PLANT-FLAGEOLETCUI-000001,20513,"Haricot flageolet, bouilli/cuit à l'eau",ENERCKCAL,"Energie, Règlement UE N° 1169/2011 (kcal/100 g)",112.0,kcal,D,0.6,ANSES Ciqual 2025-11-03 — Valeur ajustée/calculée/imputée Ciqual
ING-PLANT-FLAGEOLETCUI-000001,20513,"Haricot flageolet, bouilli/cuit à l'eau",WATER,Eau (g/100 g),66.9,g,A,0.95,ANSES Ciqual 2025-11-03 — Analyses Ciqual 2016 (MS 2.2)
ING-PLANT-FLAGEOLETCUI-000001,20513,"Haricot flageolet, bouilli/cuit à l'eau",SALT,Sel chlorure de sodium (g/100 g),0.023,g,A,0.95,ANSES Ciqual 2025-11-03 — Analyses Ciqual 2016 (MS 2.2)
ING-PLANT-FLAGEOLETCUI-000001,20513,"Haricot flageolet, bouilli/cuit à l'eau",NA,Sodium (mg/100 g),9.3,mg,A,0.95,ANSES Ciqual 2025-11-03 — Analyses Ciqual 2016 (MS 2.2)
ING-PLANT-FLAGEOLETCUI-000001,20513,"Haricot flageolet, bouilli/cuit à l'eau",PROTEIN,"Protéines, N x 6.25 (g/100 g)",6.75,g,A,0.95,ANSES Ciqual 2025-11-03 — Valeur ajustée/calculée/imputée Ciqual
ING-PLANT-FLAGEOLETCUI-000001,20513,"Haricot flageolet, bouilli/cuit à l'eau",CARB,Glucides (g/100 g),12.0,g,A,0.95,ANSES Ciqual 2025-11-03 — Valeur ajustée/calculée/imputée Ciqual
ING-PLANT-FLAGEOLETCUI-000001,20513,"Haricot flageolet, bouilli/cuit à l'eau",SUGAR,Sucres (g/100 g),0.3,g,A,0.95,ANSES Ciqual 2025-11-03 — Analyses Ciqual 2016 (MS 2.2)
ING-PLANT-FLAGEOLETCUI-000001,20513,"Haricot flageolet, bouilli/cuit à l'eau",FIBER,Fibres alimentaires (g/100 g),13.8,g,A,0.95,ANSES Ciqual 2025-11-03 — Analyses Ciqual 2016 (MS 2.2)
ING-PLANT-FLAGEOLETCUI-000001,20513,"Haricot flageolet, bouilli/cuit à l'eau",FAT,Lipides (g/100 g),1.1,g,A,0.95,ANSES Ciqual 2025-11-03 — Analyses Ciqual 2016 (MS 2.2)
ING-PLANT-FLAGEOLETCUI-000001,20513,"Haricot flageolet, bouilli/cuit à l'eau",FAT_SAT,AG saturés (g/100 g),0.25,g,A,0.95,ANSES Ciqual 2025-11-03 — Analyses Ciqual 2016 (MS 2.2)
ING-PLANT-POISCASS-000001,20515,"Pois cassé, sec",ENERC,"Energie, Règlement UE N° 1169/2011 (kJ/100 g)",1460.0,kJ,D,0.6,ANSES Ciqual 2025-11-03 — Valeur ajustée/calculée/imputée Ciqual
ING-PLANT-POISCASS-000001,20515,"Pois cassé, sec",ENERCKCAL,"Energie, Règlement UE N° 1169/2011 (kcal/100 g)",347.0,kcal,D,0.6,ANSES Ciqual 2025-11-03 — Valeur ajustée/calculée/imputée Ciqual
ING-PLANT-POISCASS-000001,20515,"Pois cassé, sec",WATER,Eau (g/100 g),2.36,g,D,0.6,ANSES Ciqual 2025-11-03 — Valeur ajustée/calculée/imputée Ciqual
ING-PLANT-POISCASS-000001,20515,"Pois cassé, sec",SALT,Sel chlorure de sodium (g/100 g),0.038,g,C,0.75,"ANSES Ciqual 2025-11-03 — U.S. Department of Agriculture, Agricultural Research Service (2014). USDA National Nutrient Database for Standard Reference, Release 27. Nutrient Data Laboratory Home Page, http://www.ars.usda.gov/ba/bhnrc/ndl"
ING-PLANT-POISCASS-000001,20515,"Pois cassé, sec",NA,Sodium (mg/100 g),15.0,mg,C,0.75,"ANSES Ciqual 2025-11-03 — U.S. Department of Agriculture, Agricultural Research Service (2014). USDA National Nutrient Database for Standard Reference, Release 27. Nutrient Data Laboratory Home Page, http://www.ars.usda.gov/ba/bhnrc/ndl"
ING-PLANT-POISCASS-000001,20515,"Pois cassé, sec",PROTEIN,"Protéines, N x 6.25 (g/100 g)",23.8,g,B,0.85,ANSES Ciqual 2025-11-03 — Valeur ajustée/calculée/imputée Ciqual
ING-PLANT-POISCASS-000001,20515,"Pois cassé, sec",CARB,Glucides (g/100 g),47.5,g,D,0.6,ANSES Ciqual 2025-11-03 — Valeur ajustée/calculée/imputée Ciqual
ING-PLANT-POISCASS-000001,20515,"Pois cassé, sec",SUGAR,Sucres (g/100 g),2.56,g,D,0.6,"ANSES Ciqual 2025-11-03 — Saxholt E, Christensen AT, Møller A, Hartkopp HB, Hess Ygil K, Hels OH (2009). Danish Food Composition Databank, revision 7.01. Department of Nutrition, National Food Institute, Technical University of Denmark, version 7.1, 2009.-Données industrielles, françaises (2013)"
ING-PLANT-POISCASS-000001,20515,"Pois cassé, sec",FIBER,Fibres alimentaires (g/100 g),25.5,g,C,0.75,"ANSES Ciqual 2025-11-03 — U.S. Department of Agriculture, Agricultural Research Service (2014). USDA National Nutrient Database for Standard Reference, Release 27. Nutrient Data Laboratory Home Page, http://www.ars.usda.gov/ba/bhnrc/ndl"
ING-PLANT-POISCASS-000001,20515,"Pois cassé, sec",FAT,Lipides (g/100 g),1.16,g,C,0.75,"ANSES Ciqual 2025-11-03 — U.S. Department of Agriculture, Agricultural Research Service (2014). USDA National Nutrient Database for Standard Reference, Release 27. Nutrient Data Laboratory Home Page, http://www.ars.usda.gov/ba/bhnrc/ndl"
ING-PLANT-POISCASS-000001,20515,"Pois cassé, sec",FAT_SAT,AG saturés (g/100 g),0.16,g,C,0.75,"ANSES Ciqual 2025-11-03 — U.S. Department of Agriculture, Agricultural Research Service (2014). USDA National Nutrient Database for Standard Reference, Release 27. Nutrient Data Laboratory Home Page, http://www.ars.usda.gov/ba/bhnrc/ndl"
ING-PLANT-POISCHICHE-000001,20516,"Pois chiche, sec",ENERC,"Energie, Règlement UE N° 1169/2011 (kJ/100 g)",1480.0,kJ,D,0.6,ANSES Ciqual 2025-11-03 — Valeur ajustée/calculée/imputée Ciqual
ING-PLANT-POISCHICHE-000001,20516,"Pois chiche, sec",ENERCKCAL,"Energie, Règlement UE N° 1169/2011 (kcal/100 g)",350.0,kcal,D,0.6,ANSES Ciqual 2025-11-03 — Valeur ajustée/calculée/imputée Ciqual
ING-PLANT-POISCHICHE-000001,20516,"Pois chiche, sec",WATER,Eau (g/100 g),7.68,g,B,0.85,"ANSES Ciqual 2025-11-03 — U.S. Department of Agriculture, Agricultural Research Service (2014). USDA National Nutrient Database for Standard Reference, Release 27. Nutrient Data Laboratory Home Page, http://www.ars.usda.gov/ba/bhnrc/ndl"
ING-PLANT-POISCHICHE-000001,20516,"Pois chiche, sec",SALT,Sel chlorure de sodium (g/100 g),0.06,g,C,0.75,"ANSES Ciqual 2025-11-03 — U.S. Department of Agriculture, Agricultural Research Service (2014). USDA National Nutrient Database for Standard Reference, Release 27. Nutrient Data Laboratory Home Page, http://www.ars.usda.gov/ba/bhnrc/ndl"
ING-PLANT-POISCHICHE-000001,20516,"Pois chiche, sec",NA,Sodium (mg/100 g),24.0,mg,C,0.75,"ANSES Ciqual 2025-11-03 — U.S. Department of Agriculture, Agricultural Research Service (2014). USDA National Nutrient Database for Standard Reference, Release 27. Nutrient Data Laboratory Home Page, http://www.ars.usda.gov/ba/bhnrc/ndl"
ING-PLANT-POISCHICHE-000001,20516,"Pois chiche, sec",PROTEIN,"Protéines, N x 6.25 (g/100 g)",20.5,g,B,0.85,ANSES Ciqual 2025-11-03 — Valeur ajustée/calculée/imputée Ciqual
ING-PLANT-POISCHICHE-000001,20516,"Pois chiche, sec",CARB,Glucides (g/100 g),47.5,g,D,0.6,ANSES Ciqual 2025-11-03 — Valeur ajustée/calculée/imputée Ciqual
ING-PLANT-POISCHICHE-000001,20516,"Pois chiche, sec",SUGAR,Sucres (g/100 g),2.3,g,D,0.6,"ANSES Ciqual 2025-11-03 — Données industrielles, françaises (2013)"
ING-PLANT-POISCHICHE-000001,20516,"Pois chiche, sec",FIBER,Fibres alimentaires (g/100 g),12.2,g,C,0.75,"ANSES Ciqual 2025-11-03 — U.S. Department of Agriculture, Agricultural Research Service (2014). USDA National Nutrient Database for Standard Reference, Release 27. Nutrient Data Laboratory Home Page, http://www.ars.usda.gov/ba/bhnrc/ndl"
ING-PLANT-POISCHICHE-000001,20516,"Pois chiche, sec",FAT,Lipides (g/100 g),6.04,g,C,0.75,"ANSES Ciqual 2025-11-03 — U.S. Department of Agriculture, Agricultural Research Service (2014). USDA National Nutrient Database for Standard Reference, Release 27. Nutrient Data Laboratory Home Page, http://www.ars.usda.gov/ba/bhnrc/ndl"
ING-PLANT-POISCHICHE-000001,20516,"Pois chiche, sec",FAT_SAT,AG saturés (g/100 g),0.6,g,C,0.75,"ANSES Ciqual 2025-11-03 — U.S. Department of Agriculture, Agricultural Research Service (2014). USDA National Nutrient Database for Standard Reference, Release 27. Nutrient Data Laboratory Home Page, http://www.ars.usda.gov/ba/bhnrc/ndl"
ING-PLANT-FVE-000001,20517,"Fève à écosser, fraîche, crue",ENERC,"Energie, Règlement UE N° 1169/2011 (kJ/100 g)",258.0,kJ,D,0.6,ANSES Ciqual 2025-11-03 — Valeur ajustée/calculée/imputée Ciqual
ING-PLANT-FVE-000001,20517,"Fève à écosser, fraîche, crue",ENERCKCAL,"Energie, Règlement UE N° 1169/2011 (kcal/100 g)",61.5,kcal,D,0.6,ANSES Ciqual 2025-11-03 — Valeur ajustée/calculée/imputée Ciqual
ING-PLANT-FVE-000001,20517,"Fève à écosser, fraîche, crue",WATER,Eau (g/100 g),76.8,g,B,0.85,"ANSES Ciqual 2025-11-03 — U.S. Department of Agriculture, Agricultural Research Service (2014). USDA National Nutrient Database for Standard Reference, Release 27. Nutrient Data Laboratory Home Page, http://www.ars.usda.gov/ba/bhnrc/ndl"
ING-PLANT-FVE-000001,20517,"Fève à écosser, fraîche, crue",SALT,Sel chlorure de sodium (g/100 g),0.094,g,B,0.85,"ANSES Ciqual 2025-11-03 — U.S. Department of Agriculture, Agricultural Research Service (2014). USDA National Nutrient Database for Standard Reference, Release 27. Nutrient Data Laboratory Home Page, http://www.ars.usda.gov/ba/bhnrc/ndl"
ING-PLANT-FVE-000001,20517,"Fève à écosser, fraîche, crue",NA,Sodium (mg/100 g),37.5,mg,B,0.85,"ANSES Ciqual 2025-11-03 — U.S. Department of Agriculture, Agricultural Research Service (2014). USDA National Nutrient Database for Standard Reference, Release 27. Nutrient Data Laboratory Home Page, http://www.ars.usda.gov/ba/bhnrc/ndl"
ING-PLANT-FVE-000001,20517,"Fève à écosser, fraîche, crue",PROTEIN,"Protéines, N x 6.25 (g/100 g)",6.76,g,B,0.85,ANSES Ciqual 2025-11-03 — Valeur ajustée/calculée/imputée Ciqual
ING-PLANT-FVE-000001,20517,"Fève à écosser, fraîche, crue",CARB,Glucides (g/100 g),4.2,g,D,0.6,ANSES Ciqual 2025-11-03 — Valeur ajustée/calculée/imputée Ciqual
ING-PLANT-FVE-000001,20517,"Fève à écosser, fraîche, crue",SUGAR,Sucres (g/100 g),0.37,g,D,0.6,ANSES Ciqual 2025-11-03 — Valeur ajustée/calculée/imputée Ciqual
ING-PLANT-FVE-000001,20517,"Fève à écosser, fraîche, crue",FIBER,Fibres alimentaires (g/100 g),5.85,g,C,0.75,"ANSES Ciqual 2025-11-03 — U.S. Department of Agriculture, Agricultural Research Service (2014). USDA National Nutrient Database for Standard Reference, Release 27. Nutrient Data Laboratory Home Page, http://www.ars.usda.gov/ba/bhnrc/ndl"
ING-PLANT-FVE-000001,20517,"Fève à écosser, fraîche, crue",FAT,Lipides (g/100 g),0.67,g,B,0.85,"ANSES Ciqual 2025-11-03 — U.S. Department of Agriculture, Agricultural Research Service (2014). USDA National Nutrient Database for Standard Reference, Release 27. Nutrient Data Laboratory Home Page, http://www.ars.usda.gov/ba/bhnrc/ndl"
ING-PLANT-FVE-000001,20517,"Fève à écosser, fraîche, crue",FAT_SAT,AG saturés (g/100 g),0.13,g,C,0.75,"ANSES Ciqual 2025-11-03 — U.S. Department of Agriculture, Agricultural Research Service (2014). USDA National Nutrient Database for Standard Reference, Release 27. Nutrient Data Laboratory Home Page, http://www.ars.usda.gov/ba/bhnrc/ndl"
ING-PLANT-HARICOTROUGE-000001,20525,"Haricot rouge, sec",ENERC,"Energie, Règlement UE N° 1169/2011 (kJ/100 g)",1330.0,kJ,D,0.6,ANSES Ciqual 2025-11-03 — Valeur ajustée/calculée/imputée Ciqual
ING-PLANT-HARICOTROUGE-000001,20525,"Haricot rouge, sec",ENERCKCAL,"Energie, Règlement UE N° 1169/2011 (kcal/100 g)",314.0,kcal,D,0.6,ANSES Ciqual 2025-11-03 — Valeur ajustée/calculée/imputée Ciqual
ING-PLANT-HARICOTROUGE-000001,20525,"Haricot rouge, sec",WATER,Eau (g/100 g),11.8,g,C,0.75,"ANSES Ciqual 2025-11-03 — U.S. Department of Agriculture, Agricultural Research Service (2014). USDA National Nutrient Database for Standard Reference, Release 27. Nutrient Data Laboratory Home Page, http://www.ars.usda.gov/ba/bhnrc/ndl"
ING-PLANT-HARICOTROUGE-000001,20525,"Haricot rouge, sec",SALT,Sel chlorure de sodium (g/100 g),0.03,g,C,0.75,"ANSES Ciqual 2025-11-03 — U.S. Department of Agriculture, Agricultural Research Service (2014). USDA National Nutrient Database for Standard Reference, Release 27. Nutrient Data Laboratory Home Page, http://www.ars.usda.gov/ba/bhnrc/ndl"
ING-PLANT-HARICOTROUGE-000001,20525,"Haricot rouge, sec",NA,Sodium (mg/100 g),12.0,mg,C,0.75,"ANSES Ciqual 2025-11-03 — U.S. Department of Agriculture, Agricultural Research Service (2014). USDA National Nutrient Database for Standard Reference, Release 27. Nutrient Data Laboratory Home Page, http://www.ars.usda.gov/ba/bhnrc/ndl"
ING-PLANT-HARICOTROUGE-000001,20525,"Haricot rouge, sec",PROTEIN,"Protéines, N x 6.25 (g/100 g)",22.5,g,C,0.75,ANSES Ciqual 2025-11-03 — Valeur ajustée/calculée/imputée Ciqual
ING-PLANT-HARICOTROUGE-000001,20525,"Haricot rouge, sec",CARB,Glucides (g/100 g),46.1,g,C,0.75,ANSES Ciqual 2025-11-03 — Valeur ajustée/calculée/imputée Ciqual
ING-PLANT-HARICOTROUGE-000001,20525,"Haricot rouge, sec",SUGAR,Sucres (g/100 g),2.1,g,C,0.75,"ANSES Ciqual 2025-11-03 — U.S. Department of Agriculture, Agricultural Research Service (2014). USDA National Nutrient Database for Standard Reference, Release 27. Nutrient Data Laboratory Home Page, http://www.ars.usda.gov/ba/bhnrc/ndl"
ING-PLANT-HARICOTROUGE-000001,20525,"Haricot rouge, sec",FIBER,Fibres alimentaires (g/100 g),15.2,g,C,0.75,"ANSES Ciqual 2025-11-03 — U.S. Department of Agriculture, Agricultural Research Service (2014). USDA National Nutrient Database for Standard Reference, Release 27. Nutrient Data Laboratory Home Page, http://www.ars.usda.gov/ba/bhnrc/ndl"
ING-PLANT-HARICOTROUGE-000001,20525,"Haricot rouge, sec",FAT,Lipides (g/100 g),1.06,g,C,0.75,"ANSES Ciqual 2025-11-03 — U.S. Department of Agriculture, Agricultural Research Service (2014). USDA National Nutrient Database for Standard Reference, Release 27. Nutrient Data Laboratory Home Page, http://www.ars.usda.gov/ba/bhnrc/ndl"
ING-PLANT-HARICOTROUGE-000001,20525,"Haricot rouge, sec",FAT_SAT,AG saturés (g/100 g),0.15,g,C,0.75,"ANSES Ciqual 2025-11-03 — U.S. Department of Agriculture, Agricultural Research Service (2014). USDA National Nutrient Database for Standard Reference, Release 27. Nutrient Data Laboratory Home Page, http://www.ars.usda.gov/ba/bhnrc/ndl"
ING-PLANT-POIS-000001,20527,"Pois d'Angole vert, frais, cru",ENERC,"Energie, Règlement UE N° 1169/2011 (kJ/100 g)",543.0,kJ,D,0.6,ANSES Ciqual 2025-11-03 — Valeur ajustée/calculée/imputée Ciqual
ING-PLANT-POIS-000001,20527,"Pois d'Angole vert, frais, cru",ENERCKCAL,"Energie, Règlement UE N° 1169/2011 (kcal/100 g)",129.0,kcal,D,0.6,ANSES Ciqual 2025-11-03 — Valeur ajustée/calculée/imputée Ciqual
ING-PLANT-POIS-000001,20527,"Pois d'Angole vert, frais, cru",WATER,Eau (g/100 g),65.9,g,B,0.85,"ANSES Ciqual 2025-11-03 — U.S. Department of Agriculture, Agricultural Research Service (2014). USDA National Nutrient Database for Standard Reference, Release 27. Nutrient Data Laboratory Home Page, http://www.ars.usda.gov/ba/bhnrc/ndl"
ING-PLANT-POIS-000001,20527,"Pois d'Angole vert, frais, cru",SALT,Sel chlorure de sodium (g/100 g),0.013,g,C,0.75,"ANSES Ciqual 2025-11-03 — U.S. Department of Agriculture, Agricultural Research Service (2014). USDA National Nutrient Database for Standard Reference, Release 27. Nutrient Data Laboratory Home Page, http://www.ars.usda.gov/ba/bhnrc/ndl"
ING-PLANT-POIS-000001,20527,"Pois d'Angole vert, frais, cru",NA,Sodium (mg/100 g),5.0,mg,C,0.75,"ANSES Ciqual 2025-11-03 — U.S. Department of Agriculture, Agricultural Research Service (2014). USDA National Nutrient Database for Standard Reference, Release 27. Nutrient Data Laboratory Home Page, http://www.ars.usda.gov/ba/bhnrc/ndl"
ING-PLANT-POIS-000001,20527,"Pois d'Angole vert, frais, cru",PROTEIN,"Protéines, N x 6.25 (g/100 g)",7.2,g,C,0.75,ANSES Ciqual 2025-11-03 — Valeur ajustée/calculée/imputée Ciqual
ING-PLANT-POIS-000001,20527,"Pois d'Angole vert, frais, cru",CARB,Glucides (g/100 g),18.8,g,C,0.75,ANSES Ciqual 2025-11-03 — Valeur ajustée/calculée/imputée Ciqual
ING-PLANT-POIS-000001,20527,"Pois d'Angole vert, frais, cru",SUGAR,Sucres (g/100 g),3.0,g,C,0.75,"ANSES Ciqual 2025-11-03 — U.S. Department of Agriculture, Agricultural Research Service (2014). USDA National Nutrient Database for Standard Reference, Release 27. Nutrient Data Laboratory Home Page, http://www.ars.usda.gov/ba/bhnrc/ndl"
ING-PLANT-POIS-000001,20527,"Pois d'Angole vert, frais, cru",FIBER,Fibres alimentaires (g/100 g),5.1,g,C,0.75,"ANSES Ciqual 2025-11-03 — U.S. Department of Agriculture, Agricultural Research Service (2014). USDA National Nutrient Database for Standard Reference, Release 27. Nutrient Data Laboratory Home Page, http://www.ars.usda.gov/ba/bhnrc/ndl"
ING-PLANT-POIS-000001,20527,"Pois d'Angole vert, frais, cru",FAT,Lipides (g/100 g),1.64,g,B,0.85,"ANSES Ciqual 2025-11-03 — U.S. Department of Agriculture, Agricultural Research Service (2014). USDA National Nutrient Database for Standard Reference, Release 27. Nutrient Data Laboratory Home Page, http://www.ars.usda.gov/ba/bhnrc/ndl"
ING-PLANT-POIS-000001,20527,"Pois d'Angole vert, frais, cru",FAT_SAT,AG saturés (g/100 g),0.35,g,C,0.75,"ANSES Ciqual 2025-11-03 — U.S. Department of Agriculture, Agricultural Research Service (2014). USDA National Nutrient Database for Standard Reference, Release 27. Nutrient Data Laboratory Home Page, http://www.ars.usda.gov/ba/bhnrc/ndl"
ING-PLANT-LUPIN-000001,20534,"Lupin, graine, sec",ENERC,"Energie, Règlement UE N° 1169/2011 (kJ/100 g)",1490.0,kJ,D,0.6,ANSES Ciqual 2025-11-03 — Valeur ajustée/calculée/imputée Ciqual
ING-PLANT-LUPIN-000001,20534,"Lupin, graine, sec",ENERCKCAL,"Energie, Règlement UE N° 1169/2011 (kcal/100 g)",356.0,kcal,D,0.6,ANSES Ciqual 2025-11-03 — Valeur ajustée/calculée/imputée Ciqual
ING-PLANT-LUPIN-000001,20534,"Lupin, graine, sec",WATER,Eau (g/100 g),10.4,g,B,0.85,"ANSES Ciqual 2025-11-03 — U.S. Department of Agriculture, Agricultural Research Service (2014). USDA National Nutrient Database for Standard Reference, Release 27. Nutrient Data Laboratory Home Page, http://www.ars.usda.gov/ba/bhnrc/ndl"
ING-PLANT-LUPIN-000001,20534,"Lupin, graine, sec",SALT,Sel chlorure de sodium (g/100 g),0.038,g,B,0.85,"ANSES Ciqual 2025-11-03 — U.S. Department of Agriculture, Agricultural Research Service (2014). USDA National Nutrient Database for Standard Reference, Release 27. Nutrient Data Laboratory Home Page, http://www.ars.usda.gov/ba/bhnrc/ndl"
ING-PLANT-LUPIN-000001,20534,"Lupin, graine, sec",NA,Sodium (mg/100 g),15.0,mg,B,0.85,"ANSES Ciqual 2025-11-03 — U.S. Department of Agriculture, Agricultural Research Service (2014). USDA National Nutrient Database for Standard Reference, Release 27. Nutrient Data Laboratory Home Page, http://www.ars.usda.gov/ba/bhnrc/ndl"
ING-PLANT-LUPIN-000001,20534,"Lupin, graine, sec",PROTEIN,"Protéines, N x 6.25 (g/100 g)",36.2,g,B,0.85,ANSES Ciqual 2025-11-03 — Valeur ajustée/calculée/imputée Ciqual
ING-PLANT-LUPIN-000001,20534,"Lupin, graine, sec",CARB,Glucides (g/100 g),21.5,g,C,0.75,ANSES Ciqual 2025-11-03 — Valeur ajustée/calculée/imputée Ciqual
ING-PLANT-LUPIN-000001,20534,"Lupin, graine, sec",FIBER,Fibres alimentaires (g/100 g),18.9,g,C,0.75,"ANSES Ciqual 2025-11-03 — U.S. Department of Agriculture, Agricultural Research Service (2014). USDA National Nutrient Database for Standard Reference, Release 27. Nutrient Data Laboratory Home Page, http://www.ars.usda.gov/ba/bhnrc/ndl"
ING-PLANT-LUPIN-000001,20534,"Lupin, graine, sec",FAT,Lipides (g/100 g),9.74,g,B,0.85,"ANSES Ciqual 2025-11-03 — U.S. Department of Agriculture, Agricultural Research Service (2014). USDA National Nutrient Database for Standard Reference, Release 27. Nutrient Data Laboratory Home Page, http://www.ars.usda.gov/ba/bhnrc/ndl"
ING-PLANT-LUPIN-000001,20534,"Lupin, graine, sec",FAT_SAT,AG saturés (g/100 g),1.16,g,C,0.75,"ANSES Ciqual 2025-11-03 — U.S. Department of Agriculture, Agricultural Research Service (2014). USDA National Nutrient Database for Standard Reference, Release 27. Nutrient Data Laboratory Home Page, http://www.ars.usda.gov/ba/bhnrc/ndl"
ING-PLANT-LENTILLECORA-000001,20535,"Lentille corail, sèche",ENERC,"Energie, Règlement UE N° 1169/2011 (kJ/100 g)",1390.0,kJ,D,0.6,ANSES Ciqual 2025-11-03 — Valeur ajustée/calculée/imputée Ciqual
ING-PLANT-LENTILLECORA-000001,20535,"Lentille corail, sèche",ENERCKCAL,"Energie, Règlement UE N° 1169/2011 (kcal/100 g)",328.0,kcal,D,0.6,ANSES Ciqual 2025-11-03 — Valeur ajustée/calculée/imputée Ciqual
ING-PLANT-LENTILLECORA-000001,20535,"Lentille corail, sèche",WATER,Eau (g/100 g),8.8,g,A,0.95,ANSES Ciqual 2025-11-03 — Analyses Ciqual 2016 (MS 2.1)
ING-PLANT-LENTILLECORA-000001,20535,"Lentille corail, sèche",PROTEIN,"Protéines, N x 6.25 (g/100 g)",27.7,g,A,0.95,ANSES Ciqual 2025-11-03 — Valeur ajustée/calculée/imputée Ciqual
ING-PLANT-LENTILLECORA-000001,20535,"Lentille corail, sèche",CARB,Glucides (g/100 g),44.9,g,A,0.95,ANSES Ciqual 2025-11-03 — Valeur ajustée/calculée/imputée Ciqual
ING-PLANT-LENTILLECORA-000001,20535,"Lentille corail, sèche",SUGAR,Sucres (g/100 g),1.29,g,D,0.6,ANSES Ciqual 2025-11-03 — Valeur ajustée/calculée/imputée Ciqual
ING-PLANT-LENTILLECORA-000001,20535,"Lentille corail, sèche",FIBER,Fibres alimentaires (g/100 g),15.4,g,A,0.95,ANSES Ciqual 2025-11-03 — Analyses Ciqual 2016 (MS 2.1)
ING-PLANT-LENTILLECORA-000001,20535,"Lentille corail, sèche",FAT,Lipides (g/100 g),0.8,g,A,0.95,ANSES Ciqual 2025-11-03 — Analyses Ciqual 2016 (MS 2.1)
ING-PLANT-LENTILLECORA-000001,20535,"Lentille corail, sèche",FAT_SAT,AG saturés (g/100 g),0.14,g,A,0.95,ANSES Ciqual 2025-11-03 — Analyses Ciqual 2016 (MS 2.1)
ING-PLANT-FLAGEOLET-000001,20537,"Haricot flageolet, frais, surgelé, cru",ENERC,"Energie, Règlement UE N° 1169/2011 (kJ/100 g)",648.0,kJ,D,0.6,ANSES Ciqual 2025-11-03 — Valeur ajustée/calculée/imputée Ciqual
ING-PLANT-FLAGEOLET-000001,20537,"Haricot flageolet, frais, surgelé, cru",ENERCKCAL,"Energie, Règlement UE N° 1169/2011 (kcal/100 g)",153.0,kcal,D,0.6,ANSES Ciqual 2025-11-03 — Valeur ajustée/calculée/imputée Ciqual
ING-PLANT-FLAGEOLET-000001,20537,"Haricot flageolet, frais, surgelé, cru",WATER,Eau (g/100 g),55.1,g,D,0.6,ANSES Ciqual 2025-11-03 — Données industrielles françaises (2006).-Calculs Ciqual (2006).
ING-PLANT-FLAGEOLET-000001,20537,"Haricot flageolet, frais, surgelé, cru",SALT,Sel chlorure de sodium (g/100 g),0.78,g,D,0.6,ANSES Ciqual 2025-11-03 — Données industrielles françaises (2013)
ING-PLANT-FLAGEOLET-000001,20537,"Haricot flageolet, frais, surgelé, cru",PROTEIN,"Protéines, N x 6.25 (g/100 g)",9.32,g,D,0.6,ANSES Ciqual 2025-11-03 — Valeur ajustée/calculée/imputée Ciqual
ING-PLANT-FLAGEOLET-000001,20537,"Haricot flageolet, frais, surgelé, cru",CARB,Glucides (g/100 g),25.6,g,D,0.6,ANSES Ciqual 2025-11-03 — Valeur ajustée/calculée/imputée Ciqual
ING-PLANT-FLAGEOLET-000001,20537,"Haricot flageolet, frais, surgelé, cru",SUGAR,Sucres (g/100 g),0.4,g,D,0.6,ANSES Ciqual 2025-11-03 — Données industrielles françaises (2013)
ING-PLANT-FLAGEOLET-000001,20537,"Haricot flageolet, frais, surgelé, cru",FIBER,Fibres alimentaires (g/100 g),4.4,g,D,0.6,ANSES Ciqual 2025-11-03 — Données industrielles françaises (2013)
ING-PLANT-FLAGEOLET-000001,20537,"Haricot flageolet, frais, surgelé, cru",FAT,Lipides (g/100 g),0.52,g,D,0.6,ANSES Ciqual 2025-11-03 — Données industrielles françaises (2006).-Données industrielles françaises (2013)
ING-PLANT-FLAGEOLET-000001,20537,"Haricot flageolet, frais, surgelé, cru",FAT_SAT,AG saturés (g/100 g),0.1,g,D,0.6,ANSES Ciqual 2025-11-03 — Données industrielles françaises (2013)
ING-PLANT-LENTILLEVERT-000001,20585,"Lentille verte, sèche",ENERC,"Energie, Règlement UE N° 1169/2011 (kJ/100 g)",1380.0,kJ,D,0.6,ANSES Ciqual 2025-11-03 — Valeur ajustée/calculée/imputée Ciqual
ING-PLANT-LENTILLEVERT-000001,20585,"Lentille verte, sèche",ENERCKCAL,"Energie, Règlement UE N° 1169/2011 (kcal/100 g)",327.0,kcal,D,0.6,ANSES Ciqual 2025-11-03 — Valeur ajustée/calculée/imputée Ciqual
ING-PLANT-LENTILLEVERT-000001,20585,"Lentille verte, sèche",WATER,Eau (g/100 g),9.5,g,A,0.95,ANSES Ciqual 2025-11-03 — Analyses Ciqual 2016 (MS 2.1)
ING-PLANT-LENTILLEVERT-000001,20585,"Lentille verte, sèche",PROTEIN,"Protéines, N x 6.25 (g/100 g)",25.1,g,A,0.95,ANSES Ciqual 2025-11-03 — Valeur ajustée/calculée/imputée Ciqual
ING-PLANT-LENTILLEVERT-000001,20585,"Lentille verte, sèche",CARB,Glucides (g/100 g),44.5,g,A,0.95,ANSES Ciqual 2025-11-03 — Valeur ajustée/calculée/imputée Ciqual
ING-PLANT-LENTILLEVERT-000001,20585,"Lentille verte, sèche",SUGAR,Sucres (g/100 g),1.1,g,A,0.95,ANSES Ciqual 2025-11-03 — Analyses Ciqual 2016 (MS 2.1)
ING-PLANT-LENTILLEVERT-000001,20585,"Lentille verte, sèche",FIBER,Fibres alimentaires (g/100 g),16.4,g,A,0.95,ANSES Ciqual 2025-11-03 — Analyses Ciqual 2016 (MS 2.1)
ING-PLANT-LENTILLEVERT-000001,20585,"Lentille verte, sèche",FAT,Lipides (g/100 g),1.8,g,A,0.95,ANSES Ciqual 2025-11-03 — Analyses Ciqual 2016 (MS 2.1)
ING-PLANT-LENTILLEVERT-000001,20585,"Lentille verte, sèche",FAT_SAT,AG saturés (g/100 g),0.24,g,A,0.95,ANSES Ciqual 2025-11-03 — Analyses Ciqual 2016 (MS 2.1)
ING-PLANT-SOJA-000001,20901,"Soja, graine entière",ENERC,"Energie, Règlement UE N° 1169/2011 (kJ/100 g)",1840.0,kJ,D,0.6,ANSES Ciqual 2025-11-03 — Valeur ajustée/calculée/imputée Ciqual
ING-PLANT-SOJA-000001,20901,"Soja, graine entière",ENERCKCAL,"Energie, Règlement UE N° 1169/2011 (kcal/100 g)",441.0,kcal,D,0.6,ANSES Ciqual 2025-11-03 — Valeur ajustée/calculée/imputée Ciqual
ING-PLANT-SOJA-000001,20901,"Soja, graine entière",WATER,Eau (g/100 g),8.54,g,C,0.75,"ANSES Ciqual 2025-11-03 — U.S. Department of Agriculture, Agricultural Research Service (2014). USDA National Nutrient Database for Standard Reference, Release 27. Nutrient Data Laboratory Home Page, http://www.ars.usda.gov/ba/bhnrc/ndl"
ING-PLANT-SOJA-000001,20901,"Soja, graine entière",SALT,Sel chlorure de sodium (g/100 g),0.005,g,B,0.85,"ANSES Ciqual 2025-11-03 — U.S. Department of Agriculture, Agricultural Research Service (2014). USDA National Nutrient Database for Standard Reference, Release 27. Nutrient Data Laboratory Home Page, http://www.ars.usda.gov/ba/bhnrc/ndl"
ING-PLANT-SOJA-000001,20901,"Soja, graine entière",NA,Sodium (mg/100 g),2.0,mg,B,0.85,"ANSES Ciqual 2025-11-03 — U.S. Department of Agriculture, Agricultural Research Service (2014). USDA National Nutrient Database for Standard Reference, Release 27. Nutrient Data Laboratory Home Page, http://www.ars.usda.gov/ba/bhnrc/ndl"
ING-PLANT-SOJA-000001,20901,"Soja, graine entière",PROTEIN,"Protéines, N x 6.25 (g/100 g)",40.0,g,C,0.75,ANSES Ciqual 2025-11-03 — Valeur ajustée/calculée/imputée Ciqual
ING-PLANT-SOJA-000001,20901,"Soja, graine entière",CARB,Glucides (g/100 g),20.9,g,C,0.75,ANSES Ciqual 2025-11-03 — Valeur ajustée/calculée/imputée Ciqual
ING-PLANT-SOJA-000001,20901,"Soja, graine entière",SUGAR,Sucres (g/100 g),7.33,g,C,0.75,"ANSES Ciqual 2025-11-03 — U.S. Department of Agriculture, Agricultural Research Service (2014). USDA National Nutrient Database for Standard Reference, Release 27. Nutrient Data Laboratory Home Page, http://www.ars.usda.gov/ba/bhnrc/ndl"
ING-PLANT-SOJA-000001,20901,"Soja, graine entière",FIBER,Fibres alimentaires (g/100 g),9.3,g,C,0.75,"ANSES Ciqual 2025-11-03 — U.S. Department of Agriculture, Agricultural Research Service (2014). USDA National Nutrient Database for Standard Reference, Release 27. Nutrient Data Laboratory Home Page, http://www.ars.usda.gov/ba/bhnrc/ndl"
ING-PLANT-SOJA-000001,20901,"Soja, graine entière",FAT,Lipides (g/100 g),19.9,g,C,0.75,"ANSES Ciqual 2025-11-03 — U.S. Department of Agriculture, Agricultural Research Service (2014). USDA National Nutrient Database for Standard Reference, Release 27. Nutrient Data Laboratory Home Page, http://www.ars.usda.gov/ba/bhnrc/ndl"
ING-PLANT-SOJA-000001,20901,"Soja, graine entière",FAT_SAT,AG saturés (g/100 g),2.88,g,C,0.75,"ANSES Ciqual 2025-11-03 — U.S. Department of Agriculture, Agricultural Research Service (2014). USDA National Nutrient Database for Standard Reference, Release 27. Nutrient Data Laboratory Home Page, http://www.ars.usda.gov/ba/bhnrc/ndl"
ING-MARINE-SPIRULINE-000001,20982,"Spiruline (algue), fraîche, crue",ENERC,"Energie, Règlement UE N° 1169/2011 (kJ/100 g)",153.0,kJ,D,0.6,ANSES Ciqual 2025-11-03 — Valeur ajustée/calculée/imputée Ciqual
ING-MARINE-SPIRULINE-000001,20982,"Spiruline (algue), fraîche, crue",ENERCKCAL,"Energie, Règlement UE N° 1169/2011 (kcal/100 g)",36.1,kcal,D,0.6,ANSES Ciqual 2025-11-03 — Valeur ajustée/calculée/imputée Ciqual
ING-MARINE-SPIRULINE-000001,20982,"Spiruline (algue), fraîche, crue",WATER,Eau (g/100 g),90.7,g,C,0.75,"ANSES Ciqual 2025-11-03 — U.S. Department of Agriculture, Agricultural Research Service, Nutrient Data Laboratory. USDA National Nutrient database for Standard Reference, Legacy. April 2018. http://www.ars.usda.gov/nutrientdata"
ING-MARINE-SPIRULINE-000001,20982,"Spiruline (algue), fraîche, crue",SALT,Sel chlorure de sodium (g/100 g),0.25,g,C,0.75,"ANSES Ciqual 2025-11-03 — U.S. Department of Agriculture, Agricultural Research Service, Nutrient Data Laboratory. USDA National Nutrient database for Standard Reference, Legacy. April 2018. http://www.ars.usda.gov/nutrientdata"
ING-MARINE-SPIRULINE-000001,20982,"Spiruline (algue), fraîche, crue",NA,Sodium (mg/100 g),98.0,mg,C,0.75,"ANSES Ciqual 2025-11-03 — U.S. Department of Agriculture, Agricultural Research Service, Nutrient Data Laboratory. USDA National Nutrient database for Standard Reference, Legacy. April 2018. http://www.ars.usda.gov/nutrientdata"
ING-MARINE-SPIRULINE-000001,20982,"Spiruline (algue), fraîche, crue",PROTEIN,"Protéines, N x 6.25 (g/100 g)",5.92,g,B,0.85,ANSES Ciqual 2025-11-03 — Valeur ajustée/calculée/imputée Ciqual
ING-MARINE-SPIRULINE-000001,20982,"Spiruline (algue), fraîche, crue",CARB,Glucides (g/100 g),2.02,g,C,0.75,ANSES Ciqual 2025-11-03 — Valeur ajustée/calculée/imputée Ciqual
ING-MARINE-SPIRULINE-000001,20982,"Spiruline (algue), fraîche, crue",SUGAR,Sucres (g/100 g),0.3,g,C,0.75,"ANSES Ciqual 2025-11-03 — U.S. Department of Agriculture, Agricultural Research Service, Nutrient Data Laboratory. USDA National Nutrient database for Standard Reference, Legacy. April 2018. http://www.ars.usda.gov/nutrientdata"
ING-MARINE-SPIRULINE-000001,20982,"Spiruline (algue), fraîche, crue",FIBER,Fibres alimentaires (g/100 g),0.4,g,C,0.75,"ANSES Ciqual 2025-11-03 — U.S. Department of Agriculture, Agricultural Research Service, Nutrient Data Laboratory. USDA National Nutrient database for Standard Reference, Legacy. April 2018. http://www.ars.usda.gov/nutrientdata"
ING-MARINE-SPIRULINE-000001,20982,"Spiruline (algue), fraîche, crue",FAT,Lipides (g/100 g),0.39,g,B,0.85,"ANSES Ciqual 2025-11-03 — U.S. Department of Agriculture, Agricultural Research Service, Nutrient Data Laboratory. USDA National Nutrient database for Standard Reference, Legacy. April 2018. http://www.ars.usda.gov/nutrientdata"
ING-MARINE-SPIRULINE-000001,20982,"Spiruline (algue), fraîche, crue",FAT_SAT,AG saturés (g/100 g),0.14,g,C,0.75,"ANSES Ciqual 2025-11-03 — U.S. Department of Agriculture, Agricultural Research Service, Nutrient Data Laboratory. USDA National Nutrient database for Standard Reference, Legacy. April 2018. http://www.ars.usda.gov/nutrientdata"
ING-MARINE-LAITUEDEMER-000001,20985,"Laitue de mer (Ulva sp.), séchée ou déshydratée",ENERC,"Energie, Règlement UE N° 1169/2011 (kJ/100 g)",843.0,kJ,D,0.6,ANSES Ciqual 2025-11-03 — Valeur ajustée/calculée/imputée Ciqual
ING-MARINE-LAITUEDEMER-000001,20985,"Laitue de mer (Ulva sp.), séchée ou déshydratée",ENERCKCAL,"Energie, Règlement UE N° 1169/2011 (kcal/100 g)",203.0,kcal,D,0.6,ANSES Ciqual 2025-11-03 — Valeur ajustée/calculée/imputée Ciqual
ING-MARINE-LAITUEDEMER-000001,20985,"Laitue de mer (Ulva sp.), séchée ou déshydratée",WATER,Eau (g/100 g),11.9,g,A,0.95,"ANSES Ciqual 2025-11-03 — CEVA (Centre d'Etude et de Valorisation des Algues), Pleubian, France - www.ceva.fr, 2021"
ING-MARINE-LAITUEDEMER-000001,20985,"Laitue de mer (Ulva sp.), séchée ou déshydratée",SALT,Sel chlorure de sodium (g/100 g),5.63,g,A,0.95,"ANSES Ciqual 2025-11-03 — CEVA (Centre d'Etude et de Valorisation des Algues), Pleubian, France - www.ceva.fr, 2021"
ING-MARINE-LAITUEDEMER-000001,20985,"Laitue de mer (Ulva sp.), séchée ou déshydratée",NA,Sodium (mg/100 g),2250.0,mg,A,0.95,"ANSES Ciqual 2025-11-03 — CEVA (Centre d'Etude et de Valorisation des Algues), Pleubian, France - www.ceva.fr, 2021"
ING-MARINE-LAITUEDEMER-000001,20985,"Laitue de mer (Ulva sp.), séchée ou déshydratée",PROTEIN,"Protéines, N x 6.25 (g/100 g)",15.7,g,A,0.95,ANSES Ciqual 2025-11-03 — Valeur ajustée/calculée/imputée Ciqual
ING-MARINE-LAITUEDEMER-000001,20985,"Laitue de mer (Ulva sp.), séchée ou déshydratée",CARB,Glucides (g/100 g),13.8,g,A,0.95,ANSES Ciqual 2025-11-03 — Valeur ajustée/calculée/imputée Ciqual
ING-MARINE-LAITUEDEMER-000001,20985,"Laitue de mer (Ulva sp.), séchée ou déshydratée",SUGAR,Sucres (g/100 g),0.22,g,A,0.95,"ANSES Ciqual 2025-11-03 — CEVA (Centre d'Etude et de Valorisation des Algues), Pleubian, France - www.ceva.fr, 2021"
ING-MARINE-LAITUEDEMER-000001,20985,"Laitue de mer (Ulva sp.), séchée ou déshydratée",FIBER,Fibres alimentaires (g/100 g),33.5,g,A,0.95,"ANSES Ciqual 2025-11-03 — CEVA (Centre d'Etude et de Valorisation des Algues), Pleubian, France - www.ceva.fr, 2021"
ING-MARINE-LAITUEDEMER-000001,20985,"Laitue de mer (Ulva sp.), séchée ou déshydratée",FAT,Lipides (g/100 g),1.95,g,A,0.95,"ANSES Ciqual 2025-11-03 — CEVA (Centre d'Etude et de Valorisation des Algues), Pleubian, France - www.ceva.fr, 2021"
ING-MARINE-LAITUEDEMER-000001,20985,"Laitue de mer (Ulva sp.), séchée ou déshydratée",FAT_SAT,AG saturés (g/100 g),0.47,g,A,0.95,"ANSES Ciqual 2025-11-03 — CEVA (Centre d'Etude et de Valorisation des Algues), Pleubian, France - www.ceva.fr, 2021"
ING-MARINE-KOMBU-000001,20986,"Kombu royal (Saccharina latissima), séché ou déshydraté",ENERC,"Energie, Règlement UE N° 1169/2011 (kJ/100 g)",854.0,kJ,D,0.6,ANSES Ciqual 2025-11-03 — Valeur ajustée/calculée/imputée Ciqual
ING-MARINE-KOMBU-000001,20986,"Kombu royal (Saccharina latissima), séché ou déshydraté",ENERCKCAL,"Energie, Règlement UE N° 1169/2011 (kcal/100 g)",205.0,kcal,D,0.6,ANSES Ciqual 2025-11-03 — Valeur ajustée/calculée/imputée Ciqual
ING-MARINE-KOMBU-000001,20986,"Kombu royal (Saccharina latissima), séché ou déshydraté",WATER,Eau (g/100 g),7.23,g,A,0.95,"ANSES Ciqual 2025-11-03 — CEVA (Centre d'Etude et de Valorisation des Algues), Pleubian, France - www.ceva.fr, 2021"
ING-MARINE-KOMBU-000001,20986,"Kombu royal (Saccharina latissima), séché ou déshydraté",SALT,Sel chlorure de sodium (g/100 g),8.25,g,A,0.95,"ANSES Ciqual 2025-11-03 — CEVA (Centre d'Etude et de Valorisation des Algues), Pleubian, France - www.ceva.fr, 2021"
ING-MARINE-KOMBU-000001,20986,"Kombu royal (Saccharina latissima), séché ou déshydraté",NA,Sodium (mg/100 g),3300.0,mg,A,0.95,"ANSES Ciqual 2025-11-03 — CEVA (Centre d'Etude et de Valorisation des Algues), Pleubian, France - www.ceva.fr, 2021"
ING-MARINE-KOMBU-000001,20986,"Kombu royal (Saccharina latissima), séché ou déshydraté",PROTEIN,"Protéines, N x 6.25 (g/100 g)",9.94,g,A,0.95,ANSES Ciqual 2025-11-03 — Valeur ajustée/calculée/imputée Ciqual
ING-MARINE-KOMBU-000001,20986,"Kombu royal (Saccharina latissima), séché ou déshydraté",CARB,Glucides (g/100 g),23.1,g,A,0.95,ANSES Ciqual 2025-11-03 — Valeur ajustée/calculée/imputée Ciqual
ING-MARINE-KOMBU-000001,20986,"Kombu royal (Saccharina latissima), séché ou déshydraté",SUGAR,Sucres (g/100 g),0.23,g,A,0.95,"ANSES Ciqual 2025-11-03 — CEVA (Centre d'Etude et de Valorisation des Algues), Pleubian, France - www.ceva.fr, 2021"
ING-MARINE-KOMBU-000001,20986,"Kombu royal (Saccharina latissima), séché ou déshydraté",FIBER,Fibres alimentaires (g/100 g),30.2,g,A,0.95,"ANSES Ciqual 2025-11-03 — CEVA (Centre d'Etude et de Valorisation des Algues), Pleubian, France - www.ceva.fr, 2021"
ING-MARINE-KOMBU-000001,20986,"Kombu royal (Saccharina latissima), séché ou déshydraté",FAT,Lipides (g/100 g),1.39,g,A,0.95,"ANSES Ciqual 2025-11-03 — CEVA (Centre d'Etude et de Valorisation des Algues), Pleubian, France - www.ceva.fr, 2021"
ING-MARINE-KOMBU-000001,20986,"Kombu royal (Saccharina latissima), séché ou déshydraté",FAT_SAT,AG saturés (g/100 g),0.21,g,A,0.95,"ANSES Ciqual 2025-11-03 — CEVA (Centre d'Etude et de Valorisation des Algues), Pleubian, France - www.ceva.fr, 2021"
ING-MARINE-NORI-000001,20987,"Nori (Porphyra sp., Pyropia), séchée ou déshydratée",ENERC,"Energie, Règlement UE N° 1169/2011 (kJ/100 g)",1070.0,kJ,D,0.6,ANSES Ciqual 2025-11-03 — Valeur ajustée/calculée/imputée Ciqual
ING-MARINE-NORI-000001,20987,"Nori (Porphyra sp., Pyropia), séchée ou déshydratée",ENERCKCAL,"Energie, Règlement UE N° 1169/2011 (kcal/100 g)",257.0,kcal,D,0.6,ANSES Ciqual 2025-11-03 — Valeur ajustée/calculée/imputée Ciqual
ING-MARINE-NORI-000001,20987,"Nori (Porphyra sp., Pyropia), séchée ou déshydratée",WATER,Eau (g/100 g),6.7,g,A,0.95,"ANSES Ciqual 2025-11-03 — CEVA (Centre d'Etude et de Valorisation des Algues), Pleubian, France - www.ceva.fr, 2021"
ING-MARINE-NORI-000001,20987,"Nori (Porphyra sp., Pyropia), séchée ou déshydratée",SALT,Sel chlorure de sodium (g/100 g),4.75,g,A,0.95,"ANSES Ciqual 2025-11-03 — CEVA (Centre d'Etude et de Valorisation des Algues), Pleubian, France - www.ceva.fr, 2021"
ING-MARINE-NORI-000001,20987,"Nori (Porphyra sp., Pyropia), séchée ou déshydratée",NA,Sodium (mg/100 g),1900.0,mg,A,0.95,"ANSES Ciqual 2025-11-03 — CEVA (Centre d'Etude et de Valorisation des Algues), Pleubian, France - www.ceva.fr, 2021"
ING-MARINE-NORI-000001,20987,"Nori (Porphyra sp., Pyropia), séchée ou déshydratée",PROTEIN,"Protéines, N x 6.25 (g/100 g)",30.2,g,A,0.95,ANSES Ciqual 2025-11-03 — Valeur ajustée/calculée/imputée Ciqual
ING-MARINE-NORI-000001,20987,"Nori (Porphyra sp., Pyropia), séchée ou déshydratée",CARB,Glucides (g/100 g),11.7,g,A,0.95,ANSES Ciqual 2025-11-03 — Valeur ajustée/calculée/imputée Ciqual
ING-MARINE-NORI-000001,20987,"Nori (Porphyra sp., Pyropia), séchée ou déshydratée",SUGAR,Sucres (g/100 g),0.0,g,A,0.95,"ANSES Ciqual 2025-11-03 — CEVA (Centre d'Etude et de Valorisation des Algues), Pleubian, France - www.ceva.fr, 2021"
ING-MARINE-NORI-000001,20987,"Nori (Porphyra sp., Pyropia), séchée ou déshydratée",FIBER,Fibres alimentaires (g/100 g),36.8,g,A,0.95,"ANSES Ciqual 2025-11-03 — CEVA (Centre d'Etude et de Valorisation des Algues), Pleubian, France - www.ceva.fr, 2021"
ING-MARINE-NORI-000001,20987,"Nori (Porphyra sp., Pyropia), séchée ou déshydratée",FAT,Lipides (g/100 g),1.77,g,A,0.95,"ANSES Ciqual 2025-11-03 — CEVA (Centre d'Etude et de Valorisation des Algues), Pleubian, France - www.ceva.fr, 2021"
ING-MARINE-NORI-000001,20987,"Nori (Porphyra sp., Pyropia), séchée ou déshydratée",FAT_SAT,AG saturés (g/100 g),0.46,g,D,0.6,ANSES Ciqual 2025-11-03 — Valeur ajustée/calculée/imputée Ciqual
ING-MARINE-DULSE-000001,20988,"Dulse (Palmaria palmata), séchée ou déshydratée",ENERC,"Energie, Règlement UE N° 1169/2011 (kJ/100 g)",924.0,kJ,D,0.6,ANSES Ciqual 2025-11-03 — Valeur ajustée/calculée/imputée Ciqual
ING-MARINE-DULSE-000001,20988,"Dulse (Palmaria palmata), séchée ou déshydratée",ENERCKCAL,"Energie, Règlement UE N° 1169/2011 (kcal/100 g)",221.0,kcal,D,0.6,ANSES Ciqual 2025-11-03 — Valeur ajustée/calculée/imputée Ciqual
ING-MARINE-DULSE-000001,20988,"Dulse (Palmaria palmata), séchée ou déshydratée",WATER,Eau (g/100 g),7.56,g,A,0.95,"ANSES Ciqual 2025-11-03 — CEVA (Centre d'Etude et de Valorisation des Algues), Pleubian, France - www.ceva.fr, 2021"
ING-MARINE-DULSE-000001,20988,"Dulse (Palmaria palmata), séchée ou déshydratée",SALT,Sel chlorure de sodium (g/100 g),4.68,g,A,0.95,"ANSES Ciqual 2025-11-03 — CEVA (Centre d'Etude et de Valorisation des Algues), Pleubian, France - www.ceva.fr, 2021"
ING-MARINE-DULSE-000001,20988,"Dulse (Palmaria palmata), séchée ou déshydratée",NA,Sodium (mg/100 g),1870.0,mg,A,0.95,"ANSES Ciqual 2025-11-03 — CEVA (Centre d'Etude et de Valorisation des Algues), Pleubian, France - www.ceva.fr, 2021"
ING-MARINE-DULSE-000001,20988,"Dulse (Palmaria palmata), séchée ou déshydratée",PROTEIN,"Protéines, N x 6.25 (g/100 g)",16.9,g,A,0.95,ANSES Ciqual 2025-11-03 — Valeur ajustée/calculée/imputée Ciqual
ING-MARINE-DULSE-000001,20988,"Dulse (Palmaria palmata), séchée ou déshydratée",CARB,Glucides (g/100 g),20.8,g,A,0.95,ANSES Ciqual 2025-11-03 — Valeur ajustée/calculée/imputée Ciqual
ING-MARINE-DULSE-000001,20988,"Dulse (Palmaria palmata), séchée ou déshydratée",SUGAR,Sucres (g/100 g),0.015,g,A,0.95,"ANSES Ciqual 2025-11-03 — CEVA (Centre d'Etude et de Valorisation des Algues), Pleubian, France - www.ceva.fr, 2021"
ING-MARINE-DULSE-000001,20988,"Dulse (Palmaria palmata), séchée ou déshydratée",FIBER,Fibres alimentaires (g/100 g),29.2,g,A,0.95,"ANSES Ciqual 2025-11-03 — CEVA (Centre d'Etude et de Valorisation des Algues), Pleubian, France - www.ceva.fr, 2021"
ING-MARINE-DULSE-000001,20988,"Dulse (Palmaria palmata), séchée ou déshydratée",FAT,Lipides (g/100 g),1.35,g,A,0.95,"ANSES Ciqual 2025-11-03 — CEVA (Centre d'Etude et de Valorisation des Algues), Pleubian, France - www.ceva.fr, 2021"
ING-MARINE-DULSE-000001,20988,"Dulse (Palmaria palmata), séchée ou déshydratée",FAT_SAT,AG saturés (g/100 g),0.26,g,A,0.95,"ANSES Ciqual 2025-11-03 — CEVA (Centre d'Etude et de Valorisation des Algues), Pleubian, France - www.ceva.fr, 2021"
ING-MARINE-WAKAM-000001,20999,"Wakamé atlantique (Alaria esculenta), séché ou déshydraté",ENERC,"Energie, Règlement UE N° 1169/2011 (kJ/100 g)",832.0,kJ,D,0.6,ANSES Ciqual 2025-11-03 — Valeur ajustée/calculée/imputée Ciqual
ING-MARINE-WAKAM-000001,20999,"Wakamé atlantique (Alaria esculenta), séché ou déshydraté",ENERCKCAL,"Energie, Règlement UE N° 1169/2011 (kcal/100 g)",201.0,kcal,D,0.6,ANSES Ciqual 2025-11-03 — Valeur ajustée/calculée/imputée Ciqual
ING-MARINE-WAKAM-000001,20999,"Wakamé atlantique (Alaria esculenta), séché ou déshydraté",WATER,Eau (g/100 g),8.7,g,A,0.95,"ANSES Ciqual 2025-11-03 — CEVA (Centre d'Etude et de Valorisation des Algues), Pleubian, France - www.ceva.fr, 2021"
ING-MARINE-WAKAM-000001,20999,"Wakamé atlantique (Alaria esculenta), séché ou déshydraté",SALT,Sel chlorure de sodium (g/100 g),9.13,g,A,0.95,"ANSES Ciqual 2025-11-03 — CEVA (Centre d'Etude et de Valorisation des Algues), Pleubian, France - www.ceva.fr, 2021"
ING-MARINE-WAKAM-000001,20999,"Wakamé atlantique (Alaria esculenta), séché ou déshydraté",NA,Sodium (mg/100 g),3650.0,mg,A,0.95,"ANSES Ciqual 2025-11-03 — CEVA (Centre d'Etude et de Valorisation des Algues), Pleubian, France - www.ceva.fr, 2021"
ING-MARINE-WAKAM-000001,20999,"Wakamé atlantique (Alaria esculenta), séché ou déshydraté",PROTEIN,"Protéines, N x 6.25 (g/100 g)",12.2,g,A,0.95,ANSES Ciqual 2025-11-03 — Valeur ajustée/calculée/imputée Ciqual
ING-MARINE-WAKAM-000001,20999,"Wakamé atlantique (Alaria esculenta), séché ou déshydraté",CARB,Glucides (g/100 g),13.3,g,A,0.95,ANSES Ciqual 2025-11-03 — Valeur ajustée/calculée/imputée Ciqual
ING-MARINE-WAKAM-000001,20999,"Wakamé atlantique (Alaria esculenta), séché ou déshydraté",SUGAR,Sucres (g/100 g),0.04,g,A,0.95,"ANSES Ciqual 2025-11-03 — CEVA (Centre d'Etude et de Valorisation des Algues), Pleubian, France - www.ceva.fr, 2021"
ING-MARINE-WAKAM-000001,20999,"Wakamé atlantique (Alaria esculenta), séché ou déshydraté",FIBER,Fibres alimentaires (g/100 g),42.9,g,A,0.95,"ANSES Ciqual 2025-11-03 — CEVA (Centre d'Etude et de Valorisation des Algues), Pleubian, France - www.ceva.fr, 2021"
ING-MARINE-WAKAM-000001,20999,"Wakamé atlantique (Alaria esculenta), séché ou déshydraté",FAT,Lipides (g/100 g),1.5,g,A,0.95,"ANSES Ciqual 2025-11-03 — CEVA (Centre d'Etude et de Valorisation des Algues), Pleubian, France - www.ceva.fr, 2021"
ING-MARINE-WAKAM-000001,20999,"Wakamé atlantique (Alaria esculenta), séché ou déshydraté",FAT_SAT,AG saturés (g/100 g),0.31,g,A,0.95,"ANSES Ciqual 2025-11-03 — CEVA (Centre d'Etude et de Valorisation des Algues), Pleubian, France - www.ceva.fr, 2021"
ING-ANIMAL-UFDEPOULE-000001,22000,Oeuf cru,ENERC,"Energie, Règlement UE N° 1169/2011 (kJ/100 g)",582.0,kJ,D,0.6,ANSES Ciqual 2025-11-03 — Valeur ajustée/calculée/imputée Ciqual
ING-ANIMAL-UFDEPOULE-000001,22000,Oeuf cru,ENERCKCAL,"Energie, Règlement UE N° 1169/2011 (kcal/100 g)",140.0,kcal,D,0.6,ANSES Ciqual 2025-11-03 — Valeur ajustée/calculée/imputée Ciqual
ING-ANIMAL-UFDEPOULE-000001,22000,Oeuf cru,WATER,Eau (g/100 g),76.3,g,A,0.95,ANSES Ciqual 2025-11-03 — Analyses Ciqual 2005 (c )
ING-ANIMAL-UFDEPOULE-000001,22000,Oeuf cru,SALT,Sel chlorure de sodium (g/100 g),0.31,g,A,0.95,ANSES Ciqual 2025-11-03 — Inra-Afssa (2004). Etude TDS. Rapport de laboratoire.
ING-ANIMAL-UFDEPOULE-000001,22000,Oeuf cru,NA,Sodium (mg/100 g),124.0,mg,A,0.95,ANSES Ciqual 2025-11-03 — Inra-Afssa (2004). Etude TDS. Rapport de laboratoire.
ING-ANIMAL-UFDEPOULE-000001,22000,Oeuf cru,PROTEIN,"Protéines, N x 6.25 (g/100 g)",12.8,g,C,0.75,ANSES Ciqual 2025-11-03 — Valeur ajustée/calculée/imputée Ciqual
ING-ANIMAL-UFDEPOULE-000001,22000,Oeuf cru,CARB,Glucides (g/100 g),0.06,g,B,0.85,ANSES Ciqual 2025-11-03 — Valeur ajustée/calculée/imputée Ciqual
ING-ANIMAL-UFDEPOULE-000001,22000,Oeuf cru,SUGAR,Sucres (g/100 g),0.06,g,D,0.6,ANSES Ciqual 2025-11-03 — Valeur ajustée/calculée/imputée Ciqual
ING-ANIMAL-UFDEPOULE-000001,22000,Oeuf cru,FIBER,Fibres alimentaires (g/100 g),0.0,g,C,0.75,"ANSES Ciqual 2025-11-03 — Données industrielles françaises (2014)-U.S. Department of Agriculture, Agricultural Research Service (2014). USDA National Nutrient Database for Standard Reference, Release 27. Nutrient Data Laboratory Home Page, http://www.ars.usda.gov/ba/bhnrc/ndl"
ING-ANIMAL-UFDEPOULE-000001,22000,Oeuf cru,FAT,Lipides (g/100 g),9.83,g,A,0.95,ANSES Ciqual 2025-11-03 — Analyses Ciqual 2005 (c )-Analyses Ciqual 2005 (b)
ING-ANIMAL-UFDEPOULE-000001,22000,Oeuf cru,FAT_SAT,AG saturés (g/100 g),2.64,g,A,0.95,ANSES Ciqual 2025-11-03 — Analyses Ciqual 2005 (b)
ING-FERMENT-MARMELADEORA-000001,30889,"Marmelade ou confiture d'orange, allégée en sucres",SALT,Sel chlorure de sodium (g/100 g),0.015,g,A,0.95,ANSES Ciqual 2025-11-03 — Oqali (2017). Etude du secteur des confitures
ING-FERMENT-MARMELADEORA-000001,30889,"Marmelade ou confiture d'orange, allégée en sucres",NA,Sodium (mg/100 g),9.56,mg,A,0.95,ANSES Ciqual 2025-11-03 — Extraction BDD Oqali au 07/02/2014
ING-FERMENT-MARMELADEORA-000001,30889,"Marmelade ou confiture d'orange, allégée en sucres",PROTEIN,"Protéines, N x 6.25 (g/100 g)",0.25,g,A,0.95,ANSES Ciqual 2025-11-03 — Valeur ajustée/calculée/imputée Ciqual
ING-FERMENT-MARMELADEORA-000001,30889,"Marmelade ou confiture d'orange, allégée en sucres",CARB,Glucides (g/100 g),40.6,g,A,0.95,ANSES Ciqual 2025-11-03 — Valeur ajustée/calculée/imputée Ciqual
ING-FERMENT-MARMELADEORA-000001,30889,"Marmelade ou confiture d'orange, allégée en sucres",SUGAR,Sucres (g/100 g),39.9,g,A,0.95,ANSES Ciqual 2025-11-03 — Oqali (2017). Etude du secteur des confitures
ING-FERMENT-MARMELADEORA-000001,30889,"Marmelade ou confiture d'orange, allégée en sucres",FIBER,Fibres alimentaires (g/100 g),1.03,g,A,0.95,ANSES Ciqual 2025-11-03 — Oqali (2017). Etude du secteur des confitures
ING-FERMENT-MARMELADEORA-000001,30889,"Marmelade ou confiture d'orange, allégée en sucres",FAT,Lipides (g/100 g),0.063,g,A,0.95,ANSES Ciqual 2025-11-03 — Oqali (2017). Etude du secteur des confitures
ING-FERMENT-MARMELADEORA-000001,30889,"Marmelade ou confiture d'orange, allégée en sucres",FAT_SAT,AG saturés (g/100 g),0.000025,g,A,0.95,ANSES Ciqual 2025-11-03 — Oqali (2017). Etude du secteur des confitures
ING-FERMENT-CONFITUREFRA-000001,30995,"Confiture de fraise, allégée en sucres",ENERC,"Energie, Règlement UE N° 1169/2011 (kJ/100 g)",704.0,kJ,D,0.6,ANSES Ciqual 2025-11-03 — Valeur ajustée/calculée/imputée Ciqual
ING-FERMENT-CONFITUREFRA-000001,30995,"Confiture de fraise, allégée en sucres",ENERCKCAL,"Energie, Règlement UE N° 1169/2011 (kcal/100 g)",166.0,kcal,D,0.6,ANSES Ciqual 2025-11-03 — Valeur ajustée/calculée/imputée Ciqual
ING-FERMENT-CONFITUREFRA-000001,30995,"Confiture de fraise, allégée en sucres",WATER,Eau (g/100 g),54.3,g,A,0.95,ANSES Ciqual 2025-11-03 — Analyses Ciqual 2007 (c )
ING-FERMENT-CONFITUREFRA-000001,30995,"Confiture de fraise, allégée en sucres",SALT,Sel chlorure de sodium (g/100 g),0.024,g,A,0.95,ANSES Ciqual 2025-11-03 — Oqali (2017). Etude du secteur des confitures
ING-FERMENT-CONFITUREFRA-000001,30995,"Confiture de fraise, allégée en sucres",NA,Sodium (mg/100 g),6.7,mg,A,0.95,ANSES Ciqual 2025-11-03 — Extraction BDD Oqali au 07/02/2014
ING-FERMENT-CONFITUREFRA-000001,30995,"Confiture de fraise, allégée en sucres",PROTEIN,"Protéines, N x 6.25 (g/100 g)",0.31,g,A,0.95,ANSES Ciqual 2025-11-03 — Valeur ajustée/calculée/imputée Ciqual
ING-FERMENT-CONFITUREFRA-000001,30995,"Confiture de fraise, allégée en sucres",CARB,Glucides (g/100 g),40.3,g,A,0.95,ANSES Ciqual 2025-11-03 — Valeur ajustée/calculée/imputée Ciqual
ING-FERMENT-CONFITUREFRA-000001,30995,"Confiture de fraise, allégée en sucres",SUGAR,Sucres (g/100 g),39.6,g,A,0.95,ANSES Ciqual 2025-11-03 — Oqali (2017). Etude du secteur des confitures
ING-FERMENT-CONFITUREFRA-000001,30995,"Confiture de fraise, allégée en sucres",FIBER,Fibres alimentaires (g/100 g),1.37,g,A,0.95,ANSES Ciqual 2025-11-03 — Oqali (2017). Etude du secteur des confitures
ING-FERMENT-CONFITUREFRA-000001,30995,"Confiture de fraise, allégée en sucres",FAT,Lipides (g/100 g),0.1,g,A,0.95,ANSES Ciqual 2025-11-03 — Oqali (2017). Etude du secteur des confitures
ING-FERMENT-CONFITUREFRA-000001,30995,"Confiture de fraise, allégée en sucres",FAT_SAT,AG saturés (g/100 g),0.032,g,A,0.95,ANSES Ciqual 2025-11-03 — Oqali (2017). Etude du secteur des confitures
ING-FERMENT-CONFITUREABR-000001,30996,"Confiture d'abricot, allégée en sucres",ENERC,"Energie, Règlement UE N° 1169/2011 (kJ/100 g)",707.0,kJ,D,0.6,ANSES Ciqual 2025-11-03 — Valeur ajustée/calculée/imputée Ciqual
ING-FERMENT-CONFITUREABR-000001,30996,"Confiture d'abricot, allégée en sucres",ENERCKCAL,"Energie, Règlement UE N° 1169/2011 (kcal/100 g)",167.0,kcal,D,0.6,ANSES Ciqual 2025-11-03 — Valeur ajustée/calculée/imputée Ciqual
ING-FERMENT-CONFITUREABR-000001,30996,"Confiture d'abricot, allégée en sucres",WATER,Eau (g/100 g),55.2,g,A,0.95,ANSES Ciqual 2025-11-03 — Analyses Ciqual 2007 (c )
ING-FERMENT-CONFITUREABR-000001,30996,"Confiture d'abricot, allégée en sucres",SALT,Sel chlorure de sodium (g/100 g),0.028,g,A,0.95,ANSES Ciqual 2025-11-03 — Oqali (2017). Etude du secteur des confitures
ING-FERMENT-CONFITUREABR-000001,30996,"Confiture d'abricot, allégée en sucres",NA,Sodium (mg/100 g),4.3,mg,A,0.95,ANSES Ciqual 2025-11-03 — Extraction BDD Oqali au 07/02/2014
ING-FERMENT-CONFITUREABR-000001,30996,"Confiture d'abricot, allégée en sucres",PROTEIN,"Protéines, N x 6.25 (g/100 g)",0.41,g,A,0.95,ANSES Ciqual 2025-11-03 — Valeur ajustée/calculée/imputée Ciqual
ING-FERMENT-CONFITUREABR-000001,30996,"Confiture d'abricot, allégée en sucres",CARB,Glucides (g/100 g),40.5,g,A,0.95,ANSES Ciqual 2025-11-03 — Valeur ajustée/calculée/imputée Ciqual
ING-FERMENT-CONFITUREABR-000001,30996,"Confiture d'abricot, allégée en sucres",SUGAR,Sucres (g/100 g),39.5,g,A,0.95,ANSES Ciqual 2025-11-03 — Oqali (2017). Etude du secteur des confitures
ING-FERMENT-CONFITUREABR-000001,30996,"Confiture d'abricot, allégée en sucres",FIBER,Fibres alimentaires (g/100 g),1.33,g,A,0.95,ANSES Ciqual 2025-11-03 — Oqali (2017). Etude du secteur des confitures
ING-FERMENT-CONFITUREABR-000001,30996,"Confiture d'abricot, allégée en sucres",FAT,Lipides (g/100 g),0.067,g,A,0.95,ANSES Ciqual 2025-11-03 — Oqali (2017). Etude du secteur des confitures
ING-FERMENT-CONFITUREABR-000001,30996,"Confiture d'abricot, allégée en sucres",FAT_SAT,AG saturés (g/100 g),0.029,g,A,0.95,ANSES Ciqual 2025-11-03 — Oqali (2017). Etude du secteur des confitures
ING-PLANT-PCHE-000001,39401,Pêche melba,ENERC,"Energie, Règlement UE N° 1169/2011 (kJ/100 g)",500.0,kJ,D,0.6,ANSES Ciqual 2025-11-03 — Valeur ajustée/calculée/imputée Ciqual
ING-PLANT-PCHE-000001,39401,Pêche melba,ENERCKCAL,"Energie, Règlement UE N° 1169/2011 (kcal/100 g)",119.0,kcal,D,0.6,ANSES Ciqual 2025-11-03 — Valeur ajustée/calculée/imputée Ciqual
ING-PLANT-PCHE-000001,39401,Pêche melba,WATER,Eau (g/100 g),73.5,g,D,0.6,ANSES Ciqual 2025-11-03 — Yoplait (1996). Rapport de laboratoire.-Calculs de recette Ciqual (2007)
ING-PLANT-PCHE-000001,39401,Pêche melba,SALT,Sel chlorure de sodium (g/100 g),0.063,g,D,0.6,ANSES Ciqual 2025-11-03 — Yoplait (1996). Rapport de laboratoire.-Calculs de recette Ciqual (2007)
ING-PLANT-PCHE-000001,39401,Pêche melba,NA,Sodium (mg/100 g),25.1,mg,D,0.6,ANSES Ciqual 2025-11-03 — Yoplait (1996). Rapport de laboratoire.-Calculs de recette Ciqual (2007)
ING-PLANT-PCHE-000001,39401,Pêche melba,PROTEIN,"Protéines, N x 6.25 (g/100 g)",2.02,g,D,0.6,ANSES Ciqual 2025-11-03 — Valeur ajustée/calculée/imputée Ciqual
ING-PLANT-PCHE-000001,39401,Pêche melba,CARB,Glucides (g/100 g),18.8,g,D,0.6,ANSES Ciqual 2025-11-03 — Valeur ajustée/calculée/imputée Ciqual
ING-PLANT-PCHE-000001,39401,Pêche melba,SUGAR,Sucres (g/100 g),18.2,g,D,0.6,ANSES Ciqual 2025-11-03 — Valeur ajustée/calculée/imputée Ciqual
ING-PLANT-PCHE-000001,39401,Pêche melba,FIBER,Fibres alimentaires (g/100 g),1.54,g,D,0.6,ANSES Ciqual 2025-11-03 — Calculs de recette Ciqual (2007)
ING-PLANT-PCHE-000001,39401,Pêche melba,FAT,Lipides (g/100 g),3.62,g,D,0.6,ANSES Ciqual 2025-11-03 — Yoplait (1996). Rapport de laboratoire.-Calculs de recette Ciqual (2007)
ING-PLANT-PCHE-000001,39401,Pêche melba,FAT_SAT,AG saturés (g/100 g),1.71,g,D,0.6,ANSES Ciqual 2025-11-03 — Valeur ajustée/calculée/imputée Ciqual
ING-PLANT-BANANE-000001,53100,"Banane plantain, crue",ENERC,"Energie, Règlement UE N° 1169/2011 (kJ/100 g)",557.0,kJ,D,0.6,ANSES Ciqual 2025-11-03 — Valeur ajustée/calculée/imputée Ciqual
ING-PLANT-BANANE-000001,53100,"Banane plantain, crue",ENERCKCAL,"Energie, Règlement UE N° 1169/2011 (kcal/100 g)",132.0,kcal,D,0.6,ANSES Ciqual 2025-11-03 — Valeur ajustée/calculée/imputée Ciqual
ING-PLANT-BANANE-000001,53100,"Banane plantain, crue",WATER,Eau (g/100 g),65.3,g,B,0.85,"ANSES Ciqual 2025-11-03 — U.S. Department of Agriculture, Agricultural Research Service (2014). USDA National Nutrient Database for Standard Reference, Release 27. Nutrient Data Laboratory Home Page, http://www.ars.usda.gov/ba/bhnrc/ndl"
ING-PLANT-BANANE-000001,53100,"Banane plantain, crue",SALT,Sel chlorure de sodium (g/100 g),0.01,g,B,0.85,"ANSES Ciqual 2025-11-03 — U.S. Department of Agriculture, Agricultural Research Service (2014). USDA National Nutrient Database for Standard Reference, Release 27. Nutrient Data Laboratory Home Page, http://www.ars.usda.gov/ba/bhnrc/ndl"
ING-PLANT-BANANE-000001,53100,"Banane plantain, crue",NA,Sodium (mg/100 g),4.0,mg,B,0.85,"ANSES Ciqual 2025-11-03 — U.S. Department of Agriculture, Agricultural Research Service (2014). USDA National Nutrient Database for Standard Reference, Release 27. Nutrient Data Laboratory Home Page, http://www.ars.usda.gov/ba/bhnrc/ndl"
ING-PLANT-BANANE-000001,53100,"Banane plantain, crue",PROTEIN,"Protéines, N x 6.25 (g/100 g)",1.3,g,B,0.85,ANSES Ciqual 2025-11-03 — Valeur ajustée/calculée/imputée Ciqual
ING-PLANT-BANANE-000001,53100,"Banane plantain, crue",CARB,Glucides (g/100 g),29.6,g,D,0.6,ANSES Ciqual 2025-11-03 — Valeur ajustée/calculée/imputée Ciqual
ING-PLANT-BANANE-000001,53100,"Banane plantain, crue",FIBER,Fibres alimentaires (g/100 g),2.3,g,C,0.75,"ANSES Ciqual 2025-11-03 — U.S. Department of Agriculture, Agricultural Research Service (2014). USDA National Nutrient Database for Standard Reference, Release 27. Nutrient Data Laboratory Home Page, http://www.ars.usda.gov/ba/bhnrc/ndl"
ING-PLANT-BANANE-000001,53100,"Banane plantain, crue",FAT,Lipides (g/100 g),0.37,g,B,0.85,"ANSES Ciqual 2025-11-03 — U.S. Department of Agriculture, Agricultural Research Service (2014). USDA National Nutrient Database for Standard Reference, Release 27. Nutrient Data Laboratory Home Page, http://www.ars.usda.gov/ba/bhnrc/ndl"
ING-PLANT-BANANE-000001,53100,"Banane plantain, crue",FAT_SAT,AG saturés (g/100 g),0.14,g,C,0.75,"ANSES Ciqual 2025-11-03 — U.S. Department of Agriculture, Agricultural Research Service (2014). USDA National Nutrient Database for Standard Reference, Release 27. Nutrient Data Laboratory Home Page, http://www.ars.usda.gov/ba/bhnrc/ndl"
ING-PLANT-MANIOC-000001,54031,"Manioc, racine crue",ENERC,"Energie, Règlement UE N° 1169/2011 (kJ/100 g)",664.0,kJ,D,0.6,ANSES Ciqual 2025-11-03 — Valeur ajustée/calculée/imputée Ciqual
ING-PLANT-MANIOC-000001,54031,"Manioc, racine crue",ENERCKCAL,"Energie, Règlement UE N° 1169/2011 (kcal/100 g)",157.0,kcal,D,0.6,ANSES Ciqual 2025-11-03 — Valeur ajustée/calculée/imputée Ciqual
ING-PLANT-MANIOC-000001,54031,"Manioc, racine crue",WATER,Eau (g/100 g),59.7,g,B,0.85,"ANSES Ciqual 2025-11-03 — U.S. Department of Agriculture, Agricultural Research Service (2014). USDA National Nutrient Database for Standard Reference, Release 27. Nutrient Data Laboratory Home Page, http://www.ars.usda.gov/ba/bhnrc/ndl"
ING-PLANT-MANIOC-000001,54031,"Manioc, racine crue",SALT,Sel chlorure de sodium (g/100 g),0.035,g,B,0.85,"ANSES Ciqual 2025-11-03 — U.S. Department of Agriculture, Agricultural Research Service (2014). USDA National Nutrient Database for Standard Reference, Release 27. Nutrient Data Laboratory Home Page, http://www.ars.usda.gov/ba/bhnrc/ndl"
ING-PLANT-MANIOC-000001,54031,"Manioc, racine crue",NA,Sodium (mg/100 g),14.0,mg,B,0.85,"ANSES Ciqual 2025-11-03 — U.S. Department of Agriculture, Agricultural Research Service (2014). USDA National Nutrient Database for Standard Reference, Release 27. Nutrient Data Laboratory Home Page, http://www.ars.usda.gov/ba/bhnrc/ndl"
ING-PLANT-MANIOC-000001,54031,"Manioc, racine crue",PROTEIN,"Protéines, N x 6.25 (g/100 g)",1.36,g,B,0.85,ANSES Ciqual 2025-11-03 — Valeur ajustée/calculée/imputée Ciqual
ING-PLANT-MANIOC-000001,54031,"Manioc, racine crue",CARB,Glucides (g/100 g),36.3,g,B,0.85,ANSES Ciqual 2025-11-03 — Valeur ajustée/calculée/imputée Ciqual
ING-PLANT-MANIOC-000001,54031,"Manioc, racine crue",SUGAR,Sucres (g/100 g),1.7,g,C,0.75,"ANSES Ciqual 2025-11-03 — U.S. Department of Agriculture, Agricultural Research Service (2014). USDA National Nutrient Database for Standard Reference, Release 27. Nutrient Data Laboratory Home Page, http://www.ars.usda.gov/ba/bhnrc/ndl"
ING-PLANT-MANIOC-000001,54031,"Manioc, racine crue",FIBER,Fibres alimentaires (g/100 g),1.8,g,B,0.85,"ANSES Ciqual 2025-11-03 — U.S. Department of Agriculture, Agricultural Research Service (2014). USDA National Nutrient Database for Standard Reference, Release 27. Nutrient Data Laboratory Home Page, http://www.ars.usda.gov/ba/bhnrc/ndl"
ING-PLANT-MANIOC-000001,54031,"Manioc, racine crue",FAT,Lipides (g/100 g),0.28,g,B,0.85,"ANSES Ciqual 2025-11-03 — U.S. Department of Agriculture, Agricultural Research Service (2014). USDA National Nutrient Database for Standard Reference, Release 27. Nutrient Data Laboratory Home Page, http://www.ars.usda.gov/ba/bhnrc/ndl"
ING-PLANT-MANIOC-000001,54031,"Manioc, racine crue",FAT_SAT,AG saturés (g/100 g),0.074,g,C,0.75,"ANSES Ciqual 2025-11-03 — U.S. Department of Agriculture, Agricultural Research Service (2014). USDA National Nutrient Database for Standard Reference, Release 27. Nutrient Data Laboratory Home Page, http://www.ars.usda.gov/ba/bhnrc/ndl"
