ingredient_id,ingredient_state_id,row_kind,ciqual_alim_code,aliment_name,component_id,component_name,normalized_value,normalized_unit,confidence_code,confidence,match_type,match_note,source_citation
ING-BEV-SIROPDESUCRE-000001,raw,main,CALC,sirop simple 1:1 (sucre et eau à poids égaux),ENERC,"Energie, Règlement UE N° 1169/2011 (kJ/100 g)",850.0,kJ,CALC,0.7,computed,sirop simple 1:1 (sucre et eau à poids égaux),Composition calculée depuis Ciqual 2025 — sirop simple 1:1 (sucre et eau à poids égaux)
ING-BEV-SIROPDESUCRE-000001,raw,main,CALC,sirop simple 1:1 (sucre et eau à poids égaux),ENERCKCAL,"Energie, Règlement UE N° 1169/2011 (kcal/100 g)",199.5,kcal,CALC,0.7,computed,sirop simple 1:1 (sucre et eau à poids égaux),Composition calculée depuis Ciqual 2025 — sirop simple 1:1 (sucre et eau à poids égaux)
ING-BEV-SIROPDESUCRE-000001,raw,main,CALC,sirop simple 1:1 (sucre et eau à poids égaux),WATER,Eau (g/100 g),50.115,g,CALC,0.7,computed,sirop simple 1:1 (sucre et eau à poids égaux),Composition calculée depuis Ciqual 2025 — sirop simple 1:1 (sucre et eau à poids égaux)
ING-BEV-SIROPDESUCRE-000001,raw,main,CALC,sirop simple 1:1 (sucre et eau à poids égaux),ASH,Cendres (g/100 g),0.02,g,CALC,0.7,computed,sirop simple 1:1 (sucre et eau à poids égaux),Composition calculée depuis Ciqual 2025 — sirop simple 1:1 (sucre et eau à poids égaux)
ING-BEV-SIROPDESUCRE-000001,raw,main,CALC,sirop simple 1:1 (sucre et eau à poids égaux),SALT,Sel chlorure de sodium (g/100 g),0.007,g,CALC,0.7,computed,sirop simple 1:1 (sucre et eau à poids égaux),Composition calculée depuis Ciqual 2025 — sirop simple 1:1 (sucre et eau à poids égaux)
ING-BEV-SIROPDESUCRE-000001,raw,main,CALC,sirop simple 1:1 (sucre et eau à poids égaux),NA,Sodium (mg/100 g),2.285,mg,CALC,0.7,computed,sirop simple 1:1 (sucre et eau à poids égaux),Composition calculée depuis Ciqual 2025 — sirop simple 1:1 (sucre et eau à poids égaux)
ING-BEV-SIROPDESUCRE-000001,raw,main,CALC,sirop simple 1:1 (sucre et eau à poids égaux),MG,Magnésium (mg/100 g),1.32,mg,CALC,0.7,computed,sirop simple 1:1 (sucre et eau à poids égaux),Composition calculée depuis Ciqual 2025 — sirop simple 1:1 (sucre et eau à poids égaux)
ING-BEV-SIROPDESUCRE-000001,raw,main,CALC,sirop simple 1:1 (sucre et eau à poids égaux),P,Phosphore (mg/100 g),0.0,mg,CALC,0.7,computed,sirop simple 1:1 (sucre et eau à poids égaux),Composition calculée depuis Ciqual 2025 — sirop simple 1:1 (sucre et eau à poids égaux)
ING-BEV-SIROPDESUCRE-000001,raw,main,CALC,sirop simple 1:1 (sucre et eau à poids égaux),K,Potassium (mg/100 g),7.115,mg,CALC,0.7,computed,sirop simple 1:1 (sucre et eau à poids égaux),Composition calculée depuis Ciqual 2025 — sirop simple 1:1 (sucre et eau à poids égaux)
ING-BEV-SIROPDESUCRE-000001,raw,main,CALC,sirop simple 1:1 (sucre et eau à poids égaux),CA,Calcium (mg/100 g),5.41,mg,CALC,0.7,computed,sirop simple 1:1 (sucre et eau à poids égaux),Composition calculée depuis Ciqual 2025 — sirop simple 1:1 (sucre et eau à poids égaux)
ING-BEV-SIROPDESUCRE-000001,raw,main,CALC,sirop simple 1:1 (sucre et eau à poids égaux),MN,Manganèse (mg/100 g),0.004,mg,CALC,0.7,computed,sirop simple 1:1 (sucre et eau à poids égaux),Composition calculée depuis Ciqual 2025 — sirop simple 1:1 (sucre et eau à poids égaux)
ING-BEV-SIROPDESUCRE-000001,raw,main,CALC,sirop simple 1:1 (sucre et eau à poids égaux),FE,Fer (mg/100 g),0.053,mg,CALC,0.7,computed,sirop simple 1:1 (sucre et eau à poids égaux),Composition calculée depuis Ciqual 2025 — sirop simple 1:1 (sucre et eau à poids égaux)
ING-BEV-SIROPDESUCRE-000001,raw,main,CALC,sirop simple 1:1 (sucre et eau à poids égaux),CU,Cuivre (mg/100 g),0.011,mg,CALC,0.7,computed,sirop simple 1:1 (sucre et eau à poids égaux),Composition calculée depuis Ciqual 2025 — sirop simple 1:1 (sucre et eau à poids égaux)
ING-BEV-SIROPDESUCRE-000001,raw,main,CALC,sirop simple 1:1 (sucre et eau à poids égaux),ZN,Zinc (mg/100 g),0.015,mg,CALC,0.7,computed,sirop simple 1:1 (sucre et eau à poids égaux),Composition calculée depuis Ciqual 2025 — sirop simple 1:1 (sucre et eau à poids égaux)
ING-BEV-SIROPDESUCRE-000001,raw,main,CALC,sirop simple 1:1 (sucre et eau à poids égaux),PROCNT,"Protéines, N x 6.25 (g/100 g)",0.0,g,CALC,0.7,computed,sirop simple 1:1 (sucre et eau à poids égaux),Composition calculée depuis Ciqual 2025 — sirop simple 1:1 (sucre et eau à poids égaux)
ING-BEV-SIROPDESUCRE-000001,raw,main,CALC,sirop simple 1:1 (sucre et eau à poids égaux),CHOAVL,Glucides (g/100 g),49.85,g,CALC,0.7,computed,sirop simple 1:1 (sucre et eau à poids égaux),Composition calculée depuis Ciqual 2025 — sirop simple 1:1 (sucre et eau à poids égaux)
ING-BEV-SIROPDESUCRE-000001,raw,main,CALC,sirop simple 1:1 (sucre et eau à poids égaux),SUGAR,Sucres (g/100 g),49.85,g,CALC,0.7,computed,sirop simple 1:1 (sucre et eau à poids égaux),Composition calculée depuis Ciqual 2025 — sirop simple 1:1 (sucre et eau à poids égaux)
ING-BEV-SIROPDESUCRE-000001,raw,main,CALC,sirop simple 1:1 (sucre et eau à poids égaux),SUCS,Saccharose (g/100 g),49.85,g,CALC,0.7,computed,sirop simple 1:1 (sucre et eau à poids égaux),Composition calculée depuis Ciqual 2025 — sirop simple 1:1 (sucre et eau à poids égaux)
ING-BEV-SIROPDESUCRE-000001,raw,main,CALC,sirop simple 1:1 (sucre et eau à poids égaux),STARCH,Amidon (g/100 g),0.0,g,CALC,0.7,computed,sirop simple 1:1 (sucre et eau à poids égaux),Composition calculée depuis Ciqual 2025 — sirop simple 1:1 (sucre et eau à poids égaux)
ING-BEV-SIROPDESUCRE-000001,raw,main,CALC,sirop simple 1:1 (sucre et eau à poids égaux),POLYL,Polyols totaux (g/100 g),0.0,g,CALC,0.7,computed,sirop simple 1:1 (sucre et eau à poids égaux),Composition calculée depuis Ciqual 2025 — sirop simple 1:1 (sucre et eau à poids égaux)
ING-BEV-SIROPDESUCRE-000001,raw,main,CALC,sirop simple 1:1 (sucre et eau à poids égaux),FIB-,Fibres alimentaires (g/100 g),0.0,g,CALC,0.7,computed,sirop simple 1:1 (sucre et eau à poids égaux),Composition calculée depuis Ciqual 2025 — sirop simple 1:1 (sucre et eau à poids égaux)
ING-BEV-SIROPDESUCRE-000001,raw,main,CALC,sirop simple 1:1 (sucre et eau à poids égaux),FAT,Lipides (g/100 g),0.0,g,CALC,0.7,computed,sirop simple 1:1 (sucre et eau à poids égaux),Composition calculée depuis Ciqual 2025 — sirop simple 1:1 (sucre et eau à poids égaux)
ING-BEV-SIROPDESUCRE-000001,raw,main,CALC,sirop simple 1:1 (sucre et eau à poids égaux),FASAT,AG saturés (g/100 g),0.0,g,CALC,0.7,computed,sirop simple 1:1 (sucre et eau à poids égaux),Composition calculée depuis Ciqual 2025 — sirop simple 1:1 (sucre et eau à poids égaux)
ING-BEV-SIROPDESUCRE-000001,raw,main,CALC,sirop simple 1:1 (sucre et eau à poids égaux),FAMS,AG monoinsaturés (g/100 g),0.0,g,CALC,0.7,computed,sirop simple 1:1 (sucre et eau à poids égaux),Composition calculée depuis Ciqual 2025 — sirop simple 1:1 (sucre et eau à poids égaux)
ING-BEV-SIROPDESUCRE-000001,raw,main,CALC,sirop simple 1:1 (sucre et eau à poids égaux),FAPU,AG polyinsaturés (g/100 g),0.0,g,CALC,0.7,computed,sirop simple 1:1 (sucre et eau à poids égaux),Composition calculée depuis Ciqual 2025 — sirop simple 1:1 (sucre et eau à poids égaux)
ING-BEV-SIROPDESUCRE-000001,raw,main,CALC,sirop simple 1:1 (sucre et eau à poids égaux),F4D0,"AG 4:0, butyrique (g/100 g)",0.0,g,CALC,0.7,computed,sirop simple 1:1 (sucre et eau à poids égaux),Composition calculée depuis Ciqual 2025 — sirop simple 1:1 (sucre et eau à poids égaux)
ING-BEV-SIROPDESUCRE-000001,raw,main,CALC,sirop simple 1:1 (sucre et eau à poids égaux),F6D0,"AG 6:0, caproïque (g/100 g)",0.0,g,CALC,0.7,computed,sirop simple 1:1 (sucre et eau à poids égaux),Composition calculée depuis Ciqual 2025 — sirop simple 1:1 (sucre et eau à poids égaux)
ING-BEV-SIROPDESUCRE-000001,raw,main,CALC,sirop simple 1:1 (sucre et eau à poids égaux),F8D0,"AG 8:0, caprylique (g/100 g)",0.0,g,CALC,0.7,computed,sirop simple 1:1 (sucre et eau à poids égaux),Composition calculée depuis Ciqual 2025 — sirop simple 1:1 (sucre et eau à poids égaux)
ING-BEV-SIROPDESUCRE-000001,raw,main,CALC,sirop simple 1:1 (sucre et eau à poids égaux),F10D0,"AG 10:0, caprique (g/100 g)",0.0,g,CALC,0.7,computed,sirop simple 1:1 (sucre et eau à poids égaux),Composition calculée depuis Ciqual 2025 — sirop simple 1:1 (sucre et eau à poids égaux)
ING-BEV-SIROPDESUCRE-000001,raw,main,CALC,sirop simple 1:1 (sucre et eau à poids égaux),F12D0,"AG 12:0, laurique (g/100 g)",0.0,g,CALC,0.7,computed,sirop simple 1:1 (sucre et eau à poids égaux),Composition calculée depuis Ciqual 2025 — sirop simple 1:1 (sucre et eau à poids égaux)
ING-BEV-SIROPDESUCRE-000001,raw,main,CALC,sirop simple 1:1 (sucre et eau à poids égaux),F14D0,"AG 14:0, myristique (g/100 g)",0.0,g,CALC,0.7,computed,sirop simple 1:1 (sucre et eau à poids égaux),Composition calculée depuis Ciqual 2025 — sirop simple 1:1 (sucre et eau à poids égaux)
ING-BEV-SIROPDESUCRE-000001,raw,main,CALC,sirop simple 1:1 (sucre et eau à poids égaux),F16D0,"AG 16:0, palmitique (g/100 g)",0.0,g,CALC,0.7,computed,sirop simple 1:1 (sucre et eau à poids égaux),Composition calculée depuis Ciqual 2025 — sirop simple 1:1 (sucre et eau à poids égaux)
ING-BEV-SIROPDESUCRE-000001,raw,main,CALC,sirop simple 1:1 (sucre et eau à poids égaux),F18D0,"AG 18:0, stéarique (g/100 g)",0.0,g,CALC,0.7,computed,sirop simple 1:1 (sucre et eau à poids égaux),Composition calculée depuis Ciqual 2025 — sirop simple 1:1 (sucre et eau à poids égaux)
ING-BEV-SIROPDESUCRE-000001,raw,main,CALC,sirop simple 1:1 (sucre et eau à poids égaux),F18D1CN9,"AG 18:1 9c (n-9), oléique (g/100 g)",0.0,g,CALC,0.7,computed,sirop simple 1:1 (sucre et eau à poids égaux),Composition calculée depuis Ciqual 2025 — sirop simple 1:1 (sucre et eau à poids égaux)
ING-BEV-SIROPDESUCRE-000001,raw,main,CALC,sirop simple 1:1 (sucre et eau à poids égaux),F18D2CN6,"AG 18:2 9c,12c (n-6), linoléique (g/100 g)",0.0,g,CALC,0.7,computed,sirop simple 1:1 (sucre et eau à poids égaux),Composition calculée depuis Ciqual 2025 — sirop simple 1:1 (sucre et eau à poids égaux)
ING-BEV-SIROPDESUCRE-000001,raw,main,CALC,sirop simple 1:1 (sucre et eau à poids égaux),F18D3N3,"AG 18:3 c9,c12,c15 (n-3), alpha-linolénique (g/100 g)",0.0,g,CALC,0.7,computed,sirop simple 1:1 (sucre et eau à poids égaux),Composition calculée depuis Ciqual 2025 — sirop simple 1:1 (sucre et eau à poids égaux)
ING-BEV-SIROPDESUCRE-000001,raw,main,CALC,sirop simple 1:1 (sucre et eau à poids égaux),F20D4N6,"AG 20:4 5c,8c,11c,14c (n-6), arachidonique (g/100 g)",0.0,g,CALC,0.7,computed,sirop simple 1:1 (sucre et eau à poids égaux),Composition calculée depuis Ciqual 2025 — sirop simple 1:1 (sucre et eau à poids égaux)
ING-BEV-SIROPDESUCRE-000001,raw,main,CALC,sirop simple 1:1 (sucre et eau à poids égaux),F20D5N3,"AG 20:5 5c,8c,11c,14c,17c (n-3) EPA (g/100 g)",0.0,g,CALC,0.7,computed,sirop simple 1:1 (sucre et eau à poids égaux),Composition calculée depuis Ciqual 2025 — sirop simple 1:1 (sucre et eau à poids égaux)
ING-BEV-SIROPDESUCRE-000001,raw,main,CALC,sirop simple 1:1 (sucre et eau à poids égaux),F22D6N3,"AG 22:6 4c,7c,10c,13c,16c,19c (n-3) DHA (g/100 g)",0.0,g,CALC,0.7,computed,sirop simple 1:1 (sucre et eau à poids égaux),Composition calculée depuis Ciqual 2025 — sirop simple 1:1 (sucre et eau à poids égaux)
ING-BEV-SIROPDESUCRE-000001,raw,main,CALC,sirop simple 1:1 (sucre et eau à poids égaux),RAE,"Activité vitaminique A, équivalents rétinol (µg/100 g)",0.0,µg,CALC,0.7,computed,sirop simple 1:1 (sucre et eau à poids égaux),Composition calculée depuis Ciqual 2025 — sirop simple 1:1 (sucre et eau à poids égaux)
ING-BEV-SIROPDESUCRE-000001,raw,main,CALC,sirop simple 1:1 (sucre et eau à poids égaux),RETOL,Rétinol (µg/100 g),0.0,µg,CALC,0.7,computed,sirop simple 1:1 (sucre et eau à poids égaux),Composition calculée depuis Ciqual 2025 — sirop simple 1:1 (sucre et eau à poids égaux)
ING-BEV-SIROPDESUCRE-000001,raw,main,CALC,sirop simple 1:1 (sucre et eau à poids égaux),CARTB,Beta-Carotène (µg/100 g),0.0,µg,CALC,0.7,computed,sirop simple 1:1 (sucre et eau à poids égaux),Composition calculée depuis Ciqual 2025 — sirop simple 1:1 (sucre et eau à poids égaux)
ING-BEV-SIROPDESUCRE-000001,raw,main,CALC,sirop simple 1:1 (sucre et eau à poids égaux),VITD-,Vitamine D (µg/100 g),0.0,µg,CALC,0.7,computed,sirop simple 1:1 (sucre et eau à poids égaux),Composition calculée depuis Ciqual 2025 — sirop simple 1:1 (sucre et eau à poids égaux)
ING-BEV-SIROPDESUCRE-000001,raw,main,CALC,sirop simple 1:1 (sucre et eau à poids égaux),ERGCAL,Vitamine D2 (ergocalciférol) (µg/100 g),0.0,g,CALC,0.7,computed,sirop simple 1:1 (sucre et eau à poids égaux),Composition calculée depuis Ciqual 2025 — sirop simple 1:1 (sucre et eau à poids égaux)
ING-BEV-SIROPDESUCRE-000001,raw,main,CALC,sirop simple 1:1 (sucre et eau à poids égaux),CHOCAL,Vitamine D3 (cholécalciférol) (µg/100 g),0.0,g,CALC,0.7,computed,sirop simple 1:1 (sucre et eau à poids égaux),Composition calculée depuis Ciqual 2025 — sirop simple 1:1 (sucre et eau à poids égaux)
ING-BEV-SIROPDESUCRE-000001,raw,main,CALC,sirop simple 1:1 (sucre et eau à poids égaux),VITK1,Vitamine K1 (µg/100 g),0.0,µg,CALC,0.7,computed,sirop simple 1:1 (sucre et eau à poids égaux),Composition calculée depuis Ciqual 2025 — sirop simple 1:1 (sucre et eau à poids égaux)
ING-BEV-SIROPDESUCRE-000001,raw,main,CALC,sirop simple 1:1 (sucre et eau à poids égaux),VITC,Vitamine C (mg/100 g),0.0,mg,CALC,0.7,computed,sirop simple 1:1 (sucre et eau à poids égaux),Composition calculée depuis Ciqual 2025 — sirop simple 1:1 (sucre et eau à poids égaux)
ING-BEV-SIROPDESUCRE-000001,raw,main,CALC,sirop simple 1:1 (sucre et eau à poids égaux),THIA,Vitamine B1 ou Thiamine (mg/100 g),0.0,mg,CALC,0.7,computed,sirop simple 1:1 (sucre et eau à poids égaux),Composition calculée depuis Ciqual 2025 — sirop simple 1:1 (sucre et eau à poids égaux)
ING-BEV-SIROPDESUCRE-000001,raw,main,CALC,sirop simple 1:1 (sucre et eau à poids égaux),RIBF,Vitamine B2 ou Riboflavine (mg/100 g),0.009,mg,CALC,0.7,computed,sirop simple 1:1 (sucre et eau à poids égaux),Composition calculée depuis Ciqual 2025 — sirop simple 1:1 (sucre et eau à poids égaux)
ING-BEV-SIROPDESUCRE-000001,raw,main,CALC,sirop simple 1:1 (sucre et eau à poids égaux),NIA,Vitamine B3 ou PP ou Niacine (mg/100 g),0.0,mg,CALC,0.7,computed,sirop simple 1:1 (sucre et eau à poids égaux),Composition calculée depuis Ciqual 2025 — sirop simple 1:1 (sucre et eau à poids égaux)
ING-BEV-SIROPDESUCRE-000001,raw,main,CALC,sirop simple 1:1 (sucre et eau à poids égaux),PANTAC,Vitamine B5 ou Acide pantothénique (mg/100 g),0.0,mg,CALC,0.7,computed,sirop simple 1:1 (sucre et eau à poids égaux),Composition calculée depuis Ciqual 2025 — sirop simple 1:1 (sucre et eau à poids égaux)
ING-BEV-SIROPDESUCRE-000001,raw,main,CALC,sirop simple 1:1 (sucre et eau à poids égaux),VITB6-,Vitamine B6 (mg/100 g),0.0,mg,CALC,0.7,computed,sirop simple 1:1 (sucre et eau à poids égaux),Composition calculée depuis Ciqual 2025 — sirop simple 1:1 (sucre et eau à poids égaux)
ING-BEV-SIROPDESUCRE-000001,raw,main,CALC,sirop simple 1:1 (sucre et eau à poids égaux),VITB12,Vitamine B12 (µg/100 g),0.0,µg,CALC,0.7,computed,sirop simple 1:1 (sucre et eau à poids égaux),Composition calculée depuis Ciqual 2025 — sirop simple 1:1 (sucre et eau à poids égaux)
ING-BEV-SIROPDESUCRE-000001,raw,main,CALC,sirop simple 1:1 (sucre et eau à poids égaux),FOLDFE,"Vitamine B9 ou Folates totaux, équivalents folates alimentaires, DFE (µg/100 g)",0.0,µg,CALC,0.7,computed,sirop simple 1:1 (sucre et eau à poids égaux),Composition calculée depuis Ciqual 2025 — sirop simple 1:1 (sucre et eau à poids égaux)
ING-BEV-SIROPDESUCRE-000001,raw,main,CALC,sirop simple 1:1 (sucre et eau à poids égaux),FOLFD,Folates intrinsèques (µg/100 g),0.0,µg,CALC,0.7,computed,sirop simple 1:1 (sucre et eau à poids égaux),Composition calculée depuis Ciqual 2025 — sirop simple 1:1 (sucre et eau à poids égaux)
ING-BEV-SIROPDESUCRE-000001,raw,main,CALC,sirop simple 1:1 (sucre et eau à poids égaux),FOLAC,Acide folique (enrichissement) (µg/100 g),0.0,µg,CALC,0.7,computed,sirop simple 1:1 (sucre et eau à poids égaux),Composition calculée depuis Ciqual 2025 — sirop simple 1:1 (sucre et eau à poids égaux)
ING-BEV-SIROPDESUCRE-000001,raw,main,CALC,sirop simple 1:1 (sucre et eau à poids égaux),ALC,Alcool (éthanol) (g/100 g),0.0,g,CALC,0.7,computed,sirop simple 1:1 (sucre et eau à poids égaux),Composition calculée depuis Ciqual 2025 — sirop simple 1:1 (sucre et eau à poids égaux)
ING-BEV-SIROPDESUCRE-000001,raw,main,CALC,sirop simple 1:1 (sucre et eau à poids égaux),OA,Acides organiques (g/100 g),0.0,g,CALC,0.7,computed,sirop simple 1:1 (sucre et eau à poids égaux),Composition calculée depuis Ciqual 2025 — sirop simple 1:1 (sucre et eau à poids égaux)
ING-BEV-SIROPDESUCRE-000001,raw,main,CALC,sirop simple 1:1 (sucre et eau à poids égaux),TOCPHA,Alpha-tocophérol (vitamine E) (mg/100 g),0.0,mg,CALC,0.7,computed,sirop simple 1:1 (sucre et eau à poids égaux),Composition calculée depuis Ciqual 2025 — sirop simple 1:1 (sucre et eau à poids égaux)
ING-BEV-SIROPDESUCRE-000001,raw,main,CALC,sirop simple 1:1 (sucre et eau à poids égaux),CHOL-,Cholestérol (mg/100 g),0.0,mg,CALC,0.7,computed,sirop simple 1:1 (sucre et eau à poids égaux),Composition calculée depuis Ciqual 2025 — sirop simple 1:1 (sucre et eau à poids égaux)
ING-MIX-ROUXBLANC-000001,raw,main,CALC,roux : beurre et farine à poids égaux,ENERC,"Energie, Règlement UE N° 1169/2011 (kJ/100 g)",2275.0,kJ,CALC,0.7,computed,roux : beurre et farine à poids égaux,Composition calculée depuis Ciqual 2025 — roux : beurre et farine à poids égaux
ING-MIX-ROUXBLANC-000001,raw,main,CALC,roux : beurre et farine à poids égaux,ENERCKCAL,"Energie, Règlement UE N° 1169/2011 (kcal/100 g)",548.0,kcal,CALC,0.7,computed,roux : beurre et farine à poids égaux,Composition calculée depuis Ciqual 2025 — roux : beurre et farine à poids égaux
ING-MIX-ROUXBLANC-000001,raw,main,CALC,roux : beurre et farine à poids égaux,WATER,Eau (g/100 g),13.9,g,CALC,0.7,computed,roux : beurre et farine à poids égaux,Composition calculée depuis Ciqual 2025 — roux : beurre et farine à poids égaux
ING-MIX-ROUXBLANC-000001,raw,main,CALC,roux : beurre et farine à poids égaux,ASH,Cendres (g/100 g),0.625,g,CALC,0.7,computed,roux : beurre et farine à poids égaux,Composition calculée depuis Ciqual 2025 — roux : beurre et farine à poids égaux
ING-MIX-ROUXBLANC-000001,raw,main,CALC,roux : beurre et farine à poids égaux,SALT,Sel chlorure de sodium (g/100 g),0.018,g,CALC,0.7,computed,roux : beurre et farine à poids égaux,Composition calculée depuis Ciqual 2025 — roux : beurre et farine à poids égaux
ING-MIX-ROUXBLANC-000001,raw,main,CALC,roux : beurre et farine à poids égaux,MG,Magnésium (mg/100 g),37.815,mg,CALC,0.7,computed,roux : beurre et farine à poids égaux,Composition calculée depuis Ciqual 2025 — roux : beurre et farine à poids égaux
ING-MIX-ROUXBLANC-000001,raw,main,CALC,roux : beurre et farine à poids égaux,P,Phosphore (mg/100 g),121.9,mg,CALC,0.7,computed,roux : beurre et farine à poids égaux,Composition calculée depuis Ciqual 2025 — roux : beurre et farine à poids égaux
ING-MIX-ROUXBLANC-000001,raw,main,CALC,roux : beurre et farine à poids égaux,K,Potassium (mg/100 g),158.05,mg,CALC,0.7,computed,roux : beurre et farine à poids égaux,Composition calculée depuis Ciqual 2025 — roux : beurre et farine à poids égaux
ING-MIX-ROUXBLANC-000001,raw,main,CALC,roux : beurre et farine à poids égaux,CA,Calcium (mg/100 g),23.4,mg,CALC,0.7,computed,roux : beurre et farine à poids égaux,Composition calculée depuis Ciqual 2025 — roux : beurre et farine à poids égaux
ING-MIX-ROUXBLANC-000001,raw,main,CALC,roux : beurre et farine à poids égaux,PROCNT,"Protéines, N x 6.25 (g/100 g)",5.465,g,CALC,0.7,computed,roux : beurre et farine à poids égaux,Composition calculée depuis Ciqual 2025 — roux : beurre et farine à poids égaux
ING-MIX-ROUXBLANC-000001,raw,main,CALC,roux : beurre et farine à poids égaux,CHOAVL,Glucides (g/100 g),34.655,g,CALC,0.7,computed,roux : beurre et farine à poids égaux,Composition calculée depuis Ciqual 2025 — roux : beurre et farine à poids égaux
ING-MIX-ROUXBLANC-000001,raw,main,CALC,roux : beurre et farine à poids égaux,SUGAR,Sucres (g/100 g),1.155,g,CALC,0.7,computed,roux : beurre et farine à poids égaux,Composition calculée depuis Ciqual 2025 — roux : beurre et farine à poids égaux
ING-MIX-ROUXBLANC-000001,raw,main,CALC,roux : beurre et farine à poids égaux,STARCH,Amidon (g/100 g),29.65,g,CALC,0.7,computed,roux : beurre et farine à poids égaux,Composition calculée depuis Ciqual 2025 — roux : beurre et farine à poids égaux
ING-MIX-ROUXBLANC-000001,raw,main,CALC,roux : beurre et farine à poids égaux,POLYL,Polyols totaux (g/100 g),0.0,g,CALC,0.7,computed,roux : beurre et farine à poids égaux,Composition calculée depuis Ciqual 2025 — roux : beurre et farine à poids égaux
ING-MIX-ROUXBLANC-000001,raw,main,CALC,roux : beurre et farine à poids égaux,FIB-,Fibres alimentaires (g/100 g),3.4,g,CALC,0.7,computed,roux : beurre et farine à poids égaux,Composition calculée depuis Ciqual 2025 — roux : beurre et farine à poids égaux
ING-MIX-ROUXBLANC-000001,raw,main,CALC,roux : beurre et farine à poids égaux,FAT,Lipides (g/100 g),42.25,g,CALC,0.7,computed,roux : beurre et farine à poids égaux,Composition calculée depuis Ciqual 2025 — roux : beurre et farine à poids égaux
ING-MIX-ROUXBLANC-000001,raw,main,CALC,roux : beurre et farine à poids égaux,FASAT,AG saturés (g/100 g),30.135,g,CALC,0.7,computed,roux : beurre et farine à poids égaux,Composition calculée depuis Ciqual 2025 — roux : beurre et farine à poids égaux
ING-MIX-ROUXBLANC-000001,raw,main,CALC,roux : beurre et farine à poids égaux,FAMS,AG monoinsaturés (g/100 g),9.64,g,CALC,0.7,computed,roux : beurre et farine à poids égaux,Composition calculée depuis Ciqual 2025 — roux : beurre et farine à poids égaux
ING-MIX-ROUXBLANC-000001,raw,main,CALC,roux : beurre et farine à poids égaux,FAPU,AG polyinsaturés (g/100 g),1.35,g,CALC,0.7,computed,roux : beurre et farine à poids égaux,Composition calculée depuis Ciqual 2025 — roux : beurre et farine à poids égaux
ING-MIX-ROUXBLANC-000001,raw,main,CALC,roux : beurre et farine à poids égaux,F16D0,"AG 16:0, palmitique (g/100 g)",13.82,g,CALC,0.7,computed,roux : beurre et farine à poids égaux,Composition calculée depuis Ciqual 2025 — roux : beurre et farine à poids égaux
ING-MIX-ROUXBLANC-000001,raw,main,CALC,roux : beurre et farine à poids égaux,F18D0,"AG 18:0, stéarique (g/100 g)",3.69,g,CALC,0.7,computed,roux : beurre et farine à poids égaux,Composition calculée depuis Ciqual 2025 — roux : beurre et farine à poids égaux
ING-MIX-ROUXBLANC-000001,raw,main,CALC,roux : beurre et farine à poids égaux,F18D1CN9,"AG 18:1 9c (n-9), oléique (g/100 g)",8.23,g,CALC,0.7,computed,roux : beurre et farine à poids égaux,Composition calculée depuis Ciqual 2025 — roux : beurre et farine à poids égaux
ING-MIX-ROUXBLANC-000001,raw,main,CALC,roux : beurre et farine à poids égaux,F18D2CN6,"AG 18:2 9c,12c (n-6), linoléique (g/100 g)",1.03,g,CALC,0.7,computed,roux : beurre et farine à poids égaux,Composition calculée depuis Ciqual 2025 — roux : beurre et farine à poids égaux
ING-MIX-ROUXBLANC-000001,raw,main,CALC,roux : beurre et farine à poids égaux,F18D3N3,"AG 18:3 c9,c12,c15 (n-3), alpha-linolénique (g/100 g)",0.205,g,CALC,0.7,computed,roux : beurre et farine à poids égaux,Composition calculée depuis Ciqual 2025 — roux : beurre et farine à poids égaux
ING-MIX-ROUXBLANC-000001,raw,main,CALC,roux : beurre et farine à poids égaux,RAE,"Activité vitaminique A, équivalents rétinol (µg/100 g)",463.71,µg,CALC,0.7,computed,roux : beurre et farine à poids égaux,Composition calculée depuis Ciqual 2025 — roux : beurre et farine à poids égaux
ING-MIX-ROUXBLANC-000001,raw,main,CALC,roux : beurre et farine à poids égaux,RETOL,Rétinol (µg/100 g),450.0,µg,CALC,0.7,computed,roux : beurre et farine à poids égaux,Composition calculée depuis Ciqual 2025 — roux : beurre et farine à poids égaux
ING-MIX-ROUXBLANC-000001,raw,main,CALC,roux : beurre et farine à poids égaux,CARTB,Beta-Carotène (µg/100 g),167.0,µg,CALC,0.7,computed,roux : beurre et farine à poids égaux,Composition calculée depuis Ciqual 2025 — roux : beurre et farine à poids égaux
ING-MIX-ROUXBLANC-000001,raw,main,CALC,roux : beurre et farine à poids égaux,PANTAC,Vitamine B5 ou Acide pantothénique (mg/100 g),0.285,mg,CALC,0.7,computed,roux : beurre et farine à poids égaux,Composition calculée depuis Ciqual 2025 — roux : beurre et farine à poids égaux
ING-MIX-ROUXBLANC-000001,raw,main,CALC,roux : beurre et farine à poids égaux,VITB12,Vitamine B12 (µg/100 g),0.05,µg,CALC,0.7,computed,roux : beurre et farine à poids égaux,Composition calculée depuis Ciqual 2025 — roux : beurre et farine à poids égaux
ING-MIX-ROUXBLANC-000001,raw,main,CALC,roux : beurre et farine à poids égaux,FOLDFE,"Vitamine B9 ou Folates totaux, équivalents folates alimentaires, DFE (µg/100 g)",13.275,µg,CALC,0.7,computed,roux : beurre et farine à poids égaux,Composition calculée depuis Ciqual 2025 — roux : beurre et farine à poids égaux
ING-MIX-ROUXBLANC-000001,raw,main,CALC,roux : beurre et farine à poids égaux,ALC,Alcool (éthanol) (g/100 g),0.0,g,CALC,0.7,computed,roux : beurre et farine à poids égaux,Composition calculée depuis Ciqual 2025 — roux : beurre et farine à poids égaux
ING-MIX-ROUXBLANC-000001,raw,main,CALC,roux : beurre et farine à poids égaux,OA,Acides organiques (g/100 g),0.048,g,CALC,0.7,computed,roux : beurre et farine à poids égaux,Composition calculée depuis Ciqual 2025 — roux : beurre et farine à poids égaux
ING-MIX-ROUXBLANC-000001,raw,main,CALC,roux : beurre et farine à poids égaux,TOCPHA,Alpha-tocophérol (vitamine E) (mg/100 g),1.375,mg,CALC,0.7,computed,roux : beurre et farine à poids égaux,Composition calculée depuis Ciqual 2025 — roux : beurre et farine à poids égaux
ING-MIX-ROUXBLANC-000001,raw,main,CALC,roux : beurre et farine à poids égaux,CHOL-,Cholestérol (mg/100 g),117.5,mg,CALC,0.7,computed,roux : beurre et farine à poids égaux,Composition calculée depuis Ciqual 2025 — roux : beurre et farine à poids égaux
ING-MIX-ROUXBLOND-000001,raw,main,CALC,roux : beurre et farine à poids égaux (cuisson plus longue sans effet notable sur la composition),ENERC,"Energie, Règlement UE N° 1169/2011 (kJ/100 g)",2275.0,kJ,CALC,0.7,computed,roux : beurre et farine à poids égaux (cuisson plus longue sans effet notable sur la composition),Composition calculée depuis Ciqual 2025 — roux : beurre et farine à poids égaux (cuisson plus longue sans effet notable sur la composition)
ING-MIX-ROUXBLOND-000001,raw,main,CALC,roux : beurre et farine à poids égaux (cuisson plus longue sans effet notable sur la composition),ENERCKCAL,"Energie, Règlement UE N° 1169/2011 (kcal/100 g)",548.0,kcal,CALC,0.7,computed,roux : beurre et farine à poids égaux (cuisson plus longue sans effet notable sur la composition),Composition calculée depuis Ciqual 2025 — roux : beurre et farine à poids égaux (cuisson plus longue sans effet notable sur la composition)
ING-MIX-ROUXBLOND-000001,raw,main,CALC,roux : beurre et farine à poids égaux (cuisson plus longue sans effet notable sur la composition),WATER,Eau (g/100 g),13.9,g,CALC,0.7,computed,roux : beurre et farine à poids égaux (cuisson plus longue sans effet notable sur la composition),Composition calculée depuis Ciqual 2025 — roux : beurre et farine à poids égaux (cuisson plus longue sans effet notable sur la composition)
ING-MIX-ROUXBLOND-000001,raw,main,CALC,roux : beurre et farine à poids égaux (cuisson plus longue sans effet notable sur la composition),ASH,Cendres (g/100 g),0.625,g,CALC,0.7,computed,roux : beurre et farine à poids égaux (cuisson plus longue sans effet notable sur la composition),Composition calculée depuis Ciqual 2025 — roux : beurre et farine à poids égaux (cuisson plus longue sans effet notable sur la composition)
ING-MIX-ROUXBLOND-000001,raw,main,CALC,roux : beurre et farine à poids égaux (cuisson plus longue sans effet notable sur la composition),SALT,Sel chlorure de sodium (g/100 g),0.018,g,CALC,0.7,computed,roux : beurre et farine à poids égaux (cuisson plus longue sans effet notable sur la composition),Composition calculée depuis Ciqual 2025 — roux : beurre et farine à poids égaux (cuisson plus longue sans effet notable sur la composition)
ING-MIX-ROUXBLOND-000001,raw,main,CALC,roux : beurre et farine à poids égaux (cuisson plus longue sans effet notable sur la composition),MG,Magnésium (mg/100 g),37.815,mg,CALC,0.7,computed,roux : beurre et farine à poids égaux (cuisson plus longue sans effet notable sur la composition),Composition calculée depuis Ciqual 2025 — roux : beurre et farine à poids égaux (cuisson plus longue sans effet notable sur la composition)
ING-MIX-ROUXBLOND-000001,raw,main,CALC,roux : beurre et farine à poids égaux (cuisson plus longue sans effet notable sur la composition),P,Phosphore (mg/100 g),121.9,mg,CALC,0.7,computed,roux : beurre et farine à poids égaux (cuisson plus longue sans effet notable sur la composition),Composition calculée depuis Ciqual 2025 — roux : beurre et farine à poids égaux (cuisson plus longue sans effet notable sur la composition)
ING-MIX-ROUXBLOND-000001,raw,main,CALC,roux : beurre et farine à poids égaux (cuisson plus longue sans effet notable sur la composition),K,Potassium (mg/100 g),158.05,mg,CALC,0.7,computed,roux : beurre et farine à poids égaux (cuisson plus longue sans effet notable sur la composition),Composition calculée depuis Ciqual 2025 — roux : beurre et farine à poids égaux (cuisson plus longue sans effet notable sur la composition)
ING-MIX-ROUXBLOND-000001,raw,main,CALC,roux : beurre et farine à poids égaux (cuisson plus longue sans effet notable sur la composition),CA,Calcium (mg/100 g),23.4,mg,CALC,0.7,computed,roux : beurre et farine à poids égaux (cuisson plus longue sans effet notable sur la composition),Composition calculée depuis Ciqual 2025 — roux : beurre et farine à poids égaux (cuisson plus longue sans effet notable sur la composition)
ING-MIX-ROUXBLOND-000001,raw,main,CALC,roux : beurre et farine à poids égaux (cuisson plus longue sans effet notable sur la composition),PROCNT,"Protéines, N x 6.25 (g/100 g)",5.465,g,CALC,0.7,computed,roux : beurre et farine à poids égaux (cuisson plus longue sans effet notable sur la composition),Composition calculée depuis Ciqual 2025 — roux : beurre et farine à poids égaux (cuisson plus longue sans effet notable sur la composition)
ING-MIX-ROUXBLOND-000001,raw,main,CALC,roux : beurre et farine à poids égaux (cuisson plus longue sans effet notable sur la composition),CHOAVL,Glucides (g/100 g),34.655,g,CALC,0.7,computed,roux : beurre et farine à poids égaux (cuisson plus longue sans effet notable sur la composition),Composition calculée depuis Ciqual 2025 — roux : beurre et farine à poids égaux (cuisson plus longue sans effet notable sur la composition)
ING-MIX-ROUXBLOND-000001,raw,main,CALC,roux : beurre et farine à poids égaux (cuisson plus longue sans effet notable sur la composition),SUGAR,Sucres (g/100 g),1.155,g,CALC,0.7,computed,roux : beurre et farine à poids égaux (cuisson plus longue sans effet notable sur la composition),Composition calculée depuis Ciqual 2025 — roux : beurre et farine à poids égaux (cuisson plus longue sans effet notable sur la composition)
ING-MIX-ROUXBLOND-000001,raw,main,CALC,roux : beurre et farine à poids égaux (cuisson plus longue sans effet notable sur la composition),STARCH,Amidon (g/100 g),29.65,g,CALC,0.7,computed,roux : beurre et farine à poids égaux (cuisson plus longue sans effet notable sur la composition),Composition calculée depuis Ciqual 2025 — roux : beurre et farine à poids égaux (cuisson plus longue sans effet notable sur la composition)
ING-MIX-ROUXBLOND-000001,raw,main,CALC,roux : beurre et farine à poids égaux (cuisson plus longue sans effet notable sur la composition),POLYL,Polyols totaux (g/100 g),0.0,g,CALC,0.7,computed,roux : beurre et farine à poids égaux (cuisson plus longue sans effet notable sur la composition),Composition calculée depuis Ciqual 2025 — roux : beurre et farine à poids égaux (cuisson plus longue sans effet notable sur la composition)
ING-MIX-ROUXBLOND-000001,raw,main,CALC,roux : beurre et farine à poids égaux (cuisson plus longue sans effet notable sur la composition),FIB-,Fibres alimentaires (g/100 g),3.4,g,CALC,0.7,computed,roux : beurre et farine à poids égaux (cuisson plus longue sans effet notable sur la composition),Composition calculée depuis Ciqual 2025 — roux : beurre et farine à poids égaux (cuisson plus longue sans effet notable sur la composition)
ING-MIX-ROUXBLOND-000001,raw,main,CALC,roux : beurre et farine à poids égaux (cuisson plus longue sans effet notable sur la composition),FAT,Lipides (g/100 g),42.25,g,CALC,0.7,computed,roux : beurre et farine à poids égaux (cuisson plus longue sans effet notable sur la composition),Composition calculée depuis Ciqual 2025 — roux : beurre et farine à poids égaux (cuisson plus longue sans effet notable sur la composition)
ING-MIX-ROUXBLOND-000001,raw,main,CALC,roux : beurre et farine à poids égaux (cuisson plus longue sans effet notable sur la composition),FASAT,AG saturés (g/100 g),30.135,g,CALC,0.7,computed,roux : beurre et farine à poids égaux (cuisson plus longue sans effet notable sur la composition),Composition calculée depuis Ciqual 2025 — roux : beurre et farine à poids égaux (cuisson plus longue sans effet notable sur la composition)
ING-MIX-ROUXBLOND-000001,raw,main,CALC,roux : beurre et farine à poids égaux (cuisson plus longue sans effet notable sur la composition),FAMS,AG monoinsaturés (g/100 g),9.64,g,CALC,0.7,computed,roux : beurre et farine à poids égaux (cuisson plus longue sans effet notable sur la composition),Composition calculée depuis Ciqual 2025 — roux : beurre et farine à poids égaux (cuisson plus longue sans effet notable sur la composition)
ING-MIX-ROUXBLOND-000001,raw,main,CALC,roux : beurre et farine à poids égaux (cuisson plus longue sans effet notable sur la composition),FAPU,AG polyinsaturés (g/100 g),1.35,g,CALC,0.7,computed,roux : beurre et farine à poids égaux (cuisson plus longue sans effet notable sur la composition),Composition calculée depuis Ciqual 2025 — roux : beurre et farine à poids égaux (cuisson plus longue sans effet notable sur la composition)
ING-MIX-ROUXBLOND-000001,raw,main,CALC,roux : beurre et farine à poids égaux (cuisson plus longue sans effet notable sur la composition),F16D0,"AG 16:0, palmitique (g/100 g)",13.82,g,CALC,0.7,computed,roux : beurre et farine à poids égaux (cuisson plus longue sans effet notable sur la composition),Composition calculée depuis Ciqual 2025 — roux : beurre et farine à poids égaux (cuisson plus longue sans effet notable sur la composition)
ING-MIX-ROUXBLOND-000001,raw,main,CALC,roux : beurre et farine à poids égaux (cuisson plus longue sans effet notable sur la composition),F18D0,"AG 18:0, stéarique (g/100 g)",3.69,g,CALC,0.7,computed,roux : beurre et farine à poids égaux (cuisson plus longue sans effet notable sur la composition),Composition calculée depuis Ciqual 2025 — roux : beurre et farine à poids égaux (cuisson plus longue sans effet notable sur la composition)
ING-MIX-ROUXBLOND-000001,raw,main,CALC,roux : beurre et farine à poids égaux (cuisson plus longue sans effet notable sur la composition),F18D1CN9,"AG 18:1 9c (n-9), oléique (g/100 g)",8.23,g,CALC,0.7,computed,roux : beurre et farine à poids égaux (cuisson plus longue sans effet notable sur la composition),Composition calculée depuis Ciqual 2025 — roux : beurre et farine à poids égaux (cuisson plus longue sans effet notable sur la composition)
ING-MIX-ROUXBLOND-000001,raw,main,CALC,roux : beurre et farine à poids égaux (cuisson plus longue sans effet notable sur la composition),F18D2CN6,"AG 18:2 9c,12c (n-6), linoléique (g/100 g)",1.03,g,CALC,0.7,computed,roux : beurre et farine à poids égaux (cuisson plus longue sans effet notable sur la composition),Composition calculée depuis Ciqual 2025 — roux : beurre et farine à poids égaux (cuisson plus longue sans effet notable sur la composition)
ING-MIX-ROUXBLOND-000001,raw,main,CALC,roux : beurre et farine à poids égaux (cuisson plus longue sans effet notable sur la composition),F18D3N3,"AG 18:3 c9,c12,c15 (n-3), alpha-linolénique (g/100 g)",0.205,g,CALC,0.7,computed,roux : beurre et farine à poids égaux (cuisson plus longue sans effet notable sur la composition),Composition calculée depuis Ciqual 2025 — roux : beurre et farine à poids égaux (cuisson plus longue sans effet notable sur la composition)
ING-MIX-ROUXBLOND-000001,raw,main,CALC,roux : beurre et farine à poids égaux (cuisson plus longue sans effet notable sur la composition),RAE,"Activité vitaminique A, équivalents rétinol (µg/100 g)",463.71,µg,CALC,0.7,computed,roux : beurre et farine à poids égaux (cuisson plus longue sans effet notable sur la composition),Composition calculée depuis Ciqual 2025 — roux : beurre et farine à poids égaux (cuisson plus longue sans effet notable sur la composition)
ING-MIX-ROUXBLOND-000001,raw,main,CALC,roux : beurre et farine à poids égaux (cuisson plus longue sans effet notable sur la composition),RETOL,Rétinol (µg/100 g),450.0,µg,CALC,0.7,computed,roux : beurre et farine à poids égaux (cuisson plus longue sans effet notable sur la composition),Composition calculée depuis Ciqual 2025 — roux : beurre et farine à poids égaux (cuisson plus longue sans effet notable sur la composition)
ING-MIX-ROUXBLOND-000001,raw,main,CALC,roux : beurre et farine à poids égaux (cuisson plus longue sans effet notable sur la composition),CARTB,Beta-Carotène (µg/100 g),167.0,µg,CALC,0.7,computed,roux : beurre et farine à poids égaux (cuisson plus longue sans effet notable sur la composition),Composition calculée depuis Ciqual 2025 — roux : beurre et farine à poids égaux (cuisson plus longue sans effet notable sur la composition)
ING-MIX-ROUXBLOND-000001,raw,main,CALC,roux : beurre et farine à poids égaux (cuisson plus longue sans effet notable sur la composition),PANTAC,Vitamine B5 ou Acide pantothénique (mg/100 g),0.285,mg,CALC,0.7,computed,roux : beurre et farine à poids égaux (cuisson plus longue sans effet notable sur la composition),Composition calculée depuis Ciqual 2025 — roux : beurre et farine à poids égaux (cuisson plus longue sans effet notable sur la composition)
ING-MIX-ROUXBLOND-000001,raw,main,CALC,roux : beurre et farine à poids égaux (cuisson plus longue sans effet notable sur la composition),VITB12,Vitamine B12 (µg/100 g),0.05,µg,CALC,0.7,computed,roux : beurre et farine à poids égaux (cuisson plus longue sans effet notable sur la composition),Composition calculée depuis Ciqual 2025 — roux : beurre et farine à poids égaux (cuisson plus longue sans effet notable sur la composition)
ING-MIX-ROUXBLOND-000001,raw,main,CALC,roux : beurre et farine à poids égaux (cuisson plus longue sans effet notable sur la composition),FOLDFE,"Vitamine B9 ou Folates totaux, équivalents folates alimentaires, DFE (µg/100 g)",13.275,µg,CALC,0.7,computed,roux : beurre et farine à poids égaux (cuisson plus longue sans effet notable sur la composition),Composition calculée depuis Ciqual 2025 — roux : beurre et farine à poids égaux (cuisson plus longue sans effet notable sur la composition)
ING-MIX-ROUXBLOND-000001,raw,main,CALC,roux : beurre et farine à poids égaux (cuisson plus longue sans effet notable sur la composition),ALC,Alcool (éthanol) (g/100 g),0.0,g,CALC,0.7,computed,roux : beurre et farine à poids égaux (cuisson plus longue sans effet notable sur la composition),Composition calculée depuis Ciqual 2025 — roux : beurre et farine à poids égaux (cuisson plus longue sans effet notable sur la composition)
ING-MIX-ROUXBLOND-000001,raw,main,CALC,roux : beurre et farine à poids égaux (cuisson plus longue sans effet notable sur la composition),OA,Acides organiques (g/100 g),0.048,g,CALC,0.7,computed,roux : beurre et farine à poids égaux (cuisson plus longue sans effet notable sur la composition),Composition calculée depuis Ciqual 2025 — roux : beurre et farine à poids égaux (cuisson plus longue sans effet notable sur la composition)
ING-MIX-ROUXBLOND-000001,raw,main,CALC,roux : beurre et farine à poids égaux (cuisson plus longue sans effet notable sur la composition),TOCPHA,Alpha-tocophérol (vitamine E) (mg/100 g),1.375,mg,CALC,0.7,computed,roux : beurre et farine à poids égaux (cuisson plus longue sans effet notable sur la composition),Composition calculée depuis Ciqual 2025 — roux : beurre et farine à poids égaux (cuisson plus longue sans effet notable sur la composition)
ING-MIX-ROUXBLOND-000001,raw,main,CALC,roux : beurre et farine à poids égaux (cuisson plus longue sans effet notable sur la composition),CHOL-,Cholestérol (mg/100 g),117.5,mg,CALC,0.7,computed,roux : beurre et farine à poids égaux (cuisson plus longue sans effet notable sur la composition),Composition calculée depuis Ciqual 2025 — roux : beurre et farine à poids égaux (cuisson plus longue sans effet notable sur la composition)
ING-MIX-ROUXBRUN-000001,raw,main,CALC,roux : beurre et farine à poids égaux (cuisson plus longue sans effet notable sur la composition),ENERC,"Energie, Règlement UE N° 1169/2011 (kJ/100 g)",2275.0,kJ,CALC,0.7,computed,roux : beurre et farine à poids égaux (cuisson plus longue sans effet notable sur la composition),Composition calculée depuis Ciqual 2025 — roux : beurre et farine à poids égaux (cuisson plus longue sans effet notable sur la composition)
ING-MIX-ROUXBRUN-000001,raw,main,CALC,roux : beurre et farine à poids égaux (cuisson plus longue sans effet notable sur la composition),ENERCKCAL,"Energie, Règlement UE N° 1169/2011 (kcal/100 g)",548.0,kcal,CALC,0.7,computed,roux : beurre et farine à poids égaux (cuisson plus longue sans effet notable sur la composition),Composition calculée depuis Ciqual 2025 — roux : beurre et farine à poids égaux (cuisson plus longue sans effet notable sur la composition)
ING-MIX-ROUXBRUN-000001,raw,main,CALC,roux : beurre et farine à poids égaux (cuisson plus longue sans effet notable sur la composition),WATER,Eau (g/100 g),13.9,g,CALC,0.7,computed,roux : beurre et farine à poids égaux (cuisson plus longue sans effet notable sur la composition),Composition calculée depuis Ciqual 2025 — roux : beurre et farine à poids égaux (cuisson plus longue sans effet notable sur la composition)
ING-MIX-ROUXBRUN-000001,raw,main,CALC,roux : beurre et farine à poids égaux (cuisson plus longue sans effet notable sur la composition),ASH,Cendres (g/100 g),0.625,g,CALC,0.7,computed,roux : beurre et farine à poids égaux (cuisson plus longue sans effet notable sur la composition),Composition calculée depuis Ciqual 2025 — roux : beurre et farine à poids égaux (cuisson plus longue sans effet notable sur la composition)
ING-MIX-ROUXBRUN-000001,raw,main,CALC,roux : beurre et farine à poids égaux (cuisson plus longue sans effet notable sur la composition),SALT,Sel chlorure de sodium (g/100 g),0.018,g,CALC,0.7,computed,roux : beurre et farine à poids égaux (cuisson plus longue sans effet notable sur la composition),Composition calculée depuis Ciqual 2025 — roux : beurre et farine à poids égaux (cuisson plus longue sans effet notable sur la composition)
ING-MIX-ROUXBRUN-000001,raw,main,CALC,roux : beurre et farine à poids égaux (cuisson plus longue sans effet notable sur la composition),MG,Magnésium (mg/100 g),37.815,mg,CALC,0.7,computed,roux : beurre et farine à poids égaux (cuisson plus longue sans effet notable sur la composition),Composition calculée depuis Ciqual 2025 — roux : beurre et farine à poids égaux (cuisson plus longue sans effet notable sur la composition)
ING-MIX-ROUXBRUN-000001,raw,main,CALC,roux : beurre et farine à poids égaux (cuisson plus longue sans effet notable sur la composition),P,Phosphore (mg/100 g),121.9,mg,CALC,0.7,computed,roux : beurre et farine à poids égaux (cuisson plus longue sans effet notable sur la composition),Composition calculée depuis Ciqual 2025 — roux : beurre et farine à poids égaux (cuisson plus longue sans effet notable sur la composition)
ING-MIX-ROUXBRUN-000001,raw,main,CALC,roux : beurre et farine à poids égaux (cuisson plus longue sans effet notable sur la composition),K,Potassium (mg/100 g),158.05,mg,CALC,0.7,computed,roux : beurre et farine à poids égaux (cuisson plus longue sans effet notable sur la composition),Composition calculée depuis Ciqual 2025 — roux : beurre et farine à poids égaux (cuisson plus longue sans effet notable sur la composition)
ING-MIX-ROUXBRUN-000001,raw,main,CALC,roux : beurre et farine à poids égaux (cuisson plus longue sans effet notable sur la composition),CA,Calcium (mg/100 g),23.4,mg,CALC,0.7,computed,roux : beurre et farine à poids égaux (cuisson plus longue sans effet notable sur la composition),Composition calculée depuis Ciqual 2025 — roux : beurre et farine à poids égaux (cuisson plus longue sans effet notable sur la composition)
ING-MIX-ROUXBRUN-000001,raw,main,CALC,roux : beurre et farine à poids égaux (cuisson plus longue sans effet notable sur la composition),PROCNT,"Protéines, N x 6.25 (g/100 g)",5.465,g,CALC,0.7,computed,roux : beurre et farine à poids égaux (cuisson plus longue sans effet notable sur la composition),Composition calculée depuis Ciqual 2025 — roux : beurre et farine à poids égaux (cuisson plus longue sans effet notable sur la composition)
ING-MIX-ROUXBRUN-000001,raw,main,CALC,roux : beurre et farine à poids égaux (cuisson plus longue sans effet notable sur la composition),CHOAVL,Glucides (g/100 g),34.655,g,CALC,0.7,computed,roux : beurre et farine à poids égaux (cuisson plus longue sans effet notable sur la composition),Composition calculée depuis Ciqual 2025 — roux : beurre et farine à poids égaux (cuisson plus longue sans effet notable sur la composition)
ING-MIX-ROUXBRUN-000001,raw,main,CALC,roux : beurre et farine à poids égaux (cuisson plus longue sans effet notable sur la composition),SUGAR,Sucres (g/100 g),1.155,g,CALC,0.7,computed,roux : beurre et farine à poids égaux (cuisson plus longue sans effet notable sur la composition),Composition calculée depuis Ciqual 2025 — roux : beurre et farine à poids égaux (cuisson plus longue sans effet notable sur la composition)
ING-MIX-ROUXBRUN-000001,raw,main,CALC,roux : beurre et farine à poids égaux (cuisson plus longue sans effet notable sur la composition),STARCH,Amidon (g/100 g),29.65,g,CALC,0.7,computed,roux : beurre et farine à poids égaux (cuisson plus longue sans effet notable sur la composition),Composition calculée depuis Ciqual 2025 — roux : beurre et farine à poids égaux (cuisson plus longue sans effet notable sur la composition)
ING-MIX-ROUXBRUN-000001,raw,main,CALC,roux : beurre et farine à poids égaux (cuisson plus longue sans effet notable sur la composition),POLYL,Polyols totaux (g/100 g),0.0,g,CALC,0.7,computed,roux : beurre et farine à poids égaux (cuisson plus longue sans effet notable sur la composition),Composition calculée depuis Ciqual 2025 — roux : beurre et farine à poids égaux (cuisson plus longue sans effet notable sur la composition)
ING-MIX-ROUXBRUN-000001,raw,main,CALC,roux : beurre et farine à poids égaux (cuisson plus longue sans effet notable sur la composition),FIB-,Fibres alimentaires (g/100 g),3.4,g,CALC,0.7,computed,roux : beurre et farine à poids égaux (cuisson plus longue sans effet notable sur la composition),Composition calculée depuis Ciqual 2025 — roux : beurre et farine à poids égaux (cuisson plus longue sans effet notable sur la composition)
ING-MIX-ROUXBRUN-000001,raw,main,CALC,roux : beurre et farine à poids égaux (cuisson plus longue sans effet notable sur la composition),FAT,Lipides (g/100 g),42.25,g,CALC,0.7,computed,roux : beurre et farine à poids égaux (cuisson plus longue sans effet notable sur la composition),Composition calculée depuis Ciqual 2025 — roux : beurre et farine à poids égaux (cuisson plus longue sans effet notable sur la composition)
ING-MIX-ROUXBRUN-000001,raw,main,CALC,roux : beurre et farine à poids égaux (cuisson plus longue sans effet notable sur la composition),FASAT,AG saturés (g/100 g),30.135,g,CALC,0.7,computed,roux : beurre et farine à poids égaux (cuisson plus longue sans effet notable sur la composition),Composition calculée depuis Ciqual 2025 — roux : beurre et farine à poids égaux (cuisson plus longue sans effet notable sur la composition)
ING-MIX-ROUXBRUN-000001,raw,main,CALC,roux : beurre et farine à poids égaux (cuisson plus longue sans effet notable sur la composition),FAMS,AG monoinsaturés (g/100 g),9.64,g,CALC,0.7,computed,roux : beurre et farine à poids égaux (cuisson plus longue sans effet notable sur la composition),Composition calculée depuis Ciqual 2025 — roux : beurre et farine à poids égaux (cuisson plus longue sans effet notable sur la composition)
ING-MIX-ROUXBRUN-000001,raw,main,CALC,roux : beurre et farine à poids égaux (cuisson plus longue sans effet notable sur la composition),FAPU,AG polyinsaturés (g/100 g),1.35,g,CALC,0.7,computed,roux : beurre et farine à poids égaux (cuisson plus longue sans effet notable sur la composition),Composition calculée depuis Ciqual 2025 — roux : beurre et farine à poids égaux (cuisson plus longue sans effet notable sur la composition)
ING-MIX-ROUXBRUN-000001,raw,main,CALC,roux : beurre et farine à poids égaux (cuisson plus longue sans effet notable sur la composition),F16D0,"AG 16:0, palmitique (g/100 g)",13.82,g,CALC,0.7,computed,roux : beurre et farine à poids égaux (cuisson plus longue sans effet notable sur la composition),Composition calculée depuis Ciqual 2025 — roux : beurre et farine à poids égaux (cuisson plus longue sans effet notable sur la composition)
ING-MIX-ROUXBRUN-000001,raw,main,CALC,roux : beurre et farine à poids égaux (cuisson plus longue sans effet notable sur la composition),F18D0,"AG 18:0, stéarique (g/100 g)",3.69,g,CALC,0.7,computed,roux : beurre et farine à poids égaux (cuisson plus longue sans effet notable sur la composition),Composition calculée depuis Ciqual 2025 — roux : beurre et farine à poids égaux (cuisson plus longue sans effet notable sur la composition)
ING-MIX-ROUXBRUN-000001,raw,main,CALC,roux : beurre et farine à poids égaux (cuisson plus longue sans effet notable sur la composition),F18D1CN9,"AG 18:1 9c (n-9), oléique (g/100 g)",8.23,g,CALC,0.7,computed,roux : beurre et farine à poids égaux (cuisson plus longue sans effet notable sur la composition),Composition calculée depuis Ciqual 2025 — roux : beurre et farine à poids égaux (cuisson plus longue sans effet notable sur la composition)
ING-MIX-ROUXBRUN-000001,raw,main,CALC,roux : beurre et farine à poids égaux (cuisson plus longue sans effet notable sur la composition),F18D2CN6,"AG 18:2 9c,12c (n-6), linoléique (g/100 g)",1.03,g,CALC,0.7,computed,roux : beurre et farine à poids égaux (cuisson plus longue sans effet notable sur la composition),Composition calculée depuis Ciqual 2025 — roux : beurre et farine à poids égaux (cuisson plus longue sans effet notable sur la composition)
ING-MIX-ROUXBRUN-000001,raw,main,CALC,roux : beurre et farine à poids égaux (cuisson plus longue sans effet notable sur la composition),F18D3N3,"AG 18:3 c9,c12,c15 (n-3), alpha-linolénique (g/100 g)",0.205,g,CALC,0.7,computed,roux : beurre et farine à poids égaux (cuisson plus longue sans effet notable sur la composition),Composition calculée depuis Ciqual 2025 — roux : beurre et farine à poids égaux (cuisson plus longue sans effet notable sur la composition)
ING-MIX-ROUXBRUN-000001,raw,main,CALC,roux : beurre et farine à poids égaux (cuisson plus longue sans effet notable sur la composition),RAE,"Activité vitaminique A, équivalents rétinol (µg/100 g)",463.71,µg,CALC,0.7,computed,roux : beurre et farine à poids égaux (cuisson plus longue sans effet notable sur la composition),Composition calculée depuis Ciqual 2025 — roux : beurre et farine à poids égaux (cuisson plus longue sans effet notable sur la composition)
ING-MIX-ROUXBRUN-000001,raw,main,CALC,roux : beurre et farine à poids égaux (cuisson plus longue sans effet notable sur la composition),RETOL,Rétinol (µg/100 g),450.0,µg,CALC,0.7,computed,roux : beurre et farine à poids égaux (cuisson plus longue sans effet notable sur la composition),Composition calculée depuis Ciqual 2025 — roux : beurre et farine à poids égaux (cuisson plus longue sans effet notable sur la composition)
ING-MIX-ROUXBRUN-000001,raw,main,CALC,roux : beurre et farine à poids égaux (cuisson plus longue sans effet notable sur la composition),CARTB,Beta-Carotène (µg/100 g),167.0,µg,CALC,0.7,computed,roux : beurre et farine à poids égaux (cuisson plus longue sans effet notable sur la composition),Composition calculée depuis Ciqual 2025 — roux : beurre et farine à poids égaux (cuisson plus longue sans effet notable sur la composition)
ING-MIX-ROUXBRUN-000001,raw,main,CALC,roux : beurre et farine à poids égaux (cuisson plus longue sans effet notable sur la composition),PANTAC,Vitamine B5 ou Acide pantothénique (mg/100 g),0.285,mg,CALC,0.7,computed,roux : beurre et farine à poids égaux (cuisson plus longue sans effet notable sur la composition),Composition calculée depuis Ciqual 2025 — roux : beurre et farine à poids égaux (cuisson plus longue sans effet notable sur la composition)
ING-MIX-ROUXBRUN-000001,raw,main,CALC,roux : beurre et farine à poids égaux (cuisson plus longue sans effet notable sur la composition),VITB12,Vitamine B12 (µg/100 g),0.05,µg,CALC,0.7,computed,roux : beurre et farine à poids égaux (cuisson plus longue sans effet notable sur la composition),Composition calculée depuis Ciqual 2025 — roux : beurre et farine à poids égaux (cuisson plus longue sans effet notable sur la composition)
ING-MIX-ROUXBRUN-000001,raw,main,CALC,roux : beurre et farine à poids égaux (cuisson plus longue sans effet notable sur la composition),FOLDFE,"Vitamine B9 ou Folates totaux, équivalents folates alimentaires, DFE (µg/100 g)",13.275,µg,CALC,0.7,computed,roux : beurre et farine à poids égaux (cuisson plus longue sans effet notable sur la composition),Composition calculée depuis Ciqual 2025 — roux : beurre et farine à poids égaux (cuisson plus longue sans effet notable sur la composition)
ING-MIX-ROUXBRUN-000001,raw,main,CALC,roux : beurre et farine à poids égaux (cuisson plus longue sans effet notable sur la composition),ALC,Alcool (éthanol) (g/100 g),0.0,g,CALC,0.7,computed,roux : beurre et farine à poids égaux (cuisson plus longue sans effet notable sur la composition),Composition calculée depuis Ciqual 2025 — roux : beurre et farine à poids égaux (cuisson plus longue sans effet notable sur la composition)
ING-MIX-ROUXBRUN-000001,raw,main,CALC,roux : beurre et farine à poids égaux (cuisson plus longue sans effet notable sur la composition),OA,Acides organiques (g/100 g),0.048,g,CALC,0.7,computed,roux : beurre et farine à poids égaux (cuisson plus longue sans effet notable sur la composition),Composition calculée depuis Ciqual 2025 — roux : beurre et farine à poids égaux (cuisson plus longue sans effet notable sur la composition)
ING-MIX-ROUXBRUN-000001,raw,main,CALC,roux : beurre et farine à poids égaux (cuisson plus longue sans effet notable sur la composition),TOCPHA,Alpha-tocophérol (vitamine E) (mg/100 g),1.375,mg,CALC,0.7,computed,roux : beurre et farine à poids égaux (cuisson plus longue sans effet notable sur la composition),Composition calculée depuis Ciqual 2025 — roux : beurre et farine à poids égaux (cuisson plus longue sans effet notable sur la composition)
ING-MIX-ROUXBRUN-000001,raw,main,CALC,roux : beurre et farine à poids égaux (cuisson plus longue sans effet notable sur la composition),CHOL-,Cholestérol (mg/100 g),117.5,mg,CALC,0.7,computed,roux : beurre et farine à poids égaux (cuisson plus longue sans effet notable sur la composition),Composition calculée depuis Ciqual 2025 — roux : beurre et farine à poids égaux (cuisson plus longue sans effet notable sur la composition)
ING-MIX-MIREPOIX-000001,raw,main,CALC,mirepoix classique : oignon 2 / carotte 1 / céleri 1,ENERC,"Energie, Règlement UE N° 1169/2011 (kJ/100 g)",129.8,kJ,CALC,0.7,computed,mirepoix classique : oignon 2 / carotte 1 / céleri 1,Composition calculée depuis Ciqual 2025 — mirepoix classique : oignon 2 / carotte 1 / céleri 1
ING-MIX-MIREPOIX-000001,raw,main,CALC,mirepoix classique : oignon 2 / carotte 1 / céleri 1,ENERCKCAL,"Energie, Règlement UE N° 1169/2011 (kcal/100 g)",30.9,kcal,CALC,0.7,computed,mirepoix classique : oignon 2 / carotte 1 / céleri 1,Composition calculée depuis Ciqual 2025 — mirepoix classique : oignon 2 / carotte 1 / céleri 1
ING-MIX-MIREPOIX-000001,raw,main,CALC,mirepoix classique : oignon 2 / carotte 1 / céleri 1,WATER,Eau (g/100 g),90.65,g,CALC,0.7,computed,mirepoix classique : oignon 2 / carotte 1 / céleri 1,Composition calculée depuis Ciqual 2025 — mirepoix classique : oignon 2 / carotte 1 / céleri 1
ING-MIX-MIREPOIX-000001,raw,main,CALC,mirepoix classique : oignon 2 / carotte 1 / céleri 1,ASH,Cendres (g/100 g),0.685,g,CALC,0.7,computed,mirepoix classique : oignon 2 / carotte 1 / céleri 1,Composition calculée depuis Ciqual 2025 — mirepoix classique : oignon 2 / carotte 1 / céleri 1
ING-MIX-MIREPOIX-000001,raw,main,CALC,mirepoix classique : oignon 2 / carotte 1 / céleri 1,SALT,Sel chlorure de sodium (g/100 g),0.129,g,CALC,0.7,computed,mirepoix classique : oignon 2 / carotte 1 / céleri 1,Composition calculée depuis Ciqual 2025 — mirepoix classique : oignon 2 / carotte 1 / céleri 1
ING-MIX-MIREPOIX-000001,raw,main,CALC,mirepoix classique : oignon 2 / carotte 1 / céleri 1,NA,Sodium (mg/100 g),51.5,mg,CALC,0.7,computed,mirepoix classique : oignon 2 / carotte 1 / céleri 1,Composition calculée depuis Ciqual 2025 — mirepoix classique : oignon 2 / carotte 1 / céleri 1
ING-MIX-MIREPOIX-000001,raw,main,CALC,mirepoix classique : oignon 2 / carotte 1 / céleri 1,MG,Magnésium (mg/100 g),10.65,mg,CALC,0.7,computed,mirepoix classique : oignon 2 / carotte 1 / céleri 1,Composition calculée depuis Ciqual 2025 — mirepoix classique : oignon 2 / carotte 1 / céleri 1
ING-MIX-MIREPOIX-000001,raw,main,CALC,mirepoix classique : oignon 2 / carotte 1 / céleri 1,P,Phosphore (mg/100 g),30.7,mg,CALC,0.7,computed,mirepoix classique : oignon 2 / carotte 1 / céleri 1,Composition calculée depuis Ciqual 2025 — mirepoix classique : oignon 2 / carotte 1 / céleri 1
ING-MIX-MIREPOIX-000001,raw,main,CALC,mirepoix classique : oignon 2 / carotte 1 / céleri 1,CLD,Chlorure (mg/100 g),99.425,g,CALC,0.7,computed,mirepoix classique : oignon 2 / carotte 1 / céleri 1,Composition calculée depuis Ciqual 2025 — mirepoix classique : oignon 2 / carotte 1 / céleri 1
ING-MIX-MIREPOIX-000001,raw,main,CALC,mirepoix classique : oignon 2 / carotte 1 / céleri 1,K,Potassium (mg/100 g),261.0,mg,CALC,0.7,computed,mirepoix classique : oignon 2 / carotte 1 / céleri 1,Composition calculée depuis Ciqual 2025 — mirepoix classique : oignon 2 / carotte 1 / céleri 1
ING-MIX-MIREPOIX-000001,raw,main,CALC,mirepoix classique : oignon 2 / carotte 1 / céleri 1,CA,Calcium (mg/100 g),33.05,mg,CALC,0.7,computed,mirepoix classique : oignon 2 / carotte 1 / céleri 1,Composition calculée depuis Ciqual 2025 — mirepoix classique : oignon 2 / carotte 1 / céleri 1
ING-MIX-MIREPOIX-000001,raw,main,CALC,mirepoix classique : oignon 2 / carotte 1 / céleri 1,MN,Manganèse (mg/100 g),0.094,mg,CALC,0.7,computed,mirepoix classique : oignon 2 / carotte 1 / céleri 1,Composition calculée depuis Ciqual 2025 — mirepoix classique : oignon 2 / carotte 1 / céleri 1
ING-MIX-MIREPOIX-000001,raw,main,CALC,mirepoix classique : oignon 2 / carotte 1 / céleri 1,PROCNT,"Protéines, N x 6.25 (g/100 g)",0.902,g,CALC,0.7,computed,mirepoix classique : oignon 2 / carotte 1 / céleri 1,Composition calculée depuis Ciqual 2025 — mirepoix classique : oignon 2 / carotte 1 / céleri 1
ING-MIX-MIREPOIX-000001,raw,main,CALC,mirepoix classique : oignon 2 / carotte 1 / céleri 1,CHOAVL,Glucides (g/100 g),5.018,g,CALC,0.7,computed,mirepoix classique : oignon 2 / carotte 1 / céleri 1,Composition calculée depuis Ciqual 2025 — mirepoix classique : oignon 2 / carotte 1 / céleri 1
ING-MIX-MIREPOIX-000001,raw,main,CALC,mirepoix classique : oignon 2 / carotte 1 / céleri 1,SUGAR,Sucres (g/100 g),3.938,g,CALC,0.7,computed,mirepoix classique : oignon 2 / carotte 1 / céleri 1,Composition calculée depuis Ciqual 2025 — mirepoix classique : oignon 2 / carotte 1 / céleri 1
ING-MIX-MIREPOIX-000001,raw,main,CALC,mirepoix classique : oignon 2 / carotte 1 / céleri 1,FRUS,Fructose (g/100 g),1.337,g,CALC,0.7,computed,mirepoix classique : oignon 2 / carotte 1 / céleri 1,Composition calculée depuis Ciqual 2025 — mirepoix classique : oignon 2 / carotte 1 / céleri 1
ING-MIX-MIREPOIX-000001,raw,main,CALC,mirepoix classique : oignon 2 / carotte 1 / céleri 1,GALS,Galactose (g/100 g),0.087,g,CALC,0.7,computed,mirepoix classique : oignon 2 / carotte 1 / céleri 1,Composition calculée depuis Ciqual 2025 — mirepoix classique : oignon 2 / carotte 1 / céleri 1
ING-MIX-MIREPOIX-000001,raw,main,CALC,mirepoix classique : oignon 2 / carotte 1 / céleri 1,GLUS,Glucose (g/100 g),1.15,g,CALC,0.7,computed,mirepoix classique : oignon 2 / carotte 1 / céleri 1,Composition calculée depuis Ciqual 2025 — mirepoix classique : oignon 2 / carotte 1 / céleri 1
ING-MIX-MIREPOIX-000001,raw,main,CALC,mirepoix classique : oignon 2 / carotte 1 / céleri 1,FIB-,Fibres alimentaires (g/100 g),2.125,g,CALC,0.7,computed,mirepoix classique : oignon 2 / carotte 1 / céleri 1,Composition calculée depuis Ciqual 2025 — mirepoix classique : oignon 2 / carotte 1 / céleri 1
ING-MIX-MIREPOIX-000001,raw,main,CALC,mirepoix classique : oignon 2 / carotte 1 / céleri 1,FAT,Lipides (g/100 g),0.31,g,CALC,0.7,computed,mirepoix classique : oignon 2 / carotte 1 / céleri 1,Composition calculée depuis Ciqual 2025 — mirepoix classique : oignon 2 / carotte 1 / céleri 1
ING-MIX-MIREPOIX-000001,raw,main,CALC,mirepoix classique : oignon 2 / carotte 1 / céleri 1,FASAT,AG saturés (g/100 g),0.1,g,CALC,0.7,computed,mirepoix classique : oignon 2 / carotte 1 / céleri 1,Composition calculée depuis Ciqual 2025 — mirepoix classique : oignon 2 / carotte 1 / céleri 1
ING-MIX-MIREPOIX-000001,raw,main,CALC,mirepoix classique : oignon 2 / carotte 1 / céleri 1,RAE,"Activité vitaminique A, équivalents rétinol (µg/100 g)",277.595,µg,CALC,0.7,computed,mirepoix classique : oignon 2 / carotte 1 / céleri 1,Composition calculée depuis Ciqual 2025 — mirepoix classique : oignon 2 / carotte 1 / céleri 1
ING-MIX-MIREPOIX-000001,raw,main,CALC,mirepoix classique : oignon 2 / carotte 1 / céleri 1,RETOL,Rétinol (µg/100 g),0.0,µg,CALC,0.7,computed,mirepoix classique : oignon 2 / carotte 1 / céleri 1,Composition calculée depuis Ciqual 2025 — mirepoix classique : oignon 2 / carotte 1 / céleri 1
ING-MIX-MIREPOIX-000001,raw,main,CALC,mirepoix classique : oignon 2 / carotte 1 / céleri 1,CHOCAL,Vitamine D3 (cholécalciférol) (µg/100 g),0.0,g,CALC,0.7,computed,mirepoix classique : oignon 2 / carotte 1 / céleri 1,Composition calculée depuis Ciqual 2025 — mirepoix classique : oignon 2 / carotte 1 / céleri 1
ING-MIX-MIREPOIX-000001,raw,main,CALC,mirepoix classique : oignon 2 / carotte 1 / céleri 1,VITK1,Vitamine K1 (µg/100 g),3.015,µg,CALC,0.7,computed,mirepoix classique : oignon 2 / carotte 1 / céleri 1,Composition calculée depuis Ciqual 2025 — mirepoix classique : oignon 2 / carotte 1 / céleri 1
ING-MIX-MIREPOIX-000001,raw,main,CALC,mirepoix classique : oignon 2 / carotte 1 / céleri 1,VITC,Vitamine C (mg/100 g),4.26,mg,CALC,0.7,computed,mirepoix classique : oignon 2 / carotte 1 / céleri 1,Composition calculée depuis Ciqual 2025 — mirepoix classique : oignon 2 / carotte 1 / céleri 1
ING-MIX-MIREPOIX-000001,raw,main,CALC,mirepoix classique : oignon 2 / carotte 1 / céleri 1,PANTAC,Vitamine B5 ou Acide pantothénique (mg/100 g),0.203,mg,CALC,0.7,computed,mirepoix classique : oignon 2 / carotte 1 / céleri 1,Composition calculée depuis Ciqual 2025 — mirepoix classique : oignon 2 / carotte 1 / céleri 1
ING-MIX-MIREPOIX-000001,raw,main,CALC,mirepoix classique : oignon 2 / carotte 1 / céleri 1,VITB6-,Vitamine B6 (mg/100 g),0.098,mg,CALC,0.7,computed,mirepoix classique : oignon 2 / carotte 1 / céleri 1,Composition calculée depuis Ciqual 2025 — mirepoix classique : oignon 2 / carotte 1 / céleri 1
ING-MIX-MIREPOIX-000001,raw,main,CALC,mirepoix classique : oignon 2 / carotte 1 / céleri 1,VITB12,Vitamine B12 (µg/100 g),0.0,µg,CALC,0.7,computed,mirepoix classique : oignon 2 / carotte 1 / céleri 1,Composition calculée depuis Ciqual 2025 — mirepoix classique : oignon 2 / carotte 1 / céleri 1
ING-MIX-MIREPOIX-000001,raw,main,CALC,mirepoix classique : oignon 2 / carotte 1 / céleri 1,FOLDFE,"Vitamine B9 ou Folates totaux, équivalents folates alimentaires, DFE (µg/100 g)",31.8,µg,CALC,0.7,computed,mirepoix classique : oignon 2 / carotte 1 / céleri 1,Composition calculée depuis Ciqual 2025 — mirepoix classique : oignon 2 / carotte 1 / céleri 1
ING-MIX-MIREPOIX-000001,raw,main,CALC,mirepoix classique : oignon 2 / carotte 1 / céleri 1,FOLFD,Folates intrinsèques (µg/100 g),31.575,µg,CALC,0.7,computed,mirepoix classique : oignon 2 / carotte 1 / céleri 1,Composition calculée depuis Ciqual 2025 — mirepoix classique : oignon 2 / carotte 1 / céleri 1
ING-MIX-MIREPOIX-000001,raw,main,CALC,mirepoix classique : oignon 2 / carotte 1 / céleri 1,ALC,Alcool (éthanol) (g/100 g),0.0,g,CALC,0.7,computed,mirepoix classique : oignon 2 / carotte 1 / céleri 1,Composition calculée depuis Ciqual 2025 — mirepoix classique : oignon 2 / carotte 1 / céleri 1
ING-MIX-MIREPOIX-000001,raw,main,CALC,mirepoix classique : oignon 2 / carotte 1 / céleri 1,OA,Acides organiques (g/100 g),0.167,g,CALC,0.7,computed,mirepoix classique : oignon 2 / carotte 1 / céleri 1,Composition calculée depuis Ciqual 2025 — mirepoix classique : oignon 2 / carotte 1 / céleri 1
ING-MIX-MIREPOIX-000001,raw,main,CALC,mirepoix classique : oignon 2 / carotte 1 / céleri 1,CHOL-,Cholestérol (mg/100 g),0.0,mg,CALC,0.7,computed,mirepoix classique : oignon 2 / carotte 1 / céleri 1,Composition calculée depuis Ciqual 2025 — mirepoix classique : oignon 2 / carotte 1 / céleri 1
ING-TECH-SAUMURE5SEL-000001,raw,main,CALC,saumure à 5 % de sel,ENERC,"Energie, Règlement UE N° 1169/2011 (kJ/100 g)",0.0,kJ,CALC,0.7,computed,saumure à 5 % de sel,Composition calculée depuis Ciqual 2025 — saumure à 5 % de sel
ING-TECH-SAUMURE5SEL-000001,raw,main,CALC,saumure à 5 % de sel,ENERCKCAL,"Energie, Règlement UE N° 1169/2011 (kcal/100 g)",0.0,kcal,CALC,0.7,computed,saumure à 5 % de sel,Composition calculée depuis Ciqual 2025 — saumure à 5 % de sel
ING-TECH-SAUMURE5SEL-000001,raw,main,CALC,saumure à 5 % de sel,WATER,Eau (g/100 g),95.001,g,CALC,0.7,computed,saumure à 5 % de sel,Composition calculée depuis Ciqual 2025 — saumure à 5 % de sel
ING-TECH-SAUMURE5SEL-000001,raw,main,CALC,saumure à 5 % de sel,ASH,Cendres (g/100 g),5.01,g,CALC,0.7,computed,saumure à 5 % de sel,Composition calculée depuis Ciqual 2025 — saumure à 5 % de sel
ING-TECH-SAUMURE5SEL-000001,raw,main,CALC,saumure à 5 % de sel,SALT,Sel chlorure de sodium (g/100 g),4.897,g,CALC,0.7,computed,saumure à 5 % de sel,Composition calculée depuis Ciqual 2025 — saumure à 5 % de sel
ING-TECH-SAUMURE5SEL-000001,raw,main,CALC,saumure à 5 % de sel,NA,Sodium (mg/100 g),1957.28,mg,CALC,0.7,computed,saumure à 5 % de sel,Composition calculée depuis Ciqual 2025 — saumure à 5 % de sel
ING-TECH-SAUMURE5SEL-000001,raw,main,CALC,saumure à 5 % de sel,MG,Magnésium (mg/100 g),1.098,mg,CALC,0.7,computed,saumure à 5 % de sel,Composition calculée depuis Ciqual 2025 — saumure à 5 % de sel
ING-TECH-SAUMURE5SEL-000001,raw,main,CALC,saumure à 5 % de sel,P,Phosphore (mg/100 g),0.0,mg,CALC,0.7,computed,saumure à 5 % de sel,Composition calculée depuis Ciqual 2025 — saumure à 5 % de sel
ING-TECH-SAUMURE5SEL-000001,raw,main,CALC,saumure à 5 % de sel,K,Potassium (mg/100 g),1.538,mg,CALC,0.7,computed,saumure à 5 % de sel,Composition calculée depuis Ciqual 2025 — saumure à 5 % de sel
ING-TECH-SAUMURE5SEL-000001,raw,main,CALC,saumure à 5 % de sel,CA,Calcium (mg/100 g),7.439,mg,CALC,0.7,computed,saumure à 5 % de sel,Composition calculée depuis Ciqual 2025 — saumure à 5 % de sel
ING-TECH-SAUMURE5SEL-000001,raw,main,CALC,saumure à 5 % de sel,MN,Manganèse (mg/100 g),0.006,mg,CALC,0.7,computed,saumure à 5 % de sel,Composition calculée depuis Ciqual 2025 — saumure à 5 % de sel
ING-TECH-SAUMURE5SEL-000001,raw,main,CALC,saumure à 5 % de sel,FE,Fer (mg/100 g),0.045,mg,CALC,0.7,computed,saumure à 5 % de sel,Composition calculée depuis Ciqual 2025 — saumure à 5 % de sel
ING-TECH-SAUMURE5SEL-000001,raw,main,CALC,saumure à 5 % de sel,CU,Cuivre (mg/100 g),0.018,mg,CALC,0.7,computed,saumure à 5 % de sel,Composition calculée depuis Ciqual 2025 — saumure à 5 % de sel
ING-TECH-SAUMURE5SEL-000001,raw,main,CALC,saumure à 5 % de sel,ZN,Zinc (mg/100 g),0.015,mg,CALC,0.7,computed,saumure à 5 % de sel,Composition calculée depuis Ciqual 2025 — saumure à 5 % de sel
ING-TECH-SAUMURE5SEL-000001,raw,main,CALC,saumure à 5 % de sel,PROCNT,"Protéines, N x 6.25 (g/100 g)",0.0,g,CALC,0.7,computed,saumure à 5 % de sel,Composition calculée depuis Ciqual 2025 — saumure à 5 % de sel
ING-TECH-SAUMURE5SEL-000001,raw,main,CALC,saumure à 5 % de sel,CHOAVL,Glucides (g/100 g),0.0,g,CALC,0.7,computed,saumure à 5 % de sel,Composition calculée depuis Ciqual 2025 — saumure à 5 % de sel
ING-TECH-SAUMURE5SEL-000001,raw,main,CALC,saumure à 5 % de sel,SUGAR,Sucres (g/100 g),0.0,g,CALC,0.7,computed,saumure à 5 % de sel,Composition calculée depuis Ciqual 2025 — saumure à 5 % de sel
ING-TECH-SAUMURE5SEL-000001,raw,main,CALC,saumure à 5 % de sel,STARCH,Amidon (g/100 g),0.0,g,CALC,0.7,computed,saumure à 5 % de sel,Composition calculée depuis Ciqual 2025 — saumure à 5 % de sel
ING-TECH-SAUMURE5SEL-000001,raw,main,CALC,saumure à 5 % de sel,POLYL,Polyols totaux (g/100 g),0.0,g,CALC,0.7,computed,saumure à 5 % de sel,Composition calculée depuis Ciqual 2025 — saumure à 5 % de sel
ING-TECH-SAUMURE5SEL-000001,raw,main,CALC,saumure à 5 % de sel,FIB-,Fibres alimentaires (g/100 g),0.0,g,CALC,0.7,computed,saumure à 5 % de sel,Composition calculée depuis Ciqual 2025 — saumure à 5 % de sel
ING-TECH-SAUMURE5SEL-000001,raw,main,CALC,saumure à 5 % de sel,FAT,Lipides (g/100 g),0.0,g,CALC,0.7,computed,saumure à 5 % de sel,Composition calculée depuis Ciqual 2025 — saumure à 5 % de sel
ING-TECH-SAUMURE5SEL-000001,raw,main,CALC,saumure à 5 % de sel,FASAT,AG saturés (g/100 g),0.0,g,CALC,0.7,computed,saumure à 5 % de sel,Composition calculée depuis Ciqual 2025 — saumure à 5 % de sel
ING-TECH-SAUMURE5SEL-000001,raw,main,CALC,saumure à 5 % de sel,FAMS,AG monoinsaturés (g/100 g),0.0,g,CALC,0.7,computed,saumure à 5 % de sel,Composition calculée depuis Ciqual 2025 — saumure à 5 % de sel
ING-TECH-SAUMURE5SEL-000001,raw,main,CALC,saumure à 5 % de sel,FAPU,AG polyinsaturés (g/100 g),0.0,g,CALC,0.7,computed,saumure à 5 % de sel,Composition calculée depuis Ciqual 2025 — saumure à 5 % de sel
ING-TECH-SAUMURE5SEL-000001,raw,main,CALC,saumure à 5 % de sel,F4D0,"AG 4:0, butyrique (g/100 g)",0.0,g,CALC,0.7,computed,saumure à 5 % de sel,Composition calculée depuis Ciqual 2025 — saumure à 5 % de sel
ING-TECH-SAUMURE5SEL-000001,raw,main,CALC,saumure à 5 % de sel,F6D0,"AG 6:0, caproïque (g/100 g)",0.0,g,CALC,0.7,computed,saumure à 5 % de sel,Composition calculée depuis Ciqual 2025 — saumure à 5 % de sel
ING-TECH-SAUMURE5SEL-000001,raw,main,CALC,saumure à 5 % de sel,F8D0,"AG 8:0, caprylique (g/100 g)",0.0,g,CALC,0.7,computed,saumure à 5 % de sel,Composition calculée depuis Ciqual 2025 — saumure à 5 % de sel
ING-TECH-SAUMURE5SEL-000001,raw,main,CALC,saumure à 5 % de sel,F10D0,"AG 10:0, caprique (g/100 g)",0.0,g,CALC,0.7,computed,saumure à 5 % de sel,Composition calculée depuis Ciqual 2025 — saumure à 5 % de sel
ING-TECH-SAUMURE5SEL-000001,raw,main,CALC,saumure à 5 % de sel,F12D0,"AG 12:0, laurique (g/100 g)",0.0,g,CALC,0.7,computed,saumure à 5 % de sel,Composition calculée depuis Ciqual 2025 — saumure à 5 % de sel
ING-TECH-SAUMURE5SEL-000001,raw,main,CALC,saumure à 5 % de sel,F14D0,"AG 14:0, myristique (g/100 g)",0.0,g,CALC,0.7,computed,saumure à 5 % de sel,Composition calculée depuis Ciqual 2025 — saumure à 5 % de sel
ING-TECH-SAUMURE5SEL-000001,raw,main,CALC,saumure à 5 % de sel,F16D0,"AG 16:0, palmitique (g/100 g)",0.0,g,CALC,0.7,computed,saumure à 5 % de sel,Composition calculée depuis Ciqual 2025 — saumure à 5 % de sel
ING-TECH-SAUMURE5SEL-000001,raw,main,CALC,saumure à 5 % de sel,F18D0,"AG 18:0, stéarique (g/100 g)",0.0,g,CALC,0.7,computed,saumure à 5 % de sel,Composition calculée depuis Ciqual 2025 — saumure à 5 % de sel
ING-TECH-SAUMURE5SEL-000001,raw,main,CALC,saumure à 5 % de sel,F18D1CN9,"AG 18:1 9c (n-9), oléique (g/100 g)",0.0,g,CALC,0.7,computed,saumure à 5 % de sel,Composition calculée depuis Ciqual 2025 — saumure à 5 % de sel
ING-TECH-SAUMURE5SEL-000001,raw,main,CALC,saumure à 5 % de sel,F18D2CN6,"AG 18:2 9c,12c (n-6), linoléique (g/100 g)",0.0,g,CALC,0.7,computed,saumure à 5 % de sel,Composition calculée depuis Ciqual 2025 — saumure à 5 % de sel
ING-TECH-SAUMURE5SEL-000001,raw,main,CALC,saumure à 5 % de sel,F18D3N3,"AG 18:3 c9,c12,c15 (n-3), alpha-linolénique (g/100 g)",0.0,g,CALC,0.7,computed,saumure à 5 % de sel,Composition calculée depuis Ciqual 2025 — saumure à 5 % de sel
ING-TECH-SAUMURE5SEL-000001,raw,main,CALC,saumure à 5 % de sel,F20D5N3,"AG 20:5 5c,8c,11c,14c,17c (n-3) EPA (g/100 g)",0.0,g,CALC,0.7,computed,saumure à 5 % de sel,Composition calculée depuis Ciqual 2025 — saumure à 5 % de sel
ING-TECH-SAUMURE5SEL-000001,raw,main,CALC,saumure à 5 % de sel,F22D6N3,"AG 22:6 4c,7c,10c,13c,16c,19c (n-3) DHA (g/100 g)",0.0,g,CALC,0.7,computed,saumure à 5 % de sel,Composition calculée depuis Ciqual 2025 — saumure à 5 % de sel
ING-TECH-SAUMURE5SEL-000001,raw,main,CALC,saumure à 5 % de sel,RAE,"Activité vitaminique A, équivalents rétinol (µg/100 g)",0.0,µg,CALC,0.7,computed,saumure à 5 % de sel,Composition calculée depuis Ciqual 2025 — saumure à 5 % de sel
ING-TECH-SAUMURE5SEL-000001,raw,main,CALC,saumure à 5 % de sel,RETOL,Rétinol (µg/100 g),0.0,µg,CALC,0.7,computed,saumure à 5 % de sel,Composition calculée depuis Ciqual 2025 — saumure à 5 % de sel
ING-TECH-SAUMURE5SEL-000001,raw,main,CALC,saumure à 5 % de sel,CARTB,Beta-Carotène (µg/100 g),0.0,µg,CALC,0.7,computed,saumure à 5 % de sel,Composition calculée depuis Ciqual 2025 — saumure à 5 % de sel
ING-TECH-SAUMURE5SEL-000001,raw,main,CALC,saumure à 5 % de sel,VITD-,Vitamine D (µg/100 g),0.0,µg,CALC,0.7,computed,saumure à 5 % de sel,Composition calculée depuis Ciqual 2025 — saumure à 5 % de sel
ING-TECH-SAUMURE5SEL-000001,raw,main,CALC,saumure à 5 % de sel,ERGCAL,Vitamine D2 (ergocalciférol) (µg/100 g),0.0,g,CALC,0.7,computed,saumure à 5 % de sel,Composition calculée depuis Ciqual 2025 — saumure à 5 % de sel
ING-TECH-SAUMURE5SEL-000001,raw,main,CALC,saumure à 5 % de sel,CHOCAL,Vitamine D3 (cholécalciférol) (µg/100 g),0.0,g,CALC,0.7,computed,saumure à 5 % de sel,Composition calculée depuis Ciqual 2025 — saumure à 5 % de sel
ING-TECH-SAUMURE5SEL-000001,raw,main,CALC,saumure à 5 % de sel,VITK1,Vitamine K1 (µg/100 g),0.0,µg,CALC,0.7,computed,saumure à 5 % de sel,Composition calculée depuis Ciqual 2025 — saumure à 5 % de sel
ING-TECH-SAUMURE5SEL-000001,raw,main,CALC,saumure à 5 % de sel,VITC,Vitamine C (mg/100 g),0.0,mg,CALC,0.7,computed,saumure à 5 % de sel,Composition calculée depuis Ciqual 2025 — saumure à 5 % de sel
ING-TECH-SAUMURE5SEL-000001,raw,main,CALC,saumure à 5 % de sel,THIA,Vitamine B1 ou Thiamine (mg/100 g),0.0,mg,CALC,0.7,computed,saumure à 5 % de sel,Composition calculée depuis Ciqual 2025 — saumure à 5 % de sel
ING-TECH-SAUMURE5SEL-000001,raw,main,CALC,saumure à 5 % de sel,RIBF,Vitamine B2 ou Riboflavine (mg/100 g),0.0,mg,CALC,0.7,computed,saumure à 5 % de sel,Composition calculée depuis Ciqual 2025 — saumure à 5 % de sel
ING-TECH-SAUMURE5SEL-000001,raw,main,CALC,saumure à 5 % de sel,NIA,Vitamine B3 ou PP ou Niacine (mg/100 g),0.0,mg,CALC,0.7,computed,saumure à 5 % de sel,Composition calculée depuis Ciqual 2025 — saumure à 5 % de sel
ING-TECH-SAUMURE5SEL-000001,raw,main,CALC,saumure à 5 % de sel,PANTAC,Vitamine B5 ou Acide pantothénique (mg/100 g),0.0,mg,CALC,0.7,computed,saumure à 5 % de sel,Composition calculée depuis Ciqual 2025 — saumure à 5 % de sel
ING-TECH-SAUMURE5SEL-000001,raw,main,CALC,saumure à 5 % de sel,VITB6-,Vitamine B6 (mg/100 g),0.0,mg,CALC,0.7,computed,saumure à 5 % de sel,Composition calculée depuis Ciqual 2025 — saumure à 5 % de sel
ING-TECH-SAUMURE5SEL-000001,raw,main,CALC,saumure à 5 % de sel,VITB12,Vitamine B12 (µg/100 g),0.0,µg,CALC,0.7,computed,saumure à 5 % de sel,Composition calculée depuis Ciqual 2025 — saumure à 5 % de sel
ING-TECH-SAUMURE5SEL-000001,raw,main,CALC,saumure à 5 % de sel,FOLAC,Acide folique (enrichissement) (µg/100 g),0.0,µg,CALC,0.7,computed,saumure à 5 % de sel,Composition calculée depuis Ciqual 2025 — saumure à 5 % de sel
ING-TECH-SAUMURE5SEL-000001,raw,main,CALC,saumure à 5 % de sel,ALC,Alcool (éthanol) (g/100 g),0.0,g,CALC,0.7,computed,saumure à 5 % de sel,Composition calculée depuis Ciqual 2025 — saumure à 5 % de sel
ING-TECH-SAUMURE5SEL-000001,raw,main,CALC,saumure à 5 % de sel,OA,Acides organiques (g/100 g),0.0,g,CALC,0.7,computed,saumure à 5 % de sel,Composition calculée depuis Ciqual 2025 — saumure à 5 % de sel
ING-TECH-SAUMURE5SEL-000001,raw,main,CALC,saumure à 5 % de sel,TOCPHA,Alpha-tocophérol (vitamine E) (mg/100 g),0.0,mg,CALC,0.7,computed,saumure à 5 % de sel,Composition calculée depuis Ciqual 2025 — saumure à 5 % de sel
ING-TECH-SAUMURE5SEL-000001,raw,main,CALC,saumure à 5 % de sel,CHOL-,Cholestérol (mg/100 g),0.0,mg,CALC,0.7,computed,saumure à 5 % de sel,Composition calculée depuis Ciqual 2025 — saumure à 5 % de sel
ING-TECH-SAUMURE10SEL-000001,raw,main,CALC,saumure à 10 % de sel,ENERC,"Energie, Règlement UE N° 1169/2011 (kJ/100 g)",0.0,kJ,CALC,0.7,computed,saumure à 10 % de sel,Composition calculée depuis Ciqual 2025 — saumure à 10 % de sel
ING-TECH-SAUMURE10SEL-000001,raw,main,CALC,saumure à 10 % de sel,ENERCKCAL,"Energie, Règlement UE N° 1169/2011 (kcal/100 g)",0.0,kcal,CALC,0.7,computed,saumure à 10 % de sel,Composition calculée depuis Ciqual 2025 — saumure à 10 % de sel
ING-TECH-SAUMURE10SEL-000001,raw,main,CALC,saumure à 10 % de sel,WATER,Eau (g/100 g),90.003,g,CALC,0.7,computed,saumure à 10 % de sel,Composition calculée depuis Ciqual 2025 — saumure à 10 % de sel
ING-TECH-SAUMURE10SEL-000001,raw,main,CALC,saumure à 10 % de sel,ASH,Cendres (g/100 g),10.004,g,CALC,0.7,computed,saumure à 10 % de sel,Composition calculée depuis Ciqual 2025 — saumure à 10 % de sel
ING-TECH-SAUMURE10SEL-000001,raw,main,CALC,saumure à 10 % de sel,SALT,Sel chlorure de sodium (g/100 g),9.787,g,CALC,0.7,computed,saumure à 10 % de sel,Composition calculée depuis Ciqual 2025 — saumure à 10 % de sel
ING-TECH-SAUMURE10SEL-000001,raw,main,CALC,saumure à 10 % de sel,NA,Sodium (mg/100 g),3912.16,mg,CALC,0.7,computed,saumure à 10 % de sel,Composition calculée depuis Ciqual 2025 — saumure à 10 % de sel
ING-TECH-SAUMURE10SEL-000001,raw,main,CALC,saumure à 10 % de sel,MG,Magnésium (mg/100 g),1.206,mg,CALC,0.7,computed,saumure à 10 % de sel,Composition calculée depuis Ciqual 2025 — saumure à 10 % de sel
ING-TECH-SAUMURE10SEL-000001,raw,main,CALC,saumure à 10 % de sel,P,Phosphore (mg/100 g),0.0,mg,CALC,0.7,computed,saumure à 10 % de sel,Composition calculée depuis Ciqual 2025 — saumure à 10 % de sel
ING-TECH-SAUMURE10SEL-000001,raw,main,CALC,saumure à 10 % de sel,K,Potassium (mg/100 g),2.347,mg,CALC,0.7,computed,saumure à 10 % de sel,Composition calculée depuis Ciqual 2025 — saumure à 10 % de sel
ING-TECH-SAUMURE10SEL-000001,raw,main,CALC,saumure à 10 % de sel,CA,Calcium (mg/100 g),7.747,mg,CALC,0.7,computed,saumure à 10 % de sel,Composition calculée depuis Ciqual 2025 — saumure à 10 % de sel
ING-TECH-SAUMURE10SEL-000001,raw,main,CALC,saumure à 10 % de sel,MN,Manganèse (mg/100 g),0.011,mg,CALC,0.7,computed,saumure à 10 % de sel,Composition calculée depuis Ciqual 2025 — saumure à 10 % de sel
ING-TECH-SAUMURE10SEL-000001,raw,main,CALC,saumure à 10 % de sel,FE,Fer (mg/100 g),0.06,mg,CALC,0.7,computed,saumure à 10 % de sel,Composition calculée depuis Ciqual 2025 — saumure à 10 % de sel
ING-TECH-SAUMURE10SEL-000001,raw,main,CALC,saumure à 10 % de sel,CU,Cuivre (mg/100 g),0.018,mg,CALC,0.7,computed,saumure à 10 % de sel,Composition calculée depuis Ciqual 2025 — saumure à 10 % de sel
ING-TECH-SAUMURE10SEL-000001,raw,main,CALC,saumure à 10 % de sel,ZN,Zinc (mg/100 g),0.02,mg,CALC,0.7,computed,saumure à 10 % de sel,Composition calculée depuis Ciqual 2025 — saumure à 10 % de sel
ING-TECH-SAUMURE10SEL-000001,raw,main,CALC,saumure à 10 % de sel,PROCNT,"Protéines, N x 6.25 (g/100 g)",0.0,g,CALC,0.7,computed,saumure à 10 % de sel,Composition calculée depuis Ciqual 2025 — saumure à 10 % de sel
ING-TECH-SAUMURE10SEL-000001,raw,main,CALC,saumure à 10 % de sel,CHOAVL,Glucides (g/100 g),0.0,g,CALC,0.7,computed,saumure à 10 % de sel,Composition calculée depuis Ciqual 2025 — saumure à 10 % de sel
ING-TECH-SAUMURE10SEL-000001,raw,main,CALC,saumure à 10 % de sel,SUGAR,Sucres (g/100 g),0.0,g,CALC,0.7,computed,saumure à 10 % de sel,Composition calculée depuis Ciqual 2025 — saumure à 10 % de sel
ING-TECH-SAUMURE10SEL-000001,raw,main,CALC,saumure à 10 % de sel,STARCH,Amidon (g/100 g),0.0,g,CALC,0.7,computed,saumure à 10 % de sel,Composition calculée depuis Ciqual 2025 — saumure à 10 % de sel
ING-TECH-SAUMURE10SEL-000001,raw,main,CALC,saumure à 10 % de sel,POLYL,Polyols totaux (g/100 g),0.0,g,CALC,0.7,computed,saumure à 10 % de sel,Composition calculée depuis Ciqual 2025 — saumure à 10 % de sel
ING-TECH-SAUMURE10SEL-000001,raw,main,CALC,saumure à 10 % de sel,FIB-,Fibres alimentaires (g/100 g),0.0,g,CALC,0.7,computed,saumure à 10 % de sel,Composition calculée depuis Ciqual 2025 — saumure à 10 % de sel
ING-TECH-SAUMURE10SEL-000001,raw,main,CALC,saumure à 10 % de sel,FAT,Lipides (g/100 g),0.0,g,CALC,0.7,computed,saumure à 10 % de sel,Composition calculée depuis Ciqual 2025 — saumure à 10 % de sel
ING-TECH-SAUMURE10SEL-000001,raw,main,CALC,saumure à 10 % de sel,FASAT,AG saturés (g/100 g),0.0,g,CALC,0.7,computed,saumure à 10 % de sel,Composition calculée depuis Ciqual 2025 — saumure à 10 % de sel
ING-TECH-SAUMURE10SEL-000001,raw,main,CALC,saumure à 10 % de sel,FAMS,AG monoinsaturés (g/100 g),0.0,g,CALC,0.7,computed,saumure à 10 % de sel,Composition calculée depuis Ciqual 2025 — saumure à 10 % de sel
ING-TECH-SAUMURE10SEL-000001,raw,main,CALC,saumure à 10 % de sel,FAPU,AG polyinsaturés (g/100 g),0.0,g,CALC,0.7,computed,saumure à 10 % de sel,Composition calculée depuis Ciqual 2025 — saumure à 10 % de sel
ING-TECH-SAUMURE10SEL-000001,raw,main,CALC,saumure à 10 % de sel,F4D0,"AG 4:0, butyrique (g/100 g)",0.0,g,CALC,0.7,computed,saumure à 10 % de sel,Composition calculée depuis Ciqual 2025 — saumure à 10 % de sel
ING-TECH-SAUMURE10SEL-000001,raw,main,CALC,saumure à 10 % de sel,F6D0,"AG 6:0, caproïque (g/100 g)",0.0,g,CALC,0.7,computed,saumure à 10 % de sel,Composition calculée depuis Ciqual 2025 — saumure à 10 % de sel
ING-TECH-SAUMURE10SEL-000001,raw,main,CALC,saumure à 10 % de sel,F8D0,"AG 8:0, caprylique (g/100 g)",0.0,g,CALC,0.7,computed,saumure à 10 % de sel,Composition calculée depuis Ciqual 2025 — saumure à 10 % de sel
ING-TECH-SAUMURE10SEL-000001,raw,main,CALC,saumure à 10 % de sel,F10D0,"AG 10:0, caprique (g/100 g)",0.0,g,CALC,0.7,computed,saumure à 10 % de sel,Composition calculée depuis Ciqual 2025 — saumure à 10 % de sel
ING-TECH-SAUMURE10SEL-000001,raw,main,CALC,saumure à 10 % de sel,F12D0,"AG 12:0, laurique (g/100 g)",0.0,g,CALC,0.7,computed,saumure à 10 % de sel,Composition calculée depuis Ciqual 2025 — saumure à 10 % de sel
ING-TECH-SAUMURE10SEL-000001,raw,main,CALC,saumure à 10 % de sel,F14D0,"AG 14:0, myristique (g/100 g)",0.0,g,CALC,0.7,computed,saumure à 10 % de sel,Composition calculée depuis Ciqual 2025 — saumure à 10 % de sel
ING-TECH-SAUMURE10SEL-000001,raw,main,CALC,saumure à 10 % de sel,F16D0,"AG 16:0, palmitique (g/100 g)",0.0,g,CALC,0.7,computed,saumure à 10 % de sel,Composition calculée depuis Ciqual 2025 — saumure à 10 % de sel
ING-TECH-SAUMURE10SEL-000001,raw,main,CALC,saumure à 10 % de sel,F18D0,"AG 18:0, stéarique (g/100 g)",0.0,g,CALC,0.7,computed,saumure à 10 % de sel,Composition calculée depuis Ciqual 2025 — saumure à 10 % de sel
ING-TECH-SAUMURE10SEL-000001,raw,main,CALC,saumure à 10 % de sel,F18D1CN9,"AG 18:1 9c (n-9), oléique (g/100 g)",0.0,g,CALC,0.7,computed,saumure à 10 % de sel,Composition calculée depuis Ciqual 2025 — saumure à 10 % de sel
ING-TECH-SAUMURE10SEL-000001,raw,main,CALC,saumure à 10 % de sel,F18D2CN6,"AG 18:2 9c,12c (n-6), linoléique (g/100 g)",0.0,g,CALC,0.7,computed,saumure à 10 % de sel,Composition calculée depuis Ciqual 2025 — saumure à 10 % de sel
ING-TECH-SAUMURE10SEL-000001,raw,main,CALC,saumure à 10 % de sel,F18D3N3,"AG 18:3 c9,c12,c15 (n-3), alpha-linolénique (g/100 g)",0.0,g,CALC,0.7,computed,saumure à 10 % de sel,Composition calculée depuis Ciqual 2025 — saumure à 10 % de sel
ING-TECH-SAUMURE10SEL-000001,raw,main,CALC,saumure à 10 % de sel,F20D5N3,"AG 20:5 5c,8c,11c,14c,17c (n-3) EPA (g/100 g)",0.0,g,CALC,0.7,computed,saumure à 10 % de sel,Composition calculée depuis Ciqual 2025 — saumure à 10 % de sel
ING-TECH-SAUMURE10SEL-000001,raw,main,CALC,saumure à 10 % de sel,F22D6N3,"AG 22:6 4c,7c,10c,13c,16c,19c (n-3) DHA (g/100 g)",0.0,g,CALC,0.7,computed,saumure à 10 % de sel,Composition calculée depuis Ciqual 2025 — saumure à 10 % de sel
ING-TECH-SAUMURE10SEL-000001,raw,main,CALC,saumure à 10 % de sel,RAE,"Activité vitaminique A, équivalents rétinol (µg/100 g)",0.0,µg,CALC,0.7,computed,saumure à 10 % de sel,Composition calculée depuis Ciqual 2025 — saumure à 10 % de sel
ING-TECH-SAUMURE10SEL-000001,raw,main,CALC,saumure à 10 % de sel,RETOL,Rétinol (µg/100 g),0.0,µg,CALC,0.7,computed,saumure à 10 % de sel,Composition calculée depuis Ciqual 2025 — saumure à 10 % de sel
ING-TECH-SAUMURE10SEL-000001,raw,main,CALC,saumure à 10 % de sel,CARTB,Beta-Carotène (µg/100 g),0.0,µg,CALC,0.7,computed,saumure à 10 % de sel,Composition calculée depuis Ciqual 2025 — saumure à 10 % de sel
ING-TECH-SAUMURE10SEL-000001,raw,main,CALC,saumure à 10 % de sel,VITD-,Vitamine D (µg/100 g),0.0,µg,CALC,0.7,computed,saumure à 10 % de sel,Composition calculée depuis Ciqual 2025 — saumure à 10 % de sel
ING-TECH-SAUMURE10SEL-000001,raw,main,CALC,saumure à 10 % de sel,ERGCAL,Vitamine D2 (ergocalciférol) (µg/100 g),0.0,g,CALC,0.7,computed,saumure à 10 % de sel,Composition calculée depuis Ciqual 2025 — saumure à 10 % de sel
ING-TECH-SAUMURE10SEL-000001,raw,main,CALC,saumure à 10 % de sel,CHOCAL,Vitamine D3 (cholécalciférol) (µg/100 g),0.0,g,CALC,0.7,computed,saumure à 10 % de sel,Composition calculée depuis Ciqual 2025 — saumure à 10 % de sel
ING-TECH-SAUMURE10SEL-000001,raw,main,CALC,saumure à 10 % de sel,VITK1,Vitamine K1 (µg/100 g),0.0,µg,CALC,0.7,computed,saumure à 10 % de sel,Composition calculée depuis Ciqual 2025 — saumure à 10 % de sel
ING-TECH-SAUMURE10SEL-000001,raw,main,CALC,saumure à 10 % de sel,VITC,Vitamine C (mg/100 g),0.0,mg,CALC,0.7,computed,saumure à 10 % de sel,Composition calculée depuis Ciqual 2025 — saumure à 10 % de sel
ING-TECH-SAUMURE10SEL-000001,raw,main,CALC,saumure à 10 % de sel,THIA,Vitamine B1 ou Thiamine (mg/100 g),0.0,mg,CALC,0.7,computed,saumure à 10 % de sel,Composition calculée depuis Ciqual 2025 — saumure à 10 % de sel
ING-TECH-SAUMURE10SEL-000001,raw,main,CALC,saumure à 10 % de sel,RIBF,Vitamine B2 ou Riboflavine (mg/100 g),0.0,mg,CALC,0.7,computed,saumure à 10 % de sel,Composition calculée depuis Ciqual 2025 — saumure à 10 % de sel
ING-TECH-SAUMURE10SEL-000001,raw,main,CALC,saumure à 10 % de sel,NIA,Vitamine B3 ou PP ou Niacine (mg/100 g),0.0,mg,CALC,0.7,computed,saumure à 10 % de sel,Composition calculée depuis Ciqual 2025 — saumure à 10 % de sel
ING-TECH-SAUMURE10SEL-000001,raw,main,CALC,saumure à 10 % de sel,PANTAC,Vitamine B5 ou Acide pantothénique (mg/100 g),0.0,mg,CALC,0.7,computed,saumure à 10 % de sel,Composition calculée depuis Ciqual 2025 — saumure à 10 % de sel
ING-TECH-SAUMURE10SEL-000001,raw,main,CALC,saumure à 10 % de sel,VITB6-,Vitamine B6 (mg/100 g),0.0,mg,CALC,0.7,computed,saumure à 10 % de sel,Composition calculée depuis Ciqual 2025 — saumure à 10 % de sel
ING-TECH-SAUMURE10SEL-000001,raw,main,CALC,saumure à 10 % de sel,VITB12,Vitamine B12 (µg/100 g),0.0,µg,CALC,0.7,computed,saumure à 10 % de sel,Composition calculée depuis Ciqual 2025 — saumure à 10 % de sel
ING-TECH-SAUMURE10SEL-000001,raw,main,CALC,saumure à 10 % de sel,FOLAC,Acide folique (enrichissement) (µg/100 g),0.0,µg,CALC,0.7,computed,saumure à 10 % de sel,Composition calculée depuis Ciqual 2025 — saumure à 10 % de sel
ING-TECH-SAUMURE10SEL-000001,raw,main,CALC,saumure à 10 % de sel,ALC,Alcool (éthanol) (g/100 g),0.0,g,CALC,0.7,computed,saumure à 10 % de sel,Composition calculée depuis Ciqual 2025 — saumure à 10 % de sel
ING-TECH-SAUMURE10SEL-000001,raw,main,CALC,saumure à 10 % de sel,OA,Acides organiques (g/100 g),0.0,g,CALC,0.7,computed,saumure à 10 % de sel,Composition calculée depuis Ciqual 2025 — saumure à 10 % de sel
ING-TECH-SAUMURE10SEL-000001,raw,main,CALC,saumure à 10 % de sel,TOCPHA,Alpha-tocophérol (vitamine E) (mg/100 g),0.0,mg,CALC,0.7,computed,saumure à 10 % de sel,Composition calculée depuis Ciqual 2025 — saumure à 10 % de sel
ING-TECH-SAUMURE10SEL-000001,raw,main,CALC,saumure à 10 % de sel,CHOL-,Cholestérol (mg/100 g),0.0,mg,CALC,0.7,computed,saumure à 10 % de sel,Composition calculée depuis Ciqual 2025 — saumure à 10 % de sel
ING-FERMENT-LEVAINPTE-000001,raw,main,CALC,levain à 100 % d'hydratation (farine et eau à poids égaux),ENERC,"Energie, Règlement UE N° 1169/2011 (kJ/100 g)",725.0,kJ,CALC,0.7,computed,levain à 100 % d'hydratation (farine et eau à poids égaux),Composition calculée depuis Ciqual 2025 — levain à 100 % d'hydratation (farine et eau à poids égaux)
ING-FERMENT-LEVAINPTE-000001,raw,main,CALC,levain à 100 % d'hydratation (farine et eau à poids égaux),ENERCKCAL,"Energie, Règlement UE N° 1169/2011 (kcal/100 g)",171.5,kcal,CALC,0.7,computed,levain à 100 % d'hydratation (farine et eau à poids égaux),Composition calculée depuis Ciqual 2025 — levain à 100 % d'hydratation (farine et eau à poids égaux)
ING-FERMENT-LEVAINPTE-000001,raw,main,CALC,levain à 100 % d'hydratation (farine et eau à poids égaux),WATER,Eau (g/100 g),56.2,g,CALC,0.7,computed,levain à 100 % d'hydratation (farine et eau à poids égaux),Composition calculée depuis Ciqual 2025 — levain à 100 % d'hydratation (farine et eau à poids égaux)
ING-FERMENT-LEVAINPTE-000001,raw,main,CALC,levain à 100 % d'hydratation (farine et eau à poids égaux),ASH,Cendres (g/100 g),0.553,g,CALC,0.7,computed,levain à 100 % d'hydratation (farine et eau à poids égaux),Composition calculée depuis Ciqual 2025 — levain à 100 % d'hydratation (farine et eau à poids égaux)
ING-FERMENT-LEVAINPTE-000001,raw,main,CALC,levain à 100 % d'hydratation (farine et eau à poids égaux),MG,Magnésium (mg/100 g),36.995,mg,CALC,0.7,computed,levain à 100 % d'hydratation (farine et eau à poids égaux),Composition calculée depuis Ciqual 2025 — levain à 100 % d'hydratation (farine et eau à poids égaux)
ING-FERMENT-LEVAINPTE-000001,raw,main,CALC,levain à 100 % d'hydratation (farine et eau à poids égaux),P,Phosphore (mg/100 g),110.0,mg,CALC,0.7,computed,levain à 100 % d'hydratation (farine et eau à poids égaux),Composition calculée depuis Ciqual 2025 — levain à 100 % d'hydratation (farine et eau à poids égaux)
ING-FERMENT-LEVAINPTE-000001,raw,main,CALC,levain à 100 % d'hydratation (farine et eau à poids égaux),K,Potassium (mg/100 g),140.365,mg,CALC,0.7,computed,levain à 100 % d'hydratation (farine et eau à poids égaux),Composition calculée depuis Ciqual 2025 — levain à 100 % d'hydratation (farine et eau à poids égaux)
ING-FERMENT-LEVAINPTE-000001,raw,main,CALC,levain à 100 % d'hydratation (farine et eau à poids égaux),CA,Calcium (mg/100 g),17.065,mg,CALC,0.7,computed,levain à 100 % d'hydratation (farine et eau à poids égaux),Composition calculée depuis Ciqual 2025 — levain à 100 % d'hydratation (farine et eau à poids égaux)
ING-FERMENT-LEVAINPTE-000001,raw,main,CALC,levain à 100 % d'hydratation (farine et eau à poids égaux),MN,Manganèse (mg/100 g),1.1,mg,CALC,0.7,computed,levain à 100 % d'hydratation (farine et eau à poids égaux),Composition calculée depuis Ciqual 2025 — levain à 100 % d'hydratation (farine et eau à poids égaux)
ING-FERMENT-LEVAINPTE-000001,raw,main,CALC,levain à 100 % d'hydratation (farine et eau à poids égaux),FE,Fer (mg/100 g),1.115,mg,CALC,0.7,computed,levain à 100 % d'hydratation (farine et eau à poids égaux),Composition calculée depuis Ciqual 2025 — levain à 100 % d'hydratation (farine et eau à poids égaux)
ING-FERMENT-LEVAINPTE-000001,raw,main,CALC,levain à 100 % d'hydratation (farine et eau à poids égaux),CU,Cuivre (mg/100 g),0.149,mg,CALC,0.7,computed,levain à 100 % d'hydratation (farine et eau à poids égaux),Composition calculée depuis Ciqual 2025 — levain à 100 % d'hydratation (farine et eau à poids égaux)
ING-FERMENT-LEVAINPTE-000001,raw,main,CALC,levain à 100 % d'hydratation (farine et eau à poids égaux),ZN,Zinc (mg/100 g),0.956,mg,CALC,0.7,computed,levain à 100 % d'hydratation (farine et eau à poids égaux),Composition calculée depuis Ciqual 2025 — levain à 100 % d'hydratation (farine et eau à poids égaux)
ING-FERMENT-LEVAINPTE-000001,raw,main,CALC,levain à 100 % d'hydratation (farine et eau à poids égaux),PROCNT,"Protéines, N x 6.25 (g/100 g)",5.15,g,CALC,0.7,computed,levain à 100 % d'hydratation (farine et eau à poids égaux),Composition calculée depuis Ciqual 2025 — levain à 100 % d'hydratation (farine et eau à poids égaux)
ING-FERMENT-LEVAINPTE-000001,raw,main,CALC,levain à 100 % d'hydratation (farine et eau à poids égaux),CHOAVL,Glucides (g/100 g),34.3,g,CALC,0.7,computed,levain à 100 % d'hydratation (farine et eau à poids égaux),Composition calculée depuis Ciqual 2025 — levain à 100 % d'hydratation (farine et eau à poids égaux)
ING-FERMENT-LEVAINPTE-000001,raw,main,CALC,levain à 100 % d'hydratation (farine et eau à poids égaux),SUGAR,Sucres (g/100 g),0.8,g,CALC,0.7,computed,levain à 100 % d'hydratation (farine et eau à poids égaux),Composition calculée depuis Ciqual 2025 — levain à 100 % d'hydratation (farine et eau à poids égaux)
ING-FERMENT-LEVAINPTE-000001,raw,main,CALC,levain à 100 % d'hydratation (farine et eau à poids égaux),MALS,Maltose (g/100 g),0.52,g,CALC,0.7,computed,levain à 100 % d'hydratation (farine et eau à poids égaux),Composition calculée depuis Ciqual 2025 — levain à 100 % d'hydratation (farine et eau à poids égaux)
ING-FERMENT-LEVAINPTE-000001,raw,main,CALC,levain à 100 % d'hydratation (farine et eau à poids égaux),SUCS,Saccharose (g/100 g),0.28,g,CALC,0.7,computed,levain à 100 % d'hydratation (farine et eau à poids égaux),Composition calculée depuis Ciqual 2025 — levain à 100 % d'hydratation (farine et eau à poids égaux)
ING-FERMENT-LEVAINPTE-000001,raw,main,CALC,levain à 100 % d'hydratation (farine et eau à poids égaux),STARCH,Amidon (g/100 g),29.65,g,CALC,0.7,computed,levain à 100 % d'hydratation (farine et eau à poids égaux),Composition calculée depuis Ciqual 2025 — levain à 100 % d'hydratation (farine et eau à poids égaux)
ING-FERMENT-LEVAINPTE-000001,raw,main,CALC,levain à 100 % d'hydratation (farine et eau à poids égaux),POLYL,Polyols totaux (g/100 g),0.0,g,CALC,0.7,computed,levain à 100 % d'hydratation (farine et eau à poids égaux),Composition calculée depuis Ciqual 2025 — levain à 100 % d'hydratation (farine et eau à poids égaux)
ING-FERMENT-LEVAINPTE-000001,raw,main,CALC,levain à 100 % d'hydratation (farine et eau à poids égaux),FIB-,Fibres alimentaires (g/100 g),3.4,g,CALC,0.7,computed,levain à 100 % d'hydratation (farine et eau à poids égaux),Composition calculée depuis Ciqual 2025 — levain à 100 % d'hydratation (farine et eau à poids égaux)
ING-FERMENT-LEVAINPTE-000001,raw,main,CALC,levain à 100 % d'hydratation (farine et eau à poids égaux),FAT,Lipides (g/100 g),0.75,g,CALC,0.7,computed,levain à 100 % d'hydratation (farine et eau à poids égaux),Composition calculée depuis Ciqual 2025 — levain à 100 % d'hydratation (farine et eau à poids égaux)
ING-FERMENT-LEVAINPTE-000001,raw,main,CALC,levain à 100 % d'hydratation (farine et eau à poids égaux),FASAT,AG saturés (g/100 g),0.135,g,CALC,0.7,computed,levain à 100 % d'hydratation (farine et eau à poids égaux),Composition calculée depuis Ciqual 2025 — levain à 100 % d'hydratation (farine et eau à poids égaux)
ING-FERMENT-LEVAINPTE-000001,raw,main,CALC,levain à 100 % d'hydratation (farine et eau à poids égaux),FAMS,AG monoinsaturés (g/100 g),0.14,g,CALC,0.7,computed,levain à 100 % d'hydratation (farine et eau à poids égaux),Composition calculée depuis Ciqual 2025 — levain à 100 % d'hydratation (farine et eau à poids égaux)
ING-FERMENT-LEVAINPTE-000001,raw,main,CALC,levain à 100 % d'hydratation (farine et eau à poids égaux),FAPU,AG polyinsaturés (g/100 g),0.44,g,CALC,0.7,computed,levain à 100 % d'hydratation (farine et eau à poids égaux),Composition calculée depuis Ciqual 2025 — levain à 100 % d'hydratation (farine et eau à poids égaux)
ING-FERMENT-LEVAINPTE-000001,raw,main,CALC,levain à 100 % d'hydratation (farine et eau à poids égaux),F16D0,"AG 16:0, palmitique (g/100 g)",0.12,g,CALC,0.7,computed,levain à 100 % d'hydratation (farine et eau à poids égaux),Composition calculée depuis Ciqual 2025 — levain à 100 % d'hydratation (farine et eau à poids égaux)
ING-FERMENT-LEVAINPTE-000001,raw,main,CALC,levain à 100 % d'hydratation (farine et eau à poids égaux),F18D0,"AG 18:0, stéarique (g/100 g)",0.015,g,CALC,0.7,computed,levain à 100 % d'hydratation (farine et eau à poids égaux),Composition calculée depuis Ciqual 2025 — levain à 100 % d'hydratation (farine et eau à poids égaux)
ING-FERMENT-LEVAINPTE-000001,raw,main,CALC,levain à 100 % d'hydratation (farine et eau à poids égaux),F18D1CN9,"AG 18:1 9c (n-9), oléique (g/100 g)",0.13,g,CALC,0.7,computed,levain à 100 % d'hydratation (farine et eau à poids égaux),Composition calculée depuis Ciqual 2025 — levain à 100 % d'hydratation (farine et eau à poids égaux)
ING-FERMENT-LEVAINPTE-000001,raw,main,CALC,levain à 100 % d'hydratation (farine et eau à poids égaux),F18D2CN6,"AG 18:2 9c,12c (n-6), linoléique (g/100 g)",0.41,g,CALC,0.7,computed,levain à 100 % d'hydratation (farine et eau à poids égaux),Composition calculée depuis Ciqual 2025 — levain à 100 % d'hydratation (farine et eau à poids égaux)
ING-FERMENT-LEVAINPTE-000001,raw,main,CALC,levain à 100 % d'hydratation (farine et eau à poids égaux),F18D3N3,"AG 18:3 c9,c12,c15 (n-3), alpha-linolénique (g/100 g)",0.03,g,CALC,0.7,computed,levain à 100 % d'hydratation (farine et eau à poids égaux),Composition calculée depuis Ciqual 2025 — levain à 100 % d'hydratation (farine et eau à poids égaux)
ING-FERMENT-LEVAINPTE-000001,raw,main,CALC,levain à 100 % d'hydratation (farine et eau à poids égaux),RAE,"Activité vitaminique A, équivalents rétinol (µg/100 g)",0.21,µg,CALC,0.7,computed,levain à 100 % d'hydratation (farine et eau à poids égaux),Composition calculée depuis Ciqual 2025 — levain à 100 % d'hydratation (farine et eau à poids égaux)
ING-FERMENT-LEVAINPTE-000001,raw,main,CALC,levain à 100 % d'hydratation (farine et eau à poids égaux),RETOL,Rétinol (µg/100 g),0.0,µg,CALC,0.7,computed,levain à 100 % d'hydratation (farine et eau à poids égaux),Composition calculée depuis Ciqual 2025 — levain à 100 % d'hydratation (farine et eau à poids égaux)
ING-FERMENT-LEVAINPTE-000001,raw,main,CALC,levain à 100 % d'hydratation (farine et eau à poids égaux),CARTB,Beta-Carotène (µg/100 g),2.5,µg,CALC,0.7,computed,levain à 100 % d'hydratation (farine et eau à poids égaux),Composition calculée depuis Ciqual 2025 — levain à 100 % d'hydratation (farine et eau à poids égaux)
ING-FERMENT-LEVAINPTE-000001,raw,main,CALC,levain à 100 % d'hydratation (farine et eau à poids égaux),CHOCAL,Vitamine D3 (cholécalciférol) (µg/100 g),0.0,g,CALC,0.7,computed,levain à 100 % d'hydratation (farine et eau à poids égaux),Composition calculée depuis Ciqual 2025 — levain à 100 % d'hydratation (farine et eau à poids égaux)
ING-FERMENT-LEVAINPTE-000001,raw,main,CALC,levain à 100 % d'hydratation (farine et eau à poids égaux),THIA,Vitamine B1 ou Thiamine (mg/100 g),0.13,mg,CALC,0.7,computed,levain à 100 % d'hydratation (farine et eau à poids égaux),Composition calculée depuis Ciqual 2025 — levain à 100 % d'hydratation (farine et eau à poids égaux)
ING-FERMENT-LEVAINPTE-000001,raw,main,CALC,levain à 100 % d'hydratation (farine et eau à poids égaux),PANTAC,Vitamine B5 ou Acide pantothénique (mg/100 g),0.24,mg,CALC,0.7,computed,levain à 100 % d'hydratation (farine et eau à poids égaux),Composition calculée depuis Ciqual 2025 — levain à 100 % d'hydratation (farine et eau à poids égaux)
ING-FERMENT-LEVAINPTE-000001,raw,main,CALC,levain à 100 % d'hydratation (farine et eau à poids égaux),VITB6-,Vitamine B6 (mg/100 g),0.055,mg,CALC,0.7,computed,levain à 100 % d'hydratation (farine et eau à poids égaux),Composition calculée depuis Ciqual 2025 — levain à 100 % d'hydratation (farine et eau à poids égaux)
ING-FERMENT-LEVAINPTE-000001,raw,main,CALC,levain à 100 % d'hydratation (farine et eau à poids égaux),VITB12,Vitamine B12 (µg/100 g),0.0,µg,CALC,0.7,computed,levain à 100 % d'hydratation (farine et eau à poids égaux),Composition calculée depuis Ciqual 2025 — levain à 100 % d'hydratation (farine et eau à poids égaux)
ING-FERMENT-LEVAINPTE-000001,raw,main,CALC,levain à 100 % d'hydratation (farine et eau à poids égaux),FOLDFE,"Vitamine B9 ou Folates totaux, équivalents folates alimentaires, DFE (µg/100 g)",12.85,µg,CALC,0.7,computed,levain à 100 % d'hydratation (farine et eau à poids égaux),Composition calculée depuis Ciqual 2025 — levain à 100 % d'hydratation (farine et eau à poids égaux)
ING-FERMENT-LEVAINPTE-000001,raw,main,CALC,levain à 100 % d'hydratation (farine et eau à poids égaux),FOLFD,Folates intrinsèques (µg/100 g),12.85,µg,CALC,0.7,computed,levain à 100 % d'hydratation (farine et eau à poids égaux),Composition calculée depuis Ciqual 2025 — levain à 100 % d'hydratation (farine et eau à poids égaux)
ING-FERMENT-LEVAINPTE-000001,raw,main,CALC,levain à 100 % d'hydratation (farine et eau à poids égaux),FOLAC,Acide folique (enrichissement) (µg/100 g),0.0,µg,CALC,0.7,computed,levain à 100 % d'hydratation (farine et eau à poids égaux),Composition calculée depuis Ciqual 2025 — levain à 100 % d'hydratation (farine et eau à poids égaux)
ING-FERMENT-LEVAINPTE-000001,raw,main,CALC,levain à 100 % d'hydratation (farine et eau à poids égaux),ALC,Alcool (éthanol) (g/100 g),0.0,g,CALC,0.7,computed,levain à 100 % d'hydratation (farine et eau à poids égaux),Composition calculée depuis Ciqual 2025 — levain à 100 % d'hydratation (farine et eau à poids égaux)
ING-FERMENT-LEVAINPTE-000001,raw,main,CALC,levain à 100 % d'hydratation (farine et eau à poids égaux),OA,Acides organiques (g/100 g),0.0,g,CALC,0.7,computed,levain à 100 % d'hydratation (farine et eau à poids égaux),Composition calculée depuis Ciqual 2025 — levain à 100 % d'hydratation (farine et eau à poids égaux)
ING-FERMENT-LEVAINPTE-000001,raw,main,CALC,levain à 100 % d'hydratation (farine et eau à poids égaux),TOCPHA,Alpha-tocophérol (vitamine E) (mg/100 g),0.355,mg,CALC,0.7,computed,levain à 100 % d'hydratation (farine et eau à poids égaux),Composition calculée depuis Ciqual 2025 — levain à 100 % d'hydratation (farine et eau à poids égaux)
ING-FERMENT-LEVAINPTE-000001,raw,main,CALC,levain à 100 % d'hydratation (farine et eau à poids égaux),CHOL-,Cholestérol (mg/100 g),0.0,mg,CALC,0.7,computed,levain à 100 % d'hydratation (farine et eau à poids égaux),Composition calculée depuis Ciqual 2025 — levain à 100 % d'hydratation (farine et eau à poids égaux)
ING-FERMENT-LEVAINPTE-000001,raw,main,CALC,levain à 100 % d'hydratation (farine et eau à poids égaux),SALT,Sel chlorure de sodium (g/100 g),0.004,g,CALC,0.7,computed,levain à 100 % d'hydratation (farine et eau à poids égaux),Composition calculée depuis Ciqual 2025 — levain à 100 % d'hydratation (farine et eau à poids égaux)
ING-FERMENT-LEVAINDEBL-000001,raw,main,CALC,levain à 100 % d'hydratation (farine et eau à poids égaux),ENERC,"Energie, Règlement UE N° 1169/2011 (kJ/100 g)",725.0,kJ,CALC,0.7,computed,levain à 100 % d'hydratation (farine et eau à poids égaux),Composition calculée depuis Ciqual 2025 — levain à 100 % d'hydratation (farine et eau à poids égaux)
ING-FERMENT-LEVAINDEBL-000001,raw,main,CALC,levain à 100 % d'hydratation (farine et eau à poids égaux),ENERCKCAL,"Energie, Règlement UE N° 1169/2011 (kcal/100 g)",171.5,kcal,CALC,0.7,computed,levain à 100 % d'hydratation (farine et eau à poids égaux),Composition calculée depuis Ciqual 2025 — levain à 100 % d'hydratation (farine et eau à poids égaux)
ING-FERMENT-LEVAINDEBL-000001,raw,main,CALC,levain à 100 % d'hydratation (farine et eau à poids égaux),WATER,Eau (g/100 g),56.2,g,CALC,0.7,computed,levain à 100 % d'hydratation (farine et eau à poids égaux),Composition calculée depuis Ciqual 2025 — levain à 100 % d'hydratation (farine et eau à poids égaux)
ING-FERMENT-LEVAINDEBL-000001,raw,main,CALC,levain à 100 % d'hydratation (farine et eau à poids égaux),ASH,Cendres (g/100 g),0.553,g,CALC,0.7,computed,levain à 100 % d'hydratation (farine et eau à poids égaux),Composition calculée depuis Ciqual 2025 — levain à 100 % d'hydratation (farine et eau à poids égaux)
ING-FERMENT-LEVAINDEBL-000001,raw,main,CALC,levain à 100 % d'hydratation (farine et eau à poids égaux),MG,Magnésium (mg/100 g),36.995,mg,CALC,0.7,computed,levain à 100 % d'hydratation (farine et eau à poids égaux),Composition calculée depuis Ciqual 2025 — levain à 100 % d'hydratation (farine et eau à poids égaux)
ING-FERMENT-LEVAINDEBL-000001,raw,main,CALC,levain à 100 % d'hydratation (farine et eau à poids égaux),P,Phosphore (mg/100 g),110.0,mg,CALC,0.7,computed,levain à 100 % d'hydratation (farine et eau à poids égaux),Composition calculée depuis Ciqual 2025 — levain à 100 % d'hydratation (farine et eau à poids égaux)
ING-FERMENT-LEVAINDEBL-000001,raw,main,CALC,levain à 100 % d'hydratation (farine et eau à poids égaux),K,Potassium (mg/100 g),140.365,mg,CALC,0.7,computed,levain à 100 % d'hydratation (farine et eau à poids égaux),Composition calculée depuis Ciqual 2025 — levain à 100 % d'hydratation (farine et eau à poids égaux)
ING-FERMENT-LEVAINDEBL-000001,raw,main,CALC,levain à 100 % d'hydratation (farine et eau à poids égaux),CA,Calcium (mg/100 g),17.065,mg,CALC,0.7,computed,levain à 100 % d'hydratation (farine et eau à poids égaux),Composition calculée depuis Ciqual 2025 — levain à 100 % d'hydratation (farine et eau à poids égaux)
ING-FERMENT-LEVAINDEBL-000001,raw,main,CALC,levain à 100 % d'hydratation (farine et eau à poids égaux),MN,Manganèse (mg/100 g),1.1,mg,CALC,0.7,computed,levain à 100 % d'hydratation (farine et eau à poids égaux),Composition calculée depuis Ciqual 2025 — levain à 100 % d'hydratation (farine et eau à poids égaux)
ING-FERMENT-LEVAINDEBL-000001,raw,main,CALC,levain à 100 % d'hydratation (farine et eau à poids égaux),FE,Fer (mg/100 g),1.115,mg,CALC,0.7,computed,levain à 100 % d'hydratation (farine et eau à poids égaux),Composition calculée depuis Ciqual 2025 — levain à 100 % d'hydratation (farine et eau à poids égaux)
ING-FERMENT-LEVAINDEBL-000001,raw,main,CALC,levain à 100 % d'hydratation (farine et eau à poids égaux),CU,Cuivre (mg/100 g),0.149,mg,CALC,0.7,computed,levain à 100 % d'hydratation (farine et eau à poids égaux),Composition calculée depuis Ciqual 2025 — levain à 100 % d'hydratation (farine et eau à poids égaux)
ING-FERMENT-LEVAINDEBL-000001,raw,main,CALC,levain à 100 % d'hydratation (farine et eau à poids égaux),ZN,Zinc (mg/100 g),0.956,mg,CALC,0.7,computed,levain à 100 % d'hydratation (farine et eau à poids égaux),Composition calculée depuis Ciqual 2025 — levain à 100 % d'hydratation (farine et eau à poids égaux)
ING-FERMENT-LEVAINDEBL-000001,raw,main,CALC,levain à 100 % d'hydratation (farine et eau à poids égaux),PROCNT,"Protéines, N x 6.25 (g/100 g)",5.15,g,CALC,0.7,computed,levain à 100 % d'hydratation (farine et eau à poids égaux),Composition calculée depuis Ciqual 2025 — levain à 100 % d'hydratation (farine et eau à poids égaux)
ING-FERMENT-LEVAINDEBL-000001,raw,main,CALC,levain à 100 % d'hydratation (farine et eau à poids égaux),CHOAVL,Glucides (g/100 g),34.3,g,CALC,0.7,computed,levain à 100 % d'hydratation (farine et eau à poids égaux),Composition calculée depuis Ciqual 2025 — levain à 100 % d'hydratation (farine et eau à poids égaux)
ING-FERMENT-LEVAINDEBL-000001,raw,main,CALC,levain à 100 % d'hydratation (farine et eau à poids égaux),SUGAR,Sucres (g/100 g),0.8,g,CALC,0.7,computed,levain à 100 % d'hydratation (farine et eau à poids égaux),Composition calculée depuis Ciqual 2025 — levain à 100 % d'hydratation (farine et eau à poids égaux)
ING-FERMENT-LEVAINDEBL-000001,raw,main,CALC,levain à 100 % d'hydratation (farine et eau à poids égaux),MALS,Maltose (g/100 g),0.52,g,CALC,0.7,computed,levain à 100 % d'hydratation (farine et eau à poids égaux),Composition calculée depuis Ciqual 2025 — levain à 100 % d'hydratation (farine et eau à poids égaux)
ING-FERMENT-LEVAINDEBL-000001,raw,main,CALC,levain à 100 % d'hydratation (farine et eau à poids égaux),SUCS,Saccharose (g/100 g),0.28,g,CALC,0.7,computed,levain à 100 % d'hydratation (farine et eau à poids égaux),Composition calculée depuis Ciqual 2025 — levain à 100 % d'hydratation (farine et eau à poids égaux)
ING-FERMENT-LEVAINDEBL-000001,raw,main,CALC,levain à 100 % d'hydratation (farine et eau à poids égaux),STARCH,Amidon (g/100 g),29.65,g,CALC,0.7,computed,levain à 100 % d'hydratation (farine et eau à poids égaux),Composition calculée depuis Ciqual 2025 — levain à 100 % d'hydratation (farine et eau à poids égaux)
ING-FERMENT-LEVAINDEBL-000001,raw,main,CALC,levain à 100 % d'hydratation (farine et eau à poids égaux),POLYL,Polyols totaux (g/100 g),0.0,g,CALC,0.7,computed,levain à 100 % d'hydratation (farine et eau à poids égaux),Composition calculée depuis Ciqual 2025 — levain à 100 % d'hydratation (farine et eau à poids égaux)
ING-FERMENT-LEVAINDEBL-000001,raw,main,CALC,levain à 100 % d'hydratation (farine et eau à poids égaux),FIB-,Fibres alimentaires (g/100 g),3.4,g,CALC,0.7,computed,levain à 100 % d'hydratation (farine et eau à poids égaux),Composition calculée depuis Ciqual 2025 — levain à 100 % d'hydratation (farine et eau à poids égaux)
ING-FERMENT-LEVAINDEBL-000001,raw,main,CALC,levain à 100 % d'hydratation (farine et eau à poids égaux),FAT,Lipides (g/100 g),0.75,g,CALC,0.7,computed,levain à 100 % d'hydratation (farine et eau à poids égaux),Composition calculée depuis Ciqual 2025 — levain à 100 % d'hydratation (farine et eau à poids égaux)
ING-FERMENT-LEVAINDEBL-000001,raw,main,CALC,levain à 100 % d'hydratation (farine et eau à poids égaux),FASAT,AG saturés (g/100 g),0.135,g,CALC,0.7,computed,levain à 100 % d'hydratation (farine et eau à poids égaux),Composition calculée depuis Ciqual 2025 — levain à 100 % d'hydratation (farine et eau à poids égaux)
ING-FERMENT-LEVAINDEBL-000001,raw,main,CALC,levain à 100 % d'hydratation (farine et eau à poids égaux),FAMS,AG monoinsaturés (g/100 g),0.14,g,CALC,0.7,computed,levain à 100 % d'hydratation (farine et eau à poids égaux),Composition calculée depuis Ciqual 2025 — levain à 100 % d'hydratation (farine et eau à poids égaux)
ING-FERMENT-LEVAINDEBL-000001,raw,main,CALC,levain à 100 % d'hydratation (farine et eau à poids égaux),FAPU,AG polyinsaturés (g/100 g),0.44,g,CALC,0.7,computed,levain à 100 % d'hydratation (farine et eau à poids égaux),Composition calculée depuis Ciqual 2025 — levain à 100 % d'hydratation (farine et eau à poids égaux)
ING-FERMENT-LEVAINDEBL-000001,raw,main,CALC,levain à 100 % d'hydratation (farine et eau à poids égaux),F16D0,"AG 16:0, palmitique (g/100 g)",0.12,g,CALC,0.7,computed,levain à 100 % d'hydratation (farine et eau à poids égaux),Composition calculée depuis Ciqual 2025 — levain à 100 % d'hydratation (farine et eau à poids égaux)
ING-FERMENT-LEVAINDEBL-000001,raw,main,CALC,levain à 100 % d'hydratation (farine et eau à poids égaux),F18D0,"AG 18:0, stéarique (g/100 g)",0.015,g,CALC,0.7,computed,levain à 100 % d'hydratation (farine et eau à poids égaux),Composition calculée depuis Ciqual 2025 — levain à 100 % d'hydratation (farine et eau à poids égaux)
ING-FERMENT-LEVAINDEBL-000001,raw,main,CALC,levain à 100 % d'hydratation (farine et eau à poids égaux),F18D1CN9,"AG 18:1 9c (n-9), oléique (g/100 g)",0.13,g,CALC,0.7,computed,levain à 100 % d'hydratation (farine et eau à poids égaux),Composition calculée depuis Ciqual 2025 — levain à 100 % d'hydratation (farine et eau à poids égaux)
ING-FERMENT-LEVAINDEBL-000001,raw,main,CALC,levain à 100 % d'hydratation (farine et eau à poids égaux),F18D2CN6,"AG 18:2 9c,12c (n-6), linoléique (g/100 g)",0.41,g,CALC,0.7,computed,levain à 100 % d'hydratation (farine et eau à poids égaux),Composition calculée depuis Ciqual 2025 — levain à 100 % d'hydratation (farine et eau à poids égaux)
ING-FERMENT-LEVAINDEBL-000001,raw,main,CALC,levain à 100 % d'hydratation (farine et eau à poids égaux),F18D3N3,"AG 18:3 c9,c12,c15 (n-3), alpha-linolénique (g/100 g)",0.03,g,CALC,0.7,computed,levain à 100 % d'hydratation (farine et eau à poids égaux),Composition calculée depuis Ciqual 2025 — levain à 100 % d'hydratation (farine et eau à poids égaux)
ING-FERMENT-LEVAINDEBL-000001,raw,main,CALC,levain à 100 % d'hydratation (farine et eau à poids égaux),RAE,"Activité vitaminique A, équivalents rétinol (µg/100 g)",0.21,µg,CALC,0.7,computed,levain à 100 % d'hydratation (farine et eau à poids égaux),Composition calculée depuis Ciqual 2025 — levain à 100 % d'hydratation (farine et eau à poids égaux)
ING-FERMENT-LEVAINDEBL-000001,raw,main,CALC,levain à 100 % d'hydratation (farine et eau à poids égaux),RETOL,Rétinol (µg/100 g),0.0,µg,CALC,0.7,computed,levain à 100 % d'hydratation (farine et eau à poids égaux),Composition calculée depuis Ciqual 2025 — levain à 100 % d'hydratation (farine et eau à poids égaux)
ING-FERMENT-LEVAINDEBL-000001,raw,main,CALC,levain à 100 % d'hydratation (farine et eau à poids égaux),CARTB,Beta-Carotène (µg/100 g),2.5,µg,CALC,0.7,computed,levain à 100 % d'hydratation (farine et eau à poids égaux),Composition calculée depuis Ciqual 2025 — levain à 100 % d'hydratation (farine et eau à poids égaux)
ING-FERMENT-LEVAINDEBL-000001,raw,main,CALC,levain à 100 % d'hydratation (farine et eau à poids égaux),CHOCAL,Vitamine D3 (cholécalciférol) (µg/100 g),0.0,g,CALC,0.7,computed,levain à 100 % d'hydratation (farine et eau à poids égaux),Composition calculée depuis Ciqual 2025 — levain à 100 % d'hydratation (farine et eau à poids égaux)
ING-FERMENT-LEVAINDEBL-000001,raw,main,CALC,levain à 100 % d'hydratation (farine et eau à poids égaux),THIA,Vitamine B1 ou Thiamine (mg/100 g),0.13,mg,CALC,0.7,computed,levain à 100 % d'hydratation (farine et eau à poids égaux),Composition calculée depuis Ciqual 2025 — levain à 100 % d'hydratation (farine et eau à poids égaux)
ING-FERMENT-LEVAINDEBL-000001,raw,main,CALC,levain à 100 % d'hydratation (farine et eau à poids égaux),PANTAC,Vitamine B5 ou Acide pantothénique (mg/100 g),0.24,mg,CALC,0.7,computed,levain à 100 % d'hydratation (farine et eau à poids égaux),Composition calculée depuis Ciqual 2025 — levain à 100 % d'hydratation (farine et eau à poids égaux)
ING-FERMENT-LEVAINDEBL-000001,raw,main,CALC,levain à 100 % d'hydratation (farine et eau à poids égaux),VITB6-,Vitamine B6 (mg/100 g),0.055,mg,CALC,0.7,computed,levain à 100 % d'hydratation (farine et eau à poids égaux),Composition calculée depuis Ciqual 2025 — levain à 100 % d'hydratation (farine et eau à poids égaux)
ING-FERMENT-LEVAINDEBL-000001,raw,main,CALC,levain à 100 % d'hydratation (farine et eau à poids égaux),VITB12,Vitamine B12 (µg/100 g),0.0,µg,CALC,0.7,computed,levain à 100 % d'hydratation (farine et eau à poids égaux),Composition calculée depuis Ciqual 2025 — levain à 100 % d'hydratation (farine et eau à poids égaux)
ING-FERMENT-LEVAINDEBL-000001,raw,main,CALC,levain à 100 % d'hydratation (farine et eau à poids égaux),FOLDFE,"Vitamine B9 ou Folates totaux, équivalents folates alimentaires, DFE (µg/100 g)",12.85,µg,CALC,0.7,computed,levain à 100 % d'hydratation (farine et eau à poids égaux),Composition calculée depuis Ciqual 2025 — levain à 100 % d'hydratation (farine et eau à poids égaux)
ING-FERMENT-LEVAINDEBL-000001,raw,main,CALC,levain à 100 % d'hydratation (farine et eau à poids égaux),FOLFD,Folates intrinsèques (µg/100 g),12.85,µg,CALC,0.7,computed,levain à 100 % d'hydratation (farine et eau à poids égaux),Composition calculée depuis Ciqual 2025 — levain à 100 % d'hydratation (farine et eau à poids égaux)
ING-FERMENT-LEVAINDEBL-000001,raw,main,CALC,levain à 100 % d'hydratation (farine et eau à poids égaux),FOLAC,Acide folique (enrichissement) (µg/100 g),0.0,µg,CALC,0.7,computed,levain à 100 % d'hydratation (farine et eau à poids égaux),Composition calculée depuis Ciqual 2025 — levain à 100 % d'hydratation (farine et eau à poids égaux)
ING-FERMENT-LEVAINDEBL-000001,raw,main,CALC,levain à 100 % d'hydratation (farine et eau à poids égaux),ALC,Alcool (éthanol) (g/100 g),0.0,g,CALC,0.7,computed,levain à 100 % d'hydratation (farine et eau à poids égaux),Composition calculée depuis Ciqual 2025 — levain à 100 % d'hydratation (farine et eau à poids égaux)
ING-FERMENT-LEVAINDEBL-000001,raw,main,CALC,levain à 100 % d'hydratation (farine et eau à poids égaux),OA,Acides organiques (g/100 g),0.0,g,CALC,0.7,computed,levain à 100 % d'hydratation (farine et eau à poids égaux),Composition calculée depuis Ciqual 2025 — levain à 100 % d'hydratation (farine et eau à poids égaux)
ING-FERMENT-LEVAINDEBL-000001,raw,main,CALC,levain à 100 % d'hydratation (farine et eau à poids égaux),TOCPHA,Alpha-tocophérol (vitamine E) (mg/100 g),0.355,mg,CALC,0.7,computed,levain à 100 % d'hydratation (farine et eau à poids égaux),Composition calculée depuis Ciqual 2025 — levain à 100 % d'hydratation (farine et eau à poids égaux)
ING-FERMENT-LEVAINDEBL-000001,raw,main,CALC,levain à 100 % d'hydratation (farine et eau à poids égaux),CHOL-,Cholestérol (mg/100 g),0.0,mg,CALC,0.7,computed,levain à 100 % d'hydratation (farine et eau à poids égaux),Composition calculée depuis Ciqual 2025 — levain à 100 % d'hydratation (farine et eau à poids égaux)
ING-FERMENT-LEVAINDEBL-000001,raw,main,CALC,levain à 100 % d'hydratation (farine et eau à poids égaux),SALT,Sel chlorure de sodium (g/100 g),0.004,g,CALC,0.7,computed,levain à 100 % d'hydratation (farine et eau à poids égaux),Composition calculée depuis Ciqual 2025 — levain à 100 % d'hydratation (farine et eau à poids égaux)
ING-FERMENT-LEVAINDESEIG-000001,raw,main,CALC,levain de seigle à 100 % d'hydratation,ENERC,"Energie, Règlement UE N° 1169/2011 (kJ/100 g)",660.0,kJ,CALC,0.7,computed,levain de seigle à 100 % d'hydratation,Composition calculée depuis Ciqual 2025 — levain de seigle à 100 % d'hydratation
ING-FERMENT-LEVAINDESEIG-000001,raw,main,CALC,levain de seigle à 100 % d'hydratation,ENERCKCAL,"Energie, Règlement UE N° 1169/2011 (kcal/100 g)",157.5,kcal,CALC,0.7,computed,levain de seigle à 100 % d'hydratation,Composition calculée depuis Ciqual 2025 — levain de seigle à 100 % d'hydratation
ING-FERMENT-LEVAINDESEIG-000001,raw,main,CALC,levain de seigle à 100 % d'hydratation,WATER,Eau (g/100 g),55.4,g,CALC,0.7,computed,levain de seigle à 100 % d'hydratation,Composition calculée depuis Ciqual 2025 — levain de seigle à 100 % d'hydratation
ING-FERMENT-LEVAINDESEIG-000001,raw,main,CALC,levain de seigle à 100 % d'hydratation,ASH,Cendres (g/100 g),1.258,g,CALC,0.7,computed,levain de seigle à 100 % d'hydratation,Composition calculée depuis Ciqual 2025 — levain de seigle à 100 % d'hydratation
ING-FERMENT-LEVAINDESEIG-000001,raw,main,CALC,levain de seigle à 100 % d'hydratation,SALT,Sel chlorure de sodium (g/100 g),0.006,g,CALC,0.7,computed,levain de seigle à 100 % d'hydratation,Composition calculée depuis Ciqual 2025 — levain de seigle à 100 % d'hydratation
ING-FERMENT-LEVAINDESEIG-000001,raw,main,CALC,levain de seigle à 100 % d'hydratation,NA,Sodium (mg/100 g),2.2,mg,CALC,0.7,computed,levain de seigle à 100 % d'hydratation,Composition calculée depuis Ciqual 2025 — levain de seigle à 100 % d'hydratation
ING-FERMENT-LEVAINDESEIG-000001,raw,main,CALC,levain de seigle à 100 % d'hydratation,MG,Magnésium (mg/100 g),80.495,mg,CALC,0.7,computed,levain de seigle à 100 % d'hydratation,Composition calculée depuis Ciqual 2025 — levain de seigle à 100 % d'hydratation
ING-FERMENT-LEVAINDESEIG-000001,raw,main,CALC,levain de seigle à 100 % d'hydratation,P,Phosphore (mg/100 g),249.5,mg,CALC,0.7,computed,levain de seigle à 100 % d'hydratation,Composition calculée depuis Ciqual 2025 — levain de seigle à 100 % d'hydratation
ING-FERMENT-LEVAINDESEIG-000001,raw,main,CALC,levain de seigle à 100 % d'hydratation,K,Potassium (mg/100 g),358.865,mg,CALC,0.7,computed,levain de seigle à 100 % d'hydratation,Composition calculée depuis Ciqual 2025 — levain de seigle à 100 % d'hydratation
ING-FERMENT-LEVAINDESEIG-000001,raw,main,CALC,levain de seigle à 100 % d'hydratation,CA,Calcium (mg/100 g),22.065,mg,CALC,0.7,computed,levain de seigle à 100 % d'hydratation,Composition calculée depuis Ciqual 2025 — levain de seigle à 100 % d'hydratation
ING-FERMENT-LEVAINDESEIG-000001,raw,main,CALC,levain de seigle à 100 % d'hydratation,MN,Manganèse (mg/100 g),3.03,mg,CALC,0.7,computed,levain de seigle à 100 % d'hydratation,Composition calculée depuis Ciqual 2025 — levain de seigle à 100 % d'hydratation
ING-FERMENT-LEVAINDESEIG-000001,raw,main,CALC,levain de seigle à 100 % d'hydratation,FE,Fer (mg/100 g),2.5,mg,CALC,0.7,computed,levain de seigle à 100 % d'hydratation,Composition calculée depuis Ciqual 2025 — levain de seigle à 100 % d'hydratation
ING-FERMENT-LEVAINDESEIG-000001,raw,main,CALC,levain de seigle à 100 % d'hydratation,CU,Cuivre (mg/100 g),0.289,mg,CALC,0.7,computed,levain de seigle à 100 % d'hydratation,Composition calculée depuis Ciqual 2025 — levain de seigle à 100 % d'hydratation
ING-FERMENT-LEVAINDESEIG-000001,raw,main,CALC,levain de seigle à 100 % d'hydratation,ZN,Zinc (mg/100 g),2.526,mg,CALC,0.7,computed,levain de seigle à 100 % d'hydratation,Composition calculée depuis Ciqual 2025 — levain de seigle à 100 % d'hydratation
ING-FERMENT-LEVAINDESEIG-000001,raw,main,CALC,levain de seigle à 100 % d'hydratation,PROCNT,"Protéines, N x 6.25 (g/100 g)",8.55,g,CALC,0.7,computed,levain de seigle à 100 % d'hydratation,Composition calculée depuis Ciqual 2025 — levain de seigle à 100 % d'hydratation
ING-FERMENT-LEVAINDESEIG-000001,raw,main,CALC,levain de seigle à 100 % d'hydratation,CHOAVL,Glucides (g/100 g),22.4,g,CALC,0.7,computed,levain de seigle à 100 % d'hydratation,Composition calculée depuis Ciqual 2025 — levain de seigle à 100 % d'hydratation
ING-FERMENT-LEVAINDESEIG-000001,raw,main,CALC,levain de seigle à 100 % d'hydratation,SUGAR,Sucres (g/100 g),1.155,g,CALC,0.7,computed,levain de seigle à 100 % d'hydratation,Composition calculée depuis Ciqual 2025 — levain de seigle à 100 % d'hydratation
ING-FERMENT-LEVAINDESEIG-000001,raw,main,CALC,levain de seigle à 100 % d'hydratation,FRUS,Fructose (g/100 g),0.115,g,CALC,0.7,computed,levain de seigle à 100 % d'hydratation,Composition calculée depuis Ciqual 2025 — levain de seigle à 100 % d'hydratation
ING-FERMENT-LEVAINDESEIG-000001,raw,main,CALC,levain de seigle à 100 % d'hydratation,GLUS,Glucose (g/100 g),0.11,g,CALC,0.7,computed,levain de seigle à 100 % d'hydratation,Composition calculée depuis Ciqual 2025 — levain de seigle à 100 % d'hydratation
ING-FERMENT-LEVAINDESEIG-000001,raw,main,CALC,levain de seigle à 100 % d'hydratation,LACS,Lactose (g/100 g),0.0,g,CALC,0.7,computed,levain de seigle à 100 % d'hydratation,Composition calculée depuis Ciqual 2025 — levain de seigle à 100 % d'hydratation
ING-FERMENT-LEVAINDESEIG-000001,raw,main,CALC,levain de seigle à 100 % d'hydratation,MALS,Maltose (g/100 g),0.035,g,CALC,0.7,computed,levain de seigle à 100 % d'hydratation,Composition calculée depuis Ciqual 2025 — levain de seigle à 100 % d'hydratation
ING-FERMENT-LEVAINDESEIG-000001,raw,main,CALC,levain de seigle à 100 % d'hydratation,SUCS,Saccharose (g/100 g),0.895,g,CALC,0.7,computed,levain de seigle à 100 % d'hydratation,Composition calculée depuis Ciqual 2025 — levain de seigle à 100 % d'hydratation
ING-FERMENT-LEVAINDESEIG-000001,raw,main,CALC,levain de seigle à 100 % d'hydratation,POLYL,Polyols totaux (g/100 g),0.0,g,CALC,0.7,computed,levain de seigle à 100 % d'hydratation,Composition calculée depuis Ciqual 2025 — levain de seigle à 100 % d'hydratation
ING-FERMENT-LEVAINDESEIG-000001,raw,main,CALC,levain de seigle à 100 % d'hydratation,FIB-,Fibres alimentaires (g/100 g),11.9,g,CALC,0.7,computed,levain de seigle à 100 % d'hydratation,Composition calculée depuis Ciqual 2025 — levain de seigle à 100 % d'hydratation
ING-FERMENT-LEVAINDESEIG-000001,raw,main,CALC,levain de seigle à 100 % d'hydratation,FAT,Lipides (g/100 g),1.11,g,CALC,0.7,computed,levain de seigle à 100 % d'hydratation,Composition calculée depuis Ciqual 2025 — levain de seigle à 100 % d'hydratation
ING-FERMENT-LEVAINDESEIG-000001,raw,main,CALC,levain de seigle à 100 % d'hydratation,FASAT,AG saturés (g/100 g),0.135,g,CALC,0.7,computed,levain de seigle à 100 % d'hydratation,Composition calculée depuis Ciqual 2025 — levain de seigle à 100 % d'hydratation
ING-FERMENT-LEVAINDESEIG-000001,raw,main,CALC,levain de seigle à 100 % d'hydratation,FAMS,AG monoinsaturés (g/100 g),0.14,g,CALC,0.7,computed,levain de seigle à 100 % d'hydratation,Composition calculée depuis Ciqual 2025 — levain de seigle à 100 % d'hydratation
ING-FERMENT-LEVAINDESEIG-000001,raw,main,CALC,levain de seigle à 100 % d'hydratation,FAPU,AG polyinsaturés (g/100 g),0.525,g,CALC,0.7,computed,levain de seigle à 100 % d'hydratation,Composition calculée depuis Ciqual 2025 — levain de seigle à 100 % d'hydratation
ING-FERMENT-LEVAINDESEIG-000001,raw,main,CALC,levain de seigle à 100 % d'hydratation,F4D0,"AG 4:0, butyrique (g/100 g)",0.0,g,CALC,0.7,computed,levain de seigle à 100 % d'hydratation,Composition calculée depuis Ciqual 2025 — levain de seigle à 100 % d'hydratation
ING-FERMENT-LEVAINDESEIG-000001,raw,main,CALC,levain de seigle à 100 % d'hydratation,F6D0,"AG 6:0, caproïque (g/100 g)",0.0,g,CALC,0.7,computed,levain de seigle à 100 % d'hydratation,Composition calculée depuis Ciqual 2025 — levain de seigle à 100 % d'hydratation
ING-FERMENT-LEVAINDESEIG-000001,raw,main,CALC,levain de seigle à 100 % d'hydratation,F8D0,"AG 8:0, caprylique (g/100 g)",0.0,g,CALC,0.7,computed,levain de seigle à 100 % d'hydratation,Composition calculée depuis Ciqual 2025 — levain de seigle à 100 % d'hydratation
ING-FERMENT-LEVAINDESEIG-000001,raw,main,CALC,levain de seigle à 100 % d'hydratation,F10D0,"AG 10:0, caprique (g/100 g)",0.0,g,CALC,0.7,computed,levain de seigle à 100 % d'hydratation,Composition calculée depuis Ciqual 2025 — levain de seigle à 100 % d'hydratation
ING-FERMENT-LEVAINDESEIG-000001,raw,main,CALC,levain de seigle à 100 % d'hydratation,F12D0,"AG 12:0, laurique (g/100 g)",0.0,g,CALC,0.7,computed,levain de seigle à 100 % d'hydratation,Composition calculée depuis Ciqual 2025 — levain de seigle à 100 % d'hydratation
ING-FERMENT-LEVAINDESEIG-000001,raw,main,CALC,levain de seigle à 100 % d'hydratation,F14D0,"AG 14:0, myristique (g/100 g)",0.002,g,CALC,0.7,computed,levain de seigle à 100 % d'hydratation,Composition calculée depuis Ciqual 2025 — levain de seigle à 100 % d'hydratation
ING-FERMENT-LEVAINDESEIG-000001,raw,main,CALC,levain de seigle à 100 % d'hydratation,F16D0,"AG 16:0, palmitique (g/100 g)",0.13,g,CALC,0.7,computed,levain de seigle à 100 % d'hydratation,Composition calculée depuis Ciqual 2025 — levain de seigle à 100 % d'hydratation
ING-FERMENT-LEVAINDESEIG-000001,raw,main,CALC,levain de seigle à 100 % d'hydratation,F18D0,"AG 18:0, stéarique (g/100 g)",0.004,g,CALC,0.7,computed,levain de seigle à 100 % d'hydratation,Composition calculée depuis Ciqual 2025 — levain de seigle à 100 % d'hydratation
ING-FERMENT-LEVAINDESEIG-000001,raw,main,CALC,levain de seigle à 100 % d'hydratation,F20D5N3,"AG 20:5 5c,8c,11c,14c,17c (n-3) EPA (g/100 g)",0.0,g,CALC,0.7,computed,levain de seigle à 100 % d'hydratation,Composition calculée depuis Ciqual 2025 — levain de seigle à 100 % d'hydratation
ING-FERMENT-LEVAINDESEIG-000001,raw,main,CALC,levain de seigle à 100 % d'hydratation,F22D6N3,"AG 22:6 4c,7c,10c,13c,16c,19c (n-3) DHA (g/100 g)",0.0,g,CALC,0.7,computed,levain de seigle à 100 % d'hydratation,Composition calculée depuis Ciqual 2025 — levain de seigle à 100 % d'hydratation
ING-FERMENT-LEVAINDESEIG-000001,raw,main,CALC,levain de seigle à 100 % d'hydratation,RAE,"Activité vitaminique A, équivalents rétinol (µg/100 g)",0.29,µg,CALC,0.7,computed,levain de seigle à 100 % d'hydratation,Composition calculée depuis Ciqual 2025 — levain de seigle à 100 % d'hydratation
ING-FERMENT-LEVAINDESEIG-000001,raw,main,CALC,levain de seigle à 100 % d'hydratation,RETOL,Rétinol (µg/100 g),0.0,µg,CALC,0.7,computed,levain de seigle à 100 % d'hydratation,Composition calculée depuis Ciqual 2025 — levain de seigle à 100 % d'hydratation
ING-FERMENT-LEVAINDESEIG-000001,raw,main,CALC,levain de seigle à 100 % d'hydratation,CARTB,Beta-Carotène (µg/100 g),3.5,µg,CALC,0.7,computed,levain de seigle à 100 % d'hydratation,Composition calculée depuis Ciqual 2025 — levain de seigle à 100 % d'hydratation
ING-FERMENT-LEVAINDESEIG-000001,raw,main,CALC,levain de seigle à 100 % d'hydratation,VITD-,Vitamine D (µg/100 g),0.0,µg,CALC,0.7,computed,levain de seigle à 100 % d'hydratation,Composition calculée depuis Ciqual 2025 — levain de seigle à 100 % d'hydratation
ING-FERMENT-LEVAINDESEIG-000001,raw,main,CALC,levain de seigle à 100 % d'hydratation,ERGCAL,Vitamine D2 (ergocalciférol) (µg/100 g),0.0,g,CALC,0.7,computed,levain de seigle à 100 % d'hydratation,Composition calculée depuis Ciqual 2025 — levain de seigle à 100 % d'hydratation
ING-FERMENT-LEVAINDESEIG-000001,raw,main,CALC,levain de seigle à 100 % d'hydratation,CHOCAL,Vitamine D3 (cholécalciférol) (µg/100 g),0.0,g,CALC,0.7,computed,levain de seigle à 100 % d'hydratation,Composition calculée depuis Ciqual 2025 — levain de seigle à 100 % d'hydratation
ING-FERMENT-LEVAINDESEIG-000001,raw,main,CALC,levain de seigle à 100 % d'hydratation,VITK1,Vitamine K1 (µg/100 g),2.95,µg,CALC,0.7,computed,levain de seigle à 100 % d'hydratation,Composition calculée depuis Ciqual 2025 — levain de seigle à 100 % d'hydratation
ING-FERMENT-LEVAINDESEIG-000001,raw,main,CALC,levain de seigle à 100 % d'hydratation,VITC,Vitamine C (mg/100 g),0.0,mg,CALC,0.7,computed,levain de seigle à 100 % d'hydratation,Composition calculée depuis Ciqual 2025 — levain de seigle à 100 % d'hydratation
ING-FERMENT-LEVAINDESEIG-000001,raw,main,CALC,levain de seigle à 100 % d'hydratation,THIA,Vitamine B1 ou Thiamine (mg/100 g),0.16,mg,CALC,0.7,computed,levain de seigle à 100 % d'hydratation,Composition calculée depuis Ciqual 2025 — levain de seigle à 100 % d'hydratation
ING-FERMENT-LEVAINDESEIG-000001,raw,main,CALC,levain de seigle à 100 % d'hydratation,RIBF,Vitamine B2 ou Riboflavine (mg/100 g),0.125,mg,CALC,0.7,computed,levain de seigle à 100 % d'hydratation,Composition calculée depuis Ciqual 2025 — levain de seigle à 100 % d'hydratation
ING-FERMENT-LEVAINDESEIG-000001,raw,main,CALC,levain de seigle à 100 % d'hydratation,NIA,Vitamine B3 ou PP ou Niacine (mg/100 g),2.135,mg,CALC,0.7,computed,levain de seigle à 100 % d'hydratation,Composition calculée depuis Ciqual 2025 — levain de seigle à 100 % d'hydratation
ING-FERMENT-LEVAINDESEIG-000001,raw,main,CALC,levain de seigle à 100 % d'hydratation,PANTAC,Vitamine B5 ou Acide pantothénique (mg/100 g),0.73,mg,CALC,0.7,computed,levain de seigle à 100 % d'hydratation,Composition calculée depuis Ciqual 2025 — levain de seigle à 100 % d'hydratation
ING-FERMENT-LEVAINDESEIG-000001,raw,main,CALC,levain de seigle à 100 % d'hydratation,VITB6-,Vitamine B6 (mg/100 g),0.22,mg,CALC,0.7,computed,levain de seigle à 100 % d'hydratation,Composition calculée depuis Ciqual 2025 — levain de seigle à 100 % d'hydratation
ING-FERMENT-LEVAINDESEIG-000001,raw,main,CALC,levain de seigle à 100 % d'hydratation,VITB12,Vitamine B12 (µg/100 g),0.0,µg,CALC,0.7,computed,levain de seigle à 100 % d'hydratation,Composition calculée depuis Ciqual 2025 — levain de seigle à 100 % d'hydratation
ING-FERMENT-LEVAINDESEIG-000001,raw,main,CALC,levain de seigle à 100 % d'hydratation,FOLAC,Acide folique (enrichissement) (µg/100 g),0.0,µg,CALC,0.7,computed,levain de seigle à 100 % d'hydratation,Composition calculée depuis Ciqual 2025 — levain de seigle à 100 % d'hydratation
ING-FERMENT-LEVAINDESEIG-000001,raw,main,CALC,levain de seigle à 100 % d'hydratation,ALC,Alcool (éthanol) (g/100 g),0.0,g,CALC,0.7,computed,levain de seigle à 100 % d'hydratation,Composition calculée depuis Ciqual 2025 — levain de seigle à 100 % d'hydratation
ING-FERMENT-LEVAINDESEIG-000001,raw,main,CALC,levain de seigle à 100 % d'hydratation,OA,Acides organiques (g/100 g),0.0,g,CALC,0.7,computed,levain de seigle à 100 % d'hydratation,Composition calculée depuis Ciqual 2025 — levain de seigle à 100 % d'hydratation
ING-FERMENT-LEVAINDESEIG-000001,raw,main,CALC,levain de seigle à 100 % d'hydratation,TOCPHA,Alpha-tocophérol (vitamine E) (mg/100 g),1.365,mg,CALC,0.7,computed,levain de seigle à 100 % d'hydratation,Composition calculée depuis Ciqual 2025 — levain de seigle à 100 % d'hydratation
ING-FERMENT-LEVAINDESEIG-000001,raw,main,CALC,levain de seigle à 100 % d'hydratation,CHOL-,Cholestérol (mg/100 g),0.0,mg,CALC,0.7,computed,levain de seigle à 100 % d'hydratation,Composition calculée depuis Ciqual 2025 — levain de seigle à 100 % d'hydratation
ING-FERMENT-LASSINATURE-000001,raw,main,CALC,lassi nature : yaourt allongé d'eau à poids égaux,ENERC,"Energie, Règlement UE N° 1169/2011 (kJ/100 g)",105.5,kJ,CALC,0.7,computed,lassi nature : yaourt allongé d'eau à poids égaux,Composition calculée depuis Ciqual 2025 — lassi nature : yaourt allongé d'eau à poids égaux
ING-FERMENT-LASSINATURE-000001,raw,main,CALC,lassi nature : yaourt allongé d'eau à poids égaux,ENERCKCAL,"Energie, Règlement UE N° 1169/2011 (kcal/100 g)",25.05,kcal,CALC,0.7,computed,lassi nature : yaourt allongé d'eau à poids égaux,Composition calculée depuis Ciqual 2025 — lassi nature : yaourt allongé d'eau à poids égaux
ING-FERMENT-LASSINATURE-000001,raw,main,CALC,lassi nature : yaourt allongé d'eau à poids égaux,WATER,Eau (g/100 g),94.2,g,CALC,0.7,computed,lassi nature : yaourt allongé d'eau à poids égaux,Composition calculée depuis Ciqual 2025 — lassi nature : yaourt allongé d'eau à poids égaux
ING-FERMENT-LASSINATURE-000001,raw,main,CALC,lassi nature : yaourt allongé d'eau à poids égaux,ASH,Cendres (g/100 g),0.438,g,CALC,0.7,computed,lassi nature : yaourt allongé d'eau à poids égaux,Composition calculée depuis Ciqual 2025 — lassi nature : yaourt allongé d'eau à poids égaux
ING-FERMENT-LASSINATURE-000001,raw,main,CALC,lassi nature : yaourt allongé d'eau à poids égaux,SALT,Sel chlorure de sodium (g/100 g),0.054,g,CALC,0.7,computed,lassi nature : yaourt allongé d'eau à poids égaux,Composition calculée depuis Ciqual 2025 — lassi nature : yaourt allongé d'eau à poids égaux
ING-FERMENT-LASSINATURE-000001,raw,main,CALC,lassi nature : yaourt allongé d'eau à poids égaux,NA,Sodium (mg/100 g),21.2,mg,CALC,0.7,computed,lassi nature : yaourt allongé d'eau à poids égaux,Composition calculée depuis Ciqual 2025 — lassi nature : yaourt allongé d'eau à poids égaux
ING-FERMENT-LASSINATURE-000001,raw,main,CALC,lassi nature : yaourt allongé d'eau à poids égaux,MG,Magnésium (mg/100 g),6.695,mg,CALC,0.7,computed,lassi nature : yaourt allongé d'eau à poids égaux,Composition calculée depuis Ciqual 2025 — lassi nature : yaourt allongé d'eau à poids égaux
ING-FERMENT-LASSINATURE-000001,raw,main,CALC,lassi nature : yaourt allongé d'eau à poids égaux,P,Phosphore (mg/100 g),52.0,mg,CALC,0.7,computed,lassi nature : yaourt allongé d'eau à poids égaux,Composition calculée depuis Ciqual 2025 — lassi nature : yaourt allongé d'eau à poids égaux
ING-FERMENT-LASSINATURE-000001,raw,main,CALC,lassi nature : yaourt allongé d'eau à poids égaux,K,Potassium (mg/100 g),90.365,mg,CALC,0.7,computed,lassi nature : yaourt allongé d'eau à poids égaux,Composition calculée depuis Ciqual 2025 — lassi nature : yaourt allongé d'eau à poids égaux
ING-FERMENT-LASSINATURE-000001,raw,main,CALC,lassi nature : yaourt allongé d'eau à poids égaux,CA,Calcium (mg/100 g),72.065,mg,CALC,0.7,computed,lassi nature : yaourt allongé d'eau à poids égaux,Composition calculée depuis Ciqual 2025 — lassi nature : yaourt allongé d'eau à poids égaux
ING-FERMENT-LASSINATURE-000001,raw,main,CALC,lassi nature : yaourt allongé d'eau à poids égaux,ZN,Zinc (mg/100 g),0.266,mg,CALC,0.7,computed,lassi nature : yaourt allongé d'eau à poids égaux,Composition calculée depuis Ciqual 2025 — lassi nature : yaourt allongé d'eau à poids égaux
ING-FERMENT-LASSINATURE-000001,raw,main,CALC,lassi nature : yaourt allongé d'eau à poids égaux,PROCNT,"Protéines, N x 6.25 (g/100 g)",1.875,g,CALC,0.7,computed,lassi nature : yaourt allongé d'eau à poids égaux,Composition calculée depuis Ciqual 2025 — lassi nature : yaourt allongé d'eau à poids égaux
ING-FERMENT-LASSINATURE-000001,raw,main,CALC,lassi nature : yaourt allongé d'eau à poids égaux,CHOAVL,Glucides (g/100 g),2.13,g,CALC,0.7,computed,lassi nature : yaourt allongé d'eau à poids égaux,Composition calculée depuis Ciqual 2025 — lassi nature : yaourt allongé d'eau à poids égaux
ING-FERMENT-LASSINATURE-000001,raw,main,CALC,lassi nature : yaourt allongé d'eau à poids égaux,SUGAR,Sucres (g/100 g),2.0,g,CALC,0.7,computed,lassi nature : yaourt allongé d'eau à poids égaux,Composition calculée depuis Ciqual 2025 — lassi nature : yaourt allongé d'eau à poids égaux
ING-FERMENT-LASSINATURE-000001,raw,main,CALC,lassi nature : yaourt allongé d'eau à poids égaux,GLUS,Glucose (g/100 g),0.048,g,CALC,0.7,computed,lassi nature : yaourt allongé d'eau à poids égaux,Composition calculée depuis Ciqual 2025 — lassi nature : yaourt allongé d'eau à poids égaux
ING-FERMENT-LASSINATURE-000001,raw,main,CALC,lassi nature : yaourt allongé d'eau à poids égaux,LACS,Lactose (g/100 g),1.605,g,CALC,0.7,computed,lassi nature : yaourt allongé d'eau à poids égaux,Composition calculée depuis Ciqual 2025 — lassi nature : yaourt allongé d'eau à poids égaux
ING-FERMENT-LASSINATURE-000001,raw,main,CALC,lassi nature : yaourt allongé d'eau à poids égaux,POLYL,Polyols totaux (g/100 g),0.0,g,CALC,0.7,computed,lassi nature : yaourt allongé d'eau à poids égaux,Composition calculée depuis Ciqual 2025 — lassi nature : yaourt allongé d'eau à poids égaux
ING-FERMENT-LASSINATURE-000001,raw,main,CALC,lassi nature : yaourt allongé d'eau à poids égaux,FAT,Lipides (g/100 g),0.84,g,CALC,0.7,computed,lassi nature : yaourt allongé d'eau à poids égaux,Composition calculée depuis Ciqual 2025 — lassi nature : yaourt allongé d'eau à poids égaux
ING-FERMENT-LASSINATURE-000001,raw,main,CALC,lassi nature : yaourt allongé d'eau à poids égaux,FASAT,AG saturés (g/100 g),0.54,g,CALC,0.7,computed,lassi nature : yaourt allongé d'eau à poids égaux,Composition calculée depuis Ciqual 2025 — lassi nature : yaourt allongé d'eau à poids égaux
ING-FERMENT-LASSINATURE-000001,raw,main,CALC,lassi nature : yaourt allongé d'eau à poids égaux,FAMS,AG monoinsaturés (g/100 g),0.155,g,CALC,0.7,computed,lassi nature : yaourt allongé d'eau à poids égaux,Composition calculée depuis Ciqual 2025 — lassi nature : yaourt allongé d'eau à poids égaux
ING-FERMENT-LASSINATURE-000001,raw,main,CALC,lassi nature : yaourt allongé d'eau à poids égaux,FAPU,AG polyinsaturés (g/100 g),0.017,g,CALC,0.7,computed,lassi nature : yaourt allongé d'eau à poids égaux,Composition calculée depuis Ciqual 2025 — lassi nature : yaourt allongé d'eau à poids égaux
ING-FERMENT-LASSINATURE-000001,raw,main,CALC,lassi nature : yaourt allongé d'eau à poids égaux,F4D0,"AG 4:0, butyrique (g/100 g)",0.032,g,CALC,0.7,computed,lassi nature : yaourt allongé d'eau à poids égaux,Composition calculée depuis Ciqual 2025 — lassi nature : yaourt allongé d'eau à poids égaux
ING-FERMENT-LASSINATURE-000001,raw,main,CALC,lassi nature : yaourt allongé d'eau à poids égaux,F6D0,"AG 6:0, caproïque (g/100 g)",0.019,g,CALC,0.7,computed,lassi nature : yaourt allongé d'eau à poids égaux,Composition calculée depuis Ciqual 2025 — lassi nature : yaourt allongé d'eau à poids égaux
ING-FERMENT-LASSINATURE-000001,raw,main,CALC,lassi nature : yaourt allongé d'eau à poids égaux,F8D0,"AG 8:0, caprylique (g/100 g)",0.01,g,CALC,0.7,computed,lassi nature : yaourt allongé d'eau à poids égaux,Composition calculée depuis Ciqual 2025 — lassi nature : yaourt allongé d'eau à poids égaux
ING-FERMENT-LASSINATURE-000001,raw,main,CALC,lassi nature : yaourt allongé d'eau à poids égaux,F10D0,"AG 10:0, caprique (g/100 g)",0.023,g,CALC,0.7,computed,lassi nature : yaourt allongé d'eau à poids égaux,Composition calculée depuis Ciqual 2025 — lassi nature : yaourt allongé d'eau à poids égaux
ING-FERMENT-LASSINATURE-000001,raw,main,CALC,lassi nature : yaourt allongé d'eau à poids égaux,F12D0,"AG 12:0, laurique (g/100 g)",0.028,g,CALC,0.7,computed,lassi nature : yaourt allongé d'eau à poids égaux,Composition calculée depuis Ciqual 2025 — lassi nature : yaourt allongé d'eau à poids égaux
ING-FERMENT-LASSINATURE-000001,raw,main,CALC,lassi nature : yaourt allongé d'eau à poids égaux,F14D0,"AG 14:0, myristique (g/100 g)",0.09,g,CALC,0.7,computed,lassi nature : yaourt allongé d'eau à poids égaux,Composition calculée depuis Ciqual 2025 — lassi nature : yaourt allongé d'eau à poids égaux
ING-FERMENT-LASSINATURE-000001,raw,main,CALC,lassi nature : yaourt allongé d'eau à poids égaux,F16D0,"AG 16:0, palmitique (g/100 g)",0.255,g,CALC,0.7,computed,lassi nature : yaourt allongé d'eau à poids égaux,Composition calculée depuis Ciqual 2025 — lassi nature : yaourt allongé d'eau à poids égaux
ING-FERMENT-LASSINATURE-000001,raw,main,CALC,lassi nature : yaourt allongé d'eau à poids égaux,F18D0,"AG 18:0, stéarique (g/100 g)",0.06,g,CALC,0.7,computed,lassi nature : yaourt allongé d'eau à poids égaux,Composition calculée depuis Ciqual 2025 — lassi nature : yaourt allongé d'eau à poids égaux
ING-FERMENT-LASSINATURE-000001,raw,main,CALC,lassi nature : yaourt allongé d'eau à poids égaux,F18D1CN9,"AG 18:1 9c (n-9), oléique (g/100 g)",0.125,g,CALC,0.7,computed,lassi nature : yaourt allongé d'eau à poids égaux,Composition calculée depuis Ciqual 2025 — lassi nature : yaourt allongé d'eau à poids égaux
ING-FERMENT-LASSINATURE-000001,raw,main,CALC,lassi nature : yaourt allongé d'eau à poids égaux,F18D2CN6,"AG 18:2 9c,12c (n-6), linoléique (g/100 g)",0.011,g,CALC,0.7,computed,lassi nature : yaourt allongé d'eau à poids égaux,Composition calculée depuis Ciqual 2025 — lassi nature : yaourt allongé d'eau à poids égaux
ING-FERMENT-LASSINATURE-000001,raw,main,CALC,lassi nature : yaourt allongé d'eau à poids égaux,F18D3N3,"AG 18:3 c9,c12,c15 (n-3), alpha-linolénique (g/100 g)",0.005,g,CALC,0.7,computed,lassi nature : yaourt allongé d'eau à poids égaux,Composition calculée depuis Ciqual 2025 — lassi nature : yaourt allongé d'eau à poids égaux
ING-FERMENT-LASSINATURE-000001,raw,main,CALC,lassi nature : yaourt allongé d'eau à poids égaux,RAE,"Activité vitaminique A, équivalents rétinol (µg/100 g)",9.5,µg,CALC,0.7,computed,lassi nature : yaourt allongé d'eau à poids égaux,Composition calculée depuis Ciqual 2025 — lassi nature : yaourt allongé d'eau à poids égaux
ING-FERMENT-LASSINATURE-000001,raw,main,CALC,lassi nature : yaourt allongé d'eau à poids égaux,RETOL,Rétinol (µg/100 g),8.85,µg,CALC,0.7,computed,lassi nature : yaourt allongé d'eau à poids égaux,Composition calculée depuis Ciqual 2025 — lassi nature : yaourt allongé d'eau à poids égaux
ING-FERMENT-LASSINATURE-000001,raw,main,CALC,lassi nature : yaourt allongé d'eau à poids égaux,ERGCAL,Vitamine D2 (ergocalciférol) (µg/100 g),0.0,g,CALC,0.7,computed,lassi nature : yaourt allongé d'eau à poids égaux,Composition calculée depuis Ciqual 2025 — lassi nature : yaourt allongé d'eau à poids égaux
ING-FERMENT-LASSINATURE-000001,raw,main,CALC,lassi nature : yaourt allongé d'eau à poids égaux,VITK1,Vitamine K1 (µg/100 g),0.135,µg,CALC,0.7,computed,lassi nature : yaourt allongé d'eau à poids égaux,Composition calculée depuis Ciqual 2025 — lassi nature : yaourt allongé d'eau à poids égaux
ING-FERMENT-LASSINATURE-000001,raw,main,CALC,lassi nature : yaourt allongé d'eau à poids égaux,THIA,Vitamine B1 ou Thiamine (mg/100 g),0.015,mg,CALC,0.7,computed,lassi nature : yaourt allongé d'eau à poids égaux,Composition calculée depuis Ciqual 2025 — lassi nature : yaourt allongé d'eau à poids égaux
ING-FERMENT-LASSINATURE-000001,raw,main,CALC,lassi nature : yaourt allongé d'eau à poids égaux,RIBF,Vitamine B2 ou Riboflavine (mg/100 g),0.11,mg,CALC,0.7,computed,lassi nature : yaourt allongé d'eau à poids égaux,Composition calculée depuis Ciqual 2025 — lassi nature : yaourt allongé d'eau à poids égaux
ING-FERMENT-LASSINATURE-000001,raw,main,CALC,lassi nature : yaourt allongé d'eau à poids égaux,PANTAC,Vitamine B5 ou Acide pantothénique (mg/100 g),0.2,mg,CALC,0.7,computed,lassi nature : yaourt allongé d'eau à poids égaux,Composition calculée depuis Ciqual 2025 — lassi nature : yaourt allongé d'eau à poids égaux
ING-FERMENT-LASSINATURE-000001,raw,main,CALC,lassi nature : yaourt allongé d'eau à poids égaux,VITB6-,Vitamine B6 (mg/100 g),0.025,mg,CALC,0.7,computed,lassi nature : yaourt allongé d'eau à poids égaux,Composition calculée depuis Ciqual 2025 — lassi nature : yaourt allongé d'eau à poids égaux
ING-FERMENT-LASSINATURE-000001,raw,main,CALC,lassi nature : yaourt allongé d'eau à poids égaux,VITB12,Vitamine B12 (µg/100 g),0.075,µg,CALC,0.7,computed,lassi nature : yaourt allongé d'eau à poids égaux,Composition calculée depuis Ciqual 2025 — lassi nature : yaourt allongé d'eau à poids égaux
ING-FERMENT-LASSINATURE-000001,raw,main,CALC,lassi nature : yaourt allongé d'eau à poids égaux,FOLDFE,"Vitamine B9 ou Folates totaux, équivalents folates alimentaires, DFE (µg/100 g)",3.525,µg,CALC,0.7,computed,lassi nature : yaourt allongé d'eau à poids égaux,Composition calculée depuis Ciqual 2025 — lassi nature : yaourt allongé d'eau à poids égaux
ING-FERMENT-LASSINATURE-000001,raw,main,CALC,lassi nature : yaourt allongé d'eau à poids égaux,FOLFD,Folates intrinsèques (µg/100 g),3.1,µg,CALC,0.7,computed,lassi nature : yaourt allongé d'eau à poids égaux,Composition calculée depuis Ciqual 2025 — lassi nature : yaourt allongé d'eau à poids égaux
ING-FERMENT-LASSINATURE-000001,raw,main,CALC,lassi nature : yaourt allongé d'eau à poids égaux,ALC,Alcool (éthanol) (g/100 g),0.0,g,CALC,0.7,computed,lassi nature : yaourt allongé d'eau à poids égaux,Composition calculée depuis Ciqual 2025 — lassi nature : yaourt allongé d'eau à poids égaux
ING-FERMENT-LASSINATURE-000001,raw,main,CALC,lassi nature : yaourt allongé d'eau à poids égaux,OA,Acides organiques (g/100 g),0.495,g,CALC,0.7,computed,lassi nature : yaourt allongé d'eau à poids égaux,Composition calculée depuis Ciqual 2025 — lassi nature : yaourt allongé d'eau à poids égaux
ING-FERMENT-LASSINATURE-000001,raw,main,CALC,lassi nature : yaourt allongé d'eau à poids égaux,CHOL-,Cholestérol (mg/100 g),3.2,mg,CALC,0.7,computed,lassi nature : yaourt allongé d'eau à poids égaux,Composition calculée depuis Ciqual 2025 — lassi nature : yaourt allongé d'eau à poids égaux
ING-FERMENT-LASSINATURE-000001,raw,main,CALC,lassi nature : yaourt allongé d'eau à poids égaux,FIB-,Fibres alimentaires (g/100 g),0.0,g,CALC,0.7,computed,lassi nature : yaourt allongé d'eau à poids égaux,Composition calculée depuis Ciqual 2025 — lassi nature : yaourt allongé d'eau à poids égaux
ING-MIX-PTECHOUX-000001,raw,main,CALC,pâte à choux crue : eau 250 g / beurre 100 g / farine 150 g / 4 œufs / sel,ENERC,"Energie, Règlement UE N° 1169/2011 (kJ/100 g)",915.932,kJ,CALC,0.7,computed,pâte à choux crue : eau 250 g / beurre 100 g / farine 150 g / 4 œufs / sel,Composition calculée depuis Ciqual 2025 — pâte à choux crue : eau 250 g / beurre 100 g / farine 150 g / 4 œufs / sel
ING-MIX-PTECHOUX-000001,raw,main,CALC,pâte à choux crue : eau 250 g / beurre 100 g / farine 150 g / 4 œufs / sel,ENERCKCAL,"Energie, Règlement UE N° 1169/2011 (kcal/100 g)",220.128,kcal,CALC,0.7,computed,pâte à choux crue : eau 250 g / beurre 100 g / farine 150 g / 4 œufs / sel,Composition calculée depuis Ciqual 2025 — pâte à choux crue : eau 250 g / beurre 100 g / farine 150 g / 4 œufs / sel
ING-MIX-PTECHOUX-000001,raw,main,CALC,pâte à choux crue : eau 250 g / beurre 100 g / farine 150 g / 4 œufs / sel,WATER,Eau (g/100 g),62.105,g,CALC,0.7,computed,pâte à choux crue : eau 250 g / beurre 100 g / farine 150 g / 4 œufs / sel,Composition calculée depuis Ciqual 2025 — pâte à choux crue : eau 250 g / beurre 100 g / farine 150 g / 4 œufs / sel
ING-MIX-PTECHOUX-000001,raw,main,CALC,pâte à choux crue : eau 250 g / beurre 100 g / farine 150 g / 4 œufs / sel,ASH,Cendres (g/100 g),0.989,g,CALC,0.7,computed,pâte à choux crue : eau 250 g / beurre 100 g / farine 150 g / 4 œufs / sel,Composition calculée depuis Ciqual 2025 — pâte à choux crue : eau 250 g / beurre 100 g / farine 150 g / 4 œufs / sel
ING-MIX-PTECHOUX-000001,raw,main,CALC,pâte à choux crue : eau 250 g / beurre 100 g / farine 150 g / 4 œufs / sel,SALT,Sel chlorure de sodium (g/100 g),0.513,g,CALC,0.7,computed,pâte à choux crue : eau 250 g / beurre 100 g / farine 150 g / 4 œufs / sel,Composition calculée depuis Ciqual 2025 — pâte à choux crue : eau 250 g / beurre 100 g / farine 150 g / 4 œufs / sel
ING-MIX-PTECHOUX-000001,raw,main,CALC,pâte à choux crue : eau 250 g / beurre 100 g / farine 150 g / 4 œufs / sel,MG,Magnésium (mg/100 g),19.445,mg,CALC,0.7,computed,pâte à choux crue : eau 250 g / beurre 100 g / farine 150 g / 4 œufs / sel,Composition calculée depuis Ciqual 2025 — pâte à choux crue : eau 250 g / beurre 100 g / farine 150 g / 4 œufs / sel
ING-MIX-PTECHOUX-000001,raw,main,CALC,pâte à choux crue : eau 250 g / beurre 100 g / farine 150 g / 4 œufs / sel,P,Phosphore (mg/100 g),106.657,mg,CALC,0.7,computed,pâte à choux crue : eau 250 g / beurre 100 g / farine 150 g / 4 œufs / sel,Composition calculée depuis Ciqual 2025 — pâte à choux crue : eau 250 g / beurre 100 g / farine 150 g / 4 œufs / sel
ING-MIX-PTECHOUX-000001,raw,main,CALC,pâte à choux crue : eau 250 g / beurre 100 g / farine 150 g / 4 œufs / sel,K,Potassium (mg/100 g),104.471,mg,CALC,0.7,computed,pâte à choux crue : eau 250 g / beurre 100 g / farine 150 g / 4 œufs / sel,Composition calculée depuis Ciqual 2025 — pâte à choux crue : eau 250 g / beurre 100 g / farine 150 g / 4 œufs / sel
ING-MIX-PTECHOUX-000001,raw,main,CALC,pâte à choux crue : eau 250 g / beurre 100 g / farine 150 g / 4 œufs / sel,CA,Calcium (mg/100 g),33.019,mg,CALC,0.7,computed,pâte à choux crue : eau 250 g / beurre 100 g / farine 150 g / 4 œufs / sel,Composition calculée depuis Ciqual 2025 — pâte à choux crue : eau 250 g / beurre 100 g / farine 150 g / 4 œufs / sel
ING-MIX-PTECHOUX-000001,raw,main,CALC,pâte à choux crue : eau 250 g / beurre 100 g / farine 150 g / 4 œufs / sel,PROCNT,"Protéines, N x 6.25 (g/100 g)",5.929,g,CALC,0.7,computed,pâte à choux crue : eau 250 g / beurre 100 g / farine 150 g / 4 œufs / sel,Composition calculée depuis Ciqual 2025 — pâte à choux crue : eau 250 g / beurre 100 g / farine 150 g / 4 œufs / sel
ING-MIX-PTECHOUX-000001,raw,main,CALC,pâte à choux crue : eau 250 g / beurre 100 g / farine 150 g / 4 œufs / sel,CHOAVL,Glucides (g/100 g),14.755,g,CALC,0.7,computed,pâte à choux crue : eau 250 g / beurre 100 g / farine 150 g / 4 œufs / sel,Composition calculée depuis Ciqual 2025 — pâte à choux crue : eau 250 g / beurre 100 g / farine 150 g / 4 œufs / sel
ING-MIX-PTECHOUX-000001,raw,main,CALC,pâte à choux crue : eau 250 g / beurre 100 g / farine 150 g / 4 œufs / sel,SUGAR,Sucres (g/100 g),0.459,g,CALC,0.7,computed,pâte à choux crue : eau 250 g / beurre 100 g / farine 150 g / 4 œufs / sel,Composition calculée depuis Ciqual 2025 — pâte à choux crue : eau 250 g / beurre 100 g / farine 150 g / 4 œufs / sel
ING-MIX-PTECHOUX-000001,raw,main,CALC,pâte à choux crue : eau 250 g / beurre 100 g / farine 150 g / 4 œufs / sel,STARCH,Amidon (g/100 g),12.653,g,CALC,0.7,computed,pâte à choux crue : eau 250 g / beurre 100 g / farine 150 g / 4 œufs / sel,Composition calculée depuis Ciqual 2025 — pâte à choux crue : eau 250 g / beurre 100 g / farine 150 g / 4 œufs / sel
ING-MIX-PTECHOUX-000001,raw,main,CALC,pâte à choux crue : eau 250 g / beurre 100 g / farine 150 g / 4 œufs / sel,POLYL,Polyols totaux (g/100 g),0.0,g,CALC,0.7,computed,pâte à choux crue : eau 250 g / beurre 100 g / farine 150 g / 4 œufs / sel,Composition calculée depuis Ciqual 2025 — pâte à choux crue : eau 250 g / beurre 100 g / farine 150 g / 4 œufs / sel
ING-MIX-PTECHOUX-000001,raw,main,CALC,pâte à choux crue : eau 250 g / beurre 100 g / farine 150 g / 4 œufs / sel,FIB-,Fibres alimentaires (g/100 g),1.451,g,CALC,0.7,computed,pâte à choux crue : eau 250 g / beurre 100 g / farine 150 g / 4 œufs / sel,Composition calculée depuis Ciqual 2025 — pâte à choux crue : eau 250 g / beurre 100 g / farine 150 g / 4 œufs / sel
ING-MIX-PTECHOUX-000001,raw,main,CALC,pâte à choux crue : eau 250 g / beurre 100 g / farine 150 g / 4 œufs / sel,FAT,Lipides (g/100 g),14.923,g,CALC,0.7,computed,pâte à choux crue : eau 250 g / beurre 100 g / farine 150 g / 4 œufs / sel,Composition calculée depuis Ciqual 2025 — pâte à choux crue : eau 250 g / beurre 100 g / farine 150 g / 4 œufs / sel
ING-MIX-PTECHOUX-000001,raw,main,CALC,pâte à choux crue : eau 250 g / beurre 100 g / farine 150 g / 4 œufs / sel,FASAT,AG saturés (g/100 g),9.344,g,CALC,0.7,computed,pâte à choux crue : eau 250 g / beurre 100 g / farine 150 g / 4 œufs / sel,Composition calculée depuis Ciqual 2025 — pâte à choux crue : eau 250 g / beurre 100 g / farine 150 g / 4 œufs / sel
ING-MIX-PTECHOUX-000001,raw,main,CALC,pâte à choux crue : eau 250 g / beurre 100 g / farine 150 g / 4 œufs / sel,FAMS,AG monoinsaturés (g/100 g),3.804,g,CALC,0.7,computed,pâte à choux crue : eau 250 g / beurre 100 g / farine 150 g / 4 œufs / sel,Composition calculée depuis Ciqual 2025 — pâte à choux crue : eau 250 g / beurre 100 g / farine 150 g / 4 œufs / sel
ING-MIX-PTECHOUX-000001,raw,main,CALC,pâte à choux crue : eau 250 g / beurre 100 g / farine 150 g / 4 œufs / sel,FAPU,AG polyinsaturés (g/100 g),0.916,g,CALC,0.7,computed,pâte à choux crue : eau 250 g / beurre 100 g / farine 150 g / 4 œufs / sel,Composition calculée depuis Ciqual 2025 — pâte à choux crue : eau 250 g / beurre 100 g / farine 150 g / 4 œufs / sel
ING-MIX-PTECHOUX-000001,raw,main,CALC,pâte à choux crue : eau 250 g / beurre 100 g / farine 150 g / 4 œufs / sel,F16D0,"AG 16:0, palmitique (g/100 g)",4.506,g,CALC,0.7,computed,pâte à choux crue : eau 250 g / beurre 100 g / farine 150 g / 4 œufs / sel,Composition calculée depuis Ciqual 2025 — pâte à choux crue : eau 250 g / beurre 100 g / farine 150 g / 4 œufs / sel
ING-MIX-PTECHOUX-000001,raw,main,CALC,pâte à choux crue : eau 250 g / beurre 100 g / farine 150 g / 4 œufs / sel,F18D0,"AG 18:0, stéarique (g/100 g)",1.237,g,CALC,0.7,computed,pâte à choux crue : eau 250 g / beurre 100 g / farine 150 g / 4 œufs / sel,Composition calculée depuis Ciqual 2025 — pâte à choux crue : eau 250 g / beurre 100 g / farine 150 g / 4 œufs / sel
ING-MIX-PTECHOUX-000001,raw,main,CALC,pâte à choux crue : eau 250 g / beurre 100 g / farine 150 g / 4 œufs / sel,F18D1CN9,"AG 18:1 9c (n-9), oléique (g/100 g)",3.324,g,CALC,0.7,computed,pâte à choux crue : eau 250 g / beurre 100 g / farine 150 g / 4 œufs / sel,Composition calculée depuis Ciqual 2025 — pâte à choux crue : eau 250 g / beurre 100 g / farine 150 g / 4 œufs / sel
ING-MIX-PTECHOUX-000001,raw,main,CALC,pâte à choux crue : eau 250 g / beurre 100 g / farine 150 g / 4 œufs / sel,F18D2CN6,"AG 18:2 9c,12c (n-6), linoléique (g/100 g)",0.747,g,CALC,0.7,computed,pâte à choux crue : eau 250 g / beurre 100 g / farine 150 g / 4 œufs / sel,Composition calculée depuis Ciqual 2025 — pâte à choux crue : eau 250 g / beurre 100 g / farine 150 g / 4 œufs / sel
ING-MIX-PTECHOUX-000001,raw,main,CALC,pâte à choux crue : eau 250 g / beurre 100 g / farine 150 g / 4 œufs / sel,F18D3N3,"AG 18:3 c9,c12,c15 (n-3), alpha-linolénique (g/100 g)",0.079,g,CALC,0.7,computed,pâte à choux crue : eau 250 g / beurre 100 g / farine 150 g / 4 œufs / sel,Composition calculée depuis Ciqual 2025 — pâte à choux crue : eau 250 g / beurre 100 g / farine 150 g / 4 œufs / sel
ING-MIX-PTECHOUX-000001,raw,main,CALC,pâte à choux crue : eau 250 g / beurre 100 g / farine 150 g / 4 œufs / sel,RAE,"Activité vitaminique A, équivalents rétinol (µg/100 g)",177.472,µg,CALC,0.7,computed,pâte à choux crue : eau 250 g / beurre 100 g / farine 150 g / 4 œufs / sel,Composition calculée depuis Ciqual 2025 — pâte à choux crue : eau 250 g / beurre 100 g / farine 150 g / 4 œufs / sel
ING-MIX-PTECHOUX-000001,raw,main,CALC,pâte à choux crue : eau 250 g / beurre 100 g / farine 150 g / 4 œufs / sel,RETOL,Rétinol (µg/100 g),173.542,µg,CALC,0.7,computed,pâte à choux crue : eau 250 g / beurre 100 g / farine 150 g / 4 œufs / sel,Composition calculée depuis Ciqual 2025 — pâte à choux crue : eau 250 g / beurre 100 g / farine 150 g / 4 œufs / sel
ING-MIX-PTECHOUX-000001,raw,main,CALC,pâte à choux crue : eau 250 g / beurre 100 g / farine 150 g / 4 œufs / sel,CARTB,Beta-Carotène (µg/100 g),47.866,µg,CALC,0.7,computed,pâte à choux crue : eau 250 g / beurre 100 g / farine 150 g / 4 œufs / sel,Composition calculée depuis Ciqual 2025 — pâte à choux crue : eau 250 g / beurre 100 g / farine 150 g / 4 œufs / sel
ING-MIX-PTECHOUX-000001,raw,main,CALC,pâte à choux crue : eau 250 g / beurre 100 g / farine 150 g / 4 œufs / sel,PANTAC,Vitamine B5 ou Acide pantothénique (mg/100 g),0.55,mg,CALC,0.7,computed,pâte à choux crue : eau 250 g / beurre 100 g / farine 150 g / 4 œufs / sel,Composition calculée depuis Ciqual 2025 — pâte à choux crue : eau 250 g / beurre 100 g / farine 150 g / 4 œufs / sel
ING-MIX-PTECHOUX-000001,raw,main,CALC,pâte à choux crue : eau 250 g / beurre 100 g / farine 150 g / 4 œufs / sel,VITB12,Vitamine B12 (µg/100 g),0.267,µg,CALC,0.7,computed,pâte à choux crue : eau 250 g / beurre 100 g / farine 150 g / 4 œufs / sel,Composition calculée depuis Ciqual 2025 — pâte à choux crue : eau 250 g / beurre 100 g / farine 150 g / 4 œufs / sel
ING-MIX-PTECHOUX-000001,raw,main,CALC,pâte à choux crue : eau 250 g / beurre 100 g / farine 150 g / 4 œufs / sel,ALC,Alcool (éthanol) (g/100 g),0.0,g,CALC,0.7,computed,pâte à choux crue : eau 250 g / beurre 100 g / farine 150 g / 4 œufs / sel,Composition calculée depuis Ciqual 2025 — pâte à choux crue : eau 250 g / beurre 100 g / farine 150 g / 4 œufs / sel
ING-MIX-PTECHOUX-000001,raw,main,CALC,pâte à choux crue : eau 250 g / beurre 100 g / farine 150 g / 4 œufs / sel,OA,Acides organiques (g/100 g),0.014,g,CALC,0.7,computed,pâte à choux crue : eau 250 g / beurre 100 g / farine 150 g / 4 œufs / sel,Composition calculée depuis Ciqual 2025 — pâte à choux crue : eau 250 g / beurre 100 g / farine 150 g / 4 œufs / sel
ING-MIX-PTECHOUX-000001,raw,main,CALC,pâte à choux crue : eau 250 g / beurre 100 g / farine 150 g / 4 œufs / sel,TOCPHA,Alpha-tocophérol (vitamine E) (mg/100 g),0.74,mg,CALC,0.7,computed,pâte à choux crue : eau 250 g / beurre 100 g / farine 150 g / 4 œufs / sel,Composition calculée depuis Ciqual 2025 — pâte à choux crue : eau 250 g / beurre 100 g / farine 150 g / 4 œufs / sel
ING-MIX-PTECHOUX-000001,raw,main,CALC,pâte à choux crue : eau 250 g / beurre 100 g / farine 150 g / 4 œufs / sel,CHOL-,Cholestérol (mg/100 g),139.26,mg,CALC,0.7,computed,pâte à choux crue : eau 250 g / beurre 100 g / farine 150 g / 4 œufs / sel,Composition calculée depuis Ciqual 2025 — pâte à choux crue : eau 250 g / beurre 100 g / farine 150 g / 4 œufs / sel
ING-MIX-PTELEVE-000001,raw,main,CALC,pâte à brioche crue : farine 500 g / 6 œufs / beurre 250 g / sucre 60 g / levure 20 g / sel 10 g,ENERC,"Energie, Règlement UE N° 1169/2011 (kJ/100 g)",1566.86,kJ,CALC,0.7,computed,pâte à brioche crue : farine 500 g / 6 œufs / beurre 250 g / sucre 60 g / levure 20 g / sel 10 g,Composition calculée depuis Ciqual 2025 — pâte à brioche crue : farine 500 g / 6 œufs / beurre 250 g / sucre 60 g / levure 20 g / sel 10 g
ING-MIX-PTELEVE-000001,raw,main,CALC,pâte à brioche crue : farine 500 g / 6 œufs / beurre 250 g / sucre 60 g / levure 20 g / sel 10 g,ENERCKCAL,"Energie, Règlement UE N° 1169/2011 (kcal/100 g)",375.43,kcal,CALC,0.7,computed,pâte à brioche crue : farine 500 g / 6 œufs / beurre 250 g / sucre 60 g / levure 20 g / sel 10 g,Composition calculée depuis Ciqual 2025 — pâte à brioche crue : farine 500 g / 6 œufs / beurre 250 g / sucre 60 g / levure 20 g / sel 10 g
ING-MIX-PTELEVE-000001,raw,main,CALC,pâte à brioche crue : farine 500 g / 6 œufs / beurre 250 g / sucre 60 g / levure 20 g / sel 10 g,WATER,Eau (g/100 g),30.118,g,CALC,0.7,computed,pâte à brioche crue : farine 500 g / 6 œufs / beurre 250 g / sucre 60 g / levure 20 g / sel 10 g,Composition calculée depuis Ciqual 2025 — pâte à brioche crue : farine 500 g / 6 œufs / beurre 250 g / sucre 60 g / levure 20 g / sel 10 g
ING-MIX-PTELEVE-000001,raw,main,CALC,pâte à brioche crue : farine 500 g / 6 œufs / beurre 250 g / sucre 60 g / levure 20 g / sel 10 g,ASH,Cendres (g/100 g),1.701,g,CALC,0.7,computed,pâte à brioche crue : farine 500 g / 6 œufs / beurre 250 g / sucre 60 g / levure 20 g / sel 10 g,Composition calculée depuis Ciqual 2025 — pâte à brioche crue : farine 500 g / 6 œufs / beurre 250 g / sucre 60 g / levure 20 g / sel 10 g
ING-MIX-PTELEVE-000001,raw,main,CALC,pâte à brioche crue : farine 500 g / 6 œufs / beurre 250 g / sucre 60 g / levure 20 g / sel 10 g,MG,Magnésium (mg/100 g),36.305,mg,CALC,0.7,computed,pâte à brioche crue : farine 500 g / 6 œufs / beurre 250 g / sucre 60 g / levure 20 g / sel 10 g,Composition calculée depuis Ciqual 2025 — pâte à brioche crue : farine 500 g / 6 œufs / beurre 250 g / sucre 60 g / levure 20 g / sel 10 g
ING-MIX-PTELEVE-000001,raw,main,CALC,pâte à brioche crue : farine 500 g / 6 œufs / beurre 250 g / sucre 60 g / levure 20 g / sel 10 g,P,Phosphore (mg/100 g),159.711,mg,CALC,0.7,computed,pâte à brioche crue : farine 500 g / 6 œufs / beurre 250 g / sucre 60 g / levure 20 g / sel 10 g,Composition calculée depuis Ciqual 2025 — pâte à brioche crue : farine 500 g / 6 œufs / beurre 250 g / sucre 60 g / levure 20 g / sel 10 g
ING-MIX-PTELEVE-000001,raw,main,CALC,pâte à brioche crue : farine 500 g / 6 œufs / beurre 250 g / sucre 60 g / levure 20 g / sel 10 g,K,Potassium (mg/100 g),178.442,mg,CALC,0.7,computed,pâte à brioche crue : farine 500 g / 6 œufs / beurre 250 g / sucre 60 g / levure 20 g / sel 10 g,Composition calculée depuis Ciqual 2025 — pâte à brioche crue : farine 500 g / 6 œufs / beurre 250 g / sucre 60 g / levure 20 g / sel 10 g
ING-MIX-PTELEVE-000001,raw,main,CALC,pâte à brioche crue : farine 500 g / 6 œufs / beurre 250 g / sucre 60 g / levure 20 g / sel 10 g,CA,Calcium (mg/100 g),37.039,mg,CALC,0.7,computed,pâte à brioche crue : farine 500 g / 6 œufs / beurre 250 g / sucre 60 g / levure 20 g / sel 10 g,Composition calculée depuis Ciqual 2025 — pâte à brioche crue : farine 500 g / 6 œufs / beurre 250 g / sucre 60 g / levure 20 g / sel 10 g
ING-MIX-PTELEVE-000001,raw,main,CALC,pâte à brioche crue : farine 500 g / 6 œufs / beurre 250 g / sucre 60 g / levure 20 g / sel 10 g,PROCNT,"Protéines, N x 6.25 (g/100 g)",8.173,g,CALC,0.7,computed,pâte à brioche crue : farine 500 g / 6 œufs / beurre 250 g / sucre 60 g / levure 20 g / sel 10 g,Composition calculée depuis Ciqual 2025 — pâte à brioche crue : farine 500 g / 6 œufs / beurre 250 g / sucre 60 g / levure 20 g / sel 10 g
ING-MIX-PTELEVE-000001,raw,main,CALC,pâte à brioche crue : farine 500 g / 6 œufs / beurre 250 g / sucre 60 g / levure 20 g / sel 10 g,CHOAVL,Glucides (g/100 g),35.715,g,CALC,0.7,computed,pâte à brioche crue : farine 500 g / 6 œufs / beurre 250 g / sucre 60 g / levure 20 g / sel 10 g,Composition calculée depuis Ciqual 2025 — pâte à brioche crue : farine 500 g / 6 œufs / beurre 250 g / sucre 60 g / levure 20 g / sel 10 g
ING-MIX-PTELEVE-000001,raw,main,CALC,pâte à brioche crue : farine 500 g / 6 œufs / beurre 250 g / sucre 60 g / levure 20 g / sel 10 g,SUGAR,Sucres (g/100 g),6.121,g,CALC,0.7,computed,pâte à brioche crue : farine 500 g / 6 œufs / beurre 250 g / sucre 60 g / levure 20 g / sel 10 g,Composition calculée depuis Ciqual 2025 — pâte à brioche crue : farine 500 g / 6 œufs / beurre 250 g / sucre 60 g / levure 20 g / sel 10 g
ING-MIX-PTELEVE-000001,raw,main,CALC,pâte à brioche crue : farine 500 g / 6 œufs / beurre 250 g / sucre 60 g / levure 20 g / sel 10 g,POLYL,Polyols totaux (g/100 g),0.0,g,CALC,0.7,computed,pâte à brioche crue : farine 500 g / 6 œufs / beurre 250 g / sucre 60 g / levure 20 g / sel 10 g,Composition calculée depuis Ciqual 2025 — pâte à brioche crue : farine 500 g / 6 œufs / beurre 250 g / sucre 60 g / levure 20 g / sel 10 g
ING-MIX-PTELEVE-000001,raw,main,CALC,pâte à brioche crue : farine 500 g / 6 œufs / beurre 250 g / sucre 60 g / levure 20 g / sel 10 g,FIB-,Fibres alimentaires (g/100 g),3.125,g,CALC,0.7,computed,pâte à brioche crue : farine 500 g / 6 œufs / beurre 250 g / sucre 60 g / levure 20 g / sel 10 g,Composition calculée depuis Ciqual 2025 — pâte à brioche crue : farine 500 g / 6 œufs / beurre 250 g / sucre 60 g / levure 20 g / sel 10 g
ING-MIX-PTELEVE-000001,raw,main,CALC,pâte à brioche crue : farine 500 g / 6 œufs / beurre 250 g / sucre 60 g / levure 20 g / sel 10 g,FAT,Lipides (g/100 g),21.48,g,CALC,0.7,computed,pâte à brioche crue : farine 500 g / 6 œufs / beurre 250 g / sucre 60 g / levure 20 g / sel 10 g,Composition calculée depuis Ciqual 2025 — pâte à brioche crue : farine 500 g / 6 œufs / beurre 250 g / sucre 60 g / levure 20 g / sel 10 g
ING-MIX-PTELEVE-000001,raw,main,CALC,pâte à brioche crue : farine 500 g / 6 œufs / beurre 250 g / sucre 60 g / levure 20 g / sel 10 g,FASAT,AG saturés (g/100 g),13.975,g,CALC,0.7,computed,pâte à brioche crue : farine 500 g / 6 œufs / beurre 250 g / sucre 60 g / levure 20 g / sel 10 g,Composition calculée depuis Ciqual 2025 — pâte à brioche crue : farine 500 g / 6 œufs / beurre 250 g / sucre 60 g / levure 20 g / sel 10 g
ING-MIX-PTELEVE-000001,raw,main,CALC,pâte à brioche crue : farine 500 g / 6 œufs / beurre 250 g / sucre 60 g / levure 20 g / sel 10 g,FAMS,AG monoinsaturés (g/100 g),5.271,g,CALC,0.7,computed,pâte à brioche crue : farine 500 g / 6 œufs / beurre 250 g / sucre 60 g / levure 20 g / sel 10 g,Composition calculée depuis Ciqual 2025 — pâte à brioche crue : farine 500 g / 6 œufs / beurre 250 g / sucre 60 g / levure 20 g / sel 10 g
ING-MIX-PTELEVE-000001,raw,main,CALC,pâte à brioche crue : farine 500 g / 6 œufs / beurre 250 g / sucre 60 g / levure 20 g / sel 10 g,FAPU,AG polyinsaturés (g/100 g),1.219,g,CALC,0.7,computed,pâte à brioche crue : farine 500 g / 6 œufs / beurre 250 g / sucre 60 g / levure 20 g / sel 10 g,Composition calculée depuis Ciqual 2025 — pâte à brioche crue : farine 500 g / 6 œufs / beurre 250 g / sucre 60 g / levure 20 g / sel 10 g
ING-MIX-PTELEVE-000001,raw,main,CALC,pâte à brioche crue : farine 500 g / 6 œufs / beurre 250 g / sucre 60 g / levure 20 g / sel 10 g,F16D0,"AG 16:0, palmitique (g/100 g)",6.633,g,CALC,0.7,computed,pâte à brioche crue : farine 500 g / 6 œufs / beurre 250 g / sucre 60 g / levure 20 g / sel 10 g,Composition calculée depuis Ciqual 2025 — pâte à brioche crue : farine 500 g / 6 œufs / beurre 250 g / sucre 60 g / levure 20 g / sel 10 g
ING-MIX-PTELEVE-000001,raw,main,CALC,pâte à brioche crue : farine 500 g / 6 œufs / beurre 250 g / sucre 60 g / levure 20 g / sel 10 g,F18D0,"AG 18:0, stéarique (g/100 g)",1.797,g,CALC,0.7,computed,pâte à brioche crue : farine 500 g / 6 œufs / beurre 250 g / sucre 60 g / levure 20 g / sel 10 g,Composition calculée depuis Ciqual 2025 — pâte à brioche crue : farine 500 g / 6 œufs / beurre 250 g / sucre 60 g / levure 20 g / sel 10 g
ING-MIX-PTELEVE-000001,raw,main,CALC,pâte à brioche crue : farine 500 g / 6 œufs / beurre 250 g / sucre 60 g / levure 20 g / sel 10 g,F18D1CN9,"AG 18:1 9c (n-9), oléique (g/100 g)",4.569,g,CALC,0.7,computed,pâte à brioche crue : farine 500 g / 6 œufs / beurre 250 g / sucre 60 g / levure 20 g / sel 10 g,Composition calculée depuis Ciqual 2025 — pâte à brioche crue : farine 500 g / 6 œufs / beurre 250 g / sucre 60 g / levure 20 g / sel 10 g
ING-MIX-PTELEVE-000001,raw,main,CALC,pâte à brioche crue : farine 500 g / 6 œufs / beurre 250 g / sucre 60 g / levure 20 g / sel 10 g,F18D2CN6,"AG 18:2 9c,12c (n-6), linoléique (g/100 g)",0.997,g,CALC,0.7,computed,pâte à brioche crue : farine 500 g / 6 œufs / beurre 250 g / sucre 60 g / levure 20 g / sel 10 g,Composition calculée depuis Ciqual 2025 — pâte à brioche crue : farine 500 g / 6 œufs / beurre 250 g / sucre 60 g / levure 20 g / sel 10 g
ING-MIX-PTELEVE-000001,raw,main,CALC,pâte à brioche crue : farine 500 g / 6 œufs / beurre 250 g / sucre 60 g / levure 20 g / sel 10 g,F18D3N3,"AG 18:3 c9,c12,c15 (n-3), alpha-linolénique (g/100 g)",0.118,g,CALC,0.7,computed,pâte à brioche crue : farine 500 g / 6 œufs / beurre 250 g / sucre 60 g / levure 20 g / sel 10 g,Composition calculée depuis Ciqual 2025 — pâte à brioche crue : farine 500 g / 6 œufs / beurre 250 g / sucre 60 g / levure 20 g / sel 10 g
ING-MIX-PTELEVE-000001,raw,main,CALC,pâte à brioche crue : farine 500 g / 6 œufs / beurre 250 g / sucre 60 g / levure 20 g / sel 10 g,RAE,"Activité vitaminique A, équivalents rétinol (µg/100 g)",245.579,µg,CALC,0.7,computed,pâte à brioche crue : farine 500 g / 6 œufs / beurre 250 g / sucre 60 g / levure 20 g / sel 10 g,Composition calculée depuis Ciqual 2025 — pâte à brioche crue : farine 500 g / 6 œufs / beurre 250 g / sucre 60 g / levure 20 g / sel 10 g
ING-MIX-PTELEVE-000001,raw,main,CALC,pâte à brioche crue : farine 500 g / 6 œufs / beurre 250 g / sucre 60 g / levure 20 g / sel 10 g,RETOL,Rétinol (µg/100 g),239.474,µg,CALC,0.7,computed,pâte à brioche crue : farine 500 g / 6 œufs / beurre 250 g / sucre 60 g / levure 20 g / sel 10 g,Composition calculée depuis Ciqual 2025 — pâte à brioche crue : farine 500 g / 6 œufs / beurre 250 g / sucre 60 g / levure 20 g / sel 10 g
ING-MIX-PTELEVE-000001,raw,main,CALC,pâte à brioche crue : farine 500 g / 6 œufs / beurre 250 g / sucre 60 g / levure 20 g / sel 10 g,CARTB,Beta-Carotène (µg/100 g),74.342,µg,CALC,0.7,computed,pâte à brioche crue : farine 500 g / 6 œufs / beurre 250 g / sucre 60 g / levure 20 g / sel 10 g,Composition calculée depuis Ciqual 2025 — pâte à brioche crue : farine 500 g / 6 œufs / beurre 250 g / sucre 60 g / levure 20 g / sel 10 g
ING-MIX-PTELEVE-000001,raw,main,CALC,pâte à brioche crue : farine 500 g / 6 œufs / beurre 250 g / sucre 60 g / levure 20 g / sel 10 g,PANTAC,Vitamine B5 ou Acide pantothénique (mg/100 g),0.719,mg,CALC,0.7,computed,pâte à brioche crue : farine 500 g / 6 œufs / beurre 250 g / sucre 60 g / levure 20 g / sel 10 g,Composition calculée depuis Ciqual 2025 — pâte à brioche crue : farine 500 g / 6 œufs / beurre 250 g / sucre 60 g / levure 20 g / sel 10 g
ING-MIX-PTELEVE-000001,raw,main,CALC,pâte à brioche crue : farine 500 g / 6 œufs / beurre 250 g / sucre 60 g / levure 20 g / sel 10 g,VITB12,Vitamine B12 (µg/100 g),0.256,µg,CALC,0.7,computed,pâte à brioche crue : farine 500 g / 6 œufs / beurre 250 g / sucre 60 g / levure 20 g / sel 10 g,Composition calculée depuis Ciqual 2025 — pâte à brioche crue : farine 500 g / 6 œufs / beurre 250 g / sucre 60 g / levure 20 g / sel 10 g
ING-MIX-PTELEVE-000001,raw,main,CALC,pâte à brioche crue : farine 500 g / 6 œufs / beurre 250 g / sucre 60 g / levure 20 g / sel 10 g,ALC,Alcool (éthanol) (g/100 g),0.0,g,CALC,0.7,computed,pâte à brioche crue : farine 500 g / 6 œufs / beurre 250 g / sucre 60 g / levure 20 g / sel 10 g,Composition calculée depuis Ciqual 2025 — pâte à brioche crue : farine 500 g / 6 œufs / beurre 250 g / sucre 60 g / levure 20 g / sel 10 g
ING-MIX-PTELEVE-000001,raw,main,CALC,pâte à brioche crue : farine 500 g / 6 œufs / beurre 250 g / sucre 60 g / levure 20 g / sel 10 g,TOCPHA,Alpha-tocophérol (vitamine E) (mg/100 g),1.035,mg,CALC,0.7,computed,pâte à brioche crue : farine 500 g / 6 œufs / beurre 250 g / sucre 60 g / levure 20 g / sel 10 g,Composition calculée depuis Ciqual 2025 — pâte à brioche crue : farine 500 g / 6 œufs / beurre 250 g / sucre 60 g / levure 20 g / sel 10 g
ING-MIX-PTELEVE-000001,raw,main,CALC,pâte à brioche crue : farine 500 g / 6 œufs / beurre 250 g / sucre 60 g / levure 20 g / sel 10 g,CHOL-,Cholestérol (mg/100 g),149.43,mg,CALC,0.7,computed,pâte à brioche crue : farine 500 g / 6 œufs / beurre 250 g / sucre 60 g / levure 20 g / sel 10 g,Composition calculée depuis Ciqual 2025 — pâte à brioche crue : farine 500 g / 6 œufs / beurre 250 g / sucre 60 g / levure 20 g / sel 10 g
ING-MIX-PTELEVE-000001,raw,main,CALC,pâte à brioche crue : farine 500 g / 6 œufs / beurre 250 g / sucre 60 g / levure 20 g / sel 10 g,SALT,Sel chlorure de sodium (g/100 g),0.949,g,CALC,0.7,computed,pâte à brioche crue : farine 500 g / 6 œufs / beurre 250 g / sucre 60 g / levure 20 g / sel 10 g,Composition calculée depuis Ciqual 2025 — pâte à brioche crue : farine 500 g / 6 œufs / beurre 250 g / sucre 60 g / levure 20 g / sel 10 g
ING-COND-SAUCEVELOUT-000001,raw,main,CALC,velouté : 1 l de fond blanc lié par 110 g de roux blond,ENERC,"Energie, Règlement UE N° 1169/2011 (kJ/100 g)",245.405,kJ,CALC,0.7,computed,velouté : 1 l de fond blanc lié par 110 g de roux blond,Composition calculée depuis Ciqual 2025 — velouté : 1 l de fond blanc lié par 110 g de roux blond
ING-COND-SAUCEVELOUT-000001,raw,main,CALC,velouté : 1 l de fond blanc lié par 110 g de roux blond,ENERCKCAL,"Energie, Règlement UE N° 1169/2011 (kcal/100 g)",58.937,kcal,CALC,0.7,computed,velouté : 1 l de fond blanc lié par 110 g de roux blond,Composition calculée depuis Ciqual 2025 — velouté : 1 l de fond blanc lié par 110 g de roux blond
ING-COND-SAUCEVELOUT-000001,raw,main,CALC,velouté : 1 l de fond blanc lié par 110 g de roux blond,WATER,Eau (g/100 g),89.112,g,CALC,0.7,computed,velouté : 1 l de fond blanc lié par 110 g de roux blond,Composition calculée depuis Ciqual 2025 — velouté : 1 l de fond blanc lié par 110 g de roux blond
ING-COND-SAUCEVELOUT-000001,raw,main,CALC,velouté : 1 l de fond blanc lié par 110 g de roux blond,ASH,Cendres (g/100 g),1.363,g,CALC,0.7,computed,velouté : 1 l de fond blanc lié par 110 g de roux blond,Composition calculée depuis Ciqual 2025 — velouté : 1 l de fond blanc lié par 110 g de roux blond
ING-COND-SAUCEVELOUT-000001,raw,main,CALC,velouté : 1 l de fond blanc lié par 110 g de roux blond,SALT,Sel chlorure de sodium (g/100 g),0.461,g,CALC,0.7,computed,velouté : 1 l de fond blanc lié par 110 g de roux blond,Composition calculée depuis Ciqual 2025 — velouté : 1 l de fond blanc lié par 110 g de roux blond
ING-COND-SAUCEVELOUT-000001,raw,main,CALC,velouté : 1 l de fond blanc lié par 110 g de roux blond,MG,Magnésium (mg/100 g),4.965,mg,CALC,0.7,computed,velouté : 1 l de fond blanc lié par 110 g de roux blond,Composition calculée depuis Ciqual 2025 — velouté : 1 l de fond blanc lié par 110 g de roux blond
ING-COND-SAUCEVELOUT-000001,raw,main,CALC,velouté : 1 l de fond blanc lié par 110 g de roux blond,P,Phosphore (mg/100 g),12.964,mg,CALC,0.7,computed,velouté : 1 l de fond blanc lié par 110 g de roux blond,Composition calculée depuis Ciqual 2025 — velouté : 1 l de fond blanc lié par 110 g de roux blond
ING-COND-SAUCEVELOUT-000001,raw,main,CALC,velouté : 1 l de fond blanc lié par 110 g de roux blond,K,Potassium (mg/100 g),25.77,mg,CALC,0.7,computed,velouté : 1 l de fond blanc lié par 110 g de roux blond,Composition calculée depuis Ciqual 2025 — velouté : 1 l de fond blanc lié par 110 g de roux blond
ING-COND-SAUCEVELOUT-000001,raw,main,CALC,velouté : 1 l de fond blanc lié par 110 g de roux blond,CA,Calcium (mg/100 g),6.856,mg,CALC,0.7,computed,velouté : 1 l de fond blanc lié par 110 g de roux blond,Composition calculée depuis Ciqual 2025 — velouté : 1 l de fond blanc lié par 110 g de roux blond
ING-COND-SAUCEVELOUT-000001,raw,main,CALC,velouté : 1 l de fond blanc lié par 110 g de roux blond,PROCNT,"Protéines, N x 6.25 (g/100 g)",1.693,g,CALC,0.7,computed,velouté : 1 l de fond blanc lié par 110 g de roux blond,Composition calculée depuis Ciqual 2025 — velouté : 1 l de fond blanc lié par 110 g de roux blond
ING-COND-SAUCEVELOUT-000001,raw,main,CALC,velouté : 1 l de fond blanc lié par 110 g de roux blond,CHOAVL,Glucides (g/100 g),3.992,g,CALC,0.7,computed,velouté : 1 l de fond blanc lié par 110 g de roux blond,Composition calculée depuis Ciqual 2025 — velouté : 1 l de fond blanc lié par 110 g de roux blond
ING-COND-SAUCEVELOUT-000001,raw,main,CALC,velouté : 1 l de fond blanc lié par 110 g de roux blond,SUGAR,Sucres (g/100 g),0.118,g,CALC,0.7,computed,velouté : 1 l de fond blanc lié par 110 g de roux blond,Composition calculée depuis Ciqual 2025 — velouté : 1 l de fond blanc lié par 110 g de roux blond
ING-COND-SAUCEVELOUT-000001,raw,main,CALC,velouté : 1 l de fond blanc lié par 110 g de roux blond,STARCH,Amidon (g/100 g),3.205,g,CALC,0.7,computed,velouté : 1 l de fond blanc lié par 110 g de roux blond,Composition calculée depuis Ciqual 2025 — velouté : 1 l de fond blanc lié par 110 g de roux blond
ING-COND-SAUCEVELOUT-000001,raw,main,CALC,velouté : 1 l de fond blanc lié par 110 g de roux blond,POLYL,Polyols totaux (g/100 g),0.0,g,CALC,0.7,computed,velouté : 1 l de fond blanc lié par 110 g de roux blond,Composition calculée depuis Ciqual 2025 — velouté : 1 l de fond blanc lié par 110 g de roux blond
ING-COND-SAUCEVELOUT-000001,raw,main,CALC,velouté : 1 l de fond blanc lié par 110 g de roux blond,FAT,Lipides (g/100 g),3.937,g,CALC,0.7,computed,velouté : 1 l de fond blanc lié par 110 g de roux blond,Composition calculée depuis Ciqual 2025 — velouté : 1 l de fond blanc lié par 110 g de roux blond
ING-COND-SAUCEVELOUT-000001,raw,main,CALC,velouté : 1 l de fond blanc lié par 110 g de roux blond,FASAT,AG saturés (g/100 g),2.834,g,CALC,0.7,computed,velouté : 1 l de fond blanc lié par 110 g de roux blond,Composition calculée depuis Ciqual 2025 — velouté : 1 l de fond blanc lié par 110 g de roux blond
ING-COND-SAUCEVELOUT-000001,raw,main,CALC,velouté : 1 l de fond blanc lié par 110 g de roux blond,FAMS,AG monoinsaturés (g/100 g),0.873,g,CALC,0.7,computed,velouté : 1 l de fond blanc lié par 110 g de roux blond,Composition calculée depuis Ciqual 2025 — velouté : 1 l de fond blanc lié par 110 g de roux blond
ING-COND-SAUCEVELOUT-000001,raw,main,CALC,velouté : 1 l de fond blanc lié par 110 g de roux blond,FAPU,AG polyinsaturés (g/100 g),0.131,g,CALC,0.7,computed,velouté : 1 l de fond blanc lié par 110 g de roux blond,Composition calculée depuis Ciqual 2025 — velouté : 1 l de fond blanc lié par 110 g de roux blond
ING-COND-SAUCEVELOUT-000001,raw,main,CALC,velouté : 1 l de fond blanc lié par 110 g de roux blond,F16D0,"AG 16:0, palmitique (g/100 g)",1.265,g,CALC,0.7,computed,velouté : 1 l de fond blanc lié par 110 g de roux blond,Composition calculée depuis Ciqual 2025 — velouté : 1 l de fond blanc lié par 110 g de roux blond
ING-COND-SAUCEVELOUT-000001,raw,main,CALC,velouté : 1 l de fond blanc lié par 110 g de roux blond,F18D0,"AG 18:0, stéarique (g/100 g)",0.342,g,CALC,0.7,computed,velouté : 1 l de fond blanc lié par 110 g de roux blond,Composition calculée depuis Ciqual 2025 — velouté : 1 l de fond blanc lié par 110 g de roux blond
ING-COND-SAUCEVELOUT-000001,raw,main,CALC,velouté : 1 l de fond blanc lié par 110 g de roux blond,RAE,"Activité vitaminique A, équivalents rétinol (µg/100 g)",42.68,µg,CALC,0.7,computed,velouté : 1 l de fond blanc lié par 110 g de roux blond,Composition calculée depuis Ciqual 2025 — velouté : 1 l de fond blanc lié par 110 g de roux blond
ING-COND-SAUCEVELOUT-000001,raw,main,CALC,velouté : 1 l de fond blanc lié par 110 g de roux blond,RETOL,Rétinol (µg/100 g),41.441,µg,CALC,0.7,computed,velouté : 1 l de fond blanc lié par 110 g de roux blond,Composition calculée depuis Ciqual 2025 — velouté : 1 l de fond blanc lié par 110 g de roux blond
ING-COND-SAUCEVELOUT-000001,raw,main,CALC,velouté : 1 l de fond blanc lié par 110 g de roux blond,CARTB,Beta-Carotène (µg/100 g),15.09,µg,CALC,0.7,computed,velouté : 1 l de fond blanc lié par 110 g de roux blond,Composition calculée depuis Ciqual 2025 — velouté : 1 l de fond blanc lié par 110 g de roux blond
ING-COND-SAUCEVELOUT-000001,raw,main,CALC,velouté : 1 l de fond blanc lié par 110 g de roux blond,PANTAC,Vitamine B5 ou Acide pantothénique (mg/100 g),0.048,mg,CALC,0.7,computed,velouté : 1 l de fond blanc lié par 110 g de roux blond,Composition calculée depuis Ciqual 2025 — velouté : 1 l de fond blanc lié par 110 g de roux blond
ING-COND-SAUCEVELOUT-000001,raw,main,CALC,velouté : 1 l de fond blanc lié par 110 g de roux blond,VITB12,Vitamine B12 (µg/100 g),0.014,µg,CALC,0.7,computed,velouté : 1 l de fond blanc lié par 110 g de roux blond,Composition calculée depuis Ciqual 2025 — velouté : 1 l de fond blanc lié par 110 g de roux blond
ING-COND-SAUCEVELOUT-000001,raw,main,CALC,velouté : 1 l de fond blanc lié par 110 g de roux blond,ALC,Alcool (éthanol) (g/100 g),0.0,g,CALC,0.7,computed,velouté : 1 l de fond blanc lié par 110 g de roux blond,Composition calculée depuis Ciqual 2025 — velouté : 1 l de fond blanc lié par 110 g de roux blond
ING-COND-SAUCEVELOUT-000001,raw,main,CALC,velouté : 1 l de fond blanc lié par 110 g de roux blond,OA,Acides organiques (g/100 g),0.004,g,CALC,0.7,computed,velouté : 1 l de fond blanc lié par 110 g de roux blond,Composition calculée depuis Ciqual 2025 — velouté : 1 l de fond blanc lié par 110 g de roux blond
ING-COND-SAUCEVELOUT-000001,raw,main,CALC,velouté : 1 l de fond blanc lié par 110 g de roux blond,CHOL-,Cholestérol (mg/100 g),10.586,mg,CALC,0.7,computed,velouté : 1 l de fond blanc lié par 110 g de roux blond,Composition calculée depuis Ciqual 2025 — velouté : 1 l de fond blanc lié par 110 g de roux blond
ING-COND-SAUCEVELOUT-000001,raw,main,CALC,velouté : 1 l de fond blanc lié par 110 g de roux blond,FIB-,Fibres alimentaires (g/100 g),0.368,g,CALC,0.7,computed,velouté : 1 l de fond blanc lié par 110 g de roux blond,Composition calculée depuis Ciqual 2025 — velouté : 1 l de fond blanc lié par 110 g de roux blond
ING-COND-SAUCEESPAGNO-000001,raw,main,CALC,espagnole simplifiée : 1 l de fond brun lié par 130 g de roux brun (garniture aromatique non comptée),ENERC,"Energie, Règlement UE N° 1169/2011 (kJ/100 g)",405.752,kJ,CALC,0.7,computed,espagnole simplifiée : 1 l de fond brun lié par 130 g de roux brun (garniture aromatique non comptée),Composition calculée depuis Ciqual 2025 — espagnole simplifiée : 1 l de fond brun lié par 130 g de roux brun (garniture aromatique non comptée)
ING-COND-SAUCEESPAGNO-000001,raw,main,CALC,espagnole simplifiée : 1 l de fond brun lié par 130 g de roux brun (garniture aromatique non comptée),ENERCKCAL,"Energie, Règlement UE N° 1169/2011 (kcal/100 g)",97.425,kcal,CALC,0.7,computed,espagnole simplifiée : 1 l de fond brun lié par 130 g de roux brun (garniture aromatique non comptée),Composition calculée depuis Ciqual 2025 — espagnole simplifiée : 1 l de fond brun lié par 130 g de roux brun (garniture aromatique non comptée)
ING-COND-SAUCEESPAGNO-000001,raw,main,CALC,espagnole simplifiée : 1 l de fond brun lié par 130 g de roux brun (garniture aromatique non comptée),ASH,Cendres (g/100 g),1.049,g,CALC,0.7,computed,espagnole simplifiée : 1 l de fond brun lié par 130 g de roux brun (garniture aromatique non comptée),Composition calculée depuis Ciqual 2025 — espagnole simplifiée : 1 l de fond brun lié par 130 g de roux brun (garniture aromatique non comptée)
ING-COND-SAUCEESPAGNO-000001,raw,main,CALC,espagnole simplifiée : 1 l de fond brun lié par 130 g de roux brun (garniture aromatique non comptée),SALT,Sel chlorure de sodium (g/100 g),0.975,g,CALC,0.7,computed,espagnole simplifiée : 1 l de fond brun lié par 130 g de roux brun (garniture aromatique non comptée),Composition calculée depuis Ciqual 2025 — espagnole simplifiée : 1 l de fond brun lié par 130 g de roux brun (garniture aromatique non comptée)
ING-COND-SAUCEESPAGNO-000001,raw,main,CALC,espagnole simplifiée : 1 l de fond brun lié par 130 g de roux brun (garniture aromatique non comptée),PROCNT,"Protéines, N x 6.25 (g/100 g)",3.459,g,CALC,0.7,computed,espagnole simplifiée : 1 l de fond brun lié par 130 g de roux brun (garniture aromatique non comptée),Composition calculée depuis Ciqual 2025 — espagnole simplifiée : 1 l de fond brun lié par 130 g de roux brun (garniture aromatique non comptée)
ING-COND-SAUCEESPAGNO-000001,raw,main,CALC,espagnole simplifiée : 1 l de fond brun lié par 130 g de roux brun (garniture aromatique non comptée),CHOAVL,Glucides (g/100 g),6.411,g,CALC,0.7,computed,espagnole simplifiée : 1 l de fond brun lié par 130 g de roux brun (garniture aromatique non comptée),Composition calculée depuis Ciqual 2025 — espagnole simplifiée : 1 l de fond brun lié par 130 g de roux brun (garniture aromatique non comptée)
ING-COND-SAUCEESPAGNO-000001,raw,main,CALC,espagnole simplifiée : 1 l de fond brun lié par 130 g de roux brun (garniture aromatique non comptée),SUGAR,Sucres (g/100 g),0.756,g,CALC,0.7,computed,espagnole simplifiée : 1 l de fond brun lié par 130 g de roux brun (garniture aromatique non comptée),Composition calculée depuis Ciqual 2025 — espagnole simplifiée : 1 l de fond brun lié par 130 g de roux brun (garniture aromatique non comptée)
ING-COND-SAUCEESPAGNO-000001,raw,main,CALC,espagnole simplifiée : 1 l de fond brun lié par 130 g de roux brun (garniture aromatique non comptée),FIB-,Fibres alimentaires (g/100 g),0.51,g,CALC,0.7,computed,espagnole simplifiée : 1 l de fond brun lié par 130 g de roux brun (garniture aromatique non comptée),Composition calculée depuis Ciqual 2025 — espagnole simplifiée : 1 l de fond brun lié par 130 g de roux brun (garniture aromatique non comptée)
ING-COND-SAUCEESPAGNO-000001,raw,main,CALC,espagnole simplifiée : 1 l de fond brun lié par 130 g de roux brun (garniture aromatique non comptée),FAT,Lipides (g/100 g),6.314,g,CALC,0.7,computed,espagnole simplifiée : 1 l de fond brun lié par 130 g de roux brun (garniture aromatique non comptée),Composition calculée depuis Ciqual 2025 — espagnole simplifiée : 1 l de fond brun lié par 130 g de roux brun (garniture aromatique non comptée)
ING-COND-SAUCEESPAGNO-000001,raw,main,CALC,espagnole simplifiée : 1 l de fond brun lié par 130 g de roux brun (garniture aromatique non comptée),FASAT,AG saturés (g/100 g),4.088,g,CALC,0.7,computed,espagnole simplifiée : 1 l de fond brun lié par 130 g de roux brun (garniture aromatique non comptée),Composition calculée depuis Ciqual 2025 — espagnole simplifiée : 1 l de fond brun lié par 130 g de roux brun (garniture aromatique non comptée)
ING-COND-SAUCEESPAGNO-000001,raw,main,CALC,espagnole simplifiée : 1 l de fond brun lié par 130 g de roux brun (garniture aromatique non comptée),ALC,Alcool (éthanol) (g/100 g),0.0,g,CALC,0.7,computed,espagnole simplifiée : 1 l de fond brun lié par 130 g de roux brun (garniture aromatique non comptée),Composition calculée depuis Ciqual 2025 — espagnole simplifiée : 1 l de fond brun lié par 130 g de roux brun (garniture aromatique non comptée)
ING-TECH-SUCREINVERTI-000001,raw,main,CALC,sirop de sucre inverti à 80 % de matière sèche (glucose et fructose à parts égales),WATER,Eau (g/100 g),20.0,g,CALC,0.7,computed,sirop de sucre inverti à 80 % de matière sèche (glucose et fructose à parts égales),Règlement (UE) n° 1169/2011 annexe XIV (4 kcal/g) — sirop de sucre inverti à 80 % de matière sèche (glucose et fructose à parts égales)
ING-TECH-SUCREINVERTI-000001,raw,main,CALC,sirop de sucre inverti à 80 % de matière sèche (glucose et fructose à parts égales),GLUS,Glucose (g/100 g),40.0,g,CALC,0.7,computed,sirop de sucre inverti à 80 % de matière sèche (glucose et fructose à parts égales),Règlement (UE) n° 1169/2011 annexe XIV (4 kcal/g) — sirop de sucre inverti à 80 % de matière sèche (glucose et fructose à parts égales)
ING-TECH-SUCREINVERTI-000001,raw,main,CALC,sirop de sucre inverti à 80 % de matière sèche (glucose et fructose à parts égales),FRUS,Fructose (g/100 g),40.0,g,CALC,0.7,computed,sirop de sucre inverti à 80 % de matière sèche (glucose et fructose à parts égales),Règlement (UE) n° 1169/2011 annexe XIV (4 kcal/g) — sirop de sucre inverti à 80 % de matière sèche (glucose et fructose à parts égales)
ING-TECH-SUCREINVERTI-000001,raw,main,CALC,sirop de sucre inverti à 80 % de matière sèche (glucose et fructose à parts égales),SUGAR,Sucres (g/100 g),80.0,g,CALC,0.7,computed,sirop de sucre inverti à 80 % de matière sèche (glucose et fructose à parts égales),Règlement (UE) n° 1169/2011 annexe XIV (4 kcal/g) — sirop de sucre inverti à 80 % de matière sèche (glucose et fructose à parts égales)
ING-TECH-SUCREINVERTI-000001,raw,main,CALC,sirop de sucre inverti à 80 % de matière sèche (glucose et fructose à parts égales),CHOAVL,Glucides (g/100 g),80.0,g,CALC,0.7,computed,sirop de sucre inverti à 80 % de matière sèche (glucose et fructose à parts égales),Règlement (UE) n° 1169/2011 annexe XIV (4 kcal/g) — sirop de sucre inverti à 80 % de matière sèche (glucose et fructose à parts égales)
ING-TECH-SUCREINVERTI-000001,raw,main,CALC,sirop de sucre inverti à 80 % de matière sèche (glucose et fructose à parts égales),PROCNT,"Protéines, N x 6.25 (g/100 g)",0.0,g,CALC,0.7,computed,sirop de sucre inverti à 80 % de matière sèche (glucose et fructose à parts égales),Règlement (UE) n° 1169/2011 annexe XIV (4 kcal/g) — sirop de sucre inverti à 80 % de matière sèche (glucose et fructose à parts égales)
ING-TECH-SUCREINVERTI-000001,raw,main,CALC,sirop de sucre inverti à 80 % de matière sèche (glucose et fructose à parts égales),FAT,Lipides (g/100 g),0.0,g,CALC,0.7,computed,sirop de sucre inverti à 80 % de matière sèche (glucose et fructose à parts égales),Règlement (UE) n° 1169/2011 annexe XIV (4 kcal/g) — sirop de sucre inverti à 80 % de matière sèche (glucose et fructose à parts égales)
ING-TECH-SUCREINVERTI-000001,raw,main,CALC,sirop de sucre inverti à 80 % de matière sèche (glucose et fructose à parts égales),FIB-,Fibres alimentaires (g/100 g),0.0,g,CALC,0.7,computed,sirop de sucre inverti à 80 % de matière sèche (glucose et fructose à parts égales),Règlement (UE) n° 1169/2011 annexe XIV (4 kcal/g) — sirop de sucre inverti à 80 % de matière sèche (glucose et fructose à parts égales)
ING-TECH-SUCREINVERTI-000001,raw,main,CALC,sirop de sucre inverti à 80 % de matière sèche (glucose et fructose à parts égales),NA,Sodium (mg/100 g),0.0,mg,CALC,0.7,computed,sirop de sucre inverti à 80 % de matière sèche (glucose et fructose à parts égales),Règlement (UE) n° 1169/2011 annexe XIV (4 kcal/g) — sirop de sucre inverti à 80 % de matière sèche (glucose et fructose à parts égales)
ING-TECH-SUCREINVERTI-000001,raw,main,CALC,sirop de sucre inverti à 80 % de matière sèche (glucose et fructose à parts égales),SALT,Sel chlorure de sodium (g/100 g),0.0,g,CALC,0.7,computed,sirop de sucre inverti à 80 % de matière sèche (glucose et fructose à parts égales),Règlement (UE) n° 1169/2011 annexe XIV (4 kcal/g) — sirop de sucre inverti à 80 % de matière sèche (glucose et fructose à parts égales)
ING-TECH-SUCREINVERTI-000001,raw,main,CALC,sirop de sucre inverti à 80 % de matière sèche (glucose et fructose à parts égales),ENERCKCAL,"Energie, Règlement UE N° 1169/2011 (kcal/100 g)",320.0,kcal,CALC,0.7,computed,sirop de sucre inverti à 80 % de matière sèche (glucose et fructose à parts égales),Règlement (UE) n° 1169/2011 annexe XIV (4 kcal/g) — sirop de sucre inverti à 80 % de matière sèche (glucose et fructose à parts égales)
ING-TECH-SUCREINVERTI-000001,raw,main,CALC,sirop de sucre inverti à 80 % de matière sèche (glucose et fructose à parts égales),ENERC,"Energie, Règlement UE N° 1169/2011 (kJ/100 g)",1360.0,kJ,CALC,0.7,computed,sirop de sucre inverti à 80 % de matière sèche (glucose et fructose à parts égales),Règlement (UE) n° 1169/2011 annexe XIV (4 kcal/g) — sirop de sucre inverti à 80 % de matière sèche (glucose et fructose à parts égales)
ING-TECH-DEXTROSE-000001,raw,main,CALC,dextrose anhydre (glucose pur ; le dextrose monohydraté contient environ 9 % d'eau),WATER,Eau (g/100 g),0.0,g,CALC,0.7,computed,dextrose anhydre (glucose pur ; le dextrose monohydraté contient environ 9 % d'eau),Règlement (UE) n° 1169/2011 annexe XIV (4 kcal/g) — dextrose anhydre (glucose pur ; le dextrose monohydraté contient environ 9 % d'eau)
ING-TECH-DEXTROSE-000001,raw,main,CALC,dextrose anhydre (glucose pur ; le dextrose monohydraté contient environ 9 % d'eau),GLUS,Glucose (g/100 g),100.0,g,CALC,0.7,computed,dextrose anhydre (glucose pur ; le dextrose monohydraté contient environ 9 % d'eau),Règlement (UE) n° 1169/2011 annexe XIV (4 kcal/g) — dextrose anhydre (glucose pur ; le dextrose monohydraté contient environ 9 % d'eau)
ING-TECH-DEXTROSE-000001,raw,main,CALC,dextrose anhydre (glucose pur ; le dextrose monohydraté contient environ 9 % d'eau),SUGAR,Sucres (g/100 g),100.0,g,CALC,0.7,computed,dextrose anhydre (glucose pur ; le dextrose monohydraté contient environ 9 % d'eau),Règlement (UE) n° 1169/2011 annexe XIV (4 kcal/g) — dextrose anhydre (glucose pur ; le dextrose monohydraté contient environ 9 % d'eau)
ING-TECH-DEXTROSE-000001,raw,main,CALC,dextrose anhydre (glucose pur ; le dextrose monohydraté contient environ 9 % d'eau),CHOAVL,Glucides (g/100 g),100.0,g,CALC,0.7,computed,dextrose anhydre (glucose pur ; le dextrose monohydraté contient environ 9 % d'eau),Règlement (UE) n° 1169/2011 annexe XIV (4 kcal/g) — dextrose anhydre (glucose pur ; le dextrose monohydraté contient environ 9 % d'eau)
ING-TECH-DEXTROSE-000001,raw,main,CALC,dextrose anhydre (glucose pur ; le dextrose monohydraté contient environ 9 % d'eau),PROCNT,"Protéines, N x 6.25 (g/100 g)",0.0,g,CALC,0.7,computed,dextrose anhydre (glucose pur ; le dextrose monohydraté contient environ 9 % d'eau),Règlement (UE) n° 1169/2011 annexe XIV (4 kcal/g) — dextrose anhydre (glucose pur ; le dextrose monohydraté contient environ 9 % d'eau)
ING-TECH-DEXTROSE-000001,raw,main,CALC,dextrose anhydre (glucose pur ; le dextrose monohydraté contient environ 9 % d'eau),FAT,Lipides (g/100 g),0.0,g,CALC,0.7,computed,dextrose anhydre (glucose pur ; le dextrose monohydraté contient environ 9 % d'eau),Règlement (UE) n° 1169/2011 annexe XIV (4 kcal/g) — dextrose anhydre (glucose pur ; le dextrose monohydraté contient environ 9 % d'eau)
ING-TECH-DEXTROSE-000001,raw,main,CALC,dextrose anhydre (glucose pur ; le dextrose monohydraté contient environ 9 % d'eau),FIB-,Fibres alimentaires (g/100 g),0.0,g,CALC,0.7,computed,dextrose anhydre (glucose pur ; le dextrose monohydraté contient environ 9 % d'eau),Règlement (UE) n° 1169/2011 annexe XIV (4 kcal/g) — dextrose anhydre (glucose pur ; le dextrose monohydraté contient environ 9 % d'eau)
ING-TECH-DEXTROSE-000001,raw,main,CALC,dextrose anhydre (glucose pur ; le dextrose monohydraté contient environ 9 % d'eau),NA,Sodium (mg/100 g),0.0,mg,CALC,0.7,computed,dextrose anhydre (glucose pur ; le dextrose monohydraté contient environ 9 % d'eau),Règlement (UE) n° 1169/2011 annexe XIV (4 kcal/g) — dextrose anhydre (glucose pur ; le dextrose monohydraté contient environ 9 % d'eau)
ING-TECH-DEXTROSE-000001,raw,main,CALC,dextrose anhydre (glucose pur ; le dextrose monohydraté contient environ 9 % d'eau),SALT,Sel chlorure de sodium (g/100 g),0.0,g,CALC,0.7,computed,dextrose anhydre (glucose pur ; le dextrose monohydraté contient environ 9 % d'eau),Règlement (UE) n° 1169/2011 annexe XIV (4 kcal/g) — dextrose anhydre (glucose pur ; le dextrose monohydraté contient environ 9 % d'eau)
ING-TECH-DEXTROSE-000001,raw,main,CALC,dextrose anhydre (glucose pur ; le dextrose monohydraté contient environ 9 % d'eau),ENERCKCAL,"Energie, Règlement UE N° 1169/2011 (kcal/100 g)",400.0,kcal,CALC,0.7,computed,dextrose anhydre (glucose pur ; le dextrose monohydraté contient environ 9 % d'eau),Règlement (UE) n° 1169/2011 annexe XIV (4 kcal/g) — dextrose anhydre (glucose pur ; le dextrose monohydraté contient environ 9 % d'eau)
ING-TECH-DEXTROSE-000001,raw,main,CALC,dextrose anhydre (glucose pur ; le dextrose monohydraté contient environ 9 % d'eau),ENERC,"Energie, Règlement UE N° 1169/2011 (kJ/100 g)",1700.0,kJ,CALC,0.7,computed,dextrose anhydre (glucose pur ; le dextrose monohydraté contient environ 9 % d'eau),Règlement (UE) n° 1169/2011 annexe XIV (4 kcal/g) — dextrose anhydre (glucose pur ; le dextrose monohydraté contient environ 9 % d'eau)
ING-TECH-SORBITOLE420-000001,raw,main,CALC,polyol pur,WATER,Eau (g/100 g),0.0,g,CALC,0.7,computed,polyol pur,Règlement (UE) n° 1169/2011 annexe XIV (polyols 2 — polyol pur
ING-TECH-SORBITOLE420-000001,raw,main,CALC,polyol pur,POLYL,Polyols totaux (g/100 g),100.0,g,CALC,0.7,computed,polyol pur,Règlement (UE) n° 1169/2011 annexe XIV (polyols 2 — polyol pur
ING-TECH-SORBITOLE420-000001,raw,main,CALC,polyol pur,CHOAVL,Glucides (g/100 g),100.0,g,CALC,0.7,computed,polyol pur,Règlement (UE) n° 1169/2011 annexe XIV (polyols 2 — polyol pur
ING-TECH-SORBITOLE420-000001,raw,main,CALC,polyol pur,SUGAR,Sucres (g/100 g),0.0,g,CALC,0.7,computed,polyol pur,Règlement (UE) n° 1169/2011 annexe XIV (polyols 2 — polyol pur
ING-TECH-SORBITOLE420-000001,raw,main,CALC,polyol pur,PROCNT,"Protéines, N x 6.25 (g/100 g)",0.0,g,CALC,0.7,computed,polyol pur,Règlement (UE) n° 1169/2011 annexe XIV (polyols 2 — polyol pur
ING-TECH-SORBITOLE420-000001,raw,main,CALC,polyol pur,FAT,Lipides (g/100 g),0.0,g,CALC,0.7,computed,polyol pur,Règlement (UE) n° 1169/2011 annexe XIV (polyols 2 — polyol pur
ING-TECH-SORBITOLE420-000001,raw,main,CALC,polyol pur,FIB-,Fibres alimentaires (g/100 g),0.0,g,CALC,0.7,computed,polyol pur,Règlement (UE) n° 1169/2011 annexe XIV (polyols 2 — polyol pur
ING-TECH-SORBITOLE420-000001,raw,main,CALC,polyol pur,NA,Sodium (mg/100 g),0.0,mg,CALC,0.7,computed,polyol pur,Règlement (UE) n° 1169/2011 annexe XIV (polyols 2 — polyol pur
ING-TECH-SORBITOLE420-000001,raw,main,CALC,polyol pur,ENERCKCAL,"Energie, Règlement UE N° 1169/2011 (kcal/100 g)",240.0,kcal,CALC,0.7,computed,polyol pur,Règlement (UE) n° 1169/2011 annexe XIV (polyols 2 — polyol pur
ING-TECH-SORBITOLE420-000001,raw,main,CALC,polyol pur,SALT,Sel chlorure de sodium (g/100 g),0.0,g,CALC,0.7,computed,polyol pur,Règlement (UE) n° 1169/2011 annexe XIV (polyols 2 — polyol pur
ING-TECH-SORBITOLE420-000001,raw,main,CALC,polyol pur,ENERC,"Energie, Règlement UE N° 1169/2011 (kJ/100 g)",1004.16,kJ,CALC,0.7,computed,polyol pur,Règlement (UE) n° 1169/2011 annexe XIV (polyols 2 — polyol pur
ING-TECH-MANNITOLE421-000001,raw,main,CALC,polyol pur,WATER,Eau (g/100 g),0.0,g,CALC,0.7,computed,polyol pur,Règlement (UE) n° 1169/2011 annexe XIV (polyols 2 — polyol pur
ING-TECH-MANNITOLE421-000001,raw,main,CALC,polyol pur,POLYL,Polyols totaux (g/100 g),100.0,g,CALC,0.7,computed,polyol pur,Règlement (UE) n° 1169/2011 annexe XIV (polyols 2 — polyol pur
ING-TECH-MANNITOLE421-000001,raw,main,CALC,polyol pur,CHOAVL,Glucides (g/100 g),100.0,g,CALC,0.7,computed,polyol pur,Règlement (UE) n° 1169/2011 annexe XIV (polyols 2 — polyol pur
ING-TECH-MANNITOLE421-000001,raw,main,CALC,polyol pur,SUGAR,Sucres (g/100 g),0.0,g,CALC,0.7,computed,polyol pur,Règlement (UE) n° 1169/2011 annexe XIV (polyols 2 — polyol pur
ING-TECH-MANNITOLE421-000001,raw,main,CALC,polyol pur,PROCNT,"Protéines, N x 6.25 (g/100 g)",0.0,g,CALC,0.7,computed,polyol pur,Règlement (UE) n° 1169/2011 annexe XIV (polyols 2 — polyol pur
ING-TECH-MANNITOLE421-000001,raw,main,CALC,polyol pur,FAT,Lipides (g/100 g),0.0,g,CALC,0.7,computed,polyol pur,Règlement (UE) n° 1169/2011 annexe XIV (polyols 2 — polyol pur
ING-TECH-MANNITOLE421-000001,raw,main,CALC,polyol pur,FIB-,Fibres alimentaires (g/100 g),0.0,g,CALC,0.7,computed,polyol pur,Règlement (UE) n° 1169/2011 annexe XIV (polyols 2 — polyol pur
ING-TECH-MANNITOLE421-000001,raw,main,CALC,polyol pur,NA,Sodium (mg/100 g),0.0,mg,CALC,0.7,computed,polyol pur,Règlement (UE) n° 1169/2011 annexe XIV (polyols 2 — polyol pur
ING-TECH-MANNITOLE421-000001,raw,main,CALC,polyol pur,ENERCKCAL,"Energie, Règlement UE N° 1169/2011 (kcal/100 g)",240.0,kcal,CALC,0.7,computed,polyol pur,Règlement (UE) n° 1169/2011 annexe XIV (polyols 2 — polyol pur
ING-TECH-MANNITOLE421-000001,raw,main,CALC,polyol pur,SALT,Sel chlorure de sodium (g/100 g),0.0,g,CALC,0.7,computed,polyol pur,Règlement (UE) n° 1169/2011 annexe XIV (polyols 2 — polyol pur
ING-TECH-MANNITOLE421-000001,raw,main,CALC,polyol pur,ENERC,"Energie, Règlement UE N° 1169/2011 (kJ/100 g)",1004.16,kJ,CALC,0.7,computed,polyol pur,Règlement (UE) n° 1169/2011 annexe XIV (polyols 2 — polyol pur
ING-TECH-XYLITOLE967-000001,raw,main,CALC,polyol pur,WATER,Eau (g/100 g),0.0,g,CALC,0.7,computed,polyol pur,Règlement (UE) n° 1169/2011 annexe XIV (polyols 2 — polyol pur
ING-TECH-XYLITOLE967-000001,raw,main,CALC,polyol pur,POLYL,Polyols totaux (g/100 g),100.0,g,CALC,0.7,computed,polyol pur,Règlement (UE) n° 1169/2011 annexe XIV (polyols 2 — polyol pur
ING-TECH-XYLITOLE967-000001,raw,main,CALC,polyol pur,CHOAVL,Glucides (g/100 g),100.0,g,CALC,0.7,computed,polyol pur,Règlement (UE) n° 1169/2011 annexe XIV (polyols 2 — polyol pur
ING-TECH-XYLITOLE967-000001,raw,main,CALC,polyol pur,SUGAR,Sucres (g/100 g),0.0,g,CALC,0.7,computed,polyol pur,Règlement (UE) n° 1169/2011 annexe XIV (polyols 2 — polyol pur
ING-TECH-XYLITOLE967-000001,raw,main,CALC,polyol pur,PROCNT,"Protéines, N x 6.25 (g/100 g)",0.0,g,CALC,0.7,computed,polyol pur,Règlement (UE) n° 1169/2011 annexe XIV (polyols 2 — polyol pur
ING-TECH-XYLITOLE967-000001,raw,main,CALC,polyol pur,FAT,Lipides (g/100 g),0.0,g,CALC,0.7,computed,polyol pur,Règlement (UE) n° 1169/2011 annexe XIV (polyols 2 — polyol pur
ING-TECH-XYLITOLE967-000001,raw,main,CALC,polyol pur,FIB-,Fibres alimentaires (g/100 g),0.0,g,CALC,0.7,computed,polyol pur,Règlement (UE) n° 1169/2011 annexe XIV (polyols 2 — polyol pur
ING-TECH-XYLITOLE967-000001,raw,main,CALC,polyol pur,NA,Sodium (mg/100 g),0.0,mg,CALC,0.7,computed,polyol pur,Règlement (UE) n° 1169/2011 annexe XIV (polyols 2 — polyol pur
ING-TECH-XYLITOLE967-000001,raw,main,CALC,polyol pur,ENERCKCAL,"Energie, Règlement UE N° 1169/2011 (kcal/100 g)",240.0,kcal,CALC,0.7,computed,polyol pur,Règlement (UE) n° 1169/2011 annexe XIV (polyols 2 — polyol pur
ING-TECH-XYLITOLE967-000001,raw,main,CALC,polyol pur,SALT,Sel chlorure de sodium (g/100 g),0.0,g,CALC,0.7,computed,polyol pur,Règlement (UE) n° 1169/2011 annexe XIV (polyols 2 — polyol pur
ING-TECH-XYLITOLE967-000001,raw,main,CALC,polyol pur,ENERC,"Energie, Règlement UE N° 1169/2011 (kJ/100 g)",1004.16,kJ,CALC,0.7,computed,polyol pur,Règlement (UE) n° 1169/2011 annexe XIV (polyols 2 — polyol pur
ING-TECH-MALTITOLE965-000001,raw,main,CALC,polyol pur,WATER,Eau (g/100 g),0.0,g,CALC,0.7,computed,polyol pur,Règlement (UE) n° 1169/2011 annexe XIV (polyols 2 — polyol pur
ING-TECH-MALTITOLE965-000001,raw,main,CALC,polyol pur,POLYL,Polyols totaux (g/100 g),100.0,g,CALC,0.7,computed,polyol pur,Règlement (UE) n° 1169/2011 annexe XIV (polyols 2 — polyol pur
ING-TECH-MALTITOLE965-000001,raw,main,CALC,polyol pur,CHOAVL,Glucides (g/100 g),100.0,g,CALC,0.7,computed,polyol pur,Règlement (UE) n° 1169/2011 annexe XIV (polyols 2 — polyol pur
ING-TECH-MALTITOLE965-000001,raw,main,CALC,polyol pur,SUGAR,Sucres (g/100 g),0.0,g,CALC,0.7,computed,polyol pur,Règlement (UE) n° 1169/2011 annexe XIV (polyols 2 — polyol pur
ING-TECH-MALTITOLE965-000001,raw,main,CALC,polyol pur,PROCNT,"Protéines, N x 6.25 (g/100 g)",0.0,g,CALC,0.7,computed,polyol pur,Règlement (UE) n° 1169/2011 annexe XIV (polyols 2 — polyol pur
ING-TECH-MALTITOLE965-000001,raw,main,CALC,polyol pur,FAT,Lipides (g/100 g),0.0,g,CALC,0.7,computed,polyol pur,Règlement (UE) n° 1169/2011 annexe XIV (polyols 2 — polyol pur
ING-TECH-MALTITOLE965-000001,raw,main,CALC,polyol pur,FIB-,Fibres alimentaires (g/100 g),0.0,g,CALC,0.7,computed,polyol pur,Règlement (UE) n° 1169/2011 annexe XIV (polyols 2 — polyol pur
ING-TECH-MALTITOLE965-000001,raw,main,CALC,polyol pur,NA,Sodium (mg/100 g),0.0,mg,CALC,0.7,computed,polyol pur,Règlement (UE) n° 1169/2011 annexe XIV (polyols 2 — polyol pur
ING-TECH-MALTITOLE965-000001,raw,main,CALC,polyol pur,ENERCKCAL,"Energie, Règlement UE N° 1169/2011 (kcal/100 g)",240.0,kcal,CALC,0.7,computed,polyol pur,Règlement (UE) n° 1169/2011 annexe XIV (polyols 2 — polyol pur
ING-TECH-MALTITOLE965-000001,raw,main,CALC,polyol pur,SALT,Sel chlorure de sodium (g/100 g),0.0,g,CALC,0.7,computed,polyol pur,Règlement (UE) n° 1169/2011 annexe XIV (polyols 2 — polyol pur
ING-TECH-MALTITOLE965-000001,raw,main,CALC,polyol pur,ENERC,"Energie, Règlement UE N° 1169/2011 (kJ/100 g)",1004.16,kJ,CALC,0.7,computed,polyol pur,Règlement (UE) n° 1169/2011 annexe XIV (polyols 2 — polyol pur
ING-TECH-ERYTHRITOLE9-000001,raw,main,CALC,érythritol pur (non métabolisé),WATER,Eau (g/100 g),0.0,g,CALC,0.7,computed,érythritol pur (non métabolisé),Règlement (UE) n° 1169/2011 annexe XIV (érythritol 0 kcal/g) — érythritol pur (non métabolisé)
ING-TECH-ERYTHRITOLE9-000001,raw,main,CALC,érythritol pur (non métabolisé),POLYL,Polyols totaux (g/100 g),100.0,g,CALC,0.7,computed,érythritol pur (non métabolisé),Règlement (UE) n° 1169/2011 annexe XIV (érythritol 0 kcal/g) — érythritol pur (non métabolisé)
ING-TECH-ERYTHRITOLE9-000001,raw,main,CALC,érythritol pur (non métabolisé),CHOAVL,Glucides (g/100 g),100.0,g,CALC,0.7,computed,érythritol pur (non métabolisé),Règlement (UE) n° 1169/2011 annexe XIV (érythritol 0 kcal/g) — érythritol pur (non métabolisé)
ING-TECH-ERYTHRITOLE9-000001,raw,main,CALC,érythritol pur (non métabolisé),SUGAR,Sucres (g/100 g),0.0,g,CALC,0.7,computed,érythritol pur (non métabolisé),Règlement (UE) n° 1169/2011 annexe XIV (érythritol 0 kcal/g) — érythritol pur (non métabolisé)
ING-TECH-ERYTHRITOLE9-000001,raw,main,CALC,érythritol pur (non métabolisé),PROCNT,"Protéines, N x 6.25 (g/100 g)",0.0,g,CALC,0.7,computed,érythritol pur (non métabolisé),Règlement (UE) n° 1169/2011 annexe XIV (érythritol 0 kcal/g) — érythritol pur (non métabolisé)
ING-TECH-ERYTHRITOLE9-000001,raw,main,CALC,érythritol pur (non métabolisé),FAT,Lipides (g/100 g),0.0,g,CALC,0.7,computed,érythritol pur (non métabolisé),Règlement (UE) n° 1169/2011 annexe XIV (érythritol 0 kcal/g) — érythritol pur (non métabolisé)
ING-TECH-ERYTHRITOLE9-000001,raw,main,CALC,érythritol pur (non métabolisé),FIB-,Fibres alimentaires (g/100 g),0.0,g,CALC,0.7,computed,érythritol pur (non métabolisé),Règlement (UE) n° 1169/2011 annexe XIV (érythritol 0 kcal/g) — érythritol pur (non métabolisé)
ING-TECH-ERYTHRITOLE9-000001,raw,main,CALC,érythritol pur (non métabolisé),NA,Sodium (mg/100 g),0.0,mg,CALC,0.7,computed,érythritol pur (non métabolisé),Règlement (UE) n° 1169/2011 annexe XIV (érythritol 0 kcal/g) — érythritol pur (non métabolisé)
ING-TECH-ERYTHRITOLE9-000001,raw,main,CALC,érythritol pur (non métabolisé),ENERCKCAL,"Energie, Règlement UE N° 1169/2011 (kcal/100 g)",0.0,kcal,CALC,0.7,computed,érythritol pur (non métabolisé),Règlement (UE) n° 1169/2011 annexe XIV (érythritol 0 kcal/g) — érythritol pur (non métabolisé)
ING-TECH-ERYTHRITOLE9-000001,raw,main,CALC,érythritol pur (non métabolisé),SALT,Sel chlorure de sodium (g/100 g),0.0,g,CALC,0.7,computed,érythritol pur (non métabolisé),Règlement (UE) n° 1169/2011 annexe XIV (érythritol 0 kcal/g) — érythritol pur (non métabolisé)
ING-TECH-ERYTHRITOLE9-000001,raw,main,CALC,érythritol pur (non métabolisé),ENERC,"Energie, Règlement UE N° 1169/2011 (kJ/100 g)",0.0,kJ,CALC,0.7,computed,érythritol pur (non métabolisé),Règlement (UE) n° 1169/2011 annexe XIV (érythritol 0 kcal/g) — érythritol pur (non métabolisé)
ING-TECH-ACIDECITRIQU-000001,raw,main,CALC,acide citrique anhydre,WATER,Eau (g/100 g),0.0,g,CALC,0.7,computed,acide citrique anhydre,Règlement (UE) n° 1169/2011 annexe XIV (acides organiques 3 kcal/g) — acide citrique anhydre
ING-TECH-ACIDECITRIQU-000001,raw,main,CALC,acide citrique anhydre,OA,Acides organiques (g/100 g),100.0,g,CALC,0.7,computed,acide citrique anhydre,Règlement (UE) n° 1169/2011 annexe XIV (acides organiques 3 kcal/g) — acide citrique anhydre
ING-TECH-ACIDECITRIQU-000001,raw,main,CALC,acide citrique anhydre,CHOAVL,Glucides (g/100 g),0.0,g,CALC,0.7,computed,acide citrique anhydre,Règlement (UE) n° 1169/2011 annexe XIV (acides organiques 3 kcal/g) — acide citrique anhydre
ING-TECH-ACIDECITRIQU-000001,raw,main,CALC,acide citrique anhydre,SUGAR,Sucres (g/100 g),0.0,g,CALC,0.7,computed,acide citrique anhydre,Règlement (UE) n° 1169/2011 annexe XIV (acides organiques 3 kcal/g) — acide citrique anhydre
ING-TECH-ACIDECITRIQU-000001,raw,main,CALC,acide citrique anhydre,PROCNT,"Protéines, N x 6.25 (g/100 g)",0.0,g,CALC,0.7,computed,acide citrique anhydre,Règlement (UE) n° 1169/2011 annexe XIV (acides organiques 3 kcal/g) — acide citrique anhydre
ING-TECH-ACIDECITRIQU-000001,raw,main,CALC,acide citrique anhydre,FAT,Lipides (g/100 g),0.0,g,CALC,0.7,computed,acide citrique anhydre,Règlement (UE) n° 1169/2011 annexe XIV (acides organiques 3 kcal/g) — acide citrique anhydre
ING-TECH-ACIDECITRIQU-000001,raw,main,CALC,acide citrique anhydre,FIB-,Fibres alimentaires (g/100 g),0.0,g,CALC,0.7,computed,acide citrique anhydre,Règlement (UE) n° 1169/2011 annexe XIV (acides organiques 3 kcal/g) — acide citrique anhydre
ING-TECH-ACIDECITRIQU-000001,raw,main,CALC,acide citrique anhydre,NA,Sodium (mg/100 g),0.0,mg,CALC,0.7,computed,acide citrique anhydre,Règlement (UE) n° 1169/2011 annexe XIV (acides organiques 3 kcal/g) — acide citrique anhydre
ING-TECH-ACIDECITRIQU-000001,raw,main,CALC,acide citrique anhydre,ENERCKCAL,"Energie, Règlement UE N° 1169/2011 (kcal/100 g)",300.0,kcal,CALC,0.7,computed,acide citrique anhydre,Règlement (UE) n° 1169/2011 annexe XIV (acides organiques 3 kcal/g) — acide citrique anhydre
ING-TECH-ACIDECITRIQU-000001,raw,main,CALC,acide citrique anhydre,SALT,Sel chlorure de sodium (g/100 g),0.0,g,CALC,0.7,computed,acide citrique anhydre,Règlement (UE) n° 1169/2011 annexe XIV (acides organiques 3 kcal/g) — acide citrique anhydre
ING-TECH-ACIDECITRIQU-000001,raw,main,CALC,acide citrique anhydre,ENERC,"Energie, Règlement UE N° 1169/2011 (kJ/100 g)",1255.2,kJ,CALC,0.7,computed,acide citrique anhydre,Règlement (UE) n° 1169/2011 annexe XIV (acides organiques 3 kcal/g) — acide citrique anhydre
ING-TECH-ACIDETARTRIQ-000001,raw,main,CALC,acide tartrique,WATER,Eau (g/100 g),0.0,g,CALC,0.7,computed,acide tartrique,Règlement (UE) n° 1169/2011 annexe XIV (acides organiques 3 kcal/g) — acide tartrique
ING-TECH-ACIDETARTRIQ-000001,raw,main,CALC,acide tartrique,OA,Acides organiques (g/100 g),100.0,g,CALC,0.7,computed,acide tartrique,Règlement (UE) n° 1169/2011 annexe XIV (acides organiques 3 kcal/g) — acide tartrique
ING-TECH-ACIDETARTRIQ-000001,raw,main,CALC,acide tartrique,CHOAVL,Glucides (g/100 g),0.0,g,CALC,0.7,computed,acide tartrique,Règlement (UE) n° 1169/2011 annexe XIV (acides organiques 3 kcal/g) — acide tartrique
ING-TECH-ACIDETARTRIQ-000001,raw,main,CALC,acide tartrique,SUGAR,Sucres (g/100 g),0.0,g,CALC,0.7,computed,acide tartrique,Règlement (UE) n° 1169/2011 annexe XIV (acides organiques 3 kcal/g) — acide tartrique
ING-TECH-ACIDETARTRIQ-000001,raw,main,CALC,acide tartrique,PROCNT,"Protéines, N x 6.25 (g/100 g)",0.0,g,CALC,0.7,computed,acide tartrique,Règlement (UE) n° 1169/2011 annexe XIV (acides organiques 3 kcal/g) — acide tartrique
ING-TECH-ACIDETARTRIQ-000001,raw,main,CALC,acide tartrique,FAT,Lipides (g/100 g),0.0,g,CALC,0.7,computed,acide tartrique,Règlement (UE) n° 1169/2011 annexe XIV (acides organiques 3 kcal/g) — acide tartrique
ING-TECH-ACIDETARTRIQ-000001,raw,main,CALC,acide tartrique,FIB-,Fibres alimentaires (g/100 g),0.0,g,CALC,0.7,computed,acide tartrique,Règlement (UE) n° 1169/2011 annexe XIV (acides organiques 3 kcal/g) — acide tartrique
ING-TECH-ACIDETARTRIQ-000001,raw,main,CALC,acide tartrique,NA,Sodium (mg/100 g),0.0,mg,CALC,0.7,computed,acide tartrique,Règlement (UE) n° 1169/2011 annexe XIV (acides organiques 3 kcal/g) — acide tartrique
ING-TECH-ACIDETARTRIQ-000001,raw,main,CALC,acide tartrique,ENERCKCAL,"Energie, Règlement UE N° 1169/2011 (kcal/100 g)",300.0,kcal,CALC,0.7,computed,acide tartrique,Règlement (UE) n° 1169/2011 annexe XIV (acides organiques 3 kcal/g) — acide tartrique
ING-TECH-ACIDETARTRIQ-000001,raw,main,CALC,acide tartrique,SALT,Sel chlorure de sodium (g/100 g),0.0,g,CALC,0.7,computed,acide tartrique,Règlement (UE) n° 1169/2011 annexe XIV (acides organiques 3 kcal/g) — acide tartrique
ING-TECH-ACIDETARTRIQ-000001,raw,main,CALC,acide tartrique,ENERC,"Energie, Règlement UE N° 1169/2011 (kJ/100 g)",1255.2,kJ,CALC,0.7,computed,acide tartrique,Règlement (UE) n° 1169/2011 annexe XIV (acides organiques 3 kcal/g) — acide tartrique
ING-TECH-ACIDEASCORBI-000001,raw,main,CALC,acide ascorbique pur (vitamine C ; utilisé au milligramme : énergie négligée),WATER,Eau (g/100 g),0.0,g,CALC,0.7,computed,acide ascorbique pur (vitamine C ; utilisé au milligramme : énergie négligée),Composition chimique (C6H8O6) — acide ascorbique pur (vitamine C ; utilisé au milligramme : énergie négligée)
ING-TECH-ACIDEASCORBI-000001,raw,main,CALC,acide ascorbique pur (vitamine C ; utilisé au milligramme : énergie négligée),VITC,Vitamine C (mg/100 g),100000.0,mg,CALC,0.7,computed,acide ascorbique pur (vitamine C ; utilisé au milligramme : énergie négligée),Composition chimique (C6H8O6) — acide ascorbique pur (vitamine C ; utilisé au milligramme : énergie négligée)
ING-TECH-ACIDEASCORBI-000001,raw,main,CALC,acide ascorbique pur (vitamine C ; utilisé au milligramme : énergie négligée),CHOAVL,Glucides (g/100 g),0.0,g,CALC,0.7,computed,acide ascorbique pur (vitamine C ; utilisé au milligramme : énergie négligée),Composition chimique (C6H8O6) — acide ascorbique pur (vitamine C ; utilisé au milligramme : énergie négligée)
ING-TECH-ACIDEASCORBI-000001,raw,main,CALC,acide ascorbique pur (vitamine C ; utilisé au milligramme : énergie négligée),SUGAR,Sucres (g/100 g),0.0,g,CALC,0.7,computed,acide ascorbique pur (vitamine C ; utilisé au milligramme : énergie négligée),Composition chimique (C6H8O6) — acide ascorbique pur (vitamine C ; utilisé au milligramme : énergie négligée)
ING-TECH-ACIDEASCORBI-000001,raw,main,CALC,acide ascorbique pur (vitamine C ; utilisé au milligramme : énergie négligée),PROCNT,"Protéines, N x 6.25 (g/100 g)",0.0,g,CALC,0.7,computed,acide ascorbique pur (vitamine C ; utilisé au milligramme : énergie négligée),Composition chimique (C6H8O6) — acide ascorbique pur (vitamine C ; utilisé au milligramme : énergie négligée)
ING-TECH-ACIDEASCORBI-000001,raw,main,CALC,acide ascorbique pur (vitamine C ; utilisé au milligramme : énergie négligée),FAT,Lipides (g/100 g),0.0,g,CALC,0.7,computed,acide ascorbique pur (vitamine C ; utilisé au milligramme : énergie négligée),Composition chimique (C6H8O6) — acide ascorbique pur (vitamine C ; utilisé au milligramme : énergie négligée)
ING-TECH-ACIDEASCORBI-000001,raw,main,CALC,acide ascorbique pur (vitamine C ; utilisé au milligramme : énergie négligée),FIB-,Fibres alimentaires (g/100 g),0.0,g,CALC,0.7,computed,acide ascorbique pur (vitamine C ; utilisé au milligramme : énergie négligée),Composition chimique (C6H8O6) — acide ascorbique pur (vitamine C ; utilisé au milligramme : énergie négligée)
ING-TECH-ACIDEASCORBI-000001,raw,main,CALC,acide ascorbique pur (vitamine C ; utilisé au milligramme : énergie négligée),NA,Sodium (mg/100 g),0.0,mg,CALC,0.7,computed,acide ascorbique pur (vitamine C ; utilisé au milligramme : énergie négligée),Composition chimique (C6H8O6) — acide ascorbique pur (vitamine C ; utilisé au milligramme : énergie négligée)
ING-TECH-ACIDEASCORBI-000001,raw,main,CALC,acide ascorbique pur (vitamine C ; utilisé au milligramme : énergie négligée),ENERCKCAL,"Energie, Règlement UE N° 1169/2011 (kcal/100 g)",0.0,kcal,CALC,0.7,computed,acide ascorbique pur (vitamine C ; utilisé au milligramme : énergie négligée),Composition chimique (C6H8O6) — acide ascorbique pur (vitamine C ; utilisé au milligramme : énergie négligée)
ING-TECH-ACIDEASCORBI-000001,raw,main,CALC,acide ascorbique pur (vitamine C ; utilisé au milligramme : énergie négligée),SALT,Sel chlorure de sodium (g/100 g),0.0,g,CALC,0.7,computed,acide ascorbique pur (vitamine C ; utilisé au milligramme : énergie négligée),Composition chimique (C6H8O6) — acide ascorbique pur (vitamine C ; utilisé au milligramme : énergie négligée)
ING-TECH-ACIDEASCORBI-000001,raw,main,CALC,acide ascorbique pur (vitamine C ; utilisé au milligramme : énergie négligée),ENERC,"Energie, Règlement UE N° 1169/2011 (kJ/100 g)",0.0,kJ,CALC,0.7,computed,acide ascorbique pur (vitamine C ; utilisé au milligramme : énergie négligée),Composition chimique (C6H8O6) — acide ascorbique pur (vitamine C ; utilisé au milligramme : énergie négligée)
ING-TECH-ALGINATEDESO-000001,raw,main,CALC,alginate de sodium : sel sodique de l'acide alginique (11,WATER,Eau (g/100 g),12.0,g,CALC,0.7,computed,alginate de sodium : sel sodique de l'acide alginique (11,6 % de sodium sur matière sèche) ; humidité d'environ 12 % — alginate de sodium : sel sodique de l'acide alginique (11
ING-TECH-ALGINATEDESO-000001,raw,main,CALC,alginate de sodium : sel sodique de l'acide alginique (11,FIB-,Fibres alimentaires (g/100 g),85.0,g,CALC,0.7,computed,alginate de sodium : sel sodique de l'acide alginique (11,6 % de sodium sur matière sèche) ; humidité d'environ 12 % — alginate de sodium : sel sodique de l'acide alginique (11
ING-TECH-ALGINATEDESO-000001,raw,main,CALC,alginate de sodium : sel sodique de l'acide alginique (11,NA,Sodium (mg/100 g),10200.0,mg,CALC,0.7,computed,alginate de sodium : sel sodique de l'acide alginique (11,6 % de sodium sur matière sèche) ; humidité d'environ 12 % — alginate de sodium : sel sodique de l'acide alginique (11
ING-TECH-ALGINATEDESO-000001,raw,main,CALC,alginate de sodium : sel sodique de l'acide alginique (11,CHOAVL,Glucides (g/100 g),0.0,g,CALC,0.7,computed,alginate de sodium : sel sodique de l'acide alginique (11,6 % de sodium sur matière sèche) ; humidité d'environ 12 % — alginate de sodium : sel sodique de l'acide alginique (11
ING-TECH-ALGINATEDESO-000001,raw,main,CALC,alginate de sodium : sel sodique de l'acide alginique (11,SUGAR,Sucres (g/100 g),0.0,g,CALC,0.7,computed,alginate de sodium : sel sodique de l'acide alginique (11,6 % de sodium sur matière sèche) ; humidité d'environ 12 % — alginate de sodium : sel sodique de l'acide alginique (11
ING-TECH-ALGINATEDESO-000001,raw,main,CALC,alginate de sodium : sel sodique de l'acide alginique (11,PROCNT,"Protéines, N x 6.25 (g/100 g)",0.0,g,CALC,0.7,computed,alginate de sodium : sel sodique de l'acide alginique (11,6 % de sodium sur matière sèche) ; humidité d'environ 12 % — alginate de sodium : sel sodique de l'acide alginique (11
ING-TECH-ALGINATEDESO-000001,raw,main,CALC,alginate de sodium : sel sodique de l'acide alginique (11,FAT,Lipides (g/100 g),0.0,g,CALC,0.7,computed,alginate de sodium : sel sodique de l'acide alginique (11,6 % de sodium sur matière sèche) ; humidité d'environ 12 % — alginate de sodium : sel sodique de l'acide alginique (11
ING-TECH-ALGINATEDESO-000001,raw,main,CALC,alginate de sodium : sel sodique de l'acide alginique (11,ENERCKCAL,"Energie, Règlement UE N° 1169/2011 (kcal/100 g)",170.0,kcal,CALC,0.7,computed,alginate de sodium : sel sodique de l'acide alginique (11,6 % de sodium sur matière sèche) ; humidité d'environ 12 % — alginate de sodium : sel sodique de l'acide alginique (11
ING-TECH-ALGINATEDESO-000001,raw,main,CALC,alginate de sodium : sel sodique de l'acide alginique (11,SALT,Sel chlorure de sodium (g/100 g),25.5,g,CALC,0.7,computed,alginate de sodium : sel sodique de l'acide alginique (11,6 % de sodium sur matière sèche) ; humidité d'environ 12 % — alginate de sodium : sel sodique de l'acide alginique (11
ING-TECH-ALGINATEDESO-000001,raw,main,CALC,alginate de sodium : sel sodique de l'acide alginique (11,ENERC,"Energie, Règlement UE N° 1169/2011 (kJ/100 g)",711.28,kJ,CALC,0.7,computed,alginate de sodium : sel sodique de l'acide alginique (11,6 % de sodium sur matière sèche) ; humidité d'environ 12 % — alginate de sodium : sel sodique de l'acide alginique (11
ING-TECH-MONOETDIGLYC-000001,raw,main,CALC,mono- et diglycérides d'acides gras (lipides),WATER,Eau (g/100 g),0.0,g,CALC,0.7,computed,mono- et diglycérides d'acides gras (lipides),Règlement (UE) n° 1169/2011 annexe XIV (lipides 9 kcal/g) — mono- et diglycérides d'acides gras (lipides)
ING-TECH-MONOETDIGLYC-000001,raw,main,CALC,mono- et diglycérides d'acides gras (lipides),FAT,Lipides (g/100 g),100.0,g,CALC,0.7,computed,mono- et diglycérides d'acides gras (lipides),Règlement (UE) n° 1169/2011 annexe XIV (lipides 9 kcal/g) — mono- et diglycérides d'acides gras (lipides)
ING-TECH-MONOETDIGLYC-000001,raw,main,CALC,mono- et diglycérides d'acides gras (lipides),CHOAVL,Glucides (g/100 g),0.0,g,CALC,0.7,computed,mono- et diglycérides d'acides gras (lipides),Règlement (UE) n° 1169/2011 annexe XIV (lipides 9 kcal/g) — mono- et diglycérides d'acides gras (lipides)
ING-TECH-MONOETDIGLYC-000001,raw,main,CALC,mono- et diglycérides d'acides gras (lipides),SUGAR,Sucres (g/100 g),0.0,g,CALC,0.7,computed,mono- et diglycérides d'acides gras (lipides),Règlement (UE) n° 1169/2011 annexe XIV (lipides 9 kcal/g) — mono- et diglycérides d'acides gras (lipides)
ING-TECH-MONOETDIGLYC-000001,raw,main,CALC,mono- et diglycérides d'acides gras (lipides),PROCNT,"Protéines, N x 6.25 (g/100 g)",0.0,g,CALC,0.7,computed,mono- et diglycérides d'acides gras (lipides),Règlement (UE) n° 1169/2011 annexe XIV (lipides 9 kcal/g) — mono- et diglycérides d'acides gras (lipides)
ING-TECH-MONOETDIGLYC-000001,raw,main,CALC,mono- et diglycérides d'acides gras (lipides),FIB-,Fibres alimentaires (g/100 g),0.0,g,CALC,0.7,computed,mono- et diglycérides d'acides gras (lipides),Règlement (UE) n° 1169/2011 annexe XIV (lipides 9 kcal/g) — mono- et diglycérides d'acides gras (lipides)
ING-TECH-MONOETDIGLYC-000001,raw,main,CALC,mono- et diglycérides d'acides gras (lipides),NA,Sodium (mg/100 g),0.0,mg,CALC,0.7,computed,mono- et diglycérides d'acides gras (lipides),Règlement (UE) n° 1169/2011 annexe XIV (lipides 9 kcal/g) — mono- et diglycérides d'acides gras (lipides)
ING-TECH-MONOETDIGLYC-000001,raw,main,CALC,mono- et diglycérides d'acides gras (lipides),ENERCKCAL,"Energie, Règlement UE N° 1169/2011 (kcal/100 g)",900.0,kcal,CALC,0.7,computed,mono- et diglycérides d'acides gras (lipides),Règlement (UE) n° 1169/2011 annexe XIV (lipides 9 kcal/g) — mono- et diglycérides d'acides gras (lipides)
ING-TECH-MONOETDIGLYC-000001,raw,main,CALC,mono- et diglycérides d'acides gras (lipides),SALT,Sel chlorure de sodium (g/100 g),0.0,g,CALC,0.7,computed,mono- et diglycérides d'acides gras (lipides),Règlement (UE) n° 1169/2011 annexe XIV (lipides 9 kcal/g) — mono- et diglycérides d'acides gras (lipides)
ING-TECH-MONOETDIGLYC-000001,raw,main,CALC,mono- et diglycérides d'acides gras (lipides),ENERC,"Energie, Règlement UE N° 1169/2011 (kJ/100 g)",3765.6,kJ,CALC,0.7,computed,mono- et diglycérides d'acides gras (lipides),Règlement (UE) n° 1169/2011 annexe XIV (lipides 9 kcal/g) — mono- et diglycérides d'acides gras (lipides)
ING-TECH-EAUDEROSE-000001,raw,main,CALC,hydrolat (eau distillée aromatique) : aucun nutriment énergétique,WATER,Eau (g/100 g),100.0,g,CALC,0.7,computed,hydrolat (eau distillée aromatique) : aucun nutriment énergétique,Définition du produit (distillat aqueux) — hydrolat (eau distillée aromatique) : aucun nutriment énergétique
ING-TECH-EAUDEROSE-000001,raw,main,CALC,hydrolat (eau distillée aromatique) : aucun nutriment énergétique,CHOAVL,Glucides (g/100 g),0.0,g,CALC,0.7,computed,hydrolat (eau distillée aromatique) : aucun nutriment énergétique,Définition du produit (distillat aqueux) — hydrolat (eau distillée aromatique) : aucun nutriment énergétique
ING-TECH-EAUDEROSE-000001,raw,main,CALC,hydrolat (eau distillée aromatique) : aucun nutriment énergétique,SUGAR,Sucres (g/100 g),0.0,g,CALC,0.7,computed,hydrolat (eau distillée aromatique) : aucun nutriment énergétique,Définition du produit (distillat aqueux) — hydrolat (eau distillée aromatique) : aucun nutriment énergétique
ING-TECH-EAUDEROSE-000001,raw,main,CALC,hydrolat (eau distillée aromatique) : aucun nutriment énergétique,PROCNT,"Protéines, N x 6.25 (g/100 g)",0.0,g,CALC,0.7,computed,hydrolat (eau distillée aromatique) : aucun nutriment énergétique,Définition du produit (distillat aqueux) — hydrolat (eau distillée aromatique) : aucun nutriment énergétique
ING-TECH-EAUDEROSE-000001,raw,main,CALC,hydrolat (eau distillée aromatique) : aucun nutriment énergétique,FAT,Lipides (g/100 g),0.0,g,CALC,0.7,computed,hydrolat (eau distillée aromatique) : aucun nutriment énergétique,Définition du produit (distillat aqueux) — hydrolat (eau distillée aromatique) : aucun nutriment énergétique
ING-TECH-EAUDEROSE-000001,raw,main,CALC,hydrolat (eau distillée aromatique) : aucun nutriment énergétique,FIB-,Fibres alimentaires (g/100 g),0.0,g,CALC,0.7,computed,hydrolat (eau distillée aromatique) : aucun nutriment énergétique,Définition du produit (distillat aqueux) — hydrolat (eau distillée aromatique) : aucun nutriment énergétique
ING-TECH-EAUDEROSE-000001,raw,main,CALC,hydrolat (eau distillée aromatique) : aucun nutriment énergétique,NA,Sodium (mg/100 g),0.0,mg,CALC,0.7,computed,hydrolat (eau distillée aromatique) : aucun nutriment énergétique,Définition du produit (distillat aqueux) — hydrolat (eau distillée aromatique) : aucun nutriment énergétique
ING-TECH-EAUDEROSE-000001,raw,main,CALC,hydrolat (eau distillée aromatique) : aucun nutriment énergétique,ENERCKCAL,"Energie, Règlement UE N° 1169/2011 (kcal/100 g)",0.0,kcal,CALC,0.7,computed,hydrolat (eau distillée aromatique) : aucun nutriment énergétique,Définition du produit (distillat aqueux) — hydrolat (eau distillée aromatique) : aucun nutriment énergétique
ING-TECH-EAUDEROSE-000001,raw,main,CALC,hydrolat (eau distillée aromatique) : aucun nutriment énergétique,SALT,Sel chlorure de sodium (g/100 g),0.0,g,CALC,0.7,computed,hydrolat (eau distillée aromatique) : aucun nutriment énergétique,Définition du produit (distillat aqueux) — hydrolat (eau distillée aromatique) : aucun nutriment énergétique
ING-TECH-EAUDEROSE-000001,raw,main,CALC,hydrolat (eau distillée aromatique) : aucun nutriment énergétique,ENERC,"Energie, Règlement UE N° 1169/2011 (kJ/100 g)",0.0,kJ,CALC,0.7,computed,hydrolat (eau distillée aromatique) : aucun nutriment énergétique,Définition du produit (distillat aqueux) — hydrolat (eau distillée aromatique) : aucun nutriment énergétique
ING-TECH-EAUDEFLEURDO-000001,raw,main,CALC,hydrolat (eau distillée aromatique) : aucun nutriment énergétique,WATER,Eau (g/100 g),100.0,g,CALC,0.7,computed,hydrolat (eau distillée aromatique) : aucun nutriment énergétique,Définition du produit (distillat aqueux) — hydrolat (eau distillée aromatique) : aucun nutriment énergétique
ING-TECH-EAUDEFLEURDO-000001,raw,main,CALC,hydrolat (eau distillée aromatique) : aucun nutriment énergétique,CHOAVL,Glucides (g/100 g),0.0,g,CALC,0.7,computed,hydrolat (eau distillée aromatique) : aucun nutriment énergétique,Définition du produit (distillat aqueux) — hydrolat (eau distillée aromatique) : aucun nutriment énergétique
ING-TECH-EAUDEFLEURDO-000001,raw,main,CALC,hydrolat (eau distillée aromatique) : aucun nutriment énergétique,SUGAR,Sucres (g/100 g),0.0,g,CALC,0.7,computed,hydrolat (eau distillée aromatique) : aucun nutriment énergétique,Définition du produit (distillat aqueux) — hydrolat (eau distillée aromatique) : aucun nutriment énergétique
ING-TECH-EAUDEFLEURDO-000001,raw,main,CALC,hydrolat (eau distillée aromatique) : aucun nutriment énergétique,PROCNT,"Protéines, N x 6.25 (g/100 g)",0.0,g,CALC,0.7,computed,hydrolat (eau distillée aromatique) : aucun nutriment énergétique,Définition du produit (distillat aqueux) — hydrolat (eau distillée aromatique) : aucun nutriment énergétique
ING-TECH-EAUDEFLEURDO-000001,raw,main,CALC,hydrolat (eau distillée aromatique) : aucun nutriment énergétique,FAT,Lipides (g/100 g),0.0,g,CALC,0.7,computed,hydrolat (eau distillée aromatique) : aucun nutriment énergétique,Définition du produit (distillat aqueux) — hydrolat (eau distillée aromatique) : aucun nutriment énergétique
ING-TECH-EAUDEFLEURDO-000001,raw,main,CALC,hydrolat (eau distillée aromatique) : aucun nutriment énergétique,FIB-,Fibres alimentaires (g/100 g),0.0,g,CALC,0.7,computed,hydrolat (eau distillée aromatique) : aucun nutriment énergétique,Définition du produit (distillat aqueux) — hydrolat (eau distillée aromatique) : aucun nutriment énergétique
ING-TECH-EAUDEFLEURDO-000001,raw,main,CALC,hydrolat (eau distillée aromatique) : aucun nutriment énergétique,NA,Sodium (mg/100 g),0.0,mg,CALC,0.7,computed,hydrolat (eau distillée aromatique) : aucun nutriment énergétique,Définition du produit (distillat aqueux) — hydrolat (eau distillée aromatique) : aucun nutriment énergétique
ING-TECH-EAUDEFLEURDO-000001,raw,main,CALC,hydrolat (eau distillée aromatique) : aucun nutriment énergétique,ENERCKCAL,"Energie, Règlement UE N° 1169/2011 (kcal/100 g)",0.0,kcal,CALC,0.7,computed,hydrolat (eau distillée aromatique) : aucun nutriment énergétique,Définition du produit (distillat aqueux) — hydrolat (eau distillée aromatique) : aucun nutriment énergétique
ING-TECH-EAUDEFLEURDO-000001,raw,main,CALC,hydrolat (eau distillée aromatique) : aucun nutriment énergétique,SALT,Sel chlorure de sodium (g/100 g),0.0,g,CALC,0.7,computed,hydrolat (eau distillée aromatique) : aucun nutriment énergétique,Définition du produit (distillat aqueux) — hydrolat (eau distillée aromatique) : aucun nutriment énergétique
ING-TECH-EAUDEFLEURDO-000001,raw,main,CALC,hydrolat (eau distillée aromatique) : aucun nutriment énergétique,ENERC,"Energie, Règlement UE N° 1169/2011 (kJ/100 g)",0.0,kJ,CALC,0.7,computed,hydrolat (eau distillée aromatique) : aucun nutriment énergétique,Définition du produit (distillat aqueux) — hydrolat (eau distillée aromatique) : aucun nutriment énergétique
