pair_id,ingredient_a_id,ingredient_b_id,kind,strength,source,note
CP-0001,ING-PLANT-BASILIC-000001,ING-PLANT-TOMATE-000001,classic,0.95,CULINARY_CURATED,"cuisine italienne : caprese, sauce tomate"
CP-0002,ING-DAIRY-MOZZARELLA-000001,ING-PLANT-TOMATE-000001,classic,0.92,CULINARY_CURATED,caprese
CP-0003,ING-PLANT-TOMATE-000001,ING-TECH-HUILEDOLIVEV-000001,classic,0.92,CULINARY_CURATED,cuisine méditerranéenne
CP-0004,ING-PLANT-AIL-000001,ING-PLANT-TOMATE-000001,classic,0.9,CULINARY_CURATED,"sauce tomate, bruschetta"
CP-0005,ING-PLANT-OIGNON-000001,ING-PLANT-TOMATE-000001,classic,0.88,CULINARY_CURATED,"sauce, salsa"
CP-0006,ING-PLANT-ORIGAN-000001,ING-PLANT-TOMATE-000001,classic,0.88,CULINARY_CURATED,"pizza, sauce"
CP-0007,ING-PLANT-THYM-000001,ING-PLANT-TOMATE-000001,classic,0.82,CULINARY_CURATED,sauce provençale
CP-0008,ING-DAIRY-PARMIGIANORE-000001,ING-PLANT-TOMATE-000001,classic,0.85,CULINARY_CURATED,pâtes à la tomate
CP-0009,ING-PLANT-POIVRONROUGE-000001,ING-PLANT-TOMATE-000001,classic,0.85,CULINARY_CURATED,"ratatouille, gaspacho"
CP-0010,ING-PLANT-AUBERGINE-000001,ING-PLANT-TOMATE-000001,classic,0.85,CULINARY_CURATED,"ratatouille, caponata"
CP-0011,ING-PLANT-COURGETTE-000001,ING-PLANT-TOMATE-000001,classic,0.82,CULINARY_CURATED,ratatouille
CP-0012,ING-PLANT-CONCOMBRE-000001,ING-PLANT-TOMATE-000001,classic,0.82,CULINARY_CURATED,"salade grecque, gaspacho"
CP-0013,ING-DAIRY-FETA-000001,ING-PLANT-TOMATE-000001,classic,0.85,CULINARY_CURATED,salade grecque
CP-0014,ING-PLANT-TOMATE-000001,ING-TECH-VINAIGREBALS-000001,classic,0.82,CULINARY_CURATED,salade
CP-0015,ING-PLANT-CORIANDREFRA-000001,ING-PLANT-TOMATE-000001,classic,0.8,CULINARY_CURATED,salsa
CP-0016,ING-PLANT-PIMENTFORT-000001,ING-PLANT-TOMATE-000001,classic,0.8,CULINARY_CURATED,"salsa, sauce arrabbiata"
CP-0017,ING-FERMENT-CAPRE-000001,ING-PLANT-TOMATE-000001,regional,0.78,CULINARY_CURATED,sauce puttanesca
CP-0018,ING-FERMENT-OLIVENOIREEN-000001,ING-PLANT-TOMATE-000001,classic,0.82,CULINARY_CURATED,"puttanesca, niçoise"
CP-0019,ING-MARINE-ANCHOIS-000001,ING-PLANT-TOMATE-000001,regional,0.8,CULINARY_CURATED,"puttanesca, niçoise"
CP-0020,ING-PLANT-FRAISE-000001,ING-PLANT-TOMATE-000001,modern,0.72,CULINARY_CURATED,gaspacho de fraise (furanéol commun)
CP-0021,ING-DAIRY-PARMIGIANORE-000001,ING-PLANT-TOMATESCHE-000001,classic,0.85,CULINARY_CURATED,umami concentré
CP-0022,ING-PLANT-BASILIC-000001,ING-PLANT-TOMATESCHE-000001,classic,0.82,CULINARY_CURATED,antipasti
CP-0023,ING-PLANT-BASILIC-000001,ING-TECH-HUILEDOLIVEV-000001,classic,0.92,CULINARY_CURATED,pesto
CP-0024,ING-PLANT-AIL-000001,ING-PLANT-BASILIC-000001,classic,0.9,CULINARY_CURATED,pesto
CP-0025,ING-PLANT-BASILIC-000001,ING-PLANT-PIGNONDEPIN-000001,classic,0.9,CULINARY_CURATED,pesto
CP-0026,ING-DAIRY-PARMIGIANORE-000001,ING-PLANT-BASILIC-000001,classic,0.9,CULINARY_CURATED,pesto
CP-0027,ING-PLANT-BASILIC-000001,ING-PLANT-FRAISE-000001,modern,0.78,CULINARY_CURATED,dessert
CP-0028,ING-PLANT-BASILIC-000001,ING-PLANT-CITRONJAUNE-000001,modern,0.75,CULINARY_CURATED,"sorbet, vinaigrette"
CP-0029,ING-PLANT-AIL-000001,ING-TECH-HUILEDOLIVEV-000001,classic,0.92,CULINARY_CURATED,"aïoli, aglio e olio"
CP-0030,ING-PLANT-AIL-000001,ING-PLANT-PERSIL-000001,classic,0.9,CULINARY_CURATED,persillade
CP-0031,ING-DAIRY-BEURREDOUX-000001,ING-PLANT-AIL-000001,classic,0.88,CULINARY_CURATED,beurre d'escargot
CP-0032,ING-PLANT-AIL-000001,ING-PLANT-THYM-000001,classic,0.85,CULINARY_CURATED,rôtis
CP-0033,ING-PLANT-AIL-000001,ING-PLANT-ROMARIN-000001,classic,0.88,CULINARY_CURATED,agneau et pommes de terre rôties
CP-0034,ING-PLANT-AIL-000001,ING-PLANT-GINGEMBRE-000001,classic,0.9,CULINARY_CURATED,cuisines asiatiques
CP-0035,ING-PLANT-AIL-000001,ING-PLANT-PIMENTFORT-000001,classic,0.85,CULINARY_CURATED,cuisines asiatiques et méditerranéennes
CP-0036,ING-PLANT-AIL-000001,ING-PLANT-CITRONJAUNE-000001,classic,0.82,CULINARY_CURATED,"gremolata, marinades"
CP-0037,ING-MARINE-CREVETTE-000001,ING-PLANT-AIL-000001,classic,0.85,CULINARY_CURATED,crevettes à l'ail
CP-0038,ING-FUNGUS-CHAMPIGNONDE-000001,ING-PLANT-AIL-000001,classic,0.85,CULINARY_CURATED,poêlée
CP-0039,ING-COND-SAUCESOJA-000001,ING-PLANT-AIL-000001,classic,0.85,CULINARY_CURATED,marinades
CP-0040,ING-DAIRY-BEURREDOUX-000001,ING-PLANT-OIGNON-000001,classic,0.85,CULINARY_CURATED,soupe à l'oignon
CP-0041,ING-PLANT-OIGNON-000001,ING-PLANT-THYM-000001,classic,0.85,CULINARY_CURATED,"fond, soupe"
CP-0042,ING-PLANT-CAROTTE-000001,ING-PLANT-OIGNON-000001,classic,0.9,CULINARY_CURATED,mirepoix
CP-0043,ING-PLANT-CLERIBRANCHE-000001,ING-PLANT-OIGNON-000001,classic,0.88,CULINARY_CURATED,"mirepoix, soffritto"
CP-0044,ING-PLANT-LAURIER-000001,ING-PLANT-OIGNON-000001,classic,0.85,CULINARY_CURATED,bouillon
CP-0045,ING-BEV-VINBLANCSEC-000001,ING-PLANT-OIGNON-000001,classic,0.82,CULINARY_CURATED,déglaçage
CP-0046,ING-ANIMAL-BUFVIANDE-000001,ING-PLANT-OIGNON-000001,classic,0.88,CULINARY_CURATED,"bourguignon, carbonade"
CP-0047,ING-DAIRY-GRUYRE-000001,ING-PLANT-OIGNON-000001,classic,0.85,CULINARY_CURATED,soupe à l'oignon gratinée
CP-0048,ING-BEV-VINBLANCSEC-000001,ING-PLANT-CHALOTE-000001,classic,0.88,CULINARY_CURATED,beurre blanc
CP-0049,ING-PLANT-CHALOTE-000001,ING-TECH-VINAIGREDEVI-000001,classic,0.88,CULINARY_CURATED,sauce mignonnette
CP-0050,ING-PLANT-CHALOTE-000001,ING-PLANT-ESTRAGON-000001,classic,0.88,CULINARY_CURATED,sauce béarnaise
CP-0051,ING-DAIRY-BEURREDOUX-000001,ING-PLANT-CHALOTE-000001,classic,0.85,CULINARY_CURATED,beurre blanc
CP-0052,ING-ANIMAL-BUFVIANDE-000001,ING-PLANT-CHALOTE-000001,classic,0.85,CULINARY_CURATED,entrecôte bordelaise
CP-0053,ING-PLANT-CAROTTE-000001,ING-PLANT-CUMINMOULU-000001,classic,0.85,CULINARY_CURATED,cuisine maghrébine
CP-0054,ING-PLANT-CAROTTE-000001,ING-PLANT-ORANGE-000001,classic,0.82,CULINARY_CURATED,"salade, velouté"
CP-0055,ING-PLANT-CAROTTE-000001,ING-PLANT-GINGEMBRE-000001,classic,0.85,CULINARY_CURATED,velouté
CP-0056,ING-PLANT-CAROTTE-000001,ING-PLANT-CORIANDREFRA-000001,classic,0.8,CULINARY_CURATED,salade
CP-0057,ING-PLANT-CAROTTE-000001,ING-TECH-MIEL-000001,classic,0.8,CULINARY_CURATED,carottes glacées
CP-0058,ING-PLANT-CAROTTE-000001,ING-PLANT-PERSIL-000001,classic,0.78,CULINARY_CURATED,carottes Vichy
CP-0059,ING-DAIRY-BEURREDOUX-000001,ING-PLANT-POMMEDETERRE-000001,classic,0.9,CULINARY_CURATED,purée
CP-0060,ING-DAIRY-CRMELIQUIDEE-000001,ING-PLANT-POMMEDETERRE-000001,classic,0.88,CULINARY_CURATED,gratin dauphinois
CP-0061,ING-PLANT-POMMEDETERRE-000001,ING-PLANT-ROMARIN-000001,classic,0.88,CULINARY_CURATED,pommes de terre rôties
CP-0062,ING-PLANT-AIL-000001,ING-PLANT-POMMEDETERRE-000001,classic,0.88,CULINARY_CURATED,"gratin, rôties"
CP-0063,ING-PLANT-POMMEDETERRE-000001,ING-PLANT-THYM-000001,classic,0.82,CULINARY_CURATED,rôties
CP-0064,ING-PLANT-POIREAU-000001,ING-PLANT-POMMEDETERRE-000001,classic,0.88,CULINARY_CURATED,vichyssoise
CP-0065,ING-PLANT-MUSCADE-000001,ING-PLANT-POMMEDETERRE-000001,classic,0.85,CULINARY_CURATED,"purée, gratin"
CP-0066,ING-PLANT-CIBOULETTE-000001,ING-PLANT-POMMEDETERRE-000001,classic,0.85,CULINARY_CURATED,pomme de terre au four
CP-0067,ING-DAIRY-COMT-000001,ING-PLANT-POMMEDETERRE-000001,classic,0.85,CULINARY_CURATED,"tartiflette, gratin"
CP-0068,ING-ANIMAL-UFDEPOULE-000001,ING-PLANT-POMMEDETERRE-000001,classic,0.82,CULINARY_CURATED,tortilla
CP-0069,ING-DAIRY-CRMELIQUIDEE-000001,ING-PLANT-POIREAU-000001,classic,0.85,CULINARY_CURATED,fondue de poireaux
CP-0070,ING-DAIRY-BEURREDOUX-000001,ING-PLANT-POIREAU-000001,classic,0.82,CULINARY_CURATED,fondue de poireaux
CP-0071,ING-PLANT-MUSCADE-000001,ING-PLANT-PINARD-000001,classic,0.85,CULINARY_CURATED,épinards à la crème
CP-0072,ING-PLANT-AIL-000001,ING-PLANT-PINARD-000001,classic,0.82,CULINARY_CURATED,sauté
CP-0073,ING-DAIRY-CRMELIQUIDEE-000001,ING-PLANT-PINARD-000001,classic,0.82,CULINARY_CURATED,épinards à la crème
CP-0074,ING-DAIRY-RICOTTA-000001,ING-PLANT-PINARD-000001,classic,0.85,CULINARY_CURATED,ravioli
CP-0075,ING-ANIMAL-UFDEPOULE-000001,ING-PLANT-PINARD-000001,classic,0.8,CULINARY_CURATED,florentine
CP-0076,ING-ANIMAL-PORCVIANDE-000001,ING-PLANT-CHOUVERT-000001,classic,0.85,CULINARY_CURATED,potée
CP-0077,ING-PLANT-CHOUROUGE-000001,ING-PLANT-POMME-000001,classic,0.85,CULINARY_CURATED,chou rouge braisé
CP-0078,ING-PLANT-CHOUROUGE-000001,ING-TECH-VINAIGREDECI-000001,classic,0.8,CULINARY_CURATED,chou rouge aigre-doux
CP-0079,ING-PLANT-AIL-000001,ING-PLANT-BROCOLI-000001,classic,0.82,CULINARY_CURATED,sauté
CP-0080,ING-DAIRY-PARMIGIANORE-000001,ING-PLANT-BROCOLI-000001,classic,0.8,CULINARY_CURATED,gratin
CP-0081,ING-PLANT-CHOUFLEUR-000001,ING-PLANT-MUSCADE-000001,classic,0.8,CULINARY_CURATED,gratin
CP-0082,ING-PLANT-CHOUFLEUR-000001,ING-PLANT-CURCUMA-000001,classic,0.82,CULINARY_CURATED,cuisine indienne
CP-0083,ING-PLANT-COURGETTE-000001,ING-PLANT-MENTHE-000001,classic,0.8,CULINARY_CURATED,cuisine méditerranéenne
CP-0084,ING-DAIRY-CHVREFRAIS-000001,ING-PLANT-COURGETTE-000001,classic,0.82,CULINARY_CURATED,tarte
CP-0085,ING-PLANT-AIL-000001,ING-PLANT-AUBERGINE-000001,classic,0.85,CULINARY_CURATED,caviar d'aubergine
CP-0086,ING-PLANT-AUBERGINE-000001,ING-TECH-TAHINI-000001,classic,0.85,CULINARY_CURATED,baba ganoush
CP-0087,ING-DAIRY-PARMIGIANORE-000001,ING-PLANT-AUBERGINE-000001,classic,0.85,CULINARY_CURATED,parmigiana
CP-0088,ING-COND-MISOBLANC-000001,ING-PLANT-AUBERGINE-000001,modern,0.8,CULINARY_CURATED,nasu dengaku
CP-0089,ING-PLANT-PAPRIKA-000001,ING-PLANT-POIVRONROUGE-000001,classic,0.8,CULINARY_CURATED,piperade
CP-0090,ING-PLANT-POIVRONROUGE-000001,ING-TECH-HUILEDOLIVEV-000001,classic,0.82,CULINARY_CURATED,poivrons marinés
CP-0091,ING-DAIRY-CRMELIQUIDEE-000001,ING-FUNGUS-CHAMPIGNONDE-000001,classic,0.88,CULINARY_CURATED,sauce forestière
CP-0092,ING-FUNGUS-CHAMPIGNONDE-000001,ING-PLANT-PERSIL-000001,classic,0.85,CULINARY_CURATED,persillade
CP-0093,ING-DAIRY-BEURREDOUX-000001,ING-FUNGUS-CHAMPIGNONDE-000001,classic,0.85,CULINARY_CURATED,poêlée
CP-0094,ING-FUNGUS-CHAMPIGNONDE-000001,ING-PLANT-CHALOTE-000001,classic,0.85,CULINARY_CURATED,duxelles
CP-0095,ING-FUNGUS-CHAMPIGNONDE-000001,ING-PLANT-THYM-000001,classic,0.82,CULINARY_CURATED,poêlée
CP-0096,ING-FUNGUS-CPE-000001,ING-PLANT-PERSIL-000001,classic,0.88,CULINARY_CURATED,cèpes à la bordelaise
CP-0097,ING-FUNGUS-CPE-000001,ING-PLANT-AIL-000001,classic,0.88,CULINARY_CURATED,cèpes à la bordelaise
CP-0098,ING-DAIRY-BEURREDOUX-000001,ING-FUNGUS-GIROLLE-000001,classic,0.85,CULINARY_CURATED,poêlée
CP-0099,ING-DAIRY-CRMELIQUIDEE-000001,ING-FUNGUS-MORILLE-000001,classic,0.9,CULINARY_CURATED,poulet aux morilles
CP-0100,ING-BEV-VINJAUNE-000001,ING-FUNGUS-MORILLE-000001,regional,0.9,CULINARY_CURATED,poulet au vin jaune et morilles
CP-0101,ING-ANIMAL-UFDEPOULE-000001,ING-FUNGUS-TRUFFENOIRE-000001,classic,0.9,CULINARY_CURATED,brouillade truffée
CP-0102,ING-FUNGUS-TRUFFENOIRE-000001,ING-PLANT-POMMEDETERRE-000001,classic,0.85,CULINARY_CURATED,purée truffée
CP-0103,ING-COND-SAUCESOJA-000001,ING-FUNGUS-SHIITAKE-000001,classic,0.88,CULINARY_CURATED,cuisine japonaise
CP-0104,ING-FUNGUS-SHIITAKE-000001,ING-PLANT-GINGEMBRE-000001,classic,0.82,CULINARY_CURATED,sauté
CP-0105,ING-ANIMAL-BUFVIANDE-000001,ING-PLANT-POIVRENOIR-000001,classic,0.92,CULINARY_CURATED,steak au poivre
CP-0106,ING-ANIMAL-BUFVIANDE-000001,ING-DAIRY-BEURREDOUX-000001,classic,0.9,CULINARY_CURATED,steak au beurre
CP-0107,ING-ANIMAL-BUFVIANDE-000001,ING-BEV-VINROUGE-000001,classic,0.9,CULINARY_CURATED,bourguignon
CP-0108,ING-ANIMAL-BUFVIANDE-000001,ING-PLANT-THYM-000001,classic,0.85,CULINARY_CURATED,rôti
CP-0109,ING-ANIMAL-BUFVIANDE-000001,ING-COND-MOUTARDEDEDI-000001,classic,0.85,CULINARY_CURATED,"rôti, tartare"
CP-0110,ING-ANIMAL-BUFVIANDE-000001,ING-PLANT-CAROTTE-000001,classic,0.85,CULINARY_CURATED,bœuf carottes
CP-0111,ING-ANIMAL-BUFVIANDE-000001,ING-FUNGUS-CHAMPIGNONDE-000001,classic,0.85,CULINARY_CURATED,bourguignon
CP-0112,ING-ANIMAL-BUFVIANDE-000001,ING-DAIRY-ROQUEFORT-000001,classic,0.82,CULINARY_CURATED,sauce roquefort
CP-0113,ING-ANIMAL-BUFVIANDE-000001,ING-COND-SAUCESOJA-000001,classic,0.82,CULINARY_CURATED,marinade asiatique
CP-0114,ING-ANIMAL-BUFVIANDE-000001,ING-PLANT-LAURIER-000001,classic,0.8,CULINARY_CURATED,pot-au-feu
CP-0115,ING-ANIMAL-AGNEAUVIANDE-000001,ING-PLANT-ROMARIN-000001,classic,0.92,CULINARY_CURATED,gigot
CP-0116,ING-ANIMAL-AGNEAUVIANDE-000001,ING-PLANT-AIL-000001,classic,0.9,CULINARY_CURATED,gigot
CP-0117,ING-ANIMAL-AGNEAUVIANDE-000001,ING-PLANT-THYM-000001,classic,0.88,CULINARY_CURATED,gigot
CP-0118,ING-ANIMAL-AGNEAUVIANDE-000001,ING-PLANT-MENTHE-000001,classic,0.8,CULINARY_CURATED,sauce à la menthe
CP-0119,ING-ANIMAL-AGNEAUVIANDE-000001,ING-PLANT-CUMINMOULU-000001,classic,0.85,CULINARY_CURATED,"méchoui, tajine"
CP-0120,ING-ANIMAL-AGNEAUVIANDE-000001,ING-PLANT-ABRICOT-000001,regional,0.8,CULINARY_CURATED,tajine
CP-0121,ING-ANIMAL-AGNEAUVIANDE-000001,ING-COND-HARISSA-000001,regional,0.8,CULINARY_CURATED,couscous
CP-0122,ING-ANIMAL-PORCVIANDE-000001,ING-PLANT-POMME-000001,classic,0.88,CULINARY_CURATED,rôti de porc aux pommes
CP-0123,ING-ANIMAL-PORCVIANDE-000001,ING-PLANT-SAUGE-000001,classic,0.85,CULINARY_CURATED,saltimbocca
CP-0124,ING-ANIMAL-PORCVIANDE-000001,ING-COND-MOUTARDELANC-000001,classic,0.85,CULINARY_CURATED,filet mignon
CP-0125,ING-ANIMAL-PORCVIANDE-000001,ING-TECH-MIEL-000001,classic,0.82,CULINARY_CURATED,travers laqués
CP-0126,ING-ANIMAL-PORCVIANDE-000001,ING-COND-SAUCESOJA-000001,classic,0.82,CULINARY_CURATED,porc laqué
CP-0127,ING-ANIMAL-PORCVIANDE-000001,ING-PLANT-GINGEMBRE-000001,classic,0.8,CULINARY_CURATED,cuisine asiatique
CP-0128,ING-ANIMAL-PORCVIANDE-000001,ING-PLANT-PRUNE-000001,classic,0.8,CULINARY_CURATED,porc aux pruneaux
CP-0129,ING-ANIMAL-VEAUVIANDE-000001,ING-PLANT-CITRONJAUNE-000001,classic,0.85,CULINARY_CURATED,escalope milanaise
CP-0130,ING-ANIMAL-VEAUVIANDE-000001,ING-PLANT-SAUGE-000001,classic,0.88,CULINARY_CURATED,saltimbocca
CP-0131,ING-ANIMAL-VEAUVIANDE-000001,ING-DAIRY-CRMELIQUIDEE-000001,classic,0.85,CULINARY_CURATED,blanquette
CP-0132,ING-ANIMAL-VEAUVIANDE-000001,ING-FUNGUS-CHAMPIGNONDE-000001,classic,0.85,CULINARY_CURATED,blanquette
CP-0133,ING-ANIMAL-POULETVIANDE-000001,ING-PLANT-THYM-000001,classic,0.88,CULINARY_CURATED,poulet rôti
CP-0134,ING-ANIMAL-POULETVIANDE-000001,ING-PLANT-CITRONJAUNE-000001,classic,0.9,CULINARY_CURATED,poulet au citron
CP-0135,ING-ANIMAL-POULETVIANDE-000001,ING-PLANT-ESTRAGON-000001,classic,0.9,CULINARY_CURATED,poulet à l'estragon
CP-0136,ING-ANIMAL-POULETVIANDE-000001,ING-PLANT-AIL-000001,classic,0.88,CULINARY_CURATED,poulet rôti
CP-0137,ING-ANIMAL-POULETVIANDE-000001,ING-PLANT-ROMARIN-000001,classic,0.85,CULINARY_CURATED,poulet rôti
CP-0138,ING-ANIMAL-POULETVIANDE-000001,ING-DAIRY-CRMELIQUIDEE-000001,classic,0.85,CULINARY_CURATED,poulet à la crème
CP-0139,ING-ANIMAL-POULETVIANDE-000001,ING-PLANT-CURRYENPOUDR-000001,classic,0.85,CULINARY_CURATED,poulet au curry
CP-0140,ING-ANIMAL-POULETVIANDE-000001,ING-BEV-LAITDECOCO-000001,classic,0.85,CULINARY_CURATED,curry thaï
CP-0141,ING-ANIMAL-POULETVIANDE-000001,ING-PLANT-GINGEMBRE-000001,classic,0.82,CULINARY_CURATED,cuisine asiatique
CP-0142,ING-ANIMAL-POULETVIANDE-000001,ING-PLANT-PAPRIKA-000001,classic,0.82,CULINARY_CURATED,poulet paprika
CP-0143,ING-ANIMAL-POULETVIANDE-000001,ING-FUNGUS-MORILLE-000001,classic,0.88,CULINARY_CURATED,poulet aux morilles
CP-0144,ING-ANIMAL-POULETVIANDE-000001,ING-FERMENT-OLIVEVERTEEN-000001,regional,0.8,CULINARY_CURATED,tajine
CP-0145,ING-ANIMAL-POULETVIANDE-000001,ING-BEV-VINBLANCSEC-000001,classic,0.82,CULINARY_CURATED,cocotte
CP-0146,ING-ANIMAL-CANARDVIANDE-000001,ING-PLANT-ORANGE-000001,classic,0.92,CULINARY_CURATED,canard à l'orange
CP-0147,ING-ANIMAL-CANARDVIANDE-000001,ING-PLANT-CERISE-000001,classic,0.88,CULINARY_CURATED,magret aux cerises
CP-0148,ING-ANIMAL-CANARDVIANDE-000001,ING-TECH-MIEL-000001,classic,0.85,CULINARY_CURATED,magret au miel
CP-0149,ING-ANIMAL-CANARDVIANDE-000001,ING-PLANT-POIVREDESICH-000001,modern,0.8,CULINARY_CURATED,canard laqué
CP-0150,ING-ANIMAL-CANARDVIANDE-000001,ING-PLANT-ANISTOIL-000001,classic,0.82,CULINARY_CURATED,canard laqué
CP-0151,ING-ANIMAL-LAPINVIANDE-000001,ING-COND-MOUTARDEDEDI-000001,classic,0.88,CULINARY_CURATED,lapin à la moutarde
CP-0152,ING-ANIMAL-LAPINVIANDE-000001,ING-PLANT-PRUNE-000001,classic,0.8,CULINARY_CURATED,lapin aux pruneaux
CP-0153,ING-ANIMAL-LAPINVIANDE-000001,ING-PLANT-ROMARIN-000001,classic,0.82,CULINARY_CURATED,lapin rôti
CP-0154,ING-MARINE-SAUMON-000001,ING-PLANT-ANETH-000001,classic,0.9,CULINARY_CURATED,gravlax
CP-0155,ING-MARINE-SAUMON-000001,ING-PLANT-CITRONJAUNE-000001,classic,0.92,CULINARY_CURATED,saumon au citron
CP-0156,ING-DAIRY-CRMEAIGRE-000001,ING-MARINE-SAUMON-000001,classic,0.85,CULINARY_CURATED,saumon fumé
CP-0157,ING-COND-SAUCESOJA-000001,ING-MARINE-SAUMON-000001,classic,0.85,CULINARY_CURATED,teriyaki
CP-0158,ING-MARINE-SAUMON-000001,ING-PLANT-GINGEMBRE-000001,classic,0.82,CULINARY_CURATED,cuisine asiatique
CP-0159,ING-MARINE-SAUMON-000001,ING-PLANT-GRAINEDESSAM-000001,modern,0.78,CULINARY_CURATED,tataki
CP-0160,ING-MARINE-CABILLAUD-000001,ING-PLANT-CITRONJAUNE-000001,classic,0.88,CULINARY_CURATED,poisson au citron
CP-0161,ING-MARINE-CABILLAUD-000001,ING-TECH-HUILEDOLIVEV-000001,classic,0.8,CULINARY_CURATED,cuisine méditerranéenne
CP-0162,ING-MARINE-CABILLAUD-000001,ING-PLANT-PERSIL-000001,classic,0.82,CULINARY_CURATED,persillade
CP-0163,ING-DAIRY-BEURREDOUX-000001,ING-MARINE-CABILLAUD-000001,classic,0.85,CULINARY_CURATED,beurre blanc
CP-0164,ING-DAIRY-BEURREDOUX-000001,ING-MARINE-SOLE-000001,classic,0.9,CULINARY_CURATED,sole meunière
CP-0165,ING-MARINE-SOLE-000001,ING-PLANT-CITRONJAUNE-000001,classic,0.88,CULINARY_CURATED,sole meunière
CP-0166,ING-MARINE-THON-000001,ING-PLANT-GRAINEDESSAM-000001,classic,0.85,CULINARY_CURATED,tataki
CP-0167,ING-COND-SAUCESOJA-000001,ING-MARINE-THON-000001,classic,0.85,CULINARY_CURATED,sashimi
CP-0168,ING-MARINE-THON-000001,ING-PLANT-CITRONVERT-000001,classic,0.82,CULINARY_CURATED,ceviche
CP-0169,ING-COND-MOUTARDEDEDI-000001,ING-MARINE-MAQUEREAU-000001,classic,0.82,CULINARY_CURATED,maquereau à la moutarde
CP-0170,ING-BEV-VINBLANCSEC-000001,ING-MARINE-MAQUEREAU-000001,classic,0.85,CULINARY_CURATED,maquereaux au vin blanc
CP-0171,ING-MARINE-SARDINE-000001,ING-PLANT-CITRONJAUNE-000001,classic,0.85,CULINARY_CURATED,sardines grillées
CP-0172,ING-DAIRY-BEURREDOUX-000001,ING-MARINE-ANCHOIS-000001,classic,0.85,CULINARY_CURATED,beurre d'anchois
CP-0173,ING-MARINE-ANCHOIS-000001,ING-PLANT-AIL-000001,classic,0.85,CULINARY_CURATED,anchoïade
CP-0174,ING-FERMENT-CAPRE-000001,ING-MARINE-ANCHOIS-000001,classic,0.82,CULINARY_CURATED,tapenade
CP-0175,ING-FERMENT-OLIVENOIREEN-000001,ING-MARINE-ANCHOIS-000001,classic,0.85,CULINARY_CURATED,tapenade
CP-0176,ING-MARINE-HUTRE-000001,ING-PLANT-CITRONJAUNE-000001,classic,0.95,CULINARY_CURATED,huîtres
CP-0177,ING-MARINE-HUTRE-000001,ING-PLANT-CHALOTE-000001,classic,0.88,CULINARY_CURATED,sauce mignonnette
CP-0178,ING-BEV-VINBLANCSEC-000001,ING-MARINE-HUTRE-000001,classic,0.85,CULINARY_CURATED,accord mets-vin
CP-0179,ING-BEV-VINBLANCSEC-000001,ING-MARINE-MOULE-000001,classic,0.9,CULINARY_CURATED,moules marinières
CP-0180,ING-MARINE-MOULE-000001,ING-PLANT-PERSIL-000001,classic,0.85,CULINARY_CURATED,moules marinières
CP-0181,ING-DAIRY-CRMELIQUIDEE-000001,ING-MARINE-MOULE-000001,classic,0.85,CULINARY_CURATED,moules à la crème
CP-0182,ING-MARINE-MOULE-000001,ING-PLANT-CHALOTE-000001,classic,0.85,CULINARY_CURATED,moules marinières
CP-0183,ING-MARINE-CREVETTE-000001,ING-PLANT-CITRONVERT-000001,classic,0.85,CULINARY_CURATED,ceviche
CP-0184,ING-MARINE-CREVETTE-000001,ING-PLANT-CORIANDREFRA-000001,classic,0.85,CULINARY_CURATED,cuisine thaïe
CP-0185,ING-BEV-LAITDECOCO-000001,ING-MARINE-CREVETTE-000001,classic,0.85,CULINARY_CURATED,curry
CP-0186,ING-DAIRY-BEURREDOUX-000001,ING-MARINE-COQUILLESAIN-000001,classic,0.9,CULINARY_CURATED,noix de Saint-Jacques poêlées
CP-0187,ING-MARINE-COQUILLESAIN-000001,ING-PLANT-CITRONJAUNE-000001,classic,0.85,CULINARY_CURATED,carpaccio
CP-0188,ING-DAIRY-BEURREDOUX-000001,ING-MARINE-HOMARD-000001,classic,0.92,CULINARY_CURATED,homard au beurre
CP-0189,ING-MARINE-CALMAR-000001,ING-PLANT-AIL-000001,classic,0.85,CULINARY_CURATED,calamars à l'ail
CP-0190,ING-MARINE-CALMAR-000001,ING-PLANT-CITRONJAUNE-000001,classic,0.85,CULINARY_CURATED,friture
CP-0191,ING-ANIMAL-UFDEPOULE-000001,ING-DAIRY-BEURREDOUX-000001,classic,0.85,CULINARY_CURATED,œufs brouillés
CP-0192,ING-ANIMAL-UFDEPOULE-000001,ING-PLANT-CIBOULETTE-000001,classic,0.85,CULINARY_CURATED,omelette
CP-0193,ING-ANIMAL-UFDEPOULE-000001,ING-DAIRY-PARMIGIANORE-000001,classic,0.85,CULINARY_CURATED,carbonara
CP-0194,ING-ANIMAL-UFDEPOULE-000001,ING-TECH-SUCREBLANC-000001,classic,0.88,CULINARY_CURATED,pâtisserie
CP-0195,ING-ANIMAL-UFDEPOULE-000001,ING-DAIRY-LAITENTIER-000001,classic,0.88,CULINARY_CURATED,"crème anglaise, flan"
CP-0196,ING-ANIMAL-UFDEPOULE-000001,ING-PLANT-VANILLEGOUSS-000001,classic,0.85,CULINARY_CURATED,crème anglaise
CP-0197,ING-ANIMAL-JAUNEDUF-000001,ING-TECH-HUILEDECOLZA-000001,classic,0.85,CULINARY_CURATED,mayonnaise
CP-0198,ING-ANIMAL-JAUNEDUF-000001,ING-COND-MOUTARDEDEDI-000001,classic,0.88,CULINARY_CURATED,mayonnaise
CP-0199,ING-ANIMAL-JAUNEDUF-000001,ING-TECH-SUCREBLANC-000001,classic,0.88,CULINARY_CURATED,crème pâtissière
CP-0200,ING-ANIMAL-BLANCDUF-000001,ING-TECH-SUCREBLANC-000001,classic,0.9,CULINARY_CURATED,meringue
CP-0201,ING-DAIRY-MOZZARELLA-000001,ING-TECH-HUILEDOLIVEV-000001,classic,0.85,CULINARY_CURATED,caprese
CP-0202,ING-DAIRY-PARMIGIANORE-000001,ING-PLANT-POIVRENOIR-000001,classic,0.88,CULINARY_CURATED,cacio e pepe
CP-0203,ING-DAIRY-PECORINOROMA-000001,ING-PLANT-POIVRENOIR-000001,classic,0.9,CULINARY_CURATED,cacio e pepe
CP-0204,ING-DAIRY-PECORINOROMA-000001,ING-TECH-MIEL-000001,regional,0.8,CULINARY_CURATED,fromage et miel
CP-0205,ING-DAIRY-CHVREFRAIS-000001,ING-TECH-MIEL-000001,classic,0.88,CULINARY_CURATED,toast chèvre miel
CP-0206,ING-DAIRY-CHVREFRAIS-000001,ING-PLANT-THYM-000001,classic,0.82,CULINARY_CURATED,chèvre chaud
CP-0207,ING-DAIRY-CHVREFRAIS-000001,ING-PLANT-BETTERAVE-000001,classic,0.82,CULINARY_CURATED,salade
CP-0208,ING-DAIRY-ROQUEFORT-000001,ING-PLANT-NOIX-000001,classic,0.88,CULINARY_CURATED,salade
CP-0209,ING-BEV-PORTO-000001,ING-DAIRY-ROQUEFORT-000001,classic,0.85,CULINARY_CURATED,accord fromage-vin
CP-0210,ING-DAIRY-COMT-000001,ING-PLANT-NOIX-000001,classic,0.82,CULINARY_CURATED,plateau de fromages
CP-0211,ING-BEV-VINJAUNE-000001,ING-DAIRY-COMT-000001,regional,0.9,CULINARY_CURATED,Jura
CP-0212,ING-DAIRY-CAMEMBERT-000001,ING-PLANT-POMME-000001,classic,0.85,CULINARY_CURATED,Normandie
CP-0213,ING-BEV-CALVADOS-000001,ING-DAIRY-CAMEMBERT-000001,regional,0.85,CULINARY_CURATED,Normandie
CP-0214,ING-DAIRY-BRIE-000001,ING-FUNGUS-TRUFFENOIRE-000001,classic,0.85,CULINARY_CURATED,brie truffé
CP-0215,ING-DAIRY-FETA-000001,ING-PLANT-PASTQUE-000001,modern,0.78,CULINARY_CURATED,salade
CP-0216,ING-DAIRY-FETA-000001,ING-FERMENT-OLIVENOIREEN-000001,classic,0.85,CULINARY_CURATED,salade grecque
CP-0217,ING-DAIRY-FETA-000001,ING-PLANT-ORIGAN-000001,classic,0.85,CULINARY_CURATED,salade grecque
CP-0218,ING-DAIRY-RICOTTA-000001,ING-TECH-MIEL-000001,classic,0.82,CULINARY_CURATED,dessert
CP-0219,ING-BEV-CAFESPRESSO-000001,ING-DAIRY-MASCARPONE-000001,classic,0.9,CULINARY_CURATED,tiramisu
CP-0220,ING-DAIRY-MASCARPONE-000001,ING-TECH-CACAOENPOUDR-000001,classic,0.85,CULINARY_CURATED,tiramisu
CP-0221,ING-FERMENT-YAOURTNATURE-000001,ING-PLANT-CONCOMBRE-000001,classic,0.85,CULINARY_CURATED,tzatziki
CP-0222,ING-FERMENT-YAOURTNATURE-000001,ING-PLANT-MENTHE-000001,classic,0.85,CULINARY_CURATED,raïta
CP-0223,ING-FERMENT-YAOURTNATURE-000001,ING-TECH-MIEL-000001,classic,0.85,CULINARY_CURATED,dessert
CP-0224,ING-DAIRY-CRMELIQUIDEE-000001,ING-PLANT-VANILLEGOUSS-000001,classic,0.9,CULINARY_CURATED,crème brûlée
CP-0225,ING-DAIRY-BEURREDOUX-000001,ING-PLANT-CITRONJAUNE-000001,classic,0.85,CULINARY_CURATED,beurre blanc
CP-0226,ING-DAIRY-BEURREDOUX-000001,ING-TECH-SUCREBLANC-000001,classic,0.85,CULINARY_CURATED,caramel beurre salé
CP-0227,ING-PLANT-FRAMBOISE-000001,ING-TECH-CHOCOLATNOIR-000001,classic,0.88,CULINARY_CURATED,dessert
CP-0228,ING-PLANT-ORANGE-000001,ING-TECH-CHOCOLATNOIR-000001,classic,0.88,CULINARY_CURATED,orangettes
CP-0229,ING-BEV-CAFESPRESSO-000001,ING-TECH-CHOCOLATNOIR-000001,classic,0.9,CULINARY_CURATED,moka
CP-0230,ING-PLANT-NOISETTETORR-000001,ING-TECH-CHOCOLATNOIR-000001,classic,0.92,CULINARY_CURATED,"praliné, gianduja"
CP-0231,ING-PLANT-MENTHE-000001,ING-TECH-CHOCOLATNOIR-000001,classic,0.82,CULINARY_CURATED,after eight
CP-0232,ING-PLANT-PIMENTFORT-000001,ING-TECH-CHOCOLATNOIR-000001,modern,0.75,CULINARY_CURATED,"mole, chocolat pimenté"
CP-0233,ING-DAIRY-BEURREDOUX-000001,ING-TECH-CHOCOLATNOIR-000001,classic,0.88,CULINARY_CURATED,fondant
CP-0234,ING-DAIRY-CRMELIQUIDEE-000001,ING-TECH-CHOCOLATNOIR-000001,classic,0.9,CULINARY_CURATED,ganache
CP-0235,ING-PLANT-BANANE-000001,ING-TECH-CHOCOLATNOIR-000001,classic,0.82,CULINARY_CURATED,dessert
CP-0236,ING-PLANT-CERISE-000001,ING-TECH-CHOCOLATNOIR-000001,classic,0.85,CULINARY_CURATED,forêt noire
CP-0237,ING-TECH-CHOCOLATNOIR-000001,ING-TECH-FLEURDESEL-000001,modern,0.82,CULINARY_CURATED,chocolat au sel
CP-0238,ING-BEV-WHISKY-000001,ING-TECH-CHOCOLATNOIR-000001,modern,0.78,CULINARY_CURATED,truffes
CP-0239,ING-PLANT-NOISETTETORR-000001,ING-TECH-CHOCOLATAULA-000001,classic,0.9,CULINARY_CURATED,gianduja
CP-0240,ING-PLANT-FRAMBOISE-000001,ING-TECH-CHOCOLATBLAN-000001,classic,0.82,CULINARY_CURATED,dessert
CP-0241,ING-PLANT-FRUITDELAPAS-000001,ING-TECH-CHOCOLATBLAN-000001,modern,0.82,CULINARY_CURATED,dessert
CP-0242,ING-PLANT-CANNELLE-000001,ING-TECH-CACAOENPOUDR-000001,classic,0.82,CULINARY_CURATED,chocolat mexicain
CP-0243,ING-PLANT-FRAISE-000001,ING-PLANT-VANILLEGOUSS-000001,classic,0.92,CULINARY_CURATED,dessert
CP-0244,ING-PLANT-POMME-000002,ING-PLANT-VANILLEGOUSS-000001,classic,0.85,CULINARY_CURATED,compote
CP-0245,ING-DAIRY-LAITENTIER-000001,ING-PLANT-VANILLEGOUSS-000001,classic,0.88,CULINARY_CURATED,riz au lait
CP-0246,ING-BEV-RHUMAMBR-000001,ING-PLANT-VANILLEGOUSS-000001,classic,0.85,CULINARY_CURATED,"cannelés, baba"
CP-0247,ING-PLANT-PCHE-000001,ING-PLANT-VANILLEGOUSS-000001,classic,0.85,CULINARY_CURATED,pêche Melba
CP-0248,ING-PLANT-CANNELLE-000001,ING-PLANT-POMME-000002,classic,0.95,CULINARY_CURATED,tarte aux pommes
CP-0249,ING-PLANT-CANNELLE-000001,ING-TECH-SUCREROUX-000001,classic,0.88,CULINARY_CURATED,cannelle-sucre
CP-0250,ING-PLANT-CANNELLE-000001,ING-PLANT-ORANGE-000001,classic,0.82,CULINARY_CURATED,vin chaud
CP-0251,ING-BEV-CAFESPRESSO-000001,ING-PLANT-CANNELLE-000001,classic,0.8,CULINARY_CURATED,café épicé
CP-0252,ING-ANIMAL-AGNEAUVIANDE-000001,ING-PLANT-CANNELLE-000001,regional,0.8,CULINARY_CURATED,tajine
CP-0253,ING-DAIRY-BEURREDOUX-000001,ING-PLANT-POMME-000002,classic,0.88,CULINARY_CURATED,tarte tatin
CP-0254,ING-PLANT-CLERIBRANCHE-000001,ING-PLANT-POMME-000001,classic,0.8,CULINARY_CURATED,salade Waldorf
CP-0255,ING-PLANT-NOIX-000001,ING-PLANT-POMME-000001,classic,0.82,CULINARY_CURATED,salade
CP-0256,ING-DAIRY-CRMELIQUIDEE-000001,ING-PLANT-FRAISE-000001,classic,0.9,CULINARY_CURATED,fraises à la crème
CP-0257,ING-PLANT-FRAISE-000001,ING-TECH-SUCREBLANC-000001,classic,0.85,CULINARY_CURATED,dessert
CP-0258,ING-PLANT-FRAISE-000001,ING-TECH-VINAIGREBALS-000001,modern,0.8,CULINARY_CURATED,dessert
CP-0259,ING-PLANT-FRAISE-000001,ING-PLANT-POIVRENOIR-000001,modern,0.68,CULINARY_CURATED,dessert (rotundone)
CP-0260,ING-PLANT-FRAISE-000001,ING-PLANT-MENTHE-000001,classic,0.82,CULINARY_CURATED,salade de fruits
CP-0261,ING-PLANT-FRAMBOISE-000001,ING-PLANT-PCHE-000001,classic,0.88,CULINARY_CURATED,pêche Melba
CP-0262,ING-PLANT-FRAMBOISE-000001,ING-PLANT-LITCHI-000001,modern,0.85,CULINARY_CURATED,Ispahan
CP-0263,ING-BEV-VINBLANCMOEL-000001,ING-PLANT-PCHE-000001,classic,0.82,CULINARY_CURATED,dessert
CP-0264,ING-PLANT-ABRICOT-000001,ING-PLANT-AMANDE-000001,classic,0.9,CULINARY_CURATED,tarte (benzaldéhyde commun)
CP-0265,ING-PLANT-ABRICOT-000001,ING-PLANT-ROMARIN-000001,modern,0.78,CULINARY_CURATED,dessert
CP-0266,ING-PLANT-AMANDE-000001,ING-PLANT-CERISE-000001,classic,0.88,CULINARY_CURATED,clafoutis (benzaldéhyde)
CP-0267,ING-BEV-KIRSCH-000001,ING-PLANT-CERISE-000001,classic,0.88,CULINARY_CURATED,forêt noire
CP-0268,ING-PLANT-CANNELLE-000001,ING-PLANT-PRUNE-000001,classic,0.82,CULINARY_CURATED,tarte
CP-0269,ING-BEV-RHUMAMBR-000001,ING-PLANT-BANANE-000001,classic,0.88,CULINARY_CURATED,banane flambée
CP-0270,ING-PLANT-CITRONVERT-000001,ING-PLANT-MANGUE-000001,classic,0.88,CULINARY_CURATED,dessert
CP-0271,ING-PLANT-MANGUE-000001,ING-PLANT-PIMENTFORT-000001,modern,0.75,CULINARY_CURATED,salade (mangue pimentée)
CP-0272,ING-BEV-LAITDECOCO-000001,ING-PLANT-MANGUE-000001,classic,0.85,CULINARY_CURATED,riz gluant
CP-0273,ING-PLANT-FRUITDELAPAS-000001,ING-PLANT-MANGUE-000001,classic,0.85,CULINARY_CURATED,dessert
CP-0274,ING-BEV-RHUMBLANC-000001,ING-PLANT-ANANAS-000001,classic,0.88,CULINARY_CURATED,piña colada
CP-0275,ING-BEV-LAITDECOCO-000001,ING-PLANT-ANANAS-000001,classic,0.88,CULINARY_CURATED,piña colada
CP-0276,ING-ANIMAL-PORCVIANDE-000001,ING-PLANT-ANANAS-000001,regional,0.8,CULINARY_CURATED,porc aigre-doux
CP-0277,ING-PLANT-CITRONJAUNE-000001,ING-TECH-SUCREBLANC-000001,classic,0.88,CULINARY_CURATED,tarte au citron
CP-0278,ING-PLANT-CITRONJAUNE-000001,ING-PLANT-THYM-000001,modern,0.8,CULINARY_CURATED,marinade
CP-0279,ING-PLANT-CITRONJAUNE-000001,ING-TECH-MIEL-000001,classic,0.85,CULINARY_CURATED,"boissons, desserts"
CP-0280,ING-PLANT-CITRONVERT-000001,ING-PLANT-CORIANDREFRA-000001,classic,0.88,CULINARY_CURATED,cuisines mexicaine et thaïe
CP-0281,ING-BEV-RHUMBLANC-000001,ING-PLANT-CITRONVERT-000001,classic,0.9,CULINARY_CURATED,"mojito, daïquiri"
CP-0282,ING-PLANT-CITRONVERT-000001,ING-PLANT-MENTHE-000001,classic,0.9,CULINARY_CURATED,mojito
CP-0283,ING-BEV-TEQUILABLANC-000001,ING-PLANT-CITRONVERT-000001,classic,0.9,CULINARY_CURATED,margarita
CP-0284,ING-PLANT-ORANGE-000001,ING-TECH-CHOCOLATAULA-000001,classic,0.82,CULINARY_CURATED,dessert
CP-0285,ING-PLANT-CONCOMBRE-000001,ING-PLANT-MENTHE-000001,classic,0.82,CULINARY_CURATED,salade
CP-0286,ING-PLANT-CORIANDREFRA-000001,ING-PLANT-GINGEMBRE-000001,classic,0.85,CULINARY_CURATED,cuisine asiatique
CP-0287,ING-BEV-LAITDECOCO-000001,ING-PLANT-CORIANDREFRA-000001,classic,0.82,CULINARY_CURATED,curry
CP-0288,ING-COND-SAUCESOJA-000001,ING-PLANT-GINGEMBRE-000001,classic,0.9,CULINARY_CURATED,cuisine asiatique
CP-0289,ING-PLANT-CITRONJAUNE-000001,ING-PLANT-GINGEMBRE-000001,classic,0.82,CULINARY_CURATED,infusion
CP-0290,ING-PLANT-GINGEMBRE-000001,ING-TECH-MIEL-000001,classic,0.82,CULINARY_CURATED,infusion
CP-0291,ING-BEV-LAITDECOCO-000001,ING-PLANT-GINGEMBRE-000001,classic,0.85,CULINARY_CURATED,curry
CP-0292,ING-BEV-LAITDECOCO-000001,ING-PLANT-CURCUMA-000001,classic,0.82,CULINARY_CURATED,curry
CP-0293,ING-PLANT-CURCUMA-000001,ING-PLANT-GINGEMBRE-000001,classic,0.85,CULINARY_CURATED,"curry, golden milk"
CP-0294,ING-PLANT-CURCUMA-000001,ING-PLANT-POIVRENOIR-000001,classic,0.82,CULINARY_CURATED,curry (pipérine)
CP-0295,ING-PLANT-CORIANDREFRA-000001,ING-PLANT-CUMINMOULU-000001,classic,0.82,CULINARY_CURATED,cuisines indienne et mexicaine
CP-0296,ING-PLANT-CUMINMOULU-000001,ING-PLANT-POISCHICHECU-000001,classic,0.88,CULINARY_CURATED,"houmous, falafel"
CP-0297,ING-PLANT-POISCHICHECU-000001,ING-TECH-TAHINI-000001,classic,0.92,CULINARY_CURATED,houmous
CP-0298,ING-PLANT-CITRONJAUNE-000001,ING-PLANT-POISCHICHECU-000001,classic,0.88,CULINARY_CURATED,houmous
CP-0299,ING-PLANT-AIL-000001,ING-PLANT-POISCHICHECU-000001,classic,0.85,CULINARY_CURATED,houmous
CP-0300,ING-PLANT-CAROTTE-000001,ING-PLANT-LENTILLEVERT-000002,classic,0.82,CULINARY_CURATED,lentilles
CP-0301,ING-BEV-LAITDECOCO-000001,ING-PLANT-LENTILLECORA-000002,classic,0.85,CULINARY_CURATED,dal
CP-0302,ING-PLANT-CURCUMA-000001,ING-PLANT-LENTILLECORA-000002,classic,0.85,CULINARY_CURATED,dal
CP-0303,ING-PLANT-CUMINMOULU-000001,ING-PLANT-HARICOTROUGE-000002,classic,0.85,CULINARY_CURATED,chili
CP-0304,ING-PLANT-HARICOTBLANC-000002,ING-PLANT-ROMARIN-000001,classic,0.82,CULINARY_CURATED,cuisine toscane
CP-0305,ING-PLANT-HARICOTBLANC-000002,ING-PLANT-TOMATE-000001,classic,0.82,CULINARY_CURATED,haricots à la tomate
CP-0306,ING-BEV-LAITDECOCO-000001,ING-PLANT-RIZ-000001,classic,0.82,CULINARY_CURATED,riz coco
CP-0307,ING-PLANT-RIZ-000001,ING-PLANT-SAFRAN-000001,classic,0.88,CULINARY_CURATED,"paella, risotto milanese"
CP-0308,ING-DAIRY-PARMIGIANORE-000001,ING-PLANT-RIZ-000001,classic,0.85,CULINARY_CURATED,risotto
CP-0309,ING-DAIRY-BEURREDOUX-000001,ING-TECH-FARINEDEBLTE-000001,classic,0.9,CULINARY_CURATED,pâtisserie
CP-0310,ING-TECH-FARINEDEBLTE-000001,ING-TECH-SUCREBLANC-000001,classic,0.88,CULINARY_CURATED,pâtisserie
CP-0311,ING-ANIMAL-UFDEPOULE-000001,ING-TECH-FARINEDEBLTE-000001,classic,0.9,CULINARY_CURATED,pâtisserie
CP-0312,ING-FERMENT-LEVUREBOULAN-000001,ING-TECH-FARINEDEBLTE-000001,classic,0.9,CULINARY_CURATED,pain
CP-0313,ING-TECH-FARINEDEBLTE-000001,ING-TECH-SELFIN-000001,classic,0.85,CULINARY_CURATED,pain
CP-0314,ING-ANIMAL-UFDEPOULE-000001,ING-TECH-FARINEDESARR-000001,regional,0.85,CULINARY_CURATED,galette bretonne
CP-0315,ING-DAIRY-BEURREDEMISE-000001,ING-TECH-FARINEDESARR-000001,regional,0.88,CULINARY_CURATED,galette bretonne
CP-0316,ING-PLANT-AMANDE-000001,ING-TECH-MIEL-000001,classic,0.85,CULINARY_CURATED,nougat
CP-0317,ING-PLANT-AMANDE-000001,ING-TECH-EAUDEFLEURDO-000001,regional,0.85,CULINARY_CURATED,pâtisserie orientale
CP-0318,ING-BEV-CAFESPRESSO-000001,ING-PLANT-NOISETTETORR-000001,classic,0.85,CULINARY_CURATED,dessert
CP-0319,ING-PLANT-NOIX-000001,ING-TECH-MIEL-000001,classic,0.85,CULINARY_CURATED,dessert
CP-0320,ING-PLANT-FRAMBOISE-000001,ING-PLANT-PISTACHE-000001,modern,0.82,CULINARY_CURATED,dessert
CP-0321,ING-PLANT-PISTACHE-000001,ING-TECH-EAUDEROSE-000001,regional,0.85,CULINARY_CURATED,pâtisserie orientale
CP-0322,ING-PLANT-PISTACHE-000001,ING-TECH-CHOCOLATBLAN-000001,modern,0.8,CULINARY_CURATED,dessert
CP-0323,ING-PLANT-ARACHIDETORR-000001,ING-TECH-CHOCOLATAULA-000001,classic,0.85,CULINARY_CURATED,confiserie
CP-0324,ING-COND-SAUCESOJA-000001,ING-PLANT-ARACHIDETORR-000001,classic,0.82,CULINARY_CURATED,sauce satay
CP-0325,ING-PLANT-ARACHIDETORR-000001,ING-PLANT-CITRONVERT-000001,regional,0.82,CULINARY_CURATED,pad thaï
CP-0326,ING-COND-SAUCESOJA-000001,ING-PLANT-GRAINEDESSAM-000001,classic,0.88,CULINARY_CURATED,cuisine japonaise
CP-0327,ING-PLANT-GRAINEDESSAM-000001,ING-TECH-MIEL-000001,classic,0.82,CULINARY_CURATED,confiserie
CP-0328,ING-PLANT-CHTAIGNE-000001,ING-TECH-CHOCOLATNOIR-000001,classic,0.82,CULINARY_CURATED,dessert
CP-0329,ING-PLANT-CHTAIGNE-000001,ING-PLANT-VANILLEGOUSS-000001,classic,0.82,CULINARY_CURATED,crème de marrons
CP-0330,ING-PLANT-THYM-000001,ING-TECH-MIEL-000001,classic,0.8,CULINARY_CURATED,miel de thym
CP-0331,ING-COND-MOUTARDELANC-000001,ING-TECH-MIEL-000001,classic,0.82,CULINARY_CURATED,sauce miel-moutarde
CP-0332,ING-DAIRY-FROMAGEFRAIS-000001,ING-TECH-MIEL-000001,classic,0.8,CULINARY_CURATED,dessert
CP-0333,ING-PLANT-NOIX-000001,ING-TECH-SIROPDRABLE-000001,classic,0.85,CULINARY_CURATED,dessert
CP-0334,ING-ANIMAL-PORCVIANDE-000001,ING-TECH-SIROPDRABLE-000001,regional,0.8,CULINARY_CURATED,bacon à l'érable
CP-0335,ING-BEV-CAFESPRESSO-000001,ING-DAIRY-LAITENTIER-000001,classic,0.9,CULINARY_CURATED,cappuccino
CP-0336,ING-BEV-CAFESPRESSO-000001,ING-TECH-SUCREROUX-000001,classic,0.82,CULINARY_CURATED,café
CP-0337,ING-BEV-CAFESPRESSO-000001,ING-PLANT-CARDAMOME-000001,regional,0.82,CULINARY_CURATED,café arabe
CP-0338,ING-BEV-CAFESPRESSO-000001,ING-PLANT-VANILLEGOUSS-000001,classic,0.82,CULINARY_CURATED,dessert
CP-0339,ING-BEV-CAFESPRESSO-000001,ING-BEV-WHISKY-000001,classic,0.82,CULINARY_CURATED,irish coffee
CP-0340,ING-BEV-THVERT-000001,ING-PLANT-MENTHE-000001,regional,0.88,CULINARY_CURATED,thé à la menthe
CP-0341,ING-BEV-THMATCHA-000001,ING-TECH-CHOCOLATBLAN-000001,modern,0.82,CULINARY_CURATED,dessert
CP-0342,ING-BEV-THNOIR-000001,ING-DAIRY-LAITENTIER-000001,classic,0.85,CULINARY_CURATED,thé au lait
CP-0343,ING-BEV-THNOIR-000001,ING-PLANT-BERGAMOTE-000001,classic,0.9,CULINARY_CURATED,Earl Grey
CP-0344,ING-BEV-VINROUGE-000001,ING-PLANT-CANNELLE-000001,classic,0.82,CULINARY_CURATED,vin chaud
CP-0345,ING-BEV-CHAMPAGNEBRU-000001,ING-MARINE-HUTRE-000001,classic,0.88,CULINARY_CURATED,accord mets-vin
CP-0346,ING-BEV-GIN-000001,ING-BEV-TONICWATER-000001,classic,0.92,CULINARY_CURATED,gin tonic
CP-0347,ING-BEV-GIN-000001,ING-PLANT-CONCOMBRE-000001,modern,0.82,CULINARY_CURATED,gin tonic concombre
CP-0348,ING-BEV-RHUMBLANC-000001,ING-PLANT-MENTHE-000001,classic,0.9,CULINARY_CURATED,mojito
CP-0349,ING-BEV-WHISKY-000001,ING-TECH-MIEL-000001,classic,0.82,CULINARY_CURATED,hot toddy
CP-0350,ING-COND-SAUCESOJA-000001,ING-TECH-MIEL-000001,classic,0.82,CULINARY_CURATED,laquage
CP-0351,ING-COND-SAUCESOJA-000001,ING-TECH-SUCREROUX-000001,classic,0.82,CULINARY_CURATED,teriyaki
CP-0352,ING-COND-MIRIN-000001,ING-COND-SAUCESOJA-000001,classic,0.9,CULINARY_CURATED,teriyaki
CP-0353,ING-COND-MISOBLANC-000001,ING-DAIRY-BEURREDOUX-000001,modern,0.82,CULINARY_CURATED,beurre miso
CP-0354,ING-COND-MISOBLANC-000001,ING-MARINE-SAUMON-000001,modern,0.82,CULINARY_CURATED,saumon au miso
CP-0355,ING-COND-SAUCEDEPOISS-000001,ING-PLANT-CITRONVERT-000001,classic,0.9,CULINARY_CURATED,nuoc cham
CP-0356,ING-COND-SAUCENUOCMM-000001,ING-PLANT-CITRONVERT-000001,classic,0.9,CULINARY_CURATED,nuoc cham
CP-0357,ING-BEV-LAITDECOCO-000001,ING-PLANT-PIMENTFORT-000001,classic,0.85,CULINARY_CURATED,curry
CP-0358,ING-COND-MOUTARDEDEDI-000001,ING-TECH-VINAIGREDEVI-000001,classic,0.85,CULINARY_CURATED,vinaigrette
CP-0359,ING-TECH-HUILEDOLIVEV-000001,ING-TECH-VINAIGREBALS-000001,classic,0.88,CULINARY_CURATED,vinaigrette
CP-0360,ING-PLANT-CITRONJAUNE-000001,ING-TECH-HUILEDOLIVEV-000001,classic,0.88,CULINARY_CURATED,vinaigrette
CP-0361,ING-PLANT-LAURIER-000001,ING-PLANT-THYM-000001,classic,0.88,CULINARY_CURATED,bouquet garni
CP-0362,ING-PLANT-PERSIL-000001,ING-PLANT-THYM-000001,classic,0.85,CULINARY_CURATED,bouquet garni
CP-0363,ING-PLANT-CITRONJAUNE-000001,ING-PLANT-PERSIL-000001,classic,0.85,CULINARY_CURATED,taboulé
CP-0364,ING-PLANT-MENTHE-000001,ING-PLANT-PERSIL-000001,classic,0.85,CULINARY_CURATED,taboulé
CP-0365,ING-COND-MOUTARDEDEDI-000001,ING-PLANT-ESTRAGON-000001,classic,0.82,CULINARY_CURATED,sauce
CP-0366,ING-PLANT-ANETH-000001,ING-PLANT-CONCOMBRE-000001,classic,0.88,CULINARY_CURATED,salade
CP-0367,ING-PLANT-ANETH-000001,ING-PLANT-POMMEDETERRE-000001,classic,0.82,CULINARY_CURATED,cuisine scandinave
CP-0368,ING-DAIRY-CRMEAIGRE-000001,ING-PLANT-CIBOULETTE-000001,classic,0.88,CULINARY_CURATED,sauce
CP-0369,ING-DAIRY-BEURREDOUX-000001,ING-PLANT-SAUGE-000001,classic,0.88,CULINARY_CURATED,beurre de sauge
CP-0370,ING-PLANT-COURGEBUTTER-000001,ING-PLANT-SAUGE-000001,classic,0.88,CULINARY_CURATED,ravioli
CP-0371,ING-PLANT-CITRONJAUNE-000001,ING-PLANT-ROMARIN-000001,modern,0.78,CULINARY_CURATED,marinade
CP-0372,ING-DAIRY-CRMELIQUIDEE-000001,ING-PLANT-MUSCADE-000001,classic,0.85,CULINARY_CURATED,béchamel
CP-0373,ING-DAIRY-LAITENTIER-000001,ING-PLANT-MUSCADE-000001,classic,0.85,CULINARY_CURATED,béchamel
CP-0374,ING-MARINE-MOULE-000001,ING-PLANT-SAFRAN-000001,classic,0.85,CULINARY_CURATED,mouclade
CP-0375,ING-PLANT-CLOUDEGIROFL-000001,ING-PLANT-ORANGE-000001,classic,0.82,CULINARY_CURATED,"vin chaud, pomander"
CP-0376,ING-PLANT-CLOUDEGIROFL-000001,ING-PLANT-OIGNON-000001,classic,0.8,CULINARY_CURATED,bouillon (oignon piqué)
CP-0377,ING-PLANT-CARDAMOME-000001,ING-PLANT-ORANGE-000001,modern,0.8,CULINARY_CURATED,dessert
CP-0378,ING-PLANT-CARDAMOME-000001,ING-PLANT-RIZ-000001,regional,0.82,CULINARY_CURATED,"biryani, kheer"
CP-0379,ING-ANIMAL-UFDEPOULE-000001,ING-PLANT-PIMENTDESPEL-000001,regional,0.82,CULINARY_CURATED,piperade
CP-0380,ING-PLANT-PIMENTDESPEL-000001,ING-TECH-CHOCOLATNOIR-000001,modern,0.75,CULINARY_CURATED,dessert pimenté
CP-0381,ING-PLANT-COURGEBUTTER-000001,ING-PLANT-MUSCADE-000001,classic,0.85,CULINARY_CURATED,velouté
CP-0382,ING-DAIRY-CRMELIQUIDEE-000001,ING-PLANT-COURGEBUTTER-000001,classic,0.82,CULINARY_CURATED,velouté
CP-0383,ING-PLANT-CANNELLE-000001,ING-PLANT-POTIRON-000001,classic,0.85,CULINARY_CURATED,pumpkin pie
CP-0384,ING-PLANT-BETTERAVE-000001,ING-PLANT-ORANGE-000001,modern,0.8,CULINARY_CURATED,salade
CP-0385,ING-DAIRY-ROQUEFORT-000001,ING-PLANT-ENDIVE-000001,classic,0.85,CULINARY_CURATED,salade
CP-0386,ING-PLANT-ENDIVE-000001,ING-PLANT-NOIX-000001,classic,0.85,CULINARY_CURATED,salade
CP-0387,ING-DAIRY-BEURREDOUX-000001,ING-PLANT-RADIS-000001,classic,0.85,CULINARY_CURATED,radis beurre
CP-0388,ING-FERMENT-OLIVENOIREEN-000001,ING-PLANT-ROMARIN-000001,classic,0.8,CULINARY_CURATED,olives marinées
CP-0389,ING-PLANT-CITRONJAUNE-000001,ING-TECH-TAHINI-000001,classic,0.88,CULINARY_CURATED,sauce tahini
CP-0390,ING-MARINE-ANCHOIS-000001,ING-TECH-CHOCOLATNOIR-000001,contrast_negative,0.2,CULINARY_CURATED,contraste désagréable (benchmark phase 3)
CP-0391,ING-BEV-VINROUGE-000001,ING-PLANT-CITRONJAUNE-000001,contrast_negative,0.25,CULINARY_CURATED,acidité excessive et tanins durcis (benchmark phase 3)
CP-0392,ING-BEV-VINROUGE-000001,ING-MARINE-HUTRE-000001,contrast_negative,0.25,CULINARY_CURATED,tanins + iode : goût métallique
CP-0393,ING-BEV-VINROUGE-000001,ING-TECH-CHOCOLATBLAN-000001,contrast_negative,0.3,CULINARY_CURATED,tanins contre sucre gras
CP-0394,ING-DAIRY-LAITENTIER-000001,ING-PLANT-CITRONJAUNE-000001,contrast_negative,0.25,CULINARY_CURATED,caillage acide du lait
CP-0395,ING-BEV-THVERT-000001,ING-DAIRY-LAITENTIER-000001,contrast_negative,0.35,CULINARY_CURATED,masquage des notes végétales
CP-0396,ING-BEV-CAFESPRESSO-000001,ING-PLANT-MENTHE-000001,contrast_negative,0.35,CULINARY_CURATED,fraîcheur mentholée contre amertume torréfiée
CP-0397,ING-PLANT-AIL-000001,ING-TECH-CHOCOLATAULA-000001,contrast_negative,0.15,CULINARY_CURATED,incompatibilité sucré-soufré
CP-0398,ING-PLANT-FRAISE-000001,ING-PLANT-OIGNON-000001,contrast_negative,0.2,CULINARY_CURATED,incompatibilité soufré-fruité
CP-0399,ING-TECH-CHOCOLATNOIR-000001,ING-TECH-VINAIGREBLAN-000001,contrast_negative,0.25,CULINARY_CURATED,acidité agressive
CP-0400,ING-MARINE-ANCHOIS-000001,ING-PLANT-FRAISE-000001,contrast_negative,0.15,CULINARY_CURATED,incompatibilité marin-fruité
CP-0401,ING-COND-SAUCEDEPOISS-000001,ING-TECH-CHOCOLATAULA-000001,contrast_negative,0.15,CULINARY_CURATED,incompatibilité
CP-0402,ING-COND-MOUTARDEDEDI-000001,ING-TECH-CHOCOLATAULA-000001,contrast_negative,0.2,CULINARY_CURATED,incompatibilité piquant-lacté
CP-0403,ING-PLANT-CUMINMOULU-000001,ING-PLANT-FRAISE-000001,contrast_negative,0.3,CULINARY_CURATED,terreux contre fruité délicat
CP-0404,ING-BEV-CAFESPRESSO-000001,ING-PLANT-CITRONJAUNE-000001,contrast_negative,0.35,CULINARY_CURATED,acidité excessive
CP-0405,ING-DAIRY-BEURREDOUX-000001,ING-TECH-SELFIN-000001,classic,0.63,CORPUS_ESCOFFIER_1907,"relevé dans 199 recettes du Guide culinaire d'Escoffier (1907, domaine public), lift 1,6"
CP-0406,ING-PLANT-POIVRENOIR-000001,ING-TECH-SELFIN-000001,classic,0.91,CORPUS_ESCOFFIER_1907,"relevé dans 172 recettes du Guide culinaire d'Escoffier (1907, domaine public), lift 8,2"
CP-0407,ING-DAIRY-BEURREDOUX-000001,ING-PLANT-PERSIL-000001,classic,0.62,CORPUS_ESCOFFIER_1907,"relevé dans 151 recettes du Guide culinaire d'Escoffier (1907, domaine public), lift 1,5"
CP-0408,ING-ANIMAL-POULETVIANDE-000001,ING-FUNGUS-TRUFFENOIRE-000001,classic,0.69,CORPUS_ESCOFFIER_1907,"relevé dans 150 recettes du Guide culinaire d'Escoffier (1907, domaine public), lift 2,3"
CP-0409,ING-ANIMAL-UFDEPOULE-000001,ING-TECH-SELFIN-000001,classic,0.69,CORPUS_ESCOFFIER_1907,"relevé dans 125 recettes du Guide culinaire d'Escoffier (1907, domaine public), lift 2,3"
CP-0410,ING-DAIRY-BEURREDOUX-000001,ING-PLANT-POIVRENOIR-000001,classic,0.62,CORPUS_ESCOFFIER_1907,"relevé dans 109 recettes du Guide culinaire d'Escoffier (1907, domaine public), lift 1,5"
CP-0411,ING-FUNGUS-CHAMPIGNONDE-000001,ING-FUNGUS-TRUFFENOIRE-000001,classic,0.74,CORPUS_ESCOFFIER_1907,"relevé dans 109 recettes du Guide culinaire d'Escoffier (1907, domaine public), lift 3,0"
CP-0412,ING-PLANT-OIGNON-000001,ING-TECH-SELFIN-000001,classic,0.75,CORPUS_ESCOFFIER_1907,"relevé dans 91 recettes du Guide culinaire d'Escoffier (1907, domaine public), lift 3,2"
CP-0413,ING-BEV-VINBLANCSEC-000001,ING-DAIRY-BEURREDOUX-000001,classic,0.64,CORPUS_ESCOFFIER_1907,"relevé dans 91 recettes du Guide culinaire d'Escoffier (1907, domaine public), lift 1,7"
CP-0414,ING-DAIRY-CRMELIQUIDEE-000001,ING-TECH-SUCREBLANC-000001,classic,0.65,CORPUS_ESCOFFIER_1907,"relevé dans 78 recettes du Guide culinaire d'Escoffier (1907, domaine public), lift 1,7"
CP-0415,ING-BEV-JUSDECITRON-000001,ING-DAIRY-BEURREDOUX-000001,classic,0.65,CORPUS_ESCOFFIER_1907,"relevé dans 77 recettes du Guide culinaire d'Escoffier (1907, domaine public), lift 1,8"
CP-0416,ING-PLANT-OIGNON-000001,ING-PLANT-PERSIL-000001,classic,0.76,CORPUS_ESCOFFIER_1907,"relevé dans 75 recettes du Guide culinaire d'Escoffier (1907, domaine public), lift 3,4"
CP-0417,ING-PLANT-PERSIL-000001,ING-TECH-SELFIN-000001,classic,0.71,CORPUS_ESCOFFIER_1907,"relevé dans 75 recettes du Guide culinaire d'Escoffier (1907, domaine public), lift 2,5"
CP-0418,ING-ANIMAL-UFDEPOULE-000001,ING-PLANT-PERSIL-000001,classic,0.62,CORPUS_ESCOFFIER_1907,"relevé dans 66 recettes du Guide culinaire d'Escoffier (1907, domaine public), lift 1,5"
CP-0419,ING-DAIRY-BEURREDOUX-000001,ING-PLANT-POISCUIT-000001,classic,0.62,CORPUS_ESCOFFIER_1907,"relevé dans 65 recettes du Guide culinaire d'Escoffier (1907, domaine public), lift 1,5"
CP-0420,ING-DAIRY-BEURREDOUX-000001,ING-MARINE-CREVISSE-000001,classic,0.64,CORPUS_ESCOFFIER_1907,"relevé dans 65 recettes du Guide culinaire d'Escoffier (1907, domaine public), lift 1,6"
CP-0421,ING-ANIMAL-JAUNEDUF-000001,ING-DAIRY-CRMELIQUIDEE-000001,classic,0.69,CORPUS_ESCOFFIER_1907,"relevé dans 65 recettes du Guide culinaire d'Escoffier (1907, domaine public), lift 2,3"
CP-0422,ING-ANIMAL-UFDEPOULE-000001,ING-PLANT-POIVRENOIR-000001,classic,0.68,CORPUS_ESCOFFIER_1907,"relevé dans 64 recettes du Guide culinaire d'Escoffier (1907, domaine public), lift 2,1"
CP-0423,ING-ANIMAL-POULETVIANDE-000001,ING-FUNGUS-CHAMPIGNONDE-000001,classic,0.66,CORPUS_ESCOFFIER_1907,"relevé dans 64 recettes du Guide culinaire d'Escoffier (1907, domaine public), lift 1,9"
CP-0424,ING-PLANT-PERSIL-000001,ING-PLANT-POIVRENOIR-000001,classic,0.78,CORPUS_ESCOFFIER_1907,"relevé dans 63 recettes du Guide culinaire d'Escoffier (1907, domaine public), lift 3,8"
CP-0425,ING-TECH-SELFIN-000001,ING-TECH-SUCREBLANC-000001,classic,0.67,CORPUS_ESCOFFIER_1907,"relevé dans 62 recettes du Guide culinaire d'Escoffier (1907, domaine public), lift 2,0"
CP-0426,ING-PLANT-TOMATE-000001,ING-TECH-HUILEDOLIVE-000001,classic,0.84,CORPUS_ESCOFFIER_1907,"relevé dans 61 recettes du Guide culinaire d'Escoffier (1907, domaine public), lift 5,3"
CP-0427,ING-PLANT-PERSIL-000001,ING-TECH-HUILEDOLIVE-000001,classic,0.80,CORPUS_ESCOFFIER_1907,"relevé dans 61 recettes du Guide culinaire d'Escoffier (1907, domaine public), lift 4,1"
CP-0428,ING-PLANT-OIGNON-000001,ING-PLANT-POIVRENOIR-000001,classic,0.78,CORPUS_ESCOFFIER_1907,"relevé dans 60 recettes du Guide culinaire d'Escoffier (1907, domaine public), lift 3,8"
CP-0429,ING-PLANT-VANILLEGOUSS-000001,ING-TECH-SUCREBLANC-000001,classic,0.76,CORPUS_ESCOFFIER_1907,"relevé dans 60 recettes du Guide culinaire d'Escoffier (1907, domaine public), lift 3,3"
CP-0430,ING-FUNGUS-TRUFFENOIRE-000001,ING-MARINE-CREVISSE-000001,classic,0.78,CORPUS_ESCOFFIER_1907,"relevé dans 59 recettes du Guide culinaire d'Escoffier (1907, domaine public), lift 3,7"
CP-0431,ING-ANIMAL-POULETVIANDE-000001,ING-ANIMAL-VEAUVIANDE-000001,classic,0.67,CORPUS_ESCOFFIER_1907,"relevé dans 59 recettes du Guide culinaire d'Escoffier (1907, domaine public), lift 2,0"
CP-0432,ING-DAIRY-CRMELIQUIDEE-000001,ING-DAIRY-LAITENTIER-000001,classic,0.70,CORPUS_ESCOFFIER_1907,"relevé dans 56 recettes du Guide culinaire d'Escoffier (1907, domaine public), lift 2,3"
CP-0433,ING-ANIMAL-VEAUVIANDE-000001,ING-FUNGUS-TRUFFENOIRE-000001,classic,0.65,CORPUS_ESCOFFIER_1907,"relevé dans 56 recettes du Guide culinaire d'Escoffier (1907, domaine public), lift 1,8"
CP-0434,ING-ANIMAL-POULETVIANDE-000001,ING-PLANT-RIZ-000001,classic,0.69,CORPUS_ESCOFFIER_1907,"relevé dans 56 recettes du Guide culinaire d'Escoffier (1907, domaine public), lift 2,2"
CP-0435,ING-ANIMAL-JAUNEDUF-000001,ING-TECH-SELFIN-000001,classic,0.73,CORPUS_ESCOFFIER_1907,"relevé dans 56 recettes du Guide culinaire d'Escoffier (1907, domaine public), lift 2,9"
CP-0436,ING-ANIMAL-POULETVIANDE-000001,ING-PLANT-OIGNON-000001,classic,0.62,CORPUS_ESCOFFIER_1907,"relevé dans 55 recettes du Guide culinaire d'Escoffier (1907, domaine public), lift 1,5"
CP-0437,ING-PLANT-MUSCADE-000001,ING-TECH-SELFIN-000001,classic,0.91,CORPUS_ESCOFFIER_1907,"relevé dans 51 recettes du Guide culinaire d'Escoffier (1907, domaine public), lift 8,2"
CP-0438,ING-DAIRY-BEURREDOUX-000001,ING-FERMENT-OLIVENOIREEN-000001,classic,0.65,CORPUS_ESCOFFIER_1907,"relevé dans 50 recettes du Guide culinaire d'Escoffier (1907, domaine public), lift 1,8"
CP-0439,ING-PLANT-PERSIL-000001,ING-PLANT-TOMATE-000001,classic,0.73,CORPUS_ESCOFFIER_1907,"relevé dans 50 recettes du Guide culinaire d'Escoffier (1907, domaine public), lift 2,8"
CP-0440,ING-BEV-MADRE-000001,ING-FUNGUS-TRUFFENOIRE-000001,classic,0.78,CORPUS_ESCOFFIER_1907,"relevé dans 49 recettes du Guide culinaire d'Escoffier (1907, domaine public), lift 3,7"
CP-0441,ING-PLANT-CAROTTE-000001,ING-PLANT-NAVET-000001,classic,0.92,CORPUS_ESCOFFIER_1907,"relevé dans 49 recettes du Guide culinaire d'Escoffier (1907, domaine public), lift 16,6"
CP-0442,ING-PLANT-CAROTTE-000001,ING-TECH-SELFIN-000001,classic,0.74,CORPUS_ESCOFFIER_1907,"relevé dans 48 recettes du Guide culinaire d'Escoffier (1907, domaine public), lift 3,1"
CP-0443,ING-DAIRY-LAITENTIER-000001,ING-TECH-SUCREBLANC-000001,classic,0.77,CORPUS_ESCOFFIER_1907,"relevé dans 48 recettes du Guide culinaire d'Escoffier (1907, domaine public), lift 3,5"
CP-0444,ING-BEV-KIRSCH-000001,ING-PLANT-VANILLEGOUSS-000001,classic,0.86,CORPUS_ESCOFFIER_1907,"relevé dans 47 recettes du Guide culinaire d'Escoffier (1907, domaine public), lift 5,9"
CP-0445,ING-PLANT-AIL-000001,ING-PLANT-OIGNON-000001,classic,0.89,CORPUS_ESCOFFIER_1907,"relevé dans 46 recettes du Guide culinaire d'Escoffier (1907, domaine public), lift 7,2"
CP-0446,ING-TECH-HUILEDOLIVE-000001,ING-TECH-SELFIN-000001,classic,0.70,CORPUS_ESCOFFIER_1907,"relevé dans 45 recettes du Guide culinaire d'Escoffier (1907, domaine public), lift 2,4"
CP-0447,ING-PLANT-OIGNON-000001,ING-PLANT-POMMEDETERRE-000001,classic,0.70,CORPUS_ESCOFFIER_1907,"relevé dans 44 recettes du Guide culinaire d'Escoffier (1907, domaine public), lift 2,4"
CP-0448,ING-PLANT-MUSCADE-000001,ING-PLANT-POIVRENOIR-000001,classic,0.92,CORPUS_ESCOFFIER_1907,"relevé dans 44 recettes du Guide culinaire d'Escoffier (1907, domaine public), lift 12,7"
CP-0449,ING-BEV-VINBLANCSEC-000001,ING-PLANT-PERSIL-000001,classic,0.77,CORPUS_ESCOFFIER_1907,"relevé dans 43 recettes du Guide culinaire d'Escoffier (1907, domaine public), lift 3,5"
CP-0450,ING-PLANT-OIGNON-000001,ING-TECH-HUILEDOLIVE-000001,classic,0.74,CORPUS_ESCOFFIER_1907,"relevé dans 43 recettes du Guide culinaire d'Escoffier (1907, domaine public), lift 3,0"
CP-0451,ING-PLANT-ANANAS-000001,ING-PLANT-POMME-000001,classic,0.92,CORPUS_ESCOFFIER_1907,"relevé dans 43 recettes du Guide culinaire d'Escoffier (1907, domaine public), lift 22,1"
CP-0452,ING-BEV-KIRSCH-000001,ING-DAIRY-CRMELIQUIDEE-000001,classic,0.68,CORPUS_ESCOFFIER_1907,"relevé dans 42 recettes du Guide culinaire d'Escoffier (1907, domaine public), lift 2,1"
CP-0453,ING-PLANT-CAROTTE-000001,ING-PLANT-POISCUIT-000001,classic,0.91,CORPUS_ESCOFFIER_1907,"relevé dans 42 recettes du Guide culinaire d'Escoffier (1907, domaine public), lift 8,0"
CP-0454,ING-TECH-HUILEDOLIVE-000001,ING-TECH-VINAIGREDEVI-000001,classic,0.92,CORPUS_ESCOFFIER_1907,"relevé dans 41 recettes du Guide culinaire d'Escoffier (1907, domaine public), lift 9,9"
CP-0455,ING-PLANT-ABRICOT-000001,ING-PLANT-VANILLEGOUSS-000001,classic,0.87,CORPUS_ESCOFFIER_1907,"relevé dans 41 recettes du Guide culinaire d'Escoffier (1907, domaine public), lift 6,4"
CP-0456,ING-ANIMAL-JAUNEDUF-000001,ING-DAIRY-LAITENTIER-000001,classic,0.82,CORPUS_ESCOFFIER_1907,"relevé dans 41 recettes du Guide culinaire d'Escoffier (1907, domaine public), lift 4,8"
CP-0457,ING-ANIMAL-BUFVIANDE-000001,ING-TECH-SELFIN-000001,classic,0.78,CORPUS_ESCOFFIER_1907,"relevé dans 41 recettes du Guide culinaire d'Escoffier (1907, domaine public), lift 3,7"
CP-0458,ING-DAIRY-LAITENTIER-000001,ING-TECH-SELFIN-000001,classic,0.70,CORPUS_ESCOFFIER_1907,"relevé dans 40 recettes du Guide culinaire d'Escoffier (1907, domaine public), lift 2,4"
CP-0459,ING-ANIMAL-VEAUVIANDE-000001,ING-TECH-SELFIN-000001,classic,0.65,CORPUS_ESCOFFIER_1907,"relevé dans 40 recettes du Guide culinaire d'Escoffier (1907, domaine public), lift 1,7"
CP-0460,ING-PLANT-ORANGE-000001,ING-TECH-SUCREBLANC-000001,classic,0.80,CORPUS_ESCOFFIER_1907,"relevé dans 40 recettes du Guide culinaire d'Escoffier (1907, domaine public), lift 4,3"
CP-0461,ING-ANIMAL-POULETVIANDE-000001,ING-PLANT-CAROTTE-000001,classic,0.67,CORPUS_ESCOFFIER_1907,"relevé dans 39 recettes du Guide culinaire d'Escoffier (1907, domaine public), lift 2,0"
CP-0462,ING-FUNGUS-CHAMPIGNONDE-000001,ING-PLANT-OIGNON-000001,classic,0.66,CORPUS_ESCOFFIER_1907,"relevé dans 38 recettes du Guide culinaire d'Escoffier (1907, domaine public), lift 1,9"
CP-0463,ING-ANIMAL-VEAUVIANDE-000001,ING-PLANT-OIGNON-000001,classic,0.69,CORPUS_ESCOFFIER_1907,"relevé dans 38 recettes du Guide culinaire d'Escoffier (1907, domaine public), lift 2,2"
CP-0464,ING-PLANT-RIZ-000001,ING-PLANT-TOMATE-000001,classic,0.75,CORPUS_ESCOFFIER_1907,"relevé dans 38 recettes du Guide culinaire d'Escoffier (1907, domaine public), lift 3,2"
CP-0465,ING-FUNGUS-TRUFFENOIRE-000001,ING-MARINE-SOLE-000001,classic,0.65,CORPUS_ESCOFFIER_1907,"relevé dans 38 recettes du Guide culinaire d'Escoffier (1907, domaine public), lift 1,8"
CP-0466,ING-BEV-KIRSCH-000001,ING-TECH-SUCREBLANC-000001,classic,0.76,CORPUS_ESCOFFIER_1907,"relevé dans 38 recettes du Guide culinaire d'Escoffier (1907, domaine public), lift 3,4"
CP-0467,ING-PLANT-CERFEUIL-000001,ING-PLANT-ESTRAGON-000001,classic,0.92,CORPUS_ESCOFFIER_1907,"relevé dans 38 recettes du Guide culinaire d'Escoffier (1907, domaine public), lift 17,2"
CP-0468,ING-BEV-VINBLANCSEC-000001,ING-FUNGUS-CHAMPIGNONDE-000001,classic,0.76,CORPUS_ESCOFFIER_1907,"relevé dans 37 recettes du Guide culinaire d'Escoffier (1907, domaine public), lift 3,4"
CP-0469,ING-PLANT-CITRONJAUNE-000001,ING-PLANT-ORANGE-000001,classic,0.92,CORPUS_ESCOFFIER_1907,"relevé dans 37 recettes du Guide culinaire d'Escoffier (1907, domaine public), lift 8,8"
CP-0470,ING-ANIMAL-UFDEPOULE-000001,ING-PLANT-MUSCADE-000001,classic,0.79,CORPUS_ESCOFFIER_1907,"relevé dans 37 recettes du Guide culinaire d'Escoffier (1907, domaine public), lift 4,0"
CP-0471,ING-PLANT-AIL-000001,ING-TECH-SELFIN-000001,classic,0.81,CORPUS_ESCOFFIER_1907,"relevé dans 37 recettes du Guide culinaire d'Escoffier (1907, domaine public), lift 4,4"
CP-0472,ING-BEV-JUSDECITRON-000001,ING-PLANT-PERSIL-000001,classic,0.77,CORPUS_ESCOFFIER_1907,"relevé dans 35 recettes du Guide culinaire d'Escoffier (1907, domaine public), lift 3,5"
CP-0473,ING-FUNGUS-CHAMPIGNONDE-000001,ING-PLANT-TOMATE-000001,classic,0.68,CORPUS_ESCOFFIER_1907,"relevé dans 35 recettes du Guide culinaire d'Escoffier (1907, domaine public), lift 2,2"
CP-0474,ING-BEV-KIRSCH-000001,ING-PLANT-ABRICOT-000001,classic,0.92,CORPUS_ESCOFFIER_1907,"relevé dans 35 recettes du Guide culinaire d'Escoffier (1907, domaine public), lift 8,8"
CP-0475,ING-PLANT-POMME-000001,ING-TECH-SUCREBLANC-000001,classic,0.75,CORPUS_ESCOFFIER_1907,"relevé dans 35 recettes du Guide culinaire d'Escoffier (1907, domaine public), lift 3,1"
CP-0476,ING-PLANT-POMME-000001,ING-PLANT-VANILLEGOUSS-000001,classic,0.80,CORPUS_ESCOFFIER_1907,"relevé dans 34 recettes du Guide culinaire d'Escoffier (1907, domaine public), lift 4,3"
CP-0477,ING-BEV-KIRSCH-000001,ING-PLANT-FRAISE-000001,classic,0.92,CORPUS_ESCOFFIER_1907,"relevé dans 34 recettes du Guide culinaire d'Escoffier (1907, domaine public), lift 9,6"
CP-0478,ING-PLANT-AIL-000001,ING-PLANT-CLOUDEGIROFL-000001,classic,0.92,CORPUS_ESCOFFIER_1907,"relevé dans 34 recettes du Guide culinaire d'Escoffier (1907, domaine public), lift 27,4"
CP-0479,ING-FUNGUS-CHAMPIGNONDE-000001,ING-MARINE-SOLE-000001,classic,0.75,CORPUS_ESCOFFIER_1907,"relevé dans 34 recettes du Guide culinaire d'Escoffier (1907, domaine public), lift 3,1"
CP-0480,ING-PLANT-CHALOTE-000001,ING-PLANT-PERSIL-000001,classic,0.88,CORPUS_ESCOFFIER_1907,"relevé dans 34 recettes du Guide culinaire d'Escoffier (1907, domaine public), lift 6,7"
CP-0481,ING-PLANT-CERFEUIL-000001,ING-PLANT-PERSIL-000001,classic,0.78,CORPUS_ESCOFFIER_1907,"relevé dans 34 recettes du Guide culinaire d'Escoffier (1907, domaine public), lift 3,7"
CP-0482,ING-DAIRY-BEURREDOUX-000001,ING-PLANT-MUSCADE-000001,classic,0.63,CORPUS_ESCOFFIER_1907,"relevé dans 33 recettes du Guide culinaire d'Escoffier (1907, domaine public), lift 1,6"
CP-0483,ING-PLANT-OIGNON-000001,ING-PLANT-RIZ-000001,classic,0.69,CORPUS_ESCOFFIER_1907,"relevé dans 33 recettes du Guide culinaire d'Escoffier (1907, domaine public), lift 2,2"
CP-0484,ING-PLANT-POIVRENOIR-000001,ING-TECH-HUILEDOLIVE-000001,classic,0.75,CORPUS_ESCOFFIER_1907,"relevé dans 33 recettes du Guide culinaire d'Escoffier (1907, domaine public), lift 3,1"
CP-0485,ING-DAIRY-LAITENTIER-000001,ING-TECH-FARINEDEBLTE-000001,classic,0.84,CORPUS_ESCOFFIER_1907,"relevé dans 32 recettes du Guide culinaire d'Escoffier (1907, domaine public), lift 5,3"
CP-0486,ING-BEV-JUSDECITRON-000001,ING-TECH-SELFIN-000001,classic,0.71,CORPUS_ESCOFFIER_1907,"relevé dans 32 recettes du Guide culinaire d'Escoffier (1907, domaine public), lift 2,5"
CP-0487,ING-FERMENT-CONCENTRDETO-000001,ING-PLANT-TOMATE-000001,classic,0.92,CORPUS_ESCOFFIER_1907,"relevé dans 32 recettes du Guide culinaire d'Escoffier (1907, domaine public), lift 14,7"
CP-0488,ING-PLANT-NAVET-000001,ING-PLANT-POISCUIT-000001,classic,0.92,CORPUS_ESCOFFIER_1907,"relevé dans 32 recettes du Guide culinaire d'Escoffier (1907, domaine public), lift 13,4"
CP-0489,ING-PLANT-CAROTTE-000001,ING-PLANT-CLERIBRANCHE-000001,classic,0.92,CORPUS_ESCOFFIER_1907,"relevé dans 31 recettes du Guide culinaire d'Escoffier (1907, domaine public), lift 8,5"
CP-0490,ING-ANIMAL-RISDEVEAU-000001,ING-FUNGUS-TRUFFENOIRE-000001,classic,0.82,CORPUS_ESCOFFIER_1907,"relevé dans 31 recettes du Guide culinaire d'Escoffier (1907, domaine public), lift 4,7"
CP-0491,ING-PLANT-PERSIL-000001,ING-PLANT-POMMEDETERRE-000001,classic,0.63,CORPUS_ESCOFFIER_1907,"relevé dans 31 recettes du Guide culinaire d'Escoffier (1907, domaine public), lift 1,6"
CP-0492,ING-ANIMAL-JAUNEDUF-000001,ING-TECH-FARINEDEBLTE-000001,classic,0.80,CORPUS_ESCOFFIER_1907,"relevé dans 30 recettes du Guide culinaire d'Escoffier (1907, domaine public), lift 4,2"
CP-0493,ING-PLANT-AIL-000001,ING-TECH-HUILEDOLIVE-000001,classic,0.89,CORPUS_ESCOFFIER_1907,"relevé dans 30 recettes du Guide culinaire d'Escoffier (1907, domaine public), lift 7,0"
CP-0494,ING-TECH-SELFIN-000001,ING-TECH-VINAIGREDEVI-000001,classic,0.77,CORPUS_ESCOFFIER_1907,"relevé dans 30 recettes du Guide culinaire d'Escoffier (1907, domaine public), lift 3,6"
CP-0495,ING-ANIMAL-UFDEPOULE-000001,ING-PLANT-CERFEUIL-000001,classic,0.65,CORPUS_ESCOFFIER_1907,"relevé dans 30 recettes du Guide culinaire d'Escoffier (1907, domaine public), lift 1,7"
CP-0496,ING-PLANT-ABRICOT-000001,ING-TECH-SUCREBLANC-000001,classic,0.75,CORPUS_ESCOFFIER_1907,"relevé dans 29 recettes du Guide culinaire d'Escoffier (1907, domaine public), lift 3,2"
CP-0497,ING-PLANT-CLOUDEGIROFL-000001,ING-TECH-SELFIN-000001,classic,0.84,CORPUS_ESCOFFIER_1907,"relevé dans 29 recettes du Guide culinaire d'Escoffier (1907, domaine public), lift 5,3"
CP-0498,ING-PLANT-AIL-000001,ING-PLANT-POIVRENOIR-000001,classic,0.86,CORPUS_ESCOFFIER_1907,"relevé dans 29 recettes du Guide culinaire d'Escoffier (1907, domaine public), lift 6,1"
CP-0499,ING-FUNGUS-CHAMPIGNONDE-000001,ING-MARINE-CREVISSE-000001,classic,0.77,CORPUS_ESCOFFIER_1907,"relevé dans 29 recettes du Guide culinaire d'Escoffier (1907, domaine public), lift 3,5"
CP-0500,ING-ANIMAL-RISDEVEAU-000001,ING-ANIMAL-VEAUVIANDE-000001,classic,0.92,CORPUS_ESCOFFIER_1907,"relevé dans 29 recettes du Guide culinaire d'Escoffier (1907, domaine public), lift 9,8"
CP-0501,ING-PLANT-LAURIER-000001,ING-TECH-SELFIN-000001,classic,0.84,CORPUS_ESCOFFIER_1907,"relevé dans 29 recettes du Guide culinaire d'Escoffier (1907, domaine public), lift 5,4"
CP-0502,ING-ANIMAL-POULETVIANDE-000001,ING-PLANT-POISCUIT-000001,classic,0.65,CORPUS_ESCOFFIER_1907,"relevé dans 28 recettes du Guide culinaire d'Escoffier (1907, domaine public), lift 1,8"
CP-0503,ING-BEV-EAUDEVIEDEVI-000001,ING-TECH-SELFIN-000001,classic,0.72,CORPUS_ESCOFFIER_1907,"relevé dans 28 recettes du Guide culinaire d'Escoffier (1907, domaine public), lift 2,7"
CP-0504,ING-ANIMAL-JAUNEDUF-000001,ING-PLANT-POIVRENOIR-000001,classic,0.71,CORPUS_ESCOFFIER_1907,"relevé dans 28 recettes du Guide culinaire d'Escoffier (1907, domaine public), lift 2,5"
CP-0505,ING-PLANT-THYM-000001,ING-TECH-SELFIN-000001,classic,0.84,CORPUS_ESCOFFIER_1907,"relevé dans 28 recettes du Guide culinaire d'Escoffier (1907, domaine public), lift 5,3"
CP-0506,ING-ANIMAL-UFDEPOULE-000001,ING-PLANT-ESTRAGON-000001,classic,0.71,CORPUS_ESCOFFIER_1907,"relevé dans 27 recettes du Guide culinaire d'Escoffier (1907, domaine public), lift 2,6"
CP-0507,ING-PLANT-ESTRAGON-000001,ING-PLANT-PERSIL-000001,classic,0.82,CORPUS_ESCOFFIER_1907,"relevé dans 27 recettes du Guide culinaire d'Escoffier (1907, domaine public), lift 4,9"
CP-0508,ING-PLANT-CITRONJAUNE-000001,ING-TECH-SELFIN-000001,classic,0.66,CORPUS_ESCOFFIER_1907,"relevé dans 27 recettes du Guide culinaire d'Escoffier (1907, domaine public), lift 1,9"
CP-0509,ING-FUNGUS-TRUFFENOIRE-000001,ING-MARINE-HOMARD-000001,classic,0.68,CORPUS_ESCOFFIER_1907,"relevé dans 27 recettes du Guide culinaire d'Escoffier (1907, domaine public), lift 2,2"
CP-0510,ING-DAIRY-BEURREDOUX-000001,ING-MARINE-HUTRE-000001,classic,0.62,CORPUS_ESCOFFIER_1907,"relevé dans 27 recettes du Guide culinaire d'Escoffier (1907, domaine public), lift 1,5"
CP-0511,ING-PLANT-PERSIL-000001,ING-TECH-VINAIGREDEVI-000001,classic,0.80,CORPUS_ESCOFFIER_1907,"relevé dans 27 recettes du Guide culinaire d'Escoffier (1907, domaine public), lift 4,2"
CP-0512,ING-BEV-KIRSCH-000001,ING-PLANT-POMME-000001,classic,0.84,CORPUS_ESCOFFIER_1907,"relevé dans 26 recettes du Guide culinaire d'Escoffier (1907, domaine public), lift 5,3"
CP-0513,ING-PLANT-POIVRENOIR-000001,ING-TECH-FARINEDEBLTE-000001,classic,0.76,CORPUS_ESCOFFIER_1907,"relevé dans 26 recettes du Guide culinaire d'Escoffier (1907, domaine public), lift 3,4"
CP-0514,ING-ANIMAL-BUFVIANDE-000001,ING-ANIMAL-VEAUVIANDE-000001,classic,0.78,CORPUS_ESCOFFIER_1907,"relevé dans 26 recettes du Guide culinaire d'Escoffier (1907, domaine public), lift 3,9"
CP-0515,ING-ANIMAL-VEAUVIANDE-000001,ING-PLANT-POIVRENOIR-000001,classic,0.67,CORPUS_ESCOFFIER_1907,"relevé dans 26 recettes du Guide culinaire d'Escoffier (1907, domaine public), lift 2,0"
CP-0516,ING-ANIMAL-POULETVIANDE-000001,ING-PLANT-CERFEUIL-000001,classic,0.65,CORPUS_ESCOFFIER_1907,"relevé dans 26 recettes du Guide culinaire d'Escoffier (1907, domaine public), lift 1,8"
CP-0517,ING-PLANT-LAURIER-000001,ING-PLANT-POIVRENOIR-000001,classic,0.92,CORPUS_ESCOFFIER_1907,"relevé dans 26 recettes du Guide culinaire d'Escoffier (1907, domaine public), lift 8,6"
CP-0518,ING-DAIRY-CRMELIQUIDEE-000001,ING-PLANT-ABRICOT-000001,classic,0.63,CORPUS_ESCOFFIER_1907,"relevé dans 26 recettes du Guide culinaire d'Escoffier (1907, domaine public), lift 1,6"
CP-0519,ING-PLANT-LAURIER-000001,ING-PLANT-PERSIL-000001,classic,0.86,CORPUS_ESCOFFIER_1907,"relevé dans 25 recettes du Guide culinaire d'Escoffier (1907, domaine public), lift 5,9"
CP-0520,ING-PLANT-CAROTTE-000001,ING-PLANT-CLOUDEGIROFL-000001,classic,0.92,CORPUS_ESCOFFIER_1907,"relevé dans 25 recettes du Guide culinaire d'Escoffier (1907, domaine public), lift 10,9"
CP-0521,ING-PLANT-OIGNON-000001,ING-TECH-VINAIGREDEVI-000001,classic,0.79,CORPUS_ESCOFFIER_1907,"relevé dans 25 recettes du Guide culinaire d'Escoffier (1907, domaine public), lift 4,0"
CP-0522,ING-DAIRY-PARMIGIANORE-000001,ING-FUNGUS-TRUFFENOIRE-000001,classic,0.68,CORPUS_ESCOFFIER_1907,"relevé dans 25 recettes du Guide culinaire d'Escoffier (1907, domaine public), lift 2,1"
CP-0523,ING-BEV-EAUDEVIEDEVI-000001,ING-FUNGUS-TRUFFENOIRE-000001,classic,0.65,CORPUS_ESCOFFIER_1907,"relevé dans 25 recettes du Guide culinaire d'Escoffier (1907, domaine public), lift 1,8"
CP-0524,ING-PLANT-PIMENTDECAYE-000001,ING-TECH-SELFIN-000001,classic,0.76,CORPUS_ESCOFFIER_1907,"relevé dans 25 recettes du Guide culinaire d'Escoffier (1907, domaine public), lift 3,4"
CP-0525,ING-PLANT-POIVRENOIR-000001,ING-TECH-VINAIGREDEVI-000001,classic,0.84,CORPUS_ESCOFFIER_1907,"relevé dans 25 recettes du Guide culinaire d'Escoffier (1907, domaine public), lift 5,4"
CP-0526,ING-DAIRY-CRMELIQUIDEE-000001,ING-PLANT-AMANDE-000001,classic,0.71,CORPUS_ESCOFFIER_1907,"relevé dans 25 recettes du Guide culinaire d'Escoffier (1907, domaine public), lift 2,5"
CP-0527,ING-BEV-VINBLANCSEC-000001,ING-MARINE-SOLE-000001,classic,0.79,CORPUS_ESCOFFIER_1907,"relevé dans 25 recettes du Guide culinaire d'Escoffier (1907, domaine public), lift 3,9"
CP-0528,ING-ANIMAL-POULETVIANDE-000001,ING-BEV-MADRE-000001,classic,0.67,CORPUS_ESCOFFIER_1907,"relevé dans 25 recettes du Guide culinaire d'Escoffier (1907, domaine public), lift 2,0"
CP-0529,ING-BEV-JUSDECITRON-000001,ING-PLANT-POIVRENOIR-000001,classic,0.76,CORPUS_ESCOFFIER_1907,"relevé dans 24 recettes du Guide culinaire d'Escoffier (1907, domaine public), lift 3,4"
CP-0530,ING-PLANT-AMANDE-000001,ING-PLANT-VANILLEGOUSS-000001,classic,0.86,CORPUS_ESCOFFIER_1907,"relevé dans 24 recettes du Guide culinaire d'Escoffier (1907, domaine public), lift 6,0"
CP-0531,ING-FUNGUS-CHAMPIGNONDE-000001,ING-PLANT-POIVRENOIR-000001,classic,0.63,CORPUS_ESCOFFIER_1907,"relevé dans 24 recettes du Guide culinaire d'Escoffier (1907, domaine public), lift 1,6"
CP-0532,ING-PLANT-POIVRENOIR-000001,ING-PLANT-THYM-000001,classic,0.91,CORPUS_ESCOFFIER_1907,"relevé dans 24 recettes du Guide culinaire d'Escoffier (1907, domaine public), lift 8,1"
CP-0533,ING-PLANT-CURRYENPOUDR-000001,ING-PLANT-RIZ-000001,classic,0.92,CORPUS_ESCOFFIER_1907,"relevé dans 24 recettes du Guide culinaire d'Escoffier (1907, domaine public), lift 10,9"
CP-0534,ING-ANIMAL-PORCVIANDE-000001,ING-TECH-SELFIN-000001,classic,0.72,CORPUS_ESCOFFIER_1907,"relevé dans 23 recettes du Guide culinaire d'Escoffier (1907, domaine public), lift 2,7"
CP-0535,ING-MARINE-SOLE-000001,ING-PLANT-PERSIL-000001,classic,0.66,CORPUS_ESCOFFIER_1907,"relevé dans 23 recettes du Guide culinaire d'Escoffier (1907, domaine public), lift 1,9"
CP-0536,ING-PLANT-CERFEUIL-000001,ING-TECH-SELFIN-000001,classic,0.67,CORPUS_ESCOFFIER_1907,"relevé dans 23 recettes du Guide culinaire d'Escoffier (1907, domaine public), lift 2,0"
CP-0537,ING-PLANT-ABRICOT-000001,ING-PLANT-POMME-000001,classic,0.85,CORPUS_ESCOFFIER_1907,"relevé dans 23 recettes du Guide culinaire d'Escoffier (1907, domaine public), lift 5,8"
CP-0538,ING-DAIRY-LAITENTIER-000001,ING-PLANT-AMANDE-000001,classic,0.90,CORPUS_ESCOFFIER_1907,"relevé dans 23 recettes du Guide culinaire d'Escoffier (1907, domaine public), lift 7,6"
CP-0539,ING-ANIMAL-VEAUVIANDE-000001,ING-PLANT-CAROTTE-000001,classic,0.70,CORPUS_ESCOFFIER_1907,"relevé dans 23 recettes du Guide culinaire d'Escoffier (1907, domaine public), lift 2,4"
CP-0540,ING-BEV-JUSDECITRON-000001,ING-PLANT-CITRONJAUNE-000001,classic,0.82,CORPUS_ESCOFFIER_1907,"relevé dans 23 recettes du Guide culinaire d'Escoffier (1907, domaine public), lift 4,8"
CP-0541,ING-ANIMAL-PORCVIANDE-000001,ING-ANIMAL-VEAUVIANDE-000001,classic,0.81,CORPUS_ESCOFFIER_1907,"relevé dans 23 recettes du Guide culinaire d'Escoffier (1907, domaine public), lift 4,5"
CP-0542,ING-ANIMAL-POULETVIANDE-000001,ING-MARINE-CREVISSE-000001,classic,0.63,CORPUS_ESCOFFIER_1907,"relevé dans 23 recettes du Guide culinaire d'Escoffier (1907, domaine public), lift 1,6"
CP-0543,ING-FUNGUS-CHAMPIGNONDE-000001,ING-TECH-HUILEDOLIVE-000001,classic,0.64,CORPUS_ESCOFFIER_1907,"relevé dans 23 recettes du Guide culinaire d'Escoffier (1907, domaine public), lift 1,7"
CP-0544,ING-PLANT-CERFEUIL-000001,ING-PLANT-POISCUIT-000001,classic,0.86,CORPUS_ESCOFFIER_1907,"relevé dans 23 recettes du Guide culinaire d'Escoffier (1907, domaine public), lift 5,8"
CP-0545,ING-PLANT-CAROTTE-000001,ING-PLANT-POMMEDETERRE-000001,classic,0.69,CORPUS_ESCOFFIER_1907,"relevé dans 23 recettes du Guide culinaire d'Escoffier (1907, domaine public), lift 2,2"
CP-0546,ING-ANIMAL-PORCVIANDE-000001,ING-PLANT-OIGNON-000001,classic,0.77,CORPUS_ESCOFFIER_1907,"relevé dans 23 recettes du Guide culinaire d'Escoffier (1907, domaine public), lift 3,6"
CP-0547,ING-PLANT-NAVET-000001,ING-PLANT-OIGNON-000001,classic,0.80,CORPUS_ESCOFFIER_1907,"relevé dans 23 recettes du Guide culinaire d'Escoffier (1907, domaine public), lift 4,3"
CP-0548,ING-DAIRY-CRMELIQUIDEE-000001,ING-PLANT-PCHE-000001,classic,0.71,CORPUS_ESCOFFIER_1907,"relevé dans 22 recettes du Guide culinaire d'Escoffier (1907, domaine public), lift 2,6"
CP-0549,ING-DAIRY-BEURREDOUX-000001,ING-MARINE-CREVETTE-000001,classic,0.64,CORPUS_ESCOFFIER_1907,"relevé dans 22 recettes du Guide culinaire d'Escoffier (1907, domaine public), lift 1,7"
CP-0550,ING-ANIMAL-FAISANVIANDE-000001,ING-FUNGUS-TRUFFENOIRE-000001,classic,0.73,CORPUS_ESCOFFIER_1907,"relevé dans 22 recettes du Guide culinaire d'Escoffier (1907, domaine public), lift 2,8"
CP-0551,ING-FERMENT-OLIVENOIREEN-000001,ING-FUNGUS-TRUFFENOIRE-000001,classic,0.66,CORPUS_ESCOFFIER_1907,"relevé dans 22 recettes du Guide culinaire d'Escoffier (1907, domaine public), lift 1,9"
CP-0552,ING-BEV-VINBLANCSEC-000001,ING-MARINE-CREVISSE-000001,classic,0.81,CORPUS_ESCOFFIER_1907,"relevé dans 22 recettes du Guide culinaire d'Escoffier (1907, domaine public), lift 4,6"
CP-0553,ING-ANIMAL-VEAUVIANDE-000001,ING-BEV-MADRE-000001,classic,0.78,CORPUS_ESCOFFIER_1907,"relevé dans 22 recettes du Guide culinaire d'Escoffier (1907, domaine public), lift 3,7"
CP-0554,ING-PLANT-LAITUE-000001,ING-PLANT-POISCUIT-000001,classic,0.92,CORPUS_ESCOFFIER_1907,"relevé dans 22 recettes du Guide culinaire d'Escoffier (1907, domaine public), lift 11,2"
CP-0555,ING-PLANT-POIVRENOIR-000001,ING-PLANT-TOMATE-000001,classic,0.64,CORPUS_ESCOFFIER_1907,"relevé dans 21 recettes du Guide culinaire d'Escoffier (1907, domaine public), lift 1,6"
CP-0556,ING-PLANT-VANILLEGOUSS-000001,ING-TECH-CHOCOLATNOIR-000001,classic,0.92,CORPUS_ESCOFFIER_1907,"relevé dans 21 recettes du Guide culinaire d'Escoffier (1907, domaine public), lift 10,0"
CP-0557,ING-BEV-KIRSCH-000001,ING-PLANT-ANANAS-000001,classic,0.92,CORPUS_ESCOFFIER_1907,"relevé dans 21 recettes du Guide culinaire d'Escoffier (1907, domaine public), lift 10,7"
CP-0558,ING-ANIMAL-POULETVIANDE-000001,ING-FERMENT-OLIVENOIREEN-000001,classic,0.67,CORPUS_ESCOFFIER_1907,"relevé dans 21 recettes du Guide culinaire d'Escoffier (1907, domaine public), lift 2,0"
CP-0559,ING-DAIRY-BEURREDOUX-000001,ING-PLANT-NOIX-000001,classic,0.64,CORPUS_ESCOFFIER_1907,"relevé dans 21 recettes du Guide culinaire d'Escoffier (1907, domaine public), lift 1,7"
CP-0560,ING-PLANT-CAROTTE-000001,ING-PLANT-THYM-000001,classic,0.92,CORPUS_ESCOFFIER_1907,"relevé dans 21 recettes du Guide culinaire d'Escoffier (1907, domaine public), lift 9,5"
CP-0561,ING-BEV-VINBLANCSEC-000001,ING-PLANT-TOMATE-000001,classic,0.69,CORPUS_ESCOFFIER_1907,"relevé dans 21 recettes du Guide culinaire d'Escoffier (1907, domaine public), lift 2,2"
CP-0562,ING-DAIRY-CRMELIQUIDEE-000001,ING-PLANT-CERISE-000001,classic,0.68,CORPUS_ESCOFFIER_1907,"relevé dans 21 recettes du Guide culinaire d'Escoffier (1907, domaine public), lift 2,1"
CP-0563,ING-PLANT-OIGNON-000001,ING-PLANT-POIREAU-000001,classic,0.90,CORPUS_ESCOFFIER_1907,"relevé dans 21 recettes du Guide culinaire d'Escoffier (1907, domaine public), lift 7,5"
CP-0564,ING-PLANT-NAVET-000001,ING-PLANT-POMMEDETERRE-000001,classic,0.81,CORPUS_ESCOFFIER_1907,"relevé dans 21 recettes du Guide culinaire d'Escoffier (1907, domaine public), lift 4,5"
CP-0565,ING-ANIMAL-VEAUVIANDE-000001,ING-BEV-EAUDEVIEDEVI-000001,classic,0.76,CORPUS_ESCOFFIER_1907,"relevé dans 21 recettes du Guide culinaire d'Escoffier (1907, domaine public), lift 3,3"
CP-0566,ING-ANIMAL-POULETVIANDE-000001,ING-PLANT-CLERIBRANCHE-000001,classic,0.66,CORPUS_ESCOFFIER_1907,"relevé dans 21 recettes du Guide culinaire d'Escoffier (1907, domaine public), lift 1,9"
CP-0567,ING-PLANT-CAROTTE-000001,ING-PLANT-POIREAU-000001,classic,0.92,CORPUS_ESCOFFIER_1907,"relevé dans 21 recettes du Guide culinaire d'Escoffier (1907, domaine public), lift 13,6"
CP-0568,ING-PLANT-AMANDE-000001,ING-TECH-SUCREBLANC-000001,classic,0.78,CORPUS_ESCOFFIER_1907,"relevé dans 21 recettes du Guide culinaire d'Escoffier (1907, domaine public), lift 3,7"
CP-0569,ING-DAIRY-LAITENTIER-000001,ING-PLANT-POMMEDETERRE-000001,classic,0.66,CORPUS_ESCOFFIER_1907,"relevé dans 21 recettes du Guide culinaire d'Escoffier (1907, domaine public), lift 1,9"
CP-0570,ING-ANIMAL-UFDEPOULE-000001,ING-MARINE-ANCHOIS-000001,classic,0.69,CORPUS_ESCOFFIER_1907,"relevé dans 20 recettes du Guide culinaire d'Escoffier (1907, domaine public), lift 2,2"
CP-0571,ING-PLANT-CAROTTE-000001,ING-TECH-SUCREBLANC-000001,classic,0.63,CORPUS_ESCOFFIER_1907,"relevé dans 20 recettes du Guide culinaire d'Escoffier (1907, domaine public), lift 1,6"
CP-0572,ING-PLANT-OIGNON-000001,ING-PLANT-POISCUIT-000001,classic,0.68,CORPUS_ESCOFFIER_1907,"relevé dans 20 recettes du Guide culinaire d'Escoffier (1907, domaine public), lift 2,1"
CP-0573,ING-BEV-JUSDECITRON-000001,ING-TECH-HUILEDOLIVE-000001,classic,0.75,CORPUS_ESCOFFIER_1907,"relevé dans 20 recettes du Guide culinaire d'Escoffier (1907, domaine public), lift 3,1"
CP-0574,ING-ANIMAL-MOUTONVIANDE-000001,ING-PLANT-OIGNON-000001,classic,0.78,CORPUS_ESCOFFIER_1907,"relevé dans 20 recettes du Guide culinaire d'Escoffier (1907, domaine public), lift 3,8"
CP-0575,ING-PLANT-OIGNON-000001,ING-TECH-FARINEDEBLTE-000001,classic,0.66,CORPUS_ESCOFFIER_1907,"relevé dans 20 recettes du Guide culinaire d'Escoffier (1907, domaine public), lift 1,9"
CP-0576,ING-PLANT-GROSEILLE-000001,ING-PLANT-VANILLEGOUSS-000001,classic,0.83,CORPUS_ESCOFFIER_1907,"relevé dans 20 recettes du Guide culinaire d'Escoffier (1907, domaine public), lift 5,1"
CP-0577,ING-DAIRY-CRMELIQUIDEE-000001,ING-PLANT-GROSEILLE-000001,classic,0.67,CORPUS_ESCOFFIER_1907,"relevé dans 20 recettes du Guide culinaire d'Escoffier (1907, domaine public), lift 2,0"
CP-0578,ING-BEV-KIRSCH-000001,ING-PLANT-PCHE-000001,classic,0.92,CORPUS_ESCOFFIER_1907,"relevé dans 20 recettes du Guide culinaire d'Escoffier (1907, domaine public), lift 9,4"
CP-0579,ING-BEV-JUSDECITRON-000001,ING-MARINE-SOLE-000001,classic,0.77,CORPUS_ESCOFFIER_1907,"relevé dans 19 recettes du Guide culinaire d'Escoffier (1907, domaine public), lift 3,7"
CP-0580,ING-ANIMAL-UFDEPOULE-000001,ING-TECH-VINAIGREDEVI-000001,classic,0.63,CORPUS_ESCOFFIER_1907,"relevé dans 19 recettes du Guide culinaire d'Escoffier (1907, domaine public), lift 1,6"
CP-0581,ING-PLANT-RAISINSEC-000001,ING-TECH-SUCREBLANC-000001,classic,0.80,CORPUS_ESCOFFIER_1907,"relevé dans 19 recettes du Guide culinaire d'Escoffier (1907, domaine public), lift 4,3"
CP-0582,ING-PLANT-CLOUDEGIROFL-000001,ING-PLANT-POIVRENOIR-000001,classic,0.86,CORPUS_ESCOFFIER_1907,"relevé dans 19 recettes du Guide culinaire d'Escoffier (1907, domaine public), lift 6,1"
CP-0583,ING-PLANT-ANANAS-000001,ING-PLANT-VANILLEGOUSS-000001,classic,0.86,CORPUS_ESCOFFIER_1907,"relevé dans 19 recettes du Guide culinaire d'Escoffier (1907, domaine public), lift 6,0"
CP-0584,ING-FERMENT-OLIVENOIREEN-000001,ING-PLANT-CAROTTE-000001,classic,0.84,CORPUS_ESCOFFIER_1907,"relevé dans 19 recettes du Guide culinaire d'Escoffier (1907, domaine public), lift 5,5"
CP-0585,ING-PLANT-CAROTTE-000001,ING-PLANT-POIVRENOIR-000001,classic,0.68,CORPUS_ESCOFFIER_1907,"relevé dans 19 recettes du Guide culinaire d'Escoffier (1907, domaine public), lift 2,2"
CP-0586,ING-PLANT-CHALOTE-000001,ING-PLANT-POIVRENOIR-000001,classic,0.83,CORPUS_ESCOFFIER_1907,"relevé dans 19 recettes du Guide culinaire d'Escoffier (1907, domaine public), lift 5,2"
CP-0587,ING-PLANT-POMMEDETERRE-000001,ING-TECH-HUILEDOLIVE-000001,classic,0.62,CORPUS_ESCOFFIER_1907,"relevé dans 19 recettes du Guide culinaire d'Escoffier (1907, domaine public), lift 1,5"
CP-0588,ING-PLANT-FRAMBOISE-000001,ING-PLANT-GROSEILLE-000001,classic,0.92,CORPUS_ESCOFFIER_1907,"relevé dans 19 recettes du Guide culinaire d'Escoffier (1907, domaine public), lift 18,8"
CP-0589,ING-PLANT-CHALOTE-000001,ING-TECH-SELFIN-000001,classic,0.73,CORPUS_ESCOFFIER_1907,"relevé dans 19 recettes du Guide culinaire d'Escoffier (1907, domaine public), lift 2,9"
CP-0590,ING-DAIRY-CRMELIQUIDEE-000001,ING-PLANT-FRAMBOISE-000001,classic,0.70,CORPUS_ESCOFFIER_1907,"relevé dans 19 recettes du Guide culinaire d'Escoffier (1907, domaine public), lift 2,3"
CP-0591,ING-PLANT-CAROTTE-000001,ING-PLANT-LAURIER-000001,classic,0.92,CORPUS_ESCOFFIER_1907,"relevé dans 19 recettes du Guide culinaire d'Escoffier (1907, domaine public), lift 8,4"
CP-0592,ING-BEV-RHUMBLANC-000001,ING-TECH-SUCREBLANC-000001,classic,0.82,CORPUS_ESCOFFIER_1907,"relevé dans 19 recettes du Guide culinaire d'Escoffier (1907, domaine public), lift 4,7"
CP-0593,ING-ANIMAL-JAUNEDUF-000001,ING-PLANT-MUSCADE-000001,classic,0.86,CORPUS_ESCOFFIER_1907,"relevé dans 19 recettes du Guide culinaire d'Escoffier (1907, domaine public), lift 5,9"
CP-0594,ING-FERMENT-OLIVENOIREEN-000001,ING-FUNGUS-CHAMPIGNONDE-000001,classic,0.75,CORPUS_ESCOFFIER_1907,"relevé dans 19 recettes du Guide culinaire d'Escoffier (1907, domaine public), lift 3,2"
CP-0595,ING-ANIMAL-SAINDOUX-000001,ING-PLANT-OIGNON-000001,classic,0.78,CORPUS_ESCOFFIER_1907,"relevé dans 19 recettes du Guide culinaire d'Escoffier (1907, domaine public), lift 3,7"
CP-0596,ING-BEV-JUSDECITRON-000001,ING-BEV-VINBLANCSEC-000001,classic,0.77,CORPUS_ESCOFFIER_1907,"relevé dans 19 recettes du Guide culinaire d'Escoffier (1907, domaine public), lift 3,6"
CP-0597,ING-PLANT-CLERIBRANCHE-000001,ING-TECH-SELFIN-000001,classic,0.68,CORPUS_ESCOFFIER_1907,"relevé dans 19 recettes du Guide culinaire d'Escoffier (1907, domaine public), lift 2,2"
CP-0598,ING-BEV-VINBLANCSEC-000001,ING-TECH-HUILEDOLIVE-000001,classic,0.70,CORPUS_ESCOFFIER_1907,"relevé dans 19 recettes du Guide culinaire d'Escoffier (1907, domaine public), lift 2,4"
CP-0599,ING-FERMENT-OLIVENOIREEN-000001,ING-PLANT-OIGNON-000001,classic,0.73,CORPUS_ESCOFFIER_1907,"relevé dans 18 recettes du Guide culinaire d'Escoffier (1907, domaine public), lift 2,9"
CP-0600,ING-FERMENT-OLIVENOIREEN-000001,ING-PLANT-POMMEDETERRE-000001,classic,0.76,CORPUS_ESCOFFIER_1907,"relevé dans 18 recettes du Guide culinaire d'Escoffier (1907, domaine public), lift 3,3"
CP-0601,ING-PLANT-FRAISE-000001,ING-PLANT-POMME-000001,classic,0.83,CORPUS_ESCOFFIER_1907,"relevé dans 18 recettes du Guide culinaire d'Escoffier (1907, domaine public), lift 5,1"
CP-0602,ING-PLANT-CERFEUIL-000001,ING-TECH-VINAIGREDEVI-000001,classic,0.89,CORPUS_ESCOFFIER_1907,"relevé dans 18 recettes du Guide culinaire d'Escoffier (1907, domaine public), lift 7,0"
CP-0603,ING-DAIRY-BEURREDOUX-000001,ING-FUNGUS-MORILLE-000001,classic,0.70,CORPUS_ESCOFFIER_1907,"relevé dans 18 recettes du Guide culinaire d'Escoffier (1907, domaine public), lift 2,3"
CP-0604,ING-ANIMAL-UFDEPOULE-000001,ING-MARINE-SAUMON-000001,classic,0.66,CORPUS_ESCOFFIER_1907,"relevé dans 18 recettes du Guide culinaire d'Escoffier (1907, domaine public), lift 1,9"
CP-0605,ING-PLANT-GROSEILLE-000001,ING-TECH-SUCREBLANC-000001,classic,0.75,CORPUS_ESCOFFIER_1907,"relevé dans 18 recettes du Guide culinaire d'Escoffier (1907, domaine public), lift 3,2"
CP-0606,ING-BEV-VINBLANCSEC-000001,ING-PLANT-POIVRENOIR-000001,classic,0.68,CORPUS_ESCOFFIER_1907,"relevé dans 18 recettes du Guide culinaire d'Escoffier (1907, domaine public), lift 2,1"
CP-0607,ING-PLANT-ANANAS-000001,ING-PLANT-FRAISE-000001,classic,0.92,CORPUS_ESCOFFIER_1907,"relevé dans 18 recettes du Guide culinaire d'Escoffier (1907, domaine public), lift 12,8"
CP-0608,ING-PLANT-ABRICOT-000001,ING-PLANT-RIZ-000001,classic,0.75,CORPUS_ESCOFFIER_1907,"relevé dans 18 recettes du Guide culinaire d'Escoffier (1907, domaine public), lift 3,1"
CP-0609,ING-ANIMAL-POULETVIANDE-000001,ING-PLANT-NAVET-000001,classic,0.67,CORPUS_ESCOFFIER_1907,"relevé dans 18 recettes du Guide culinaire d'Escoffier (1907, domaine public), lift 2,0"
CP-0610,ING-ANIMAL-BUFVIANDE-000001,ING-PLANT-PERSIL-000001,classic,0.68,CORPUS_ESCOFFIER_1907,"relevé dans 18 recettes du Guide culinaire d'Escoffier (1907, domaine public), lift 2,1"
CP-0611,ING-PLANT-FRAISE-000001,ING-PLANT-FRAMBOISE-000001,classic,0.92,CORPUS_ESCOFFIER_1907,"relevé dans 18 recettes du Guide culinaire d'Escoffier (1907, domaine public), lift 12,3"
CP-0612,ING-MARINE-CREVISSE-000001,ING-MARINE-SOLE-000001,classic,0.78,CORPUS_ESCOFFIER_1907,"relevé dans 18 recettes du Guide culinaire d'Escoffier (1907, domaine public), lift 3,8"
CP-0613,ING-BEV-EAUDEVIEDEVI-000001,ING-PLANT-POIVRENOIR-000001,classic,0.75,CORPUS_ESCOFFIER_1907,"relevé dans 18 recettes du Guide culinaire d'Escoffier (1907, domaine public), lift 3,1"
CP-0614,ING-PLANT-GROSEILLE-000001,ING-PLANT-RAISINSEC-000001,classic,0.92,CORPUS_ESCOFFIER_1907,"relevé dans 17 recettes du Guide culinaire d'Escoffier (1907, domaine public), lift 17,5"
CP-0615,ING-PLANT-AIL-000001,ING-PLANT-CAROTTE-000001,classic,0.82,CORPUS_ESCOFFIER_1907,"relevé dans 17 recettes du Guide culinaire d'Escoffier (1907, domaine public), lift 4,8"
CP-0616,ING-PLANT-CERFEUIL-000001,ING-PLANT-POMMEDETERRE-000001,classic,0.69,CORPUS_ESCOFFIER_1907,"relevé dans 17 recettes du Guide culinaire d'Escoffier (1907, domaine public), lift 2,2"
CP-0617,ING-PLANT-POISCUIT-000001,ING-PLANT-POMMEDETERRE-000001,classic,0.67,CORPUS_ESCOFFIER_1907,"relevé dans 17 recettes du Guide culinaire d'Escoffier (1907, domaine public), lift 2,0"
CP-0618,ING-DAIRY-GRUYRE-000001,ING-DAIRY-PARMIGIANORE-000001,classic,0.92,CORPUS_ESCOFFIER_1907,"relevé dans 17 recettes du Guide culinaire d'Escoffier (1907, domaine public), lift 25,2"
CP-0619,ING-MARINE-HOMARD-000001,ING-MARINE-SOLE-000001,classic,0.81,CORPUS_ESCOFFIER_1907,"relevé dans 17 recettes du Guide culinaire d'Escoffier (1907, domaine public), lift 4,5"
CP-0620,ING-MARINE-ANCHOIS-000001,ING-TECH-HUILEDOLIVE-000001,classic,0.85,CORPUS_ESCOFFIER_1907,"relevé dans 17 recettes du Guide culinaire d'Escoffier (1907, domaine public), lift 5,5"
CP-0621,ING-PLANT-CERFEUIL-000001,ING-TECH-HUILEDOLIVE-000001,classic,0.73,CORPUS_ESCOFFIER_1907,"relevé dans 17 recettes du Guide culinaire d'Escoffier (1907, domaine public), lift 2,9"
CP-0622,ING-PLANT-POISCUIT-000001,ING-TECH-SUCREBLANC-000001,classic,0.63,CORPUS_ESCOFFIER_1907,"relevé dans 17 recettes du Guide culinaire d'Escoffier (1907, domaine public), lift 1,6"
CP-0623,ING-PLANT-ABRICOT-000001,ING-PLANT-RAISINSEC-000001,classic,0.92,CORPUS_ESCOFFIER_1907,"relevé dans 17 recettes du Guide culinaire d'Escoffier (1907, domaine public), lift 10,7"
CP-0624,ING-PLANT-FRAMBOISE-000001,ING-PLANT-VANILLEGOUSS-000001,classic,0.83,CORPUS_ESCOFFIER_1907,"relevé dans 17 recettes du Guide culinaire d'Escoffier (1907, domaine public), lift 5,2"
CP-0625,ING-ANIMAL-UFDEPOULE-000001,ING-PLANT-PIMENTDECAYE-000001,classic,0.63,CORPUS_ESCOFFIER_1907,"relevé dans 17 recettes du Guide culinaire d'Escoffier (1907, domaine public), lift 1,6"
CP-0626,ING-BEV-KIRSCH-000001,ING-PLANT-ORANGE-000001,classic,0.80,CORPUS_ESCOFFIER_1907,"relevé dans 17 recettes du Guide culinaire d'Escoffier (1907, domaine public), lift 4,2"
CP-0627,ING-PLANT-POMME-000001,ING-PLANT-RAISINSEC-000001,classic,0.92,CORPUS_ESCOFFIER_1907,"relevé dans 17 recettes du Guide culinaire d'Escoffier (1907, domaine public), lift 8,7"
CP-0628,ING-FUNGUS-TRUFFENOIRE-000001,ING-MARINE-HUTRE-000001,classic,0.69,CORPUS_ESCOFFIER_1907,"relevé dans 16 recettes du Guide culinaire d'Escoffier (1907, domaine public), lift 2,3"
CP-0629,ING-BEV-VINBLANCSEC-000001,ING-PLANT-CITRONJAUNE-000001,classic,0.72,CORPUS_ESCOFFIER_1907,"relevé dans 16 recettes du Guide culinaire d'Escoffier (1907, domaine public), lift 2,7"
CP-0630,ING-MARINE-CREVETTE-000001,ING-MARINE-CREVISSE-000001,classic,0.92,CORPUS_ESCOFFIER_1907,"relevé dans 16 recettes du Guide culinaire d'Escoffier (1907, domaine public), lift 13,5"
CP-0631,ING-BEV-RHUMBLANC-000001,ING-PLANT-VANILLEGOUSS-000001,classic,0.85,CORPUS_ESCOFFIER_1907,"relevé dans 16 recettes du Guide culinaire d'Escoffier (1907, domaine public), lift 5,5"
CP-0632,ING-MARINE-CREVISSE-000001,ING-MARINE-HOMARD-000001,classic,0.85,CORPUS_ESCOFFIER_1907,"relevé dans 16 recettes du Guide culinaire d'Escoffier (1907, domaine public), lift 5,7"
CP-0633,ING-BEV-RHUMBLANC-000001,ING-PLANT-ORANGE-000001,classic,0.92,CORPUS_ESCOFFIER_1907,"relevé dans 16 recettes du Guide culinaire d'Escoffier (1907, domaine public), lift 10,9"
CP-0634,ING-ANIMAL-UFDEPOULE-000001,ING-PLANT-AMANDE-000001,classic,0.63,CORPUS_ESCOFFIER_1907,"relevé dans 16 recettes du Guide culinaire d'Escoffier (1907, domaine public), lift 1,6"
CP-0635,ING-PLANT-CAROTTE-000001,ING-PLANT-CERFEUIL-000001,classic,0.76,CORPUS_ESCOFFIER_1907,"relevé dans 16 recettes du Guide culinaire d'Escoffier (1907, domaine public), lift 3,3"
CP-0636,ING-PLANT-CITRONJAUNE-000001,ING-TECH-FARINEDEBLTE-000001,classic,0.75,CORPUS_ESCOFFIER_1907,"relevé dans 16 recettes du Guide culinaire d'Escoffier (1907, domaine public), lift 3,1"
CP-0637,ING-PLANT-POIREAU-000001,ING-TECH-SELFIN-000001,classic,0.80,CORPUS_ESCOFFIER_1907,"relevé dans 16 recettes du Guide culinaire d'Escoffier (1907, domaine public), lift 4,3"
CP-0638,ING-BEV-KIRSCH-000001,ING-PLANT-FRAMBOISE-000001,classic,0.91,CORPUS_ESCOFFIER_1907,"relevé dans 16 recettes du Guide culinaire d'Escoffier (1907, domaine public), lift 7,8"
CP-0639,ING-PLANT-PERSIL-000001,ING-TECH-FARINEDEBLTE-000001,classic,0.62,CORPUS_ESCOFFIER_1907,"relevé dans 16 recettes du Guide culinaire d'Escoffier (1907, domaine public), lift 1,5"
CP-0640,ING-BEV-MADRE-000001,ING-TECH-SELFIN-000001,classic,0.64,CORPUS_ESCOFFIER_1907,"relevé dans 16 recettes du Guide culinaire d'Escoffier (1907, domaine public), lift 1,6"
CP-0641,ING-PLANT-ABRICOT-000001,ING-PLANT-PCHE-000001,classic,0.92,CORPUS_ESCOFFIER_1907,"relevé dans 16 recettes du Guide culinaire d'Escoffier (1907, domaine public), lift 9,3"
CP-0642,ING-BEV-MADRE-000001,ING-FUNGUS-CHAMPIGNONDE-000001,classic,0.70,CORPUS_ESCOFFIER_1907,"relevé dans 16 recettes du Guide culinaire d'Escoffier (1907, domaine public), lift 2,3"
CP-0643,ING-PLANT-CERISE-000001,ING-PLANT-GROSEILLE-000001,classic,0.92,CORPUS_ESCOFFIER_1907,"relevé dans 16 recettes du Guide culinaire d'Escoffier (1907, domaine public), lift 13,2"
CP-0644,ING-ANIMAL-JAUNEDUF-000001,ING-TECH-HUILEDOLIVE-000001,classic,0.63,CORPUS_ESCOFFIER_1907,"relevé dans 16 recettes du Guide culinaire d'Escoffier (1907, domaine public), lift 1,6"
CP-0645,ING-ANIMAL-PORCVIANDE-000001,ING-PLANT-POIVRENOIR-000001,classic,0.76,CORPUS_ESCOFFIER_1907,"relevé dans 16 recettes du Guide culinaire d'Escoffier (1907, domaine public), lift 3,4"
CP-0646,ING-PLANT-CERFEUIL-000001,ING-PLANT-OIGNON-000001,classic,0.65,CORPUS_ESCOFFIER_1907,"relevé dans 16 recettes du Guide culinaire d'Escoffier (1907, domaine public), lift 1,8"
CP-0647,ING-PLANT-AUBERGINE-000001,ING-TECH-HUILEDOLIVE-000001,classic,0.92,CORPUS_ESCOFFIER_1907,"relevé dans 16 recettes du Guide culinaire d'Escoffier (1907, domaine public), lift 11,8"
CP-0648,ING-PLANT-NAVET-000001,ING-TECH-SELFIN-000001,classic,0.69,CORPUS_ESCOFFIER_1907,"relevé dans 16 recettes du Guide culinaire d'Escoffier (1907, domaine public), lift 2,3"
CP-0649,ING-PLANT-CITRONJAUNE-000001,ING-PLANT-POIVRENOIR-000001,classic,0.67,CORPUS_ESCOFFIER_1907,"relevé dans 16 recettes du Guide culinaire d'Escoffier (1907, domaine public), lift 2,0"
CP-0650,ING-ANIMAL-SAINDOUX-000001,ING-FUNGUS-TRUFFENOIRE-000001,classic,0.64,CORPUS_ESCOFFIER_1907,"relevé dans 16 recettes du Guide culinaire d'Escoffier (1907, domaine public), lift 1,7"
CP-0651,ING-PLANT-CAROTTE-000001,ING-PLANT-CHOUBLANC-000001,classic,0.92,CORPUS_ESCOFFIER_1907,"relevé dans 16 recettes du Guide culinaire d'Escoffier (1907, domaine public), lift 10,3"
CP-0652,ING-PLANT-CLERIBRANCHE-000001,ING-PLANT-NAVET-000001,classic,0.92,CORPUS_ESCOFFIER_1907,"relevé dans 15 recettes du Guide culinaire d'Escoffier (1907, domaine public), lift 9,0"
CP-0653,ING-ANIMAL-POULETVIANDE-000001,ING-ANIMAL-RISDEVEAU-000001,classic,0.71,CORPUS_ESCOFFIER_1907,"relevé dans 15 recettes du Guide culinaire d'Escoffier (1907, domaine public), lift 2,5"
CP-0654,ING-PLANT-FRAISE-000001,ING-PLANT-PCHE-000001,classic,0.92,CORPUS_ESCOFFIER_1907,"relevé dans 15 recettes du Guide culinaire d'Escoffier (1907, domaine public), lift 9,8"
CP-0655,ING-ANIMAL-CAILLEVIANDE-000001,ING-FUNGUS-TRUFFENOIRE-000001,classic,0.70,CORPUS_ESCOFFIER_1907,"relevé dans 15 recettes du Guide culinaire d'Escoffier (1907, domaine public), lift 2,4"
CP-0656,ING-BEV-VINBLANCSEC-000001,ING-PLANT-AIL-000001,classic,0.80,CORPUS_ESCOFFIER_1907,"relevé dans 15 recettes du Guide culinaire d'Escoffier (1907, domaine public), lift 4,3"
CP-0657,ING-PLANT-CLERIBRANCHE-000001,ING-PLANT-POIREAU-000001,classic,0.92,CORPUS_ESCOFFIER_1907,"relevé dans 15 recettes du Guide culinaire d'Escoffier (1907, domaine public), lift 17,3"
CP-0658,ING-ANIMAL-UFDEPOULE-000001,ING-COND-MOUTARDEDEDI-000001,classic,0.68,CORPUS_ESCOFFIER_1907,"relevé dans 15 recettes du Guide culinaire d'Escoffier (1907, domaine public), lift 2,1"
CP-0659,ING-BEV-KIRSCH-000001,ING-PLANT-GROSEILLE-000001,classic,0.86,CORPUS_ESCOFFIER_1907,"relevé dans 15 recettes du Guide culinaire d'Escoffier (1907, domaine public), lift 6,1"
CP-0660,ING-BEV-EAUDEVIEDEVI-000001,ING-PLANT-OIGNON-000001,classic,0.66,CORPUS_ESCOFFIER_1907,"relevé dans 15 recettes du Guide culinaire d'Escoffier (1907, domaine public), lift 1,9"
CP-0661,ING-PLANT-ESTRAGON-000001,ING-TECH-SELFIN-000001,classic,0.68,CORPUS_ESCOFFIER_1907,"relevé dans 15 recettes du Guide culinaire d'Escoffier (1907, domaine public), lift 2,1"
CP-0662,ING-PLANT-ORANGE-000001,ING-PLANT-VANILLEGOUSS-000001,classic,0.69,CORPUS_ESCOFFIER_1907,"relevé dans 15 recettes du Guide culinaire d'Escoffier (1907, domaine public), lift 2,3"
CP-0663,ING-MARINE-SAUMON-000001,ING-MARINE-TRUITE-000001,classic,0.92,CORPUS_ESCOFFIER_1907,"relevé dans 15 recettes du Guide culinaire d'Escoffier (1907, domaine public), lift 30,6"
CP-0664,ING-ANIMAL-VEAUVIANDE-000001,ING-BEV-VINBLANCSEC-000001,classic,0.63,CORPUS_ESCOFFIER_1907,"relevé dans 15 recettes du Guide culinaire d'Escoffier (1907, domaine public), lift 1,6"
CP-0665,ING-ANIMAL-POULETVIANDE-000001,ING-PLANT-LAITUE-000001,classic,0.67,CORPUS_ESCOFFIER_1907,"relevé dans 15 recettes du Guide culinaire d'Escoffier (1907, domaine public), lift 2,0"
CP-0666,ING-BEV-CHAMPAGNEBRU-000001,ING-FUNGUS-TRUFFENOIRE-000001,classic,0.73,CORPUS_ESCOFFIER_1907,"relevé dans 15 recettes du Guide culinaire d'Escoffier (1907, domaine public), lift 2,8"
CP-0667,ING-PLANT-CAROTTE-000001,ING-PLANT-RIZ-000001,classic,0.65,CORPUS_ESCOFFIER_1907,"relevé dans 15 recettes du Guide culinaire d'Escoffier (1907, domaine public), lift 1,8"
CP-0668,ING-DAIRY-CRMELIQUIDEE-000001,ING-PLANT-ANANAS-000001,classic,0.66,CORPUS_ESCOFFIER_1907,"relevé dans 15 recettes du Guide culinaire d'Escoffier (1907, domaine public), lift 1,9"
CP-0669,ING-DAIRY-LAITENTIER-000001,ING-PLANT-RIZ-000001,classic,0.64,CORPUS_ESCOFFIER_1907,"relevé dans 15 recettes du Guide culinaire d'Escoffier (1907, domaine public), lift 1,7"
CP-0670,ING-BEV-KIRSCH-000001,ING-BEV-RHUMBLANC-000001,classic,0.92,CORPUS_ESCOFFIER_1907,"relevé dans 15 recettes du Guide culinaire d'Escoffier (1907, domaine public), lift 8,3"
CP-0671,ING-ANIMAL-SAINDOUX-000001,ING-PLANT-CAROTTE-000001,classic,0.84,CORPUS_ESCOFFIER_1907,"relevé dans 15 recettes du Guide culinaire d'Escoffier (1907, domaine public), lift 5,3"
CP-0672,ING-DAIRY-LAITENTIER-000001,ING-PLANT-POIVRENOIR-000001,classic,0.63,CORPUS_ESCOFFIER_1907,"relevé dans 15 recettes du Guide culinaire d'Escoffier (1907, domaine public), lift 1,6"
CP-0673,ING-PLANT-ESTRAGON-000001,ING-TECH-VINAIGREDEVI-000001,classic,0.92,CORPUS_ESCOFFIER_1907,"relevé dans 15 recettes du Guide culinaire d'Escoffier (1907, domaine public), lift 9,7"
CP-0674,ING-PLANT-CIBOULETTE-000001,ING-PLANT-PERSIL-000001,classic,0.91,CORPUS_ESCOFFIER_1907,"relevé dans 15 recettes du Guide culinaire d'Escoffier (1907, domaine public), lift 8,1"
CP-0675,ING-ANIMAL-POULETVIANDE-000001,ING-PLANT-NOISETTE-000001,classic,0.68,CORPUS_ESCOFFIER_1907,"relevé dans 15 recettes du Guide culinaire d'Escoffier (1907, domaine public), lift 2,1"
CP-0676,ING-DAIRY-CRMELIQUIDEE-000001,ING-TECH-GLATINE-000001,classic,0.72,CORPUS_ESCOFFIER_1907,"relevé dans 14 recettes du Guide culinaire d'Escoffier (1907, domaine public), lift 2,7"
CP-0677,ING-PLANT-CERISE-000001,ING-TECH-SUCREBLANC-000001,classic,0.71,CORPUS_ESCOFFIER_1907,"relevé dans 14 recettes du Guide culinaire d'Escoffier (1907, domaine public), lift 2,5"
CP-0678,ING-BEV-JUSDECITRON-000001,ING-PLANT-CHALOTE-000001,classic,0.87,CORPUS_ESCOFFIER_1907,"relevé dans 14 recettes du Guide culinaire d'Escoffier (1907, domaine public), lift 6,4"
CP-0679,ING-PLANT-FRAMBOISE-000001,ING-TECH-SUCREBLANC-000001,classic,0.74,CORPUS_ESCOFFIER_1907,"relevé dans 14 recettes du Guide culinaire d'Escoffier (1907, domaine public), lift 3,0"
CP-0680,ING-BEV-RHUMBLANC-000001,ING-PLANT-CITRONJAUNE-000001,classic,0.90,CORPUS_ESCOFFIER_1907,"relevé dans 14 recettes du Guide culinaire d'Escoffier (1907, domaine public), lift 7,5"
CP-0681,ING-PLANT-PISTACHE-000001,ING-PLANT-VANILLEGOUSS-000001,classic,0.86,CORPUS_ESCOFFIER_1907,"relevé dans 14 recettes du Guide culinaire d'Escoffier (1907, domaine public), lift 6,1"
CP-0682,ING-BEV-VINBLANCSEC-000001,ING-PLANT-ESTRAGON-000001,classic,0.82,CORPUS_ESCOFFIER_1907,"relevé dans 14 recettes du Guide culinaire d'Escoffier (1907, domaine public), lift 4,8"
CP-0683,ING-ANIMAL-RISDEVEAU-000001,ING-FUNGUS-CHAMPIGNONDE-000001,classic,0.79,CORPUS_ESCOFFIER_1907,"relevé dans 14 recettes du Guide culinaire d'Escoffier (1907, domaine public), lift 4,1"
CP-0684,ING-BEV-EAUDEVIEDEVI-000001,ING-TECH-SUCREBLANC-000001,classic,0.64,CORPUS_ESCOFFIER_1907,"relevé dans 14 recettes du Guide culinaire d'Escoffier (1907, domaine public), lift 1,6"
CP-0685,ING-ANIMAL-VEAUVIANDE-000001,ING-PLANT-CLERIBRANCHE-000001,classic,0.72,CORPUS_ESCOFFIER_1907,"relevé dans 14 recettes du Guide culinaire d'Escoffier (1907, domaine public), lift 2,6"
CP-0686,ING-ANIMAL-PORCVIANDE-000001,ING-PLANT-POMMEDETERRE-000001,classic,0.71,CORPUS_ESCOFFIER_1907,"relevé dans 14 recettes du Guide culinaire d'Escoffier (1907, domaine public), lift 2,5"
CP-0687,ING-BEV-JUSDECITRON-000001,ING-FUNGUS-CHAMPIGNONDE-000001,classic,0.63,CORPUS_ESCOFFIER_1907,"relevé dans 14 recettes du Guide culinaire d'Escoffier (1907, domaine public), lift 1,6"
CP-0688,ING-PLANT-MUSCADE-000001,ING-TECH-FARINEDEBLTE-000001,classic,0.87,CORPUS_ESCOFFIER_1907,"relevé dans 14 recettes du Guide culinaire d'Escoffier (1907, domaine public), lift 6,2"
CP-0689,ING-PLANT-CHOUBLANC-000001,ING-PLANT-OIGNON-000001,classic,0.83,CORPUS_ESCOFFIER_1907,"relevé dans 14 recettes du Guide culinaire d'Escoffier (1907, domaine public), lift 5,0"
CP-0690,ING-ANIMAL-VEAUVIANDE-000001,ING-PLANT-LAURIER-000001,classic,0.80,CORPUS_ESCOFFIER_1907,"relevé dans 14 recettes du Guide culinaire d'Escoffier (1907, domaine public), lift 4,2"
CP-0691,ING-ANIMAL-SAINDOUX-000001,ING-PLANT-POMMEDETERRE-000001,classic,0.75,CORPUS_ESCOFFIER_1907,"relevé dans 14 recettes du Guide culinaire d'Escoffier (1907, domaine public), lift 3,1"
CP-0692,ING-PLANT-CHOUBLANC-000001,ING-PLANT-NAVET-000001,classic,0.92,CORPUS_ESCOFFIER_1907,"relevé dans 14 recettes du Guide culinaire d'Escoffier (1907, domaine public), lift 19,9"
CP-0693,ING-DAIRY-BEURREDOUX-000001,ING-PLANT-AUBERGINE-000001,classic,0.62,CORPUS_ESCOFFIER_1907,"relevé dans 14 recettes du Guide culinaire d'Escoffier (1907, domaine public), lift 1,5"
CP-0694,ING-PLANT-ABRICOT-000001,ING-PLANT-CERISE-000001,classic,0.89,CORPUS_ESCOFFIER_1907,"relevé dans 14 recettes du Guide culinaire d'Escoffier (1907, domaine public), lift 7,0"
CP-0695,ING-ANIMAL-JAUNEDUF-000001,ING-PLANT-CERFEUIL-000001,classic,0.69,CORPUS_ESCOFFIER_1907,"relevé dans 14 recettes du Guide culinaire d'Escoffier (1907, domaine public), lift 2,3"
CP-0696,ING-PLANT-CLOUDEGIROFL-000001,ING-PLANT-PERSIL-000001,classic,0.75,CORPUS_ESCOFFIER_1907,"relevé dans 14 recettes du Guide culinaire d'Escoffier (1907, domaine public), lift 3,2"
CP-0697,ING-PLANT-MUSCADE-000001,ING-PLANT-OIGNON-000001,classic,0.74,CORPUS_ESCOFFIER_1907,"relevé dans 14 recettes du Guide culinaire d'Escoffier (1907, domaine public), lift 3,0"
CP-0698,ING-DAIRY-BEURREDOUX-000001,ING-PLANT-CIBOULETTE-000001,classic,0.65,CORPUS_ESCOFFIER_1907,"relevé dans 14 recettes du Guide culinaire d'Escoffier (1907, domaine public), lift 1,7"
CP-0699,ING-ANIMAL-AGNEAUVIANDE-000001,ING-ANIMAL-MOUTONVIANDE-000001,classic,0.92,CORPUS_ESCOFFIER_1907,"relevé dans 14 recettes du Guide culinaire d'Escoffier (1907, domaine public), lift 14,5"
CP-0700,ING-ANIMAL-UFDEPOULE-000001,ING-PLANT-LAITUE-000001,classic,0.63,CORPUS_ESCOFFIER_1907,"relevé dans 14 recettes du Guide culinaire d'Escoffier (1907, domaine public), lift 1,6"
CP-0701,ING-PLANT-CERFEUIL-000001,ING-PLANT-TOMATE-000001,classic,0.67,CORPUS_ESCOFFIER_1907,"relevé dans 14 recettes du Guide culinaire d'Escoffier (1907, domaine public), lift 2,0"
CP-0702,ING-PLANT-POMMEDETERRE-000001,ING-TECH-VINAIGREDEVI-000001,classic,0.70,CORPUS_ESCOFFIER_1907,"relevé dans 13 recettes du Guide culinaire d'Escoffier (1907, domaine public), lift 2,4"
CP-0703,ING-BEV-JUSDECITRON-000001,ING-PLANT-TOMATE-000001,classic,0.64,CORPUS_ESCOFFIER_1907,"relevé dans 13 recettes du Guide culinaire d'Escoffier (1907, domaine public), lift 1,7"
CP-0704,ING-PLANT-CLERIBRANCHE-000001,ING-PLANT-POMMEDETERRE-000001,classic,0.69,CORPUS_ESCOFFIER_1907,"relevé dans 13 recettes du Guide culinaire d'Escoffier (1907, domaine public), lift 2,2"
CP-0705,ING-BEV-VINROUGE-000001,ING-PLANT-OIGNON-000001,classic,0.79,CORPUS_ESCOFFIER_1907,"relevé dans 13 recettes du Guide culinaire d'Escoffier (1907, domaine public), lift 3,9"
CP-0706,ING-PLANT-CERFEUIL-000001,ING-PLANT-NAVET-000001,classic,0.86,CORPUS_ESCOFFIER_1907,"relevé dans 13 recettes du Guide culinaire d'Escoffier (1907, domaine public), lift 5,9"
CP-0707,ING-MARINE-HOMARD-000001,ING-PLANT-RIZ-000001,classic,0.72,CORPUS_ESCOFFIER_1907,"relevé dans 13 recettes du Guide culinaire d'Escoffier (1907, domaine public), lift 2,7"
CP-0708,ING-PLANT-FRAMBOISE-000001,ING-PLANT-RAISINSEC-000001,classic,0.92,CORPUS_ESCOFFIER_1907,"relevé dans 13 recettes du Guide culinaire d'Escoffier (1907, domaine public), lift 16,1"
CP-0709,ING-PLANT-GROSEILLE-000001,ING-PLANT-PCHE-000001,classic,0.92,CORPUS_ESCOFFIER_1907,"relevé dans 13 recettes du Guide culinaire d'Escoffier (1907, domaine public), lift 12,3"
CP-0710,ING-DAIRY-CRMELIQUIDEE-000001,ING-PLANT-NOISETTE-000001,classic,0.63,CORPUS_ESCOFFIER_1907,"relevé dans 13 recettes du Guide culinaire d'Escoffier (1907, domaine public), lift 1,6"
CP-0711,ING-PLANT-CIBOULETTE-000001,ING-PLANT-ESTRAGON-000001,classic,0.92,CORPUS_ESCOFFIER_1907,"relevé dans 13 recettes du Guide culinaire d'Escoffier (1907, domaine public), lift 29,1"
CP-0712,ING-ANIMAL-VEAUVIANDE-000001,ING-PLANT-MUSCADE-000001,classic,0.76,CORPUS_ESCOFFIER_1907,"relevé dans 13 recettes du Guide culinaire d'Escoffier (1907, domaine public), lift 3,4"
CP-0713,ING-PLANT-PAPRIKA-000001,ING-PLANT-RIZ-000001,classic,0.86,CORPUS_ESCOFFIER_1907,"relevé dans 13 recettes du Guide culinaire d'Escoffier (1907, domaine public), lift 6,1"
CP-0714,ING-BEV-CAFFILTRE-000001,ING-PLANT-VANILLEGOUSS-000001,classic,0.85,CORPUS_ESCOFFIER_1907,"relevé dans 13 recettes du Guide culinaire d'Escoffier (1907, domaine public), lift 5,8"
CP-0715,ING-PLANT-ORANGE-000001,ING-TECH-FARINEDEBLTE-000001,classic,0.75,CORPUS_ESCOFFIER_1907,"relevé dans 13 recettes du Guide culinaire d'Escoffier (1907, domaine public), lift 3,2"
CP-0716,ING-COND-MOUTARDEDEDI-000001,ING-TECH-SELFIN-000001,classic,0.72,CORPUS_ESCOFFIER_1907,"relevé dans 13 recettes du Guide culinaire d'Escoffier (1907, domaine public), lift 2,7"
CP-0717,ING-PLANT-ESTRAGON-000001,ING-TECH-HUILEDOLIVE-000001,classic,0.77,CORPUS_ESCOFFIER_1907,"relevé dans 13 recettes du Guide culinaire d'Escoffier (1907, domaine public), lift 3,6"
CP-0718,ING-ANIMAL-UFDEPOULE-000001,ING-BEV-RHUMBLANC-000001,classic,0.65,CORPUS_ESCOFFIER_1907,"relevé dans 13 recettes du Guide culinaire d'Escoffier (1907, domaine public), lift 1,8"
CP-0719,ING-PLANT-CERFEUIL-000001,ING-PLANT-CHALOTE-000001,classic,0.87,CORPUS_ESCOFFIER_1907,"relevé dans 13 recettes du Guide culinaire d'Escoffier (1907, domaine public), lift 6,4"
CP-0720,ING-COND-MOUTARDEDEDI-000001,ING-TECH-HUILEDOLIVE-000001,classic,0.84,CORPUS_ESCOFFIER_1907,"relevé dans 13 recettes du Guide culinaire d'Escoffier (1907, domaine public), lift 5,3"
CP-0721,ING-PLANT-CERFEUIL-000001,ING-PLANT-CIBOULETTE-000001,classic,0.92,CORPUS_ESCOFFIER_1907,"relevé dans 13 recettes du Guide culinaire d'Escoffier (1907, domaine public), lift 17,6"
CP-0722,ING-PLANT-CLOUDEGIROFL-000001,ING-PLANT-THYM-000001,classic,0.92,CORPUS_ESCOFFIER_1907,"relevé dans 13 recettes du Guide culinaire d'Escoffier (1907, domaine public), lift 16,7"
CP-0723,ING-ANIMAL-UFDEPOULE-000001,ING-FERMENT-CAPRE-000001,classic,0.77,CORPUS_ESCOFFIER_1907,"relevé dans 13 recettes du Guide culinaire d'Escoffier (1907, domaine public), lift 3,6"
CP-0724,ING-PLANT-PIMENTDECAYE-000001,ING-PLANT-POIVRENOIR-000001,classic,0.75,CORPUS_ESCOFFIER_1907,"relevé dans 13 recettes du Guide culinaire d'Escoffier (1907, domaine public), lift 3,2"
CP-0725,ING-PLANT-CERFEUIL-000001,ING-PLANT-LAITUE-000001,classic,0.89,CORPUS_ESCOFFIER_1907,"relevé dans 13 recettes du Guide culinaire d'Escoffier (1907, domaine public), lift 7,1"
CP-0726,ING-MARINE-HOMARD-000001,ING-PLANT-PERSIL-000001,classic,0.65,CORPUS_ESCOFFIER_1907,"relevé dans 13 recettes du Guide culinaire d'Escoffier (1907, domaine public), lift 1,8"
CP-0727,ING-PLANT-PCHE-000001,ING-TECH-SUCREBLANC-000001,classic,0.72,CORPUS_ESCOFFIER_1907,"relevé dans 13 recettes du Guide culinaire d'Escoffier (1907, domaine public), lift 2,7"
CP-0728,ING-PLANT-CHALOTE-000001,ING-TECH-HUILEDOLIVE-000001,classic,0.79,CORPUS_ESCOFFIER_1907,"relevé dans 13 recettes du Guide culinaire d'Escoffier (1907, domaine public), lift 4,0"
CP-0729,ING-PLANT-ABRICOT-000001,ING-PLANT-FRAISE-000001,classic,0.81,CORPUS_ESCOFFIER_1907,"relevé dans 13 recettes du Guide culinaire d'Escoffier (1907, domaine public), lift 4,5"
CP-0730,ING-PLANT-CLERIBRANCHE-000001,ING-PLANT-PERSIL-000001,classic,0.65,CORPUS_ESCOFFIER_1907,"relevé dans 12 recettes du Guide culinaire d'Escoffier (1907, domaine public), lift 1,8"
CP-0731,ING-ANIMAL-CAILLEVIANDE-000001,ING-ANIMAL-VEAUVIANDE-000001,classic,0.80,CORPUS_ESCOFFIER_1907,"relevé dans 12 recettes du Guide culinaire d'Escoffier (1907, domaine public), lift 4,4"
CP-0732,ING-ANIMAL-AGNEAUVIANDE-000001,ING-ANIMAL-VEAUVIANDE-000001,classic,0.78,CORPUS_ESCOFFIER_1907,"relevé dans 12 recettes du Guide culinaire d'Escoffier (1907, domaine public), lift 3,8"
CP-0733,ING-MARINE-HOMARD-000001,ING-MARINE-LANGOUSTE-000001,classic,0.92,CORPUS_ESCOFFIER_1907,"relevé dans 12 recettes du Guide culinaire d'Escoffier (1907, domaine public), lift 36,6"
CP-0734,ING-PLANT-CLOUDEGIROFL-000001,ING-PLANT-LAURIER-000001,classic,0.92,CORPUS_ESCOFFIER_1907,"relevé dans 12 recettes du Guide culinaire d'Escoffier (1907, domaine public), lift 15,1"
CP-0735,ING-COND-MOUTARDEDEDI-000001,ING-PLANT-PIMENTDECAYE-000001,classic,0.92,CORPUS_ESCOFFIER_1907,"relevé dans 12 recettes du Guide culinaire d'Escoffier (1907, domaine public), lift 12,7"
CP-0736,ING-PLANT-ORANGE-000001,ING-PLANT-POMME-000001,classic,0.74,CORPUS_ESCOFFIER_1907,"relevé dans 12 recettes du Guide culinaire d'Escoffier (1907, domaine public), lift 3,0"
CP-0737,ING-BEV-VINBLANCSEC-000001,ING-PLANT-CAROTTE-000001,classic,0.66,CORPUS_ESCOFFIER_1907,"relevé dans 12 recettes du Guide culinaire d'Escoffier (1907, domaine public), lift 1,9"
CP-0738,ING-ANIMAL-BUFVIANDE-000001,ING-ANIMAL-MOUTONVIANDE-000001,classic,0.86,CORPUS_ESCOFFIER_1907,"relevé dans 12 recettes du Guide culinaire d'Escoffier (1907, domaine public), lift 5,8"
CP-0739,ING-PLANT-CERISE-000001,ING-PLANT-POMME-000001,classic,0.83,CORPUS_ESCOFFIER_1907,"relevé dans 12 recettes du Guide culinaire d'Escoffier (1907, domaine public), lift 4,9"
CP-0740,ING-ANIMAL-MOUTONVIANDE-000001,ING-TECH-SELFIN-000001,classic,0.64,CORPUS_ESCOFFIER_1907,"relevé dans 12 recettes du Guide culinaire d'Escoffier (1907, domaine public), lift 1,7"
CP-0741,ING-PLANT-CERISE-000001,ING-PLANT-VANILLEGOUSS-000001,classic,0.74,CORPUS_ESCOFFIER_1907,"relevé dans 12 recettes du Guide culinaire d'Escoffier (1907, domaine public), lift 3,0"
CP-0742,ING-PLANT-MANDARINE-000001,ING-PLANT-ORANGE-000001,classic,0.92,CORPUS_ESCOFFIER_1907,"relevé dans 12 recettes du Guide culinaire d'Escoffier (1907, domaine public), lift 12,8"
CP-0743,ING-DAIRY-CRMELIQUIDEE-000001,ING-PLANT-PISTACHE-000001,classic,0.68,CORPUS_ESCOFFIER_1907,"relevé dans 12 recettes du Guide culinaire d'Escoffier (1907, domaine public), lift 2,1"
CP-0744,ING-ANIMAL-SAINDOUX-000001,ING-TECH-SELFIN-000001,classic,0.65,CORPUS_ESCOFFIER_1907,"relevé dans 12 recettes du Guide culinaire d'Escoffier (1907, domaine public), lift 1,8"
CP-0745,ING-ANIMAL-BUFVIANDE-000001,ING-PLANT-CLERIBRANCHE-000001,classic,0.82,CORPUS_ESCOFFIER_1907,"relevé dans 12 recettes du Guide culinaire d'Escoffier (1907, domaine public), lift 4,7"
CP-0746,ING-COND-MOUTARDEDEDI-000001,ING-PLANT-POIVRENOIR-000001,classic,0.81,CORPUS_ESCOFFIER_1907,"relevé dans 12 recettes du Guide culinaire d'Escoffier (1907, domaine public), lift 4,4"
CP-0747,ING-PLANT-ABRICOT-000001,ING-PLANT-ANANAS-000001,classic,0.90,CORPUS_ESCOFFIER_1907,"relevé dans 12 recettes du Guide culinaire d'Escoffier (1907, domaine public), lift 7,6"
CP-0748,ING-COND-MOUTARDEDEDI-000001,ING-DAIRY-CRMELIQUIDEE-000001,classic,0.64,CORPUS_ESCOFFIER_1907,"relevé dans 12 recettes du Guide culinaire d'Escoffier (1907, domaine public), lift 1,7"
CP-0749,ING-PLANT-CHOUBLANC-000001,ING-TECH-SELFIN-000001,classic,0.75,CORPUS_ESCOFFIER_1907,"relevé dans 12 recettes du Guide culinaire d'Escoffier (1907, domaine public), lift 3,2"
CP-0750,ING-ANIMAL-JAUNEDUF-000001,ING-PLANT-CITRONJAUNE-000001,classic,0.63,CORPUS_ESCOFFIER_1907,"relevé dans 12 recettes du Guide culinaire d'Escoffier (1907, domaine public), lift 1,6"
CP-0751,ING-MARINE-ANCHOIS-000001,ING-PLANT-PERSIL-000001,classic,0.71,CORPUS_ESCOFFIER_1907,"relevé dans 12 recettes du Guide culinaire d'Escoffier (1907, domaine public), lift 2,5"
CP-0752,ING-PLANT-CERISE-000001,ING-PLANT-FRAISE-000001,classic,0.88,CORPUS_ESCOFFIER_1907,"relevé dans 12 recettes du Guide culinaire d'Escoffier (1907, domaine public), lift 6,8"
CP-0753,ING-PLANT-FRAISE-000001,ING-PLANT-GROSEILLE-000001,classic,0.88,CORPUS_ESCOFFIER_1907,"relevé dans 12 recettes du Guide culinaire d'Escoffier (1907, domaine public), lift 6,8"
CP-0754,ING-PLANT-OIGNON-000001,ING-PLANT-PAPRIKA-000001,classic,0.79,CORPUS_ESCOFFIER_1907,"relevé dans 12 recettes du Guide culinaire d'Escoffier (1907, domaine public), lift 3,9"
CP-0755,ING-DAIRY-CRMELIQUIDEE-000001,ING-PLANT-CONCOMBRE-000001,classic,0.65,CORPUS_ESCOFFIER_1907,"relevé dans 12 recettes du Guide culinaire d'Escoffier (1907, domaine public), lift 1,8"
CP-0756,ING-PLANT-FRAISE-000001,ING-PLANT-ORANGE-000001,classic,0.80,CORPUS_ESCOFFIER_1907,"relevé dans 12 recettes du Guide culinaire d'Escoffier (1907, domaine public), lift 4,1"
CP-0757,ING-PLANT-POISCUIT-000001,ING-PLANT-RIZ-000001,classic,0.65,CORPUS_ESCOFFIER_1907,"relevé dans 12 recettes du Guide culinaire d'Escoffier (1907, domaine public), lift 1,8"
CP-0758,ING-PLANT-CITRONJAUNE-000001,ING-TECH-HUILEDOLIVE-000001,classic,0.64,CORPUS_ESCOFFIER_1907,"relevé dans 12 recettes du Guide culinaire d'Escoffier (1907, domaine public), lift 1,7"
CP-0759,ING-PLANT-ESTRAGON-000001,ING-PLANT-TOMATE-000001,classic,0.73,CORPUS_ESCOFFIER_1907,"relevé dans 12 recettes du Guide culinaire d'Escoffier (1907, domaine public), lift 2,8"
CP-0760,ING-BEV-KIRSCH-000001,ING-PLANT-AMANDE-000001,classic,0.82,CORPUS_ESCOFFIER_1907,"relevé dans 12 recettes du Guide culinaire d'Escoffier (1907, domaine public), lift 4,8"
CP-0761,ING-ANIMAL-CANARDVIANDE-000001,ING-FUNGUS-TRUFFENOIRE-000001,classic,0.64,CORPUS_ESCOFFIER_1907,"relevé dans 12 recettes du Guide culinaire d'Escoffier (1907, domaine public), lift 1,6"
CP-0762,ING-PLANT-AMANDE-000001,ING-PLANT-PISTACHE-000001,classic,0.92,CORPUS_ESCOFFIER_1907,"relevé dans 12 recettes du Guide culinaire d'Escoffier (1907, domaine public), lift 16,6"
CP-0763,ING-ANIMAL-VEAUVIANDE-000001,ING-PLANT-THYM-000001,classic,0.78,CORPUS_ESCOFFIER_1907,"relevé dans 12 recettes du Guide culinaire d'Escoffier (1907, domaine public), lift 3,7"
CP-0764,ING-MARINE-CREVISSE-000001,ING-MARINE-HUTRE-000001,classic,0.90,CORPUS_ESCOFFIER_1907,"relevé dans 12 recettes du Guide culinaire d'Escoffier (1907, domaine public), lift 7,5"
CP-0765,ING-BEV-EAUDEVIEDEVI-000001,ING-FUNGUS-CHAMPIGNONDE-000001,classic,0.63,CORPUS_ESCOFFIER_1907,"relevé dans 12 recettes du Guide culinaire d'Escoffier (1907, domaine public), lift 1,6"
CP-0766,ING-PLANT-CURRYENPOUDR-000001,ING-PLANT-OIGNON-000001,classic,0.78,CORPUS_ESCOFFIER_1907,"relevé dans 12 recettes du Guide culinaire d'Escoffier (1907, domaine public), lift 3,8"
CP-0767,ING-PLANT-CITRONJAUNE-000001,ING-PLANT-POMME-000001,classic,0.70,CORPUS_ESCOFFIER_1907,"relevé dans 12 recettes du Guide culinaire d'Escoffier (1907, domaine public), lift 2,4"
CP-0768,ING-MARINE-CREVETTE-000001,ING-MARINE-SOLE-000001,classic,0.90,CORPUS_ESCOFFIER_1907,"relevé dans 12 recettes du Guide culinaire d'Escoffier (1907, domaine public), lift 7,6"
CP-0769,ING-MARINE-HUTRE-000001,ING-MARINE-SOLE-000001,classic,0.85,CORPUS_ESCOFFIER_1907,"relevé dans 12 recettes du Guide culinaire d'Escoffier (1907, domaine public), lift 5,6"
CP-0770,ING-PLANT-NOISETTE-000001,ING-PLANT-POMMEDETERRE-000001,classic,0.75,CORPUS_ESCOFFIER_1907,"relevé dans 12 recettes du Guide culinaire d'Escoffier (1907, domaine public), lift 3,2"
CP-0771,ING-ANIMAL-JAUNEDUF-000001,ING-BEV-JUSDECITRON-000001,classic,0.64,CORPUS_ESCOFFIER_1907,"relevé dans 11 recettes du Guide culinaire d'Escoffier (1907, domaine public), lift 1,7"
CP-0772,ING-PLANT-ESTRAGON-000001,ING-PLANT-POIVRENOIR-000001,classic,0.73,CORPUS_ESCOFFIER_1907,"relevé dans 11 recettes du Guide culinaire d'Escoffier (1907, domaine public), lift 2,8"
CP-0773,ING-ANIMAL-BUFVIANDE-000001,ING-ANIMAL-SAINDOUX-000001,classic,0.85,CORPUS_ESCOFFIER_1907,"relevé dans 11 recettes du Guide culinaire d'Escoffier (1907, domaine public), lift 5,5"
CP-0774,ING-ANIMAL-BUFVIANDE-000001,ING-PLANT-MUSCADE-000001,classic,0.86,CORPUS_ESCOFFIER_1907,"relevé dans 11 recettes du Guide culinaire d'Escoffier (1907, domaine public), lift 6,0"
CP-0775,ING-BEV-KIRSCH-000001,ING-PLANT-CITRONJAUNE-000001,classic,0.68,CORPUS_ESCOFFIER_1907,"relevé dans 11 recettes du Guide culinaire d'Escoffier (1907, domaine public), lift 2,1"
CP-0776,ING-FERMENT-CAPRE-000001,ING-PLANT-ESTRAGON-000001,classic,0.92,CORPUS_ESCOFFIER_1907,"relevé dans 11 recettes du Guide culinaire d'Escoffier (1907, domaine public), lift 23,5"
CP-0777,ING-MARINE-SAUMON-000001,ING-PLANT-PERSIL-000001,classic,0.68,CORPUS_ESCOFFIER_1907,"relevé dans 11 recettes du Guide culinaire d'Escoffier (1907, domaine public), lift 2,1"
CP-0778,ING-BEV-CAFFILTRE-000001,ING-DAIRY-CRMELIQUIDEE-000001,classic,0.67,CORPUS_ESCOFFIER_1907,"relevé dans 11 recettes du Guide culinaire d'Escoffier (1907, domaine public), lift 2,0"
CP-0779,ING-ANIMAL-JAUNEDUF-000001,ING-TECH-VINAIGREDEVI-000001,classic,0.71,CORPUS_ESCOFFIER_1907,"relevé dans 11 recettes du Guide culinaire d'Escoffier (1907, domaine public), lift 2,6"
CP-0780,ING-BEV-VINBLANCSEC-000001,ING-TECH-VINAIGREDEVI-000001,classic,0.75,CORPUS_ESCOFFIER_1907,"relevé dans 11 recettes du Guide culinaire d'Escoffier (1907, domaine public), lift 3,2"
CP-0781,ING-BEV-EAUDEVIEDEVI-000001,ING-BEV-VINBLANCSEC-000001,classic,0.71,CORPUS_ESCOFFIER_1907,"relevé dans 11 recettes du Guide culinaire d'Escoffier (1907, domaine public), lift 2,6"
CP-0782,ING-PLANT-PERSIL-000001,ING-PLANT-PIMENTDECAYE-000001,classic,0.66,CORPUS_ESCOFFIER_1907,"relevé dans 11 recettes du Guide culinaire d'Escoffier (1907, domaine public), lift 1,9"
CP-0783,ING-ANIMAL-CANARDVIANDE-000001,ING-ANIMAL-VEAUVIANDE-000001,classic,0.76,CORPUS_ESCOFFIER_1907,"relevé dans 11 recettes du Guide culinaire d'Escoffier (1907, domaine public), lift 3,4"
CP-0784,ING-ANIMAL-BUFVIANDE-000001,ING-PLANT-COURGETTE-000001,classic,0.92,CORPUS_ESCOFFIER_1907,"relevé dans 11 recettes du Guide culinaire d'Escoffier (1907, domaine public), lift 10,1"
CP-0785,ING-ANIMAL-PORCVIANDE-000001,ING-PLANT-PERSIL-000001,classic,0.64,CORPUS_ESCOFFIER_1907,"relevé dans 11 recettes du Guide culinaire d'Escoffier (1907, domaine public), lift 1,7"
CP-0786,ING-TECH-FARINEDEBLTE-000001,ING-TECH-HUILEDOLIVE-000001,classic,0.63,CORPUS_ESCOFFIER_1907,"relevé dans 11 recettes du Guide culinaire d'Escoffier (1907, domaine public), lift 1,6"
CP-0787,ING-PLANT-GROSEILLE-000001,ING-PLANT-POMME-000001,classic,0.81,CORPUS_ESCOFFIER_1907,"relevé dans 11 recettes du Guide culinaire d'Escoffier (1907, domaine public), lift 4,5"
CP-0788,ING-MARINE-SAUMON-000001,ING-MARINE-SOLE-000001,classic,0.79,CORPUS_ESCOFFIER_1907,"relevé dans 11 recettes du Guide culinaire d'Escoffier (1907, domaine public), lift 4,1"
CP-0789,ING-BEV-VINROUGE-000001,ING-FUNGUS-CHAMPIGNONDE-000001,classic,0.77,CORPUS_ESCOFFIER_1907,"relevé dans 11 recettes du Guide culinaire d'Escoffier (1907, domaine public), lift 3,5"
CP-0790,ING-ANIMAL-POULETVIANDE-000001,ING-PLANT-CONCOMBRE-000001,classic,0.66,CORPUS_ESCOFFIER_1907,"relevé dans 11 recettes du Guide culinaire d'Escoffier (1907, domaine public), lift 1,9"
CP-0791,ING-PLANT-AIL-000001,ING-PLANT-LAURIER-000001,classic,0.92,CORPUS_ESCOFFIER_1907,"relevé dans 11 recettes du Guide culinaire d'Escoffier (1907, domaine public), lift 9,1"
CP-0792,ING-PLANT-ABRICOT-000001,ING-PLANT-GROSEILLE-000001,classic,0.85,CORPUS_ESCOFFIER_1907,"relevé dans 11 recettes du Guide culinaire d'Escoffier (1907, domaine public), lift 5,5"
CP-0793,ING-ANIMAL-POULETVIANDE-000001,ING-PLANT-POIREAU-000001,classic,0.70,CORPUS_ESCOFFIER_1907,"relevé dans 11 recettes du Guide culinaire d'Escoffier (1907, domaine public), lift 2,4"
CP-0794,ING-ANIMAL-JAUNEDUF-000001,ING-PLANT-ORANGE-000001,classic,0.66,CORPUS_ESCOFFIER_1907,"relevé dans 11 recettes du Guide culinaire d'Escoffier (1907, domaine public), lift 1,9"
CP-0795,ING-DAIRY-CRMELIQUIDEE-000001,ING-PLANT-CURRYENPOUDR-000001,classic,0.65,CORPUS_ESCOFFIER_1907,"relevé dans 11 recettes du Guide culinaire d'Escoffier (1907, domaine public), lift 1,8"
CP-0796,ING-PLANT-CERISE-000001,ING-PLANT-FRAMBOISE-000001,classic,0.92,CORPUS_ESCOFFIER_1907,"relevé dans 11 recettes du Guide culinaire d'Escoffier (1907, domaine public), lift 10,9"
CP-0797,ING-FUNGUS-TRUFFENOIRE-000001,ING-MARINE-CREVETTE-000001,classic,0.68,CORPUS_ESCOFFIER_1907,"relevé dans 11 recettes du Guide culinaire d'Escoffier (1907, domaine public), lift 2,1"
CP-0798,ING-MARINE-SOLE-000001,ING-PLANT-NOIX-000001,classic,0.90,CORPUS_ESCOFFIER_1907,"relevé dans 11 recettes du Guide culinaire d'Escoffier (1907, domaine public), lift 7,4"
CP-0799,ING-ANIMAL-UFDEPOULE-000001,ING-TECH-GLATINE-000001,classic,0.68,CORPUS_ESCOFFIER_1907,"relevé dans 11 recettes du Guide culinaire d'Escoffier (1907, domaine public), lift 2,1"
CP-0800,ING-PLANT-PAPRIKA-000001,ING-PLANT-TOMATE-000001,classic,0.81,CORPUS_ESCOFFIER_1907,"relevé dans 11 recettes du Guide culinaire d'Escoffier (1907, domaine public), lift 4,5"
CP-0801,ING-MARINE-CREVETTE-000001,ING-MARINE-HOMARD-000001,classic,0.92,CORPUS_ESCOFFIER_1907,"relevé dans 11 recettes du Guide culinaire d'Escoffier (1907, domaine public), lift 11,8"
CP-0802,ING-PLANT-SAFRAN-000001,ING-PLANT-TOMATE-000001,classic,0.92,CORPUS_ESCOFFIER_1907,"relevé dans 11 recettes du Guide culinaire d'Escoffier (1907, domaine public), lift 8,5"
CP-0803,ING-ANIMAL-BUFVIANDE-000001,ING-PLANT-CLOUDEGIROFL-000001,classic,0.88,CORPUS_ESCOFFIER_1907,"relevé dans 11 recettes du Guide culinaire d'Escoffier (1907, domaine public), lift 6,8"
CP-0804,ING-PLANT-CANNELLE-000001,ING-TECH-SUCREBLANC-000001,classic,0.91,CORPUS_ESCOFFIER_1907,"relevé dans 11 recettes du Guide culinaire d'Escoffier (1907, domaine public), lift 7,9"
CP-0805,ING-ANIMAL-MOUTONVIANDE-000001,ING-PLANT-PERSIL-000001,classic,0.67,CORPUS_ESCOFFIER_1907,"relevé dans 11 recettes du Guide culinaire d'Escoffier (1907, domaine public), lift 2,0"
CP-0806,ING-PLANT-LAITUE-000001,ING-TECH-SELFIN-000001,classic,0.64,CORPUS_ESCOFFIER_1907,"relevé dans 10 recettes du Guide culinaire d'Escoffier (1907, domaine public), lift 1,7"
CP-0807,ING-ANIMAL-UFDEPOULE-000001,ING-DAIRY-GRUYRE-000001,classic,0.70,CORPUS_ESCOFFIER_1907,"relevé dans 10 recettes du Guide culinaire d'Escoffier (1907, domaine public), lift 2,3"
CP-0808,ING-BEV-VINBLANCSEC-000001,ING-FERMENT-OLIVENOIREEN-000001,classic,0.73,CORPUS_ESCOFFIER_1907,"relevé dans 10 recettes du Guide culinaire d'Escoffier (1907, domaine public), lift 2,9"
CP-0809,ING-BEV-KIRSCH-000001,ING-PLANT-RAISINSEC-000001,classic,0.83,CORPUS_ESCOFFIER_1907,"relevé dans 10 recettes du Guide culinaire d'Escoffier (1907, domaine public), lift 5,1"
CP-0810,ING-PLANT-CHALOTE-000001,ING-PLANT-THYM-000001,classic,0.92,CORPUS_ESCOFFIER_1907,"relevé dans 10 recettes du Guide culinaire d'Escoffier (1907, domaine public), lift 10,9"
CP-0811,ING-MARINE-ANCHOIS-000001,ING-MARINE-SAUMON-000001,classic,0.92,CORPUS_ESCOFFIER_1907,"relevé dans 10 recettes du Guide culinaire d'Escoffier (1907, domaine public), lift 9,5"
CP-0812,ING-FERMENT-OLIVENOIREEN-000001,ING-MARINE-CREVISSE-000001,classic,0.78,CORPUS_ESCOFFIER_1907,"relevé dans 10 recettes du Guide culinaire d'Escoffier (1907, domaine public), lift 3,9"
CP-0813,ING-PLANT-ABRICOT-000001,ING-PLANT-FRAMBOISE-000001,classic,0.86,CORPUS_ESCOFFIER_1907,"relevé dans 10 recettes du Guide culinaire d'Escoffier (1907, domaine public), lift 6,0"
CP-0814,ING-BEV-CAFFILTRE-000001,ING-BEV-KIRSCH-000001,classic,0.89,CORPUS_ESCOFFIER_1907,"relevé dans 10 recettes du Guide culinaire d'Escoffier (1907, domaine public), lift 7,2"
CP-0815,ING-FERMENT-OLIVENOIREEN-000001,ING-PLANT-NAVET-000001,classic,0.87,CORPUS_ESCOFFIER_1907,"relevé dans 10 recettes du Guide culinaire d'Escoffier (1907, domaine public), lift 6,4"
CP-0816,ING-PLANT-CLOUDEGIROFL-000001,ING-TECH-SUCREBLANC-000001,classic,0.69,CORPUS_ESCOFFIER_1907,"relevé dans 10 recettes du Guide culinaire d'Escoffier (1907, domaine public), lift 2,2"
CP-0817,ING-FERMENT-CAPRE-000001,ING-PLANT-PERSIL-000001,classic,0.83,CORPUS_ESCOFFIER_1907,"relevé dans 10 recettes du Guide culinaire d'Escoffier (1907, domaine public), lift 5,2"
CP-0818,ING-MARINE-HOMARD-000001,ING-PLANT-CERFEUIL-000001,classic,0.77,CORPUS_ESCOFFIER_1907,"relevé dans 10 recettes du Guide culinaire d'Escoffier (1907, domaine public), lift 3,5"
CP-0819,ING-PLANT-OIGNON-000001,ING-PLANT-SAUGE-000001,classic,0.92,CORPUS_ESCOFFIER_1907,"relevé dans 10 recettes du Guide culinaire d'Escoffier (1907, domaine public), lift 9,8"
CP-0820,ING-PLANT-CLOUDEGIROFL-000001,ING-TECH-HUILEDOLIVE-000001,classic,0.77,CORPUS_ESCOFFIER_1907,"relevé dans 10 recettes du Guide culinaire d'Escoffier (1907, domaine public), lift 3,6"
CP-0821,ING-PLANT-CONCOMBRE-000001,ING-TECH-HUILEDOLIVE-000001,classic,0.80,CORPUS_ESCOFFIER_1907,"relevé dans 10 recettes du Guide culinaire d'Escoffier (1907, domaine public), lift 4,3"
CP-0822,ING-PLANT-PCHE-000001,ING-PLANT-POMME-000001,classic,0.82,CORPUS_ESCOFFIER_1907,"relevé dans 10 recettes du Guide culinaire d'Escoffier (1907, domaine public), lift 4,8"
CP-0823,ING-ANIMAL-SAINDOUX-000001,ING-FERMENT-OLIVENOIREEN-000001,classic,0.88,CORPUS_ESCOFFIER_1907,"relevé dans 10 recettes du Guide culinaire d'Escoffier (1907, domaine public), lift 6,7"
CP-0824,ING-ANIMAL-AGNEAUVIANDE-000001,ING-ANIMAL-POULETVIANDE-000001,classic,0.62,CORPUS_ESCOFFIER_1907,"relevé dans 10 recettes du Guide culinaire d'Escoffier (1907, domaine public), lift 1,5"
CP-0825,ING-ANIMAL-MOUTONVIANDE-000001,ING-ANIMAL-VEAUVIANDE-000001,classic,0.70,CORPUS_ESCOFFIER_1907,"relevé dans 10 recettes du Guide culinaire d'Escoffier (1907, domaine public), lift 2,3"
CP-0826,ING-MARINE-ANCHOIS-000001,ING-PLANT-ESTRAGON-000001,classic,0.92,CORPUS_ESCOFFIER_1907,"relevé dans 10 recettes du Guide culinaire d'Escoffier (1907, domaine public), lift 8,7"
CP-0827,ING-PLANT-CERFEUIL-000001,ING-PLANT-POIVRENOIR-000001,classic,0.62,CORPUS_ESCOFFIER_1907,"relevé dans 10 recettes du Guide culinaire d'Escoffier (1907, domaine public), lift 1,5"
CP-0828,ING-ANIMAL-JAUNEDUF-000001,ING-PLANT-PIMENTDECAYE-000001,classic,0.72,CORPUS_ESCOFFIER_1907,"relevé dans 10 recettes du Guide culinaire d'Escoffier (1907, domaine public), lift 2,6"
CP-0829,ING-PLANT-CLERIBRANCHE-000001,ING-PLANT-RIZ-000001,classic,0.68,CORPUS_ESCOFFIER_1907,"relevé dans 10 recettes du Guide culinaire d'Escoffier (1907, domaine public), lift 2,2"
CP-0830,ING-DAIRY-CRMELIQUIDEE-000001,ING-PLANT-PAPRIKA-000001,classic,0.64,CORPUS_ESCOFFIER_1907,"relevé dans 10 recettes du Guide culinaire d'Escoffier (1907, domaine public), lift 1,7"
CP-0831,ING-PLANT-CITRONJAUNE-000001,ING-PLANT-FRAISE-000001,classic,0.72,CORPUS_ESCOFFIER_1907,"relevé dans 10 recettes du Guide culinaire d'Escoffier (1907, domaine public), lift 2,7"
CP-0832,ING-ANIMAL-BUFVIANDE-000001,ING-PLANT-POIREAU-000001,classic,0.92,CORPUS_ESCOFFIER_1907,"relevé dans 10 recettes du Guide culinaire d'Escoffier (1907, domaine public), lift 9,2"
CP-0833,ING-BEV-EAUDEVIEDEVI-000001,ING-PLANT-PIMENTDECAYE-000001,classic,0.83,CORPUS_ESCOFFIER_1907,"relevé dans 10 recettes du Guide culinaire d'Escoffier (1907, domaine public), lift 5,0"
CP-0834,ING-FERMENT-OLIVENOIREEN-000001,ING-PLANT-POISCUIT-000001,classic,0.77,CORPUS_ESCOFFIER_1907,"relevé dans 10 recettes du Guide culinaire d'Escoffier (1907, domaine public), lift 3,6"
CP-0835,ING-FUNGUS-CHAMPIGNONDE-000001,ING-MARINE-HUTRE-000001,classic,0.72,CORPUS_ESCOFFIER_1907,"relevé dans 10 recettes du Guide culinaire d'Escoffier (1907, domaine public), lift 2,7"
CP-0836,ING-ANIMAL-PORCVIANDE-000001,ING-PLANT-CAROTTE-000001,classic,0.73,CORPUS_ESCOFFIER_1907,"relevé dans 10 recettes du Guide culinaire d'Escoffier (1907, domaine public), lift 2,8"
CP-0837,ING-BEV-MADRE-000001,ING-PLANT-POIVRENOIR-000001,classic,0.66,CORPUS_ESCOFFIER_1907,"relevé dans 10 recettes du Guide culinaire d'Escoffier (1907, domaine public), lift 1,8"
CP-0838,ING-BEV-CAFFILTRE-000001,ING-TECH-CHOCOLATNOIR-000001,classic,0.92,CORPUS_ESCOFFIER_1907,"relevé dans 10 recettes du Guide culinaire d'Escoffier (1907, domaine public), lift 27,2"
CP-0839,ING-ANIMAL-MOUTONVIANDE-000001,ING-PLANT-AIL-000001,classic,0.87,CORPUS_ESCOFFIER_1907,"relevé dans 10 recettes du Guide culinaire d'Escoffier (1907, domaine public), lift 6,4"
CP-0840,ING-PLANT-CHALOTE-000001,ING-PLANT-OIGNON-000001,classic,0.67,CORPUS_ESCOFFIER_1907,"relevé dans 10 recettes du Guide culinaire d'Escoffier (1907, domaine public), lift 2,0"
CP-0841,ING-FUNGUS-CHAMPIGNONDE-000001,ING-PLANT-LAURIER-000001,classic,0.72,CORPUS_ESCOFFIER_1907,"relevé dans 10 recettes du Guide culinaire d'Escoffier (1907, domaine public), lift 2,6"
CP-0842,ING-PLANT-CERFEUIL-000001,ING-PLANT-POIREAU-000001,classic,0.92,CORPUS_ESCOFFIER_1907,"relevé dans 10 recettes du Guide culinaire d'Escoffier (1907, domaine public), lift 8,6"
CP-0843,ING-ANIMAL-POULETVIANDE-000001,ING-BEV-CHAMPAGNEBRU-000001,classic,0.67,CORPUS_ESCOFFIER_1907,"relevé dans 10 recettes du Guide culinaire d'Escoffier (1907, domaine public), lift 2,0"
CP-0844,ING-TECH-GLATINE-000001,ING-TECH-SUCREBLANC-000001,classic,0.76,CORPUS_ESCOFFIER_1907,"relevé dans 10 recettes du Guide culinaire d'Escoffier (1907, domaine public), lift 3,4"
CP-0845,ING-MARINE-ANCHOIS-000001,ING-TECH-SELFIN-000001,classic,0.64,CORPUS_ESCOFFIER_1907,"relevé dans 10 recettes du Guide culinaire d'Escoffier (1907, domaine public), lift 1,6"
CP-0846,ING-FUNGUS-TRUFFENOIRE-000001,ING-PLANT-PAPRIKA-000001,classic,0.65,CORPUS_ESCOFFIER_1907,"relevé dans 10 recettes du Guide culinaire d'Escoffier (1907, domaine public), lift 1,8"
CP-0847,ING-PLANT-CLERIBRANCHE-000001,ING-PLANT-POISCUIT-000001,classic,0.74,CORPUS_ESCOFFIER_1907,"relevé dans 9 recettes du Guide culinaire d'Escoffier (1907, domaine public), lift 3,0"
CP-0848,ING-PLANT-CHOUBLANC-000001,ING-PLANT-POIREAU-000001,classic,0.92,CORPUS_ESCOFFIER_1907,"relevé dans 9 recettes du Guide culinaire d'Escoffier (1907, domaine public), lift 24,5"
CP-0849,ING-ANIMAL-JAUNEDUF-000001,ING-PLANT-ESTRAGON-000001,classic,0.70,CORPUS_ESCOFFIER_1907,"relevé dans 9 recettes du Guide culinaire d'Escoffier (1907, domaine public), lift 2,4"
CP-0850,ING-PLANT-CHOUFLEUR-000001,ING-PLANT-NAVET-000001,classic,0.92,CORPUS_ESCOFFIER_1907,"relevé dans 9 recettes du Guide culinaire d'Escoffier (1907, domaine public), lift 20,2"
CP-0851,ING-BEV-EAUDEVIEDEVI-000001,ING-BEV-VINROUGE-000001,classic,0.90,CORPUS_ESCOFFIER_1907,"relevé dans 9 recettes du Guide culinaire d'Escoffier (1907, domaine public), lift 7,4"
CP-0852,ING-BEV-VINBLANCSEC-000001,ING-PLANT-THYM-000001,classic,0.79,CORPUS_ESCOFFIER_1907,"relevé dans 9 recettes du Guide culinaire d'Escoffier (1907, domaine public), lift 4,1"
CP-0853,ING-ANIMAL-AGNEAUVIANDE-000001,ING-PLANT-OIGNON-000001,classic,0.69,CORPUS_ESCOFFIER_1907,"relevé dans 9 recettes du Guide culinaire d'Escoffier (1907, domaine public), lift 2,3"
CP-0854,ING-PLANT-NAVET-000001,ING-TECH-SUCREBLANC-000001,classic,0.62,CORPUS_ESCOFFIER_1907,"relevé dans 9 recettes du Guide culinaire d'Escoffier (1907, domaine public), lift 1,5"
CP-0855,ING-PLANT-PAPRIKA-000001,ING-TECH-SELFIN-000001,classic,0.69,CORPUS_ESCOFFIER_1907,"relevé dans 9 recettes du Guide culinaire d'Escoffier (1907, domaine public), lift 2,2"
CP-0856,ING-ANIMAL-UFDEPOULE-000001,ING-MARINE-CREVETTE-000001,classic,0.63,CORPUS_ESCOFFIER_1907,"relevé dans 9 recettes du Guide culinaire d'Escoffier (1907, domaine public), lift 1,6"
CP-0857,ING-PLANT-POIREAU-000001,ING-PLANT-POISCUIT-000001,classic,0.89,CORPUS_ESCOFFIER_1907,"relevé dans 9 recettes du Guide culinaire d'Escoffier (1907, domaine public), lift 7,2"
CP-0858,ING-BEV-VINBLANCSEC-000001,ING-PLANT-CERFEUIL-000001,classic,0.66,CORPUS_ESCOFFIER_1907,"relevé dans 9 recettes du Guide culinaire d'Escoffier (1907, domaine public), lift 1,9"
CP-0859,ING-BEV-EAUDEVIEDEVI-000001,ING-BEV-JUSDECITRON-000001,classic,0.71,CORPUS_ESCOFFIER_1907,"relevé dans 9 recettes du Guide culinaire d'Escoffier (1907, domaine public), lift 2,6"
CP-0860,ING-PLANT-ANANAS-000001,ING-TECH-SUCREBLANC-000001,classic,0.67,CORPUS_ESCOFFIER_1907,"relevé dans 9 recettes du Guide culinaire d'Escoffier (1907, domaine public), lift 2,0"
CP-0861,ING-PLANT-CHOUFLEUR-000001,ING-PLANT-POMMEDETERRE-000001,classic,0.85,CORPUS_ESCOFFIER_1907,"relevé dans 9 recettes du Guide culinaire d'Escoffier (1907, domaine public), lift 5,8"
CP-0862,ING-PLANT-CHALOTE-000001,ING-PLANT-PIMENTDECAYE-000001,classic,0.89,CORPUS_ESCOFFIER_1907,"relevé dans 9 recettes du Guide culinaire d'Escoffier (1907, domaine public), lift 7,1"
CP-0863,ING-TECH-CHOCOLATNOIR-000001,ING-TECH-SUCREBLANC-000001,classic,0.74,CORPUS_ESCOFFIER_1907,"relevé dans 9 recettes du Guide culinaire d'Escoffier (1907, domaine public), lift 3,0"
CP-0864,ING-MARINE-HOMARD-000001,ING-PLANT-TOMATE-000001,classic,0.63,CORPUS_ESCOFFIER_1907,"relevé dans 9 recettes du Guide culinaire d'Escoffier (1907, domaine public), lift 1,6"
CP-0865,ING-PLANT-MUSCADE-000001,ING-PLANT-PERSIL-000001,classic,0.66,CORPUS_ESCOFFIER_1907,"relevé dans 9 recettes du Guide culinaire d'Escoffier (1907, domaine public), lift 1,9"
CP-0866,ING-BEV-EAUDEVIEDEVI-000001,ING-TECH-HUILEDOLIVE-000001,classic,0.64,CORPUS_ESCOFFIER_1907,"relevé dans 9 recettes du Guide culinaire d'Escoffier (1907, domaine public), lift 1,7"
CP-0867,ING-PLANT-TOMATE-000001,ING-TECH-VINAIGREDEVI-000001,classic,0.65,CORPUS_ESCOFFIER_1907,"relevé dans 9 recettes du Guide culinaire d'Escoffier (1907, domaine public), lift 1,8"
CP-0868,ING-BEV-JUSDECITRON-000001,ING-PLANT-PIMENTDECAYE-000001,classic,0.77,CORPUS_ESCOFFIER_1907,"relevé dans 9 recettes du Guide culinaire d'Escoffier (1907, domaine public), lift 3,7"
CP-0869,ING-ANIMAL-PORCVIANDE-000001,ING-BEV-EAUDEVIEDEVI-000001,classic,0.78,CORPUS_ESCOFFIER_1907,"relevé dans 9 recettes du Guide culinaire d'Escoffier (1907, domaine public), lift 3,9"
CP-0870,ING-BEV-RHUMBLANC-000001,ING-PLANT-POMME-000001,classic,0.83,CORPUS_ESCOFFIER_1907,"relevé dans 9 recettes du Guide culinaire d'Escoffier (1907, domaine public), lift 5,0"
CP-0871,ING-PLANT-CHALOTE-000001,ING-PLANT-LAURIER-000001,classic,0.92,CORPUS_ESCOFFIER_1907,"relevé dans 9 recettes du Guide culinaire d'Escoffier (1907, domaine public), lift 9,6"
CP-0872,ING-PLANT-ANANAS-000001,ING-PLANT-CERISE-000001,classic,0.92,CORPUS_ESCOFFIER_1907,"relevé dans 9 recettes du Guide culinaire d'Escoffier (1907, domaine public), lift 9,3"
CP-0873,ING-ANIMAL-BLANCDUF-000001,ING-FUNGUS-TRUFFENOIRE-000001,classic,0.64,CORPUS_ESCOFFIER_1907,"relevé dans 9 recettes du Guide culinaire d'Escoffier (1907, domaine public), lift 1,7"
CP-0874,ING-PLANT-CAROTTE-000001,ING-TECH-VINAIGREDEVI-000001,classic,0.72,CORPUS_ESCOFFIER_1907,"relevé dans 9 recettes du Guide culinaire d'Escoffier (1907, domaine public), lift 2,6"
CP-0875,ING-ANIMAL-UFDEPOULE-000001,ING-FERMENT-CORNICHONAIG-000001,classic,0.71,CORPUS_ESCOFFIER_1907,"relevé dans 9 recettes du Guide culinaire d'Escoffier (1907, domaine public), lift 2,6"
CP-0876,ING-PLANT-RAISINSEC-000001,ING-PLANT-VANILLEGOUSS-000001,classic,0.73,CORPUS_ESCOFFIER_1907,"relevé dans 9 recettes du Guide culinaire d'Escoffier (1907, domaine public), lift 2,9"
CP-0877,ING-PLANT-FRAISE-000001,ING-PLANT-RAISINSEC-000001,classic,0.87,CORPUS_ESCOFFIER_1907,"relevé dans 9 recettes du Guide culinaire d'Escoffier (1907, domaine public), lift 6,4"
CP-0878,ING-BEV-CHAMPAGNEBRU-000001,ING-BEV-VINBLANCSEC-000001,classic,0.85,CORPUS_ESCOFFIER_1907,"relevé dans 9 recettes du Guide culinaire d'Escoffier (1907, domaine public), lift 5,5"
CP-0879,ING-BEV-EAUDEVIEDEVI-000001,ING-PLANT-CITRONJAUNE-000001,classic,0.69,CORPUS_ESCOFFIER_1907,"relevé dans 9 recettes du Guide culinaire d'Escoffier (1907, domaine public), lift 2,3"
CP-0880,ING-ANIMAL-JAUNEDUF-000001,ING-DAIRY-PARMIGIANORE-000001,classic,0.67,CORPUS_ESCOFFIER_1907,"relevé dans 9 recettes du Guide culinaire d'Escoffier (1907, domaine public), lift 2,0"
CP-0881,ING-ANIMAL-FAISANVIANDE-000001,ING-FUNGUS-CHAMPIGNONDE-000001,classic,0.69,CORPUS_ESCOFFIER_1907,"relevé dans 9 recettes du Guide culinaire d'Escoffier (1907, domaine public), lift 2,2"
CP-0882,ING-ANIMAL-BUFVIANDE-000001,ING-BEV-EAUDEVIEDEVI-000001,classic,0.74,CORPUS_ESCOFFIER_1907,"relevé dans 9 recettes du Guide culinaire d'Escoffier (1907, domaine public), lift 3,0"
CP-0883,ING-PLANT-ANANAS-000001,ING-PLANT-PCHE-000001,classic,0.92,CORPUS_ESCOFFIER_1907,"relevé dans 9 recettes du Guide culinaire d'Escoffier (1907, domaine public), lift 10,7"
CP-0884,ING-PLANT-CERFEUIL-000001,ING-PLANT-CLERIBRANCHE-000001,classic,0.76,CORPUS_ESCOFFIER_1907,"relevé dans 9 recettes du Guide culinaire d'Escoffier (1907, domaine public), lift 3,3"
CP-0885,ING-DAIRY-LAITENTIER-000001,ING-PLANT-ABRICOT-000001,classic,0.66,CORPUS_ESCOFFIER_1907,"relevé dans 9 recettes du Guide culinaire d'Escoffier (1907, domaine public), lift 1,9"
CP-0886,ING-ANIMAL-BLANCDUF-000001,ING-ANIMAL-POULETVIANDE-000001,classic,0.65,CORPUS_ESCOFFIER_1907,"relevé dans 9 recettes du Guide culinaire d'Escoffier (1907, domaine public), lift 1,8"
CP-0887,ING-FUNGUS-CHAMPIGNONDE-000001,ING-PLANT-CHTAIGNE-000001,classic,0.70,CORPUS_ESCOFFIER_1907,"relevé dans 9 recettes du Guide culinaire d'Escoffier (1907, domaine public), lift 2,4"
CP-0888,ING-MARINE-SAUMON-000001,ING-TECH-HUILEDOLIVE-000001,classic,0.72,CORPUS_ESCOFFIER_1907,"relevé dans 9 recettes du Guide culinaire d'Escoffier (1907, domaine public), lift 2,7"
CP-0889,ING-PLANT-NAVET-000001,ING-PLANT-POIREAU-000001,classic,0.92,CORPUS_ESCOFFIER_1907,"relevé dans 9 recettes du Guide culinaire d'Escoffier (1907, domaine public), lift 12,8"
CP-0890,ING-BEV-PORTO-000001,ING-TECH-SUCREBLANC-000001,classic,0.78,CORPUS_ESCOFFIER_1907,"relevé dans 9 recettes du Guide culinaire d'Escoffier (1907, domaine public), lift 3,9"
CP-0891,ING-PLANT-CERISE-000001,ING-PLANT-ORANGE-000001,classic,0.81,CORPUS_ESCOFFIER_1907,"relevé dans 9 recettes du Guide culinaire d'Escoffier (1907, domaine public), lift 4,5"
CP-0892,ING-PLANT-AIL-000001,ING-PLANT-CHALOTE-000001,classic,0.86,CORPUS_ESCOFFIER_1907,"relevé dans 9 recettes du Guide culinaire d'Escoffier (1907, domaine public), lift 6,1"
CP-0893,ING-ANIMAL-MOUTONVIANDE-000001,ING-PLANT-TOMATE-000001,classic,0.68,CORPUS_ESCOFFIER_1907,"relevé dans 9 recettes du Guide culinaire d'Escoffier (1907, domaine public), lift 2,1"
CP-0894,ING-COND-MOUTARDEDEDI-000001,ING-PLANT-CITRONJAUNE-000001,classic,0.83,CORPUS_ESCOFFIER_1907,"relevé dans 9 recettes du Guide culinaire d'Escoffier (1907, domaine public), lift 4,9"
CP-0895,ING-PLANT-ORANGE-000001,ING-PLANT-RAISINSEC-000001,classic,0.85,CORPUS_ESCOFFIER_1907,"relevé dans 9 recettes du Guide culinaire d'Escoffier (1907, domaine public), lift 5,6"
CP-0896,ING-ANIMAL-BUFVIANDE-000001,ING-PLANT-NAVET-000001,classic,0.80,CORPUS_ESCOFFIER_1907,"relevé dans 9 recettes du Guide culinaire d'Escoffier (1907, domaine public), lift 4,3"
CP-0897,ING-BEV-VINBLANCSEC-000001,ING-PLANT-PIMENTDECAYE-000001,classic,0.74,CORPUS_ESCOFFIER_1907,"relevé dans 9 recettes du Guide culinaire d'Escoffier (1907, domaine public), lift 3,0"
CP-0898,ING-MARINE-HARENG-000001,ING-PLANT-PERSIL-000001,classic,0.82,CORPUS_ESCOFFIER_1907,"relevé dans 9 recettes du Guide culinaire d'Escoffier (1907, domaine public), lift 4,6"
CP-0899,ING-BEV-VINROUGE-000001,ING-PLANT-CAROTTE-000001,classic,0.81,CORPUS_ESCOFFIER_1907,"relevé dans 8 recettes du Guide culinaire d'Escoffier (1907, domaine public), lift 4,4"
CP-0900,ING-PLANT-AIL-000001,ING-PLANT-NAVET-000001,classic,0.83,CORPUS_ESCOFFIER_1907,"relevé dans 8 recettes du Guide culinaire d'Escoffier (1907, domaine public), lift 5,0"
CP-0901,ING-ANIMAL-MOUTONVIANDE-000001,ING-PLANT-CAROTTE-000001,classic,0.72,CORPUS_ESCOFFIER_1907,"relevé dans 8 recettes du Guide culinaire d'Escoffier (1907, domaine public), lift 2,8"
CP-0902,ING-DAIRY-GRUYRE-000001,ING-TECH-SELFIN-000001,classic,0.72,CORPUS_ESCOFFIER_1907,"relevé dans 8 recettes du Guide culinaire d'Escoffier (1907, domaine public), lift 2,7"
CP-0903,ING-BEV-VINBLANCSEC-000001,ING-MARINE-HOMARD-000001,classic,0.68,CORPUS_ESCOFFIER_1907,"relevé dans 8 recettes du Guide culinaire d'Escoffier (1907, domaine public), lift 2,1"
CP-0904,ING-FUNGUS-CHAMPIGNONDE-000001,ING-MARINE-SAUMON-000001,classic,0.64,CORPUS_ESCOFFIER_1907,"relevé dans 8 recettes du Guide culinaire d'Escoffier (1907, domaine public), lift 1,7"
CP-0905,ING-PLANT-LAURIER-000001,ING-TECH-HUILEDOLIVE-000001,classic,0.74,CORPUS_ESCOFFIER_1907,"relevé dans 8 recettes du Guide culinaire d'Escoffier (1907, domaine public), lift 2,9"
CP-0906,ING-ANIMAL-BUFVIANDE-000001,ING-ANIMAL-PORCVIANDE-000001,classic,0.75,CORPUS_ESCOFFIER_1907,"relevé dans 8 recettes du Guide culinaire d'Escoffier (1907, domaine public), lift 3,2"
CP-0907,ING-ANIMAL-MOUTONVIANDE-000001,ING-FUNGUS-CHAMPIGNONDE-000001,classic,0.63,CORPUS_ESCOFFIER_1907,"relevé dans 8 recettes du Guide culinaire d'Escoffier (1907, domaine public), lift 1,6"
CP-0908,ING-MARINE-HARENG-000001,ING-TECH-VINAIGREDEVI-000001,classic,0.92,CORPUS_ESCOFFIER_1907,"relevé dans 8 recettes du Guide culinaire d'Escoffier (1907, domaine public), lift 14,8"
CP-0909,ING-ANIMAL-MOUTONVIANDE-000001,ING-PLANT-CLOUDEGIROFL-000001,classic,0.91,CORPUS_ESCOFFIER_1907,"relevé dans 8 recettes du Guide culinaire d'Escoffier (1907, domaine public), lift 7,8"
CP-0910,ING-FERMENT-CORNICHONAIG-000001,ING-FUNGUS-TRUFFENOIRE-000001,classic,0.71,CORPUS_ESCOFFIER_1907,"relevé dans 8 recettes du Guide culinaire d'Escoffier (1907, domaine public), lift 2,5"
CP-0911,ING-BEV-PORTO-000001,ING-BEV-XRSSHERRY-000001,classic,0.92,CORPUS_ESCOFFIER_1907,"relevé dans 8 recettes du Guide culinaire d'Escoffier (1907, domaine public), lift 63,2"
CP-0912,ING-PLANT-PIMENTDECAYE-000001,ING-PLANT-TOMATE-000001,classic,0.65,CORPUS_ESCOFFIER_1907,"relevé dans 8 recettes du Guide culinaire d'Escoffier (1907, domaine public), lift 1,8"
CP-0913,ING-ANIMAL-VEAUVIANDE-000001,ING-PLANT-POIREAU-000001,classic,0.77,CORPUS_ESCOFFIER_1907,"relevé dans 8 recettes du Guide culinaire d'Escoffier (1907, domaine public), lift 3,5"
CP-0914,ING-ANIMAL-JAUNEDUF-000001,ING-PLANT-AMANDE-000001,classic,0.69,CORPUS_ESCOFFIER_1907,"relevé dans 8 recettes du Guide culinaire d'Escoffier (1907, domaine public), lift 2,2"
CP-0915,ING-PLANT-AMANDE-000001,ING-PLANT-POMME-000001,classic,0.75,CORPUS_ESCOFFIER_1907,"relevé dans 8 recettes du Guide culinaire d'Escoffier (1907, domaine public), lift 3,2"
CP-0916,ING-FERMENT-OLIVENOIREEN-000001,ING-TECH-HUILEDOLIVE-000001,classic,0.66,CORPUS_ESCOFFIER_1907,"relevé dans 8 recettes du Guide culinaire d'Escoffier (1907, domaine public), lift 1,9"
CP-0917,ING-MARINE-HARENG-000001,ING-PLANT-CERFEUIL-000001,classic,0.92,CORPUS_ESCOFFIER_1907,"relevé dans 8 recettes du Guide culinaire d'Escoffier (1907, domaine public), lift 10,4"
CP-0918,ING-PLANT-CERFEUIL-000001,ING-PLANT-PIMENTDECAYE-000001,classic,0.77,CORPUS_ESCOFFIER_1907,"relevé dans 8 recettes du Guide culinaire d'Escoffier (1907, domaine public), lift 3,5"
CP-0919,ING-FUNGUS-CHAMPIGNONDE-000001,ING-PLANT-CLOUDEGIROFL-000001,classic,0.67,CORPUS_ESCOFFIER_1907,"relevé dans 8 recettes du Guide culinaire d'Escoffier (1907, domaine public), lift 2,0"
CP-0920,ING-ANIMAL-UFDEPOULE-000001,ING-FERMENT-CONCENTRDETO-000001,classic,0.62,CORPUS_ESCOFFIER_1907,"relevé dans 8 recettes du Guide culinaire d'Escoffier (1907, domaine public), lift 1,5"
CP-0921,ING-ANIMAL-CANARDVIANDE-000001,ING-PLANT-OIGNON-000001,classic,0.67,CORPUS_ESCOFFIER_1907,"relevé dans 8 recettes du Guide culinaire d'Escoffier (1907, domaine public), lift 2,0"
CP-0922,ING-FERMENT-CAPRE-000001,ING-TECH-HUILEDOLIVE-000001,classic,0.87,CORPUS_ESCOFFIER_1907,"relevé dans 8 recettes du Guide culinaire d'Escoffier (1907, domaine public), lift 6,4"
CP-0923,ING-PLANT-POIREAU-000001,ING-TECH-SUCREBLANC-000001,classic,0.72,CORPUS_ESCOFFIER_1907,"relevé dans 8 recettes du Guide culinaire d'Escoffier (1907, domaine public), lift 2,6"
CP-0924,ING-PLANT-AMANDE-000001,ING-PLANT-FRAMBOISE-000001,classic,0.90,CORPUS_ESCOFFIER_1907,"relevé dans 8 recettes du Guide culinaire d'Escoffier (1907, domaine public), lift 7,8"
CP-0925,ING-PLANT-CHOUBLANC-000001,ING-PLANT-POMMEDETERRE-000001,classic,0.75,CORPUS_ESCOFFIER_1907,"relevé dans 8 recettes du Guide culinaire d'Escoffier (1907, domaine public), lift 3,3"
CP-0926,ING-PLANT-CITRONJAUNE-000001,ING-PLANT-PIMENTDECAYE-000001,classic,0.73,CORPUS_ESCOFFIER_1907,"relevé dans 8 recettes du Guide culinaire d'Escoffier (1907, domaine public), lift 2,9"
CP-0927,ING-DAIRY-BEURREDOUX-000001,ING-PLANT-LENTILLEVERT-000002,classic,0.63,CORPUS_ESCOFFIER_1907,"relevé dans 8 recettes du Guide culinaire d'Escoffier (1907, domaine public), lift 1,6"
CP-0928,ING-PLANT-AMANDE-000001,ING-PLANT-RAISINSEC-000001,classic,0.91,CORPUS_ESCOFFIER_1907,"relevé dans 8 recettes du Guide culinaire d'Escoffier (1907, domaine public), lift 8,1"
CP-0929,ING-PLANT-PIMENTDECAYE-000001,ING-TECH-HUILEDOLIVE-000001,classic,0.68,CORPUS_ESCOFFIER_1907,"relevé dans 8 recettes du Guide culinaire d'Escoffier (1907, domaine public), lift 2,2"
CP-0930,ING-PLANT-COURGETTE-000001,ING-PLANT-PERSIL-000001,classic,0.73,CORPUS_ESCOFFIER_1907,"relevé dans 8 recettes du Guide culinaire d'Escoffier (1907, domaine public), lift 2,8"
CP-0931,ING-PLANT-AMANDE-000001,ING-PLANT-PCHE-000001,classic,0.90,CORPUS_ESCOFFIER_1907,"relevé dans 8 recettes du Guide culinaire d'Escoffier (1907, domaine public), lift 7,5"
CP-0932,ING-DAIRY-LAITENTIER-000001,ING-PLANT-ORANGE-000001,classic,0.63,CORPUS_ESCOFFIER_1907,"relevé dans 8 recettes du Guide culinaire d'Escoffier (1907, domaine public), lift 1,6"
CP-0933,ING-PLANT-LAITUE-000001,ING-PLANT-OIGNON-000001,classic,0.65,CORPUS_ESCOFFIER_1907,"relevé dans 8 recettes du Guide culinaire d'Escoffier (1907, domaine public), lift 1,8"
CP-0934,ING-DAIRY-LAITENTIER-000001,ING-PLANT-NOISETTE-000001,classic,0.75,CORPUS_ESCOFFIER_1907,"relevé dans 8 recettes du Guide culinaire d'Escoffier (1907, domaine public), lift 3,2"
CP-0935,ING-PLANT-PCHE-000001,ING-PLANT-RAISINSEC-000001,classic,0.92,CORPUS_ESCOFFIER_1907,"relevé dans 8 recettes du Guide culinaire d'Escoffier (1907, domaine public), lift 9,5"
CP-0936,ING-PLANT-CITRONJAUNE-000001,ING-TECH-VINAIGREDEVI-000001,classic,0.71,CORPUS_ESCOFFIER_1907,"relevé dans 8 recettes du Guide culinaire d'Escoffier (1907, domaine public), lift 2,6"
CP-0937,ING-MARINE-HOMARD-000001,ING-PLANT-ESTRAGON-000001,classic,0.82,CORPUS_ESCOFFIER_1907,"relevé dans 8 recettes du Guide culinaire d'Escoffier (1907, domaine public), lift 4,7"
CP-0938,ING-ANIMAL-BUFVIANDE-000001,ING-PLANT-AIL-000001,classic,0.75,CORPUS_ESCOFFIER_1907,"relevé dans 8 recettes du Guide culinaire d'Escoffier (1907, domaine public), lift 3,2"
CP-0939,ING-FUNGUS-CHAMPIGNONDE-000001,ING-PLANT-NOIX-000001,classic,0.75,CORPUS_ESCOFFIER_1907,"relevé dans 8 recettes du Guide culinaire d'Escoffier (1907, domaine public), lift 3,1"
CP-0940,ING-ANIMAL-PORCVIANDE-000001,ING-FERMENT-OLIVENOIREEN-000001,classic,0.80,CORPUS_ESCOFFIER_1907,"relevé dans 8 recettes du Guide culinaire d'Escoffier (1907, domaine public), lift 4,3"
CP-0941,ING-BEV-MADRE-000001,ING-BEV-PORTO-000001,classic,0.92,CORPUS_ESCOFFIER_1907,"relevé dans 8 recettes du Guide culinaire d'Escoffier (1907, domaine public), lift 11,0"
CP-0942,ING-MARINE-HARENG-000001,ING-TECH-HUILEDOLIVE-000001,classic,0.87,CORPUS_ESCOFFIER_1907,"relevé dans 8 recettes du Guide culinaire d'Escoffier (1907, domaine public), lift 6,4"
CP-0943,ING-ANIMAL-VEAUVIANDE-000001,ING-PLANT-CLOUDEGIROFL-000001,classic,0.70,CORPUS_ESCOFFIER_1907,"relevé dans 8 recettes du Guide culinaire d'Escoffier (1907, domaine public), lift 2,4"
CP-0944,ING-ANIMAL-SAINDOUX-000001,ING-FUNGUS-CHAMPIGNONDE-000001,classic,0.64,CORPUS_ESCOFFIER_1907,"relevé dans 8 recettes du Guide culinaire d'Escoffier (1907, domaine public), lift 1,7"
CP-0945,ING-ANIMAL-VEAUVIANDE-000001,ING-FERMENT-OLIVENOIREEN-000001,classic,0.63,CORPUS_ESCOFFIER_1907,"relevé dans 8 recettes du Guide culinaire d'Escoffier (1907, domaine public), lift 1,6"
CP-0946,ING-PLANT-CLOUDEGIROFL-000001,ING-PLANT-NAVET-000001,classic,0.90,CORPUS_ESCOFFIER_1907,"relevé dans 8 recettes du Guide culinaire d'Escoffier (1907, domaine public), lift 7,7"
CP-0947,ING-ANIMAL-UFDEPOULE-000001,ING-TECH-CHOCOLATNOIR-000001,classic,0.62,CORPUS_ESCOFFIER_1907,"relevé dans 8 recettes du Guide culinaire d'Escoffier (1907, domaine public), lift 1,5"
CP-0948,ING-PLANT-CHALOTE-000001,ING-PLANT-CITRONJAUNE-000001,classic,0.75,CORPUS_ESCOFFIER_1907,"relevé dans 8 recettes du Guide culinaire d'Escoffier (1907, domaine public), lift 3,2"
CP-0949,ING-MARINE-TRUITE-000001,ING-PLANT-PERSIL-000001,classic,0.77,CORPUS_ESCOFFIER_1907,"relevé dans 8 recettes du Guide culinaire d'Escoffier (1907, domaine public), lift 3,6"
CP-0950,ING-PLANT-AMANDE-000001,ING-TECH-CHOCOLATNOIR-000001,classic,0.92,CORPUS_ESCOFFIER_1907,"relevé dans 8 recettes du Guide culinaire d'Escoffier (1907, domaine public), lift 12,1"
CP-0951,ING-FUNGUS-CHAMPIGNONDE-000001,ING-MARINE-CREVETTE-000001,classic,0.74,CORPUS_ESCOFFIER_1907,"relevé dans 8 recettes du Guide culinaire d'Escoffier (1907, domaine public), lift 2,9"
CP-0952,ING-FERMENT-OLIVENOIREEN-000001,ING-PLANT-AIL-000001,classic,0.80,CORPUS_ESCOFFIER_1907,"relevé dans 8 recettes du Guide culinaire d'Escoffier (1907, domaine public), lift 4,3"
CP-0953,ING-ANIMAL-BUFVIANDE-000001,ING-TECH-FARINEDEBLTE-000001,classic,0.67,CORPUS_ESCOFFIER_1907,"relevé dans 8 recettes du Guide culinaire d'Escoffier (1907, domaine public), lift 2,0"
CP-0954,ING-FERMENT-OLIVENOIREEN-000001,ING-PLANT-POIVRENOIR-000001,classic,0.64,CORPUS_ESCOFFIER_1907,"relevé dans 8 recettes du Guide culinaire d'Escoffier (1907, domaine public), lift 1,7"
CP-0955,ING-FERMENT-CAPRE-000001,ING-PLANT-CERFEUIL-000001,classic,0.92,CORPUS_ESCOFFIER_1907,"relevé dans 8 recettes du Guide culinaire d'Escoffier (1907, domaine public), lift 10,4"
CP-0956,ING-TECH-GLATINE-000001,ING-TECH-SELFIN-000001,classic,0.69,CORPUS_ESCOFFIER_1907,"relevé dans 8 recettes du Guide culinaire d'Escoffier (1907, domaine public), lift 2,2"
CP-0957,ING-ANIMAL-PORCVIANDE-000001,ING-BEV-VINBLANCSEC-000001,classic,0.69,CORPUS_ESCOFFIER_1907,"relevé dans 8 recettes du Guide culinaire d'Escoffier (1907, domaine public), lift 2,3"
CP-0958,ING-BEV-PORTO-000001,ING-PLANT-ORANGE-000001,classic,0.92,CORPUS_ESCOFFIER_1907,"relevé dans 8 recettes du Guide culinaire d'Escoffier (1907, domaine public), lift 9,6"
CP-0959,ING-BEV-EAUDEVIEDEVI-000001,ING-BEV-RHUMBLANC-000001,classic,0.86,CORPUS_ESCOFFIER_1907,"relevé dans 8 recettes du Guide culinaire d'Escoffier (1907, domaine public), lift 5,9"
CP-0960,ING-PLANT-POISCUIT-000001,ING-TECH-FARINEDEBLTE-000001,classic,0.65,CORPUS_ESCOFFIER_1907,"relevé dans 8 recettes du Guide culinaire d'Escoffier (1907, domaine public), lift 1,8"
CP-0961,ING-PLANT-CITRONJAUNE-000001,ING-PLANT-GROSEILLE-000001,classic,0.75,CORPUS_ESCOFFIER_1907,"relevé dans 8 recettes du Guide culinaire d'Escoffier (1907, domaine public), lift 3,1"
CP-0962,ING-ANIMAL-JAUNEDUF-000001,ING-BEV-RHUMBLANC-000001,classic,0.75,CORPUS_ESCOFFIER_1907,"relevé dans 8 recettes du Guide culinaire d'Escoffier (1907, domaine public), lift 3,1"
CP-0963,ING-ANIMAL-JAUNEDUF-000001,ING-MARINE-ANCHOIS-000001,classic,0.71,CORPUS_ESCOFFIER_1907,"relevé dans 8 recettes du Guide culinaire d'Escoffier (1907, domaine public), lift 2,5"
CP-0964,ING-BEV-CAFFILTRE-000001,ING-BEV-RHUMBLANC-000001,classic,0.92,CORPUS_ESCOFFIER_1907,"relevé dans 8 recettes du Guide culinaire d'Escoffier (1907, domaine public), lift 15,8"
CP-0965,ING-PLANT-CHTAIGNE-000001,ING-PLANT-OIGNON-000001,classic,0.67,CORPUS_ESCOFFIER_1907,"relevé dans 8 recettes du Guide culinaire d'Escoffier (1907, domaine public), lift 2,0"
CP-0966,ING-ANIMAL-FAISANVIANDE-000001,ING-BEV-EAUDEVIEDEVI-000001,classic,0.83,CORPUS_ESCOFFIER_1907,"relevé dans 8 recettes du Guide culinaire d'Escoffier (1907, domaine public), lift 5,0"
CP-0967,ING-PLANT-CERISE-000001,ING-PLANT-RAISINSEC-000001,classic,0.91,CORPUS_ESCOFFIER_1907,"relevé dans 8 recettes du Guide culinaire d'Escoffier (1907, domaine public), lift 8,2"
CP-0968,ING-DAIRY-PARMIGIANORE-000001,ING-PLANT-MUSCADE-000001,classic,0.85,CORPUS_ESCOFFIER_1907,"relevé dans 8 recettes du Guide culinaire d'Escoffier (1907, domaine public), lift 5,6"
CP-0969,ING-ANIMAL-JAUNEDUF-000001,ING-MARINE-HOMARD-000001,classic,0.64,CORPUS_ESCOFFIER_1907,"relevé dans 8 recettes du Guide culinaire d'Escoffier (1907, domaine public), lift 1,7"
CP-0970,ING-ANIMAL-VEAUVIANDE-000001,ING-PLANT-NAVET-000001,classic,0.66,CORPUS_ESCOFFIER_1907,"relevé dans 8 recettes du Guide culinaire d'Escoffier (1907, domaine public), lift 1,8"
CP-0971,ING-PLANT-CLERIBRANCHE-000001,ING-PLANT-CLOUDEGIROFL-000001,classic,0.87,CORPUS_ESCOFFIER_1907,"relevé dans 8 recettes du Guide culinaire d'Escoffier (1907, domaine public), lift 6,2"
CP-0972,ING-ANIMAL-MOUTONVIANDE-000001,ING-PLANT-RIZ-000001,classic,0.68,CORPUS_ESCOFFIER_1907,"relevé dans 8 recettes du Guide culinaire d'Escoffier (1907, domaine public), lift 2,2"
CP-0973,ING-PLANT-CANNELLE-000001,ING-PLANT-CITRONJAUNE-000001,classic,0.92,CORPUS_ESCOFFIER_1907,"relevé dans 8 recettes du Guide culinaire d'Escoffier (1907, domaine public), lift 12,5"
CP-0974,ING-PLANT-CERFEUIL-000001,ING-PLANT-PINARD-000001,classic,0.85,CORPUS_ESCOFFIER_1907,"relevé dans 8 recettes du Guide culinaire d'Escoffier (1907, domaine public), lift 5,6"
CP-0975,ING-DAIRY-LAITENTIER-000001,ING-PLANT-PISTACHE-000001,classic,0.81,CORPUS_ESCOFFIER_1907,"relevé dans 8 recettes du Guide culinaire d'Escoffier (1907, domaine public), lift 4,6"
CP-0976,ING-PLANT-CLERIBRANCHE-000001,ING-PLANT-THYM-000001,classic,0.87,CORPUS_ESCOFFIER_1907,"relevé dans 8 recettes du Guide culinaire d'Escoffier (1907, domaine public), lift 6,5"
CP-0977,ING-BEV-VINBLANCSEC-000001,ING-PLANT-LAURIER-000001,classic,0.77,CORPUS_ESCOFFIER_1907,"relevé dans 8 recettes du Guide culinaire d'Escoffier (1907, domaine public), lift 3,6"
CP-0978,ING-PLANT-AMANDE-000001,ING-TECH-FARINEDEBLTE-000001,classic,0.75,CORPUS_ESCOFFIER_1907,"relevé dans 8 recettes du Guide culinaire d'Escoffier (1907, domaine public), lift 3,2"
CP-0979,ING-MARINE-HOMARD-000001,ING-MARINE-HUTRE-000001,classic,0.87,CORPUS_ESCOFFIER_1907,"relevé dans 8 recettes du Guide culinaire d'Escoffier (1907, domaine public), lift 6,4"
CP-0980,ING-ANIMAL-CANARDVIANDE-000001,ING-TECH-SELFIN-000001,classic,0.62,CORPUS_ESCOFFIER_1907,"relevé dans 8 recettes du Guide culinaire d'Escoffier (1907, domaine public), lift 1,5"
CP-0981,ING-MARINE-SOLE-000001,ING-MARINE-TRUITE-000001,classic,0.88,CORPUS_ESCOFFIER_1907,"relevé dans 8 recettes du Guide culinaire d'Escoffier (1907, domaine public), lift 6,9"
CP-0982,ING-PLANT-LAITUE-000001,ING-PLANT-RIZ-000001,classic,0.69,CORPUS_ESCOFFIER_1907,"relevé dans 7 recettes du Guide culinaire d'Escoffier (1907, domaine public), lift 2,3"
CP-0983,ING-FERMENT-CONCENTRDETO-000001,ING-PLANT-AIL-000001,classic,0.92,CORPUS_ESCOFFIER_1907,"relevé dans 7 recettes du Guide culinaire d'Escoffier (1907, domaine public), lift 8,6"
CP-0984,ING-DAIRY-CRMELIQUIDEE-000001,ING-PLANT-MANDARINE-000001,classic,0.62,CORPUS_ESCOFFIER_1907,"relevé dans 7 recettes du Guide culinaire d'Escoffier (1907, domaine public), lift 1,5"
CP-0985,ING-PLANT-LAITUE-000001,ING-PLANT-NAVET-000001,classic,0.87,CORPUS_ESCOFFIER_1907,"relevé dans 7 recettes du Guide culinaire d'Escoffier (1907, domaine public), lift 6,3"
CP-0986,ING-PLANT-CLERIBRANCHE-000001,ING-PLANT-LAITUE-000001,classic,0.83,CORPUS_ESCOFFIER_1907,"relevé dans 7 recettes du Guide culinaire d'Escoffier (1907, domaine public), lift 5,1"
CP-0987,ING-PLANT-CAROTTE-000001,ING-PLANT-LAITUE-000001,classic,0.73,CORPUS_ESCOFFIER_1907,"relevé dans 7 recettes du Guide culinaire d'Escoffier (1907, domaine public), lift 2,9"
CP-0988,ING-MARINE-HOMARD-000001,ING-PLANT-CURRYENPOUDR-000001,classic,0.88,CORPUS_ESCOFFIER_1907,"relevé dans 7 recettes du Guide culinaire d'Escoffier (1907, domaine public), lift 6,9"
CP-0989,ING-PLANT-ABRICOT-000001,ING-PLANT-ORANGE-000001,classic,0.68,CORPUS_ESCOFFIER_1907,"relevé dans 7 recettes du Guide culinaire d'Escoffier (1907, domaine public), lift 2,1"
CP-0990,ING-PLANT-NAVET-000001,ING-PLANT-RIZ-000001,classic,0.66,CORPUS_ESCOFFIER_1907,"relevé dans 7 recettes du Guide culinaire d'Escoffier (1907, domaine public), lift 1,9"
CP-0991,ING-MARINE-ANCHOIS-000001,ING-MARINE-HOMARD-000001,classic,0.82,CORPUS_ESCOFFIER_1907,"relevé dans 7 recettes du Guide culinaire d'Escoffier (1907, domaine public), lift 4,7"
CP-0992,ING-ANIMAL-JAUNEDUF-000001,ING-PLANT-CHALOTE-000001,classic,0.67,CORPUS_ESCOFFIER_1907,"relevé dans 7 recettes du Guide culinaire d'Escoffier (1907, domaine public), lift 2,1"
CP-0993,ING-MARINE-CREVISSE-000001,ING-MARINE-SAUMON-000001,classic,0.77,CORPUS_ESCOFFIER_1907,"relevé dans 7 recettes du Guide culinaire d'Escoffier (1907, domaine public), lift 3,5"
CP-0994,ING-PLANT-CERISE-000001,ING-PLANT-PCHE-000001,classic,0.88,CORPUS_ESCOFFIER_1907,"relevé dans 7 recettes du Guide culinaire d'Escoffier (1907, domaine public), lift 6,7"
CP-0995,ING-PLANT-CHOUFLEUR-000001,ING-PLANT-POISCUIT-000001,classic,0.92,CORPUS_ESCOFFIER_1907,"relevé dans 7 recettes du Guide culinaire d'Escoffier (1907, domaine public), lift 8,8"
CP-0996,ING-ANIMAL-SAINDOUX-000001,ING-TECH-FARINEDEBLTE-000001,classic,0.73,CORPUS_ESCOFFIER_1907,"relevé dans 7 recettes du Guide culinaire d'Escoffier (1907, domaine public), lift 2,9"
CP-0997,ING-FERMENT-CONCENTRDETO-000001,ING-TECH-SELFIN-000001,classic,0.66,CORPUS_ESCOFFIER_1907,"relevé dans 7 recettes du Guide culinaire d'Escoffier (1907, domaine public), lift 1,9"
CP-0998,ING-PLANT-ABRICOT-000001,ING-PLANT-CHTAIGNE-000001,classic,0.81,CORPUS_ESCOFFIER_1907,"relevé dans 7 recettes du Guide culinaire d'Escoffier (1907, domaine public), lift 4,5"
CP-0999,ING-PLANT-CAROTTE-000001,ING-PLANT-CHOUFLEUR-000001,classic,0.89,CORPUS_ESCOFFIER_1907,"relevé dans 7 recettes du Guide culinaire d'Escoffier (1907, domaine public), lift 7,1"
CP-1000,ING-PLANT-CIBOULETTE-000001,ING-TECH-SELFIN-000001,classic,0.74,CORPUS_ESCOFFIER_1907,"relevé dans 7 recettes du Guide culinaire d'Escoffier (1907, domaine public), lift 3,0"
CP-1001,ING-MARINE-HOMARD-000001,ING-PLANT-PIMENTDECAYE-000001,classic,0.79,CORPUS_ESCOFFIER_1907,"relevé dans 7 recettes du Guide culinaire d'Escoffier (1907, domaine public), lift 3,9"
CP-1002,ING-PLANT-PIMENTDECAYE-000001,ING-TECH-VINAIGREDEVI-000001,classic,0.81,CORPUS_ESCOFFIER_1907,"relevé dans 7 recettes du Guide culinaire d'Escoffier (1907, domaine public), lift 4,4"
CP-1003,ING-PLANT-GROSEILLE-000001,ING-PLANT-ORANGE-000001,classic,0.77,CORPUS_ESCOFFIER_1907,"relevé dans 7 recettes du Guide culinaire d'Escoffier (1907, domaine public), lift 3,5"
CP-1004,ING-ANIMAL-MOUTONVIANDE-000001,ING-PLANT-POIVRENOIR-000001,classic,0.65,CORPUS_ESCOFFIER_1907,"relevé dans 7 recettes du Guide culinaire d'Escoffier (1907, domaine public), lift 1,8"
CP-1005,ING-PLANT-ESTRAGON-000001,ING-PLANT-PIMENTDECAYE-000001,classic,0.83,CORPUS_ESCOFFIER_1907,"relevé dans 7 recettes du Guide culinaire d'Escoffier (1907, domaine public), lift 5,1"
CP-1006,ING-BEV-EAUDEVIEDEVI-000001,ING-MARINE-HOMARD-000001,classic,0.73,CORPUS_ESCOFFIER_1907,"relevé dans 7 recettes du Guide culinaire d'Escoffier (1907, domaine public), lift 2,8"
CP-1007,ING-BEV-VINBLANCSEC-000001,ING-PLANT-NOIX-000001,classic,0.82,CORPUS_ESCOFFIER_1907,"relevé dans 7 recettes du Guide culinaire d'Escoffier (1907, domaine public), lift 4,7"
CP-1008,ING-BEV-EAUDEVIEDEVI-000001,ING-TECH-FARINEDEBLTE-000001,classic,0.66,CORPUS_ESCOFFIER_1907,"relevé dans 7 recettes du Guide culinaire d'Escoffier (1907, domaine public), lift 1,9"
CP-1009,ING-PLANT-CLERIBRANCHE-000001,ING-TECH-HUILEDOLIVE-000001,classic,0.63,CORPUS_ESCOFFIER_1907,"relevé dans 7 recettes du Guide culinaire d'Escoffier (1907, domaine public), lift 1,6"
CP-1010,ING-ANIMAL-DINDEVIANDE-000001,ING-ANIMAL-POULETVIANDE-000001,classic,0.74,CORPUS_ESCOFFIER_1907,"relevé dans 7 recettes du Guide culinaire d'Escoffier (1907, domaine public), lift 3,1"
CP-1011,ING-FERMENT-CAPRE-000001,ING-TECH-SELFIN-000001,classic,0.73,CORPUS_ESCOFFIER_1907,"relevé dans 7 recettes du Guide culinaire d'Escoffier (1907, domaine public), lift 2,8"
CP-1012,ING-PLANT-AUBERGINE-000001,ING-PLANT-RIZ-000001,classic,0.83,CORPUS_ESCOFFIER_1907,"relevé dans 7 recettes du Guide culinaire d'Escoffier (1907, domaine public), lift 4,9"
CP-1013,ING-PLANT-COURGETTE-000001,ING-TECH-SELFIN-000001,classic,0.66,CORPUS_ESCOFFIER_1907,"relevé dans 7 recettes du Guide culinaire d'Escoffier (1907, domaine public), lift 1,9"
CP-1014,ING-BEV-EAUDEVIEDEVI-000001,ING-BEV-MADRE-000001,classic,0.72,CORPUS_ESCOFFIER_1907,"relevé dans 7 recettes du Guide culinaire d'Escoffier (1907, domaine public), lift 2,6"
CP-1015,ING-BEV-JUSDECITRON-000001,ING-MARINE-HUTRE-000001,classic,0.79,CORPUS_ESCOFFIER_1907,"relevé dans 7 recettes du Guide culinaire d'Escoffier (1907, domaine public), lift 4,0"
CP-1016,ING-ANIMAL-SAINDOUX-000001,ING-PLANT-TOMATE-000001,classic,0.64,CORPUS_ESCOFFIER_1907,"relevé dans 7 recettes du Guide culinaire d'Escoffier (1907, domaine public), lift 1,7"
CP-1017,ING-PLANT-LAURIER-000001,ING-TECH-VINAIGREDEVI-000001,classic,0.86,CORPUS_ESCOFFIER_1907,"relevé dans 7 recettes du Guide culinaire d'Escoffier (1907, domaine public), lift 5,9"
CP-1018,ING-ANIMAL-SAINDOUX-000001,ING-BEV-MADRE-000001,classic,0.79,CORPUS_ESCOFFIER_1907,"relevé dans 7 recettes du Guide culinaire d'Escoffier (1907, domaine public), lift 4,0"
CP-1019,ING-ANIMAL-MOUTONVIANDE-000001,ING-TECH-HUILEDOLIVE-000001,classic,0.67,CORPUS_ESCOFFIER_1907,"relevé dans 7 recettes du Guide culinaire d'Escoffier (1907, domaine public), lift 2,0"
CP-1020,ING-ANIMAL-BUFVIANDE-000001,ING-PLANT-CHOUBLANC-000001,classic,0.87,CORPUS_ESCOFFIER_1907,"relevé dans 7 recettes du Guide culinaire d'Escoffier (1907, domaine public), lift 6,4"
CP-1021,ING-PLANT-ABRICOT-000001,ING-PLANT-CITRONJAUNE-000001,classic,0.64,CORPUS_ESCOFFIER_1907,"relevé dans 7 recettes du Guide culinaire d'Escoffier (1907, domaine public), lift 1,7"
CP-1022,ING-PLANT-PISTACHE-000001,ING-PLANT-POMME-000001,classic,0.83,CORPUS_ESCOFFIER_1907,"relevé dans 7 recettes du Guide culinaire d'Escoffier (1907, domaine public), lift 4,9"
CP-1023,ING-MARINE-ANCHOIS-000001,ING-PLANT-PINARD-000001,classic,0.92,CORPUS_ESCOFFIER_1907,"relevé dans 7 recettes du Guide culinaire d'Escoffier (1907, domaine public), lift 9,4"
CP-1024,ING-BEV-JUSDECITRON-000001,ING-PLANT-POMME-000001,classic,0.62,CORPUS_ESCOFFIER_1907,"relevé dans 7 recettes du Guide culinaire d'Escoffier (1907, domaine public), lift 1,5"
CP-1025,ING-BEV-RHUMBLANC-000001,ING-PLANT-ABRICOT-000001,classic,0.82,CORPUS_ESCOFFIER_1907,"relevé dans 7 recettes du Guide culinaire d'Escoffier (1907, domaine public), lift 4,8"
CP-1026,ING-ANIMAL-PORCVIANDE-000001,ING-PLANT-LAURIER-000001,classic,0.85,CORPUS_ESCOFFIER_1907,"relevé dans 7 recettes du Guide culinaire d'Escoffier (1907, domaine public), lift 5,8"
CP-1027,ING-ANIMAL-SAINDOUX-000001,ING-BEV-VINROUGE-000001,classic,0.92,CORPUS_ESCOFFIER_1907,"relevé dans 7 recettes du Guide culinaire d'Escoffier (1907, domaine public), lift 8,9"
CP-1028,ING-BEV-CAFFILTRE-000001,ING-TECH-SUCREBLANC-000001,classic,0.69,CORPUS_ESCOFFIER_1907,"relevé dans 7 recettes du Guide culinaire d'Escoffier (1907, domaine public), lift 2,2"
CP-1029,ING-PLANT-CHOUBLANC-000001,ING-PLANT-POIVRENOIR-000001,classic,0.76,CORPUS_ESCOFFIER_1907,"relevé dans 7 recettes du Guide culinaire d'Escoffier (1907, domaine public), lift 3,4"
CP-1030,ING-ANIMAL-PORCVIANDE-000001,ING-ANIMAL-SAINDOUX-000001,classic,0.81,CORPUS_ESCOFFIER_1907,"relevé dans 7 recettes du Guide culinaire d'Escoffier (1907, domaine public), lift 4,6"
CP-1031,ING-PLANT-CLOUDEGIROFL-000001,ING-PLANT-POMMEDETERRE-000001,classic,0.66,CORPUS_ESCOFFIER_1907,"relevé dans 7 recettes du Guide culinaire d'Escoffier (1907, domaine public), lift 1,9"
CP-1032,ING-ANIMAL-SAINDOUX-000001,ING-PLANT-POIVRENOIR-000001,classic,0.66,CORPUS_ESCOFFIER_1907,"relevé dans 7 recettes du Guide culinaire d'Escoffier (1907, domaine public), lift 1,9"
CP-1033,ING-FERMENT-CAPRE-000001,ING-TECH-VINAIGREDEVI-000001,classic,0.92,CORPUS_ESCOFFIER_1907,"relevé dans 7 recettes du Guide culinaire d'Escoffier (1907, domaine public), lift 12,9"
CP-1034,ING-MARINE-HARENG-000001,ING-TECH-SELFIN-000001,classic,0.73,CORPUS_ESCOFFIER_1907,"relevé dans 7 recettes du Guide culinaire d'Escoffier (1907, domaine public), lift 2,8"
CP-1035,ING-PLANT-ABRICOT-000001,ING-TECH-CHOCOLATNOIR-000001,classic,0.88,CORPUS_ESCOFFIER_1907,"relevé dans 7 recettes du Guide culinaire d'Escoffier (1907, domaine public), lift 6,6"
CP-1036,ING-DAIRY-BEURREDOUX-000001,ING-MARINE-MAQUEREAU-000001,classic,0.69,CORPUS_ESCOFFIER_1907,"relevé dans 7 recettes du Guide culinaire d'Escoffier (1907, domaine public), lift 2,3"
CP-1037,ING-MARINE-HOMARD-000001,ING-MARINE-SAUMON-000001,classic,0.81,CORPUS_ESCOFFIER_1907,"relevé dans 7 recettes du Guide culinaire d'Escoffier (1907, domaine public), lift 4,4"
CP-1038,ING-MARINE-CREVETTE-000001,ING-MARINE-SAUMON-000001,classic,0.92,CORPUS_ESCOFFIER_1907,"relevé dans 7 recettes du Guide culinaire d'Escoffier (1907, domaine public), lift 10,5"
CP-1039,ING-MARINE-TRUITE-000001,ING-TECH-SELFIN-000001,classic,0.71,CORPUS_ESCOFFIER_1907,"relevé dans 7 recettes du Guide culinaire d'Escoffier (1907, domaine public), lift 2,5"
CP-1040,ING-PLANT-PISTACHE-000001,ING-TECH-SUCREBLANC-000001,classic,0.68,CORPUS_ESCOFFIER_1907,"relevé dans 7 recettes du Guide culinaire d'Escoffier (1907, domaine public), lift 2,1"
CP-1041,ING-BEV-RHUMBLANC-000001,ING-PLANT-RAISINSEC-000001,classic,0.92,CORPUS_ESCOFFIER_1907,"relevé dans 7 recettes du Guide culinaire d'Escoffier (1907, domaine public), lift 9,8"
CP-1042,ING-PLANT-CHOUBLANC-000001,ING-PLANT-CLERIBRANCHE-000001,classic,0.91,CORPUS_ESCOFFIER_1907,"relevé dans 7 recettes du Guide culinaire d'Escoffier (1907, domaine public), lift 8,1"
CP-1043,ING-BEV-JUSDECITRON-000001,ING-PLANT-AIL-000001,classic,0.71,CORPUS_ESCOFFIER_1907,"relevé dans 7 recettes du Guide culinaire d'Escoffier (1907, domaine public), lift 2,5"
CP-1044,ING-ANIMAL-RISDEVEAU-000001,ING-PLANT-POISCUIT-000001,classic,0.80,CORPUS_ESCOFFIER_1907,"relevé dans 7 recettes du Guide culinaire d'Escoffier (1907, domaine public), lift 4,3"
CP-1045,ING-FUNGUS-CHAMPIGNONDE-000001,ING-PLANT-MUSCADE-000001,classic,0.63,CORPUS_ESCOFFIER_1907,"relevé dans 7 recettes du Guide culinaire d'Escoffier (1907, domaine public), lift 1,6"
CP-1046,ING-ANIMAL-RISDEVEAU-000001,ING-BEV-MADRE-000001,classic,0.85,CORPUS_ESCOFFIER_1907,"relevé dans 7 recettes du Guide culinaire d'Escoffier (1907, domaine public), lift 5,6"
CP-1047,ING-PLANT-CURRYENPOUDR-000001,ING-PLANT-TOMATE-000001,classic,0.73,CORPUS_ESCOFFIER_1907,"relevé dans 7 recettes du Guide culinaire d'Escoffier (1907, domaine public), lift 2,8"
CP-1048,ING-PLANT-CHOUBLANC-000001,ING-PLANT-POISCUIT-000001,classic,0.85,CORPUS_ESCOFFIER_1907,"relevé dans 7 recettes du Guide culinaire d'Escoffier (1907, domaine public), lift 5,6"
CP-1049,ING-ANIMAL-MOUTONVIANDE-000001,ING-PLANT-POMMEDETERRE-000001,classic,0.62,CORPUS_ESCOFFIER_1907,"relevé dans 7 recettes du Guide culinaire d'Escoffier (1907, domaine public), lift 1,5"
CP-1050,ING-PLANT-PERSIL-000001,ING-PLANT-POIREAU-000001,classic,0.70,CORPUS_ESCOFFIER_1907,"relevé dans 7 recettes du Guide culinaire d'Escoffier (1907, domaine public), lift 2,4"
CP-1051,ING-PLANT-ORANGE-000001,ING-PLANT-PCHE-000001,classic,0.79,CORPUS_ESCOFFIER_1907,"relevé dans 7 recettes du Guide culinaire d'Escoffier (1907, domaine public), lift 4,0"
CP-1052,ING-ANIMAL-VEAUVIANDE-000001,ING-PLANT-CHALOTE-000001,classic,0.65,CORPUS_ESCOFFIER_1907,"relevé dans 7 recettes du Guide culinaire d'Escoffier (1907, domaine public), lift 1,8"
CP-1053,ING-PLANT-THYM-000001,ING-TECH-HUILEDOLIVE-000001,classic,0.72,CORPUS_ESCOFFIER_1907,"relevé dans 7 recettes du Guide culinaire d'Escoffier (1907, domaine public), lift 2,6"
CP-1054,ING-BEV-MADRE-000001,ING-PLANT-CAROTTE-000001,classic,0.65,CORPUS_ESCOFFIER_1907,"relevé dans 7 recettes du Guide culinaire d'Escoffier (1907, domaine public), lift 1,7"
CP-1055,ING-PLANT-ABRICOT-000001,ING-PLANT-PISTACHE-000001,classic,0.86,CORPUS_ESCOFFIER_1907,"relevé dans 7 recettes du Guide culinaire d'Escoffier (1907, domaine public), lift 6,0"
CP-1056,ING-BEV-VINROUGE-000001,ING-PLANT-POIVRENOIR-000001,classic,0.73,CORPUS_ESCOFFIER_1907,"relevé dans 7 recettes du Guide culinaire d'Escoffier (1907, domaine public), lift 2,8"
CP-1057,ING-BEV-CHAMPAGNEBRU-000001,ING-BEV-MADRE-000001,classic,0.88,CORPUS_ESCOFFIER_1907,"relevé dans 7 recettes du Guide culinaire d'Escoffier (1907, domaine public), lift 6,9"
CP-1058,ING-MARINE-SAUMON-000001,ING-PLANT-CONCOMBRE-000001,classic,0.92,CORPUS_ESCOFFIER_1907,"relevé dans 7 recettes du Guide culinaire d'Escoffier (1907, domaine public), lift 8,7"
CP-1059,ING-BEV-KIRSCH-000001,ING-PLANT-PISTACHE-000001,classic,0.82,CORPUS_ESCOFFIER_1907,"relevé dans 7 recettes du Guide culinaire d'Escoffier (1907, domaine public), lift 4,9"
CP-1060,ING-ANIMAL-VEAUVIANDE-000001,ING-BEV-CHAMPAGNEBRU-000001,classic,0.73,CORPUS_ESCOFFIER_1907,"relevé dans 7 recettes du Guide culinaire d'Escoffier (1907, domaine public), lift 2,9"
CP-1061,ING-PLANT-AIL-000001,ING-TECH-VINAIGREDEVI-000001,classic,0.78,CORPUS_ESCOFFIER_1907,"relevé dans 7 recettes du Guide culinaire d'Escoffier (1907, domaine public), lift 3,8"
CP-1062,ING-DAIRY-BEURREDOUX-000001,ING-TECH-AMIDONDEPOMM-000001,classic,0.64,CORPUS_ESCOFFIER_1907,"relevé dans 7 recettes du Guide culinaire d'Escoffier (1907, domaine public), lift 1,7"
CP-1063,ING-PLANT-CLERIBRANCHE-000001,ING-PLANT-LAURIER-000001,classic,0.85,CORPUS_ESCOFFIER_1907,"relevé dans 7 recettes du Guide culinaire d'Escoffier (1907, domaine public), lift 5,5"
CP-1064,ING-ANIMAL-CANARDVIANDE-000001,ING-BEV-MADRE-000001,classic,0.83,CORPUS_ESCOFFIER_1907,"relevé dans 7 recettes du Guide culinaire d'Escoffier (1907, domaine public), lift 5,1"
CP-1065,ING-ANIMAL-CANARDVIANDE-000001,ING-PLANT-POIVRENOIR-000001,classic,0.70,CORPUS_ESCOFFIER_1907,"relevé dans 7 recettes du Guide culinaire d'Escoffier (1907, domaine public), lift 2,4"
CP-1066,ING-COND-MOUTARDEDEDI-000001,ING-PLANT-PERSIL-000001,classic,0.66,CORPUS_ESCOFFIER_1907,"relevé dans 7 recettes du Guide culinaire d'Escoffier (1907, domaine public), lift 1,9"
CP-1067,ING-DAIRY-GRUYRE-000001,ING-PLANT-PIMENTDECAYE-000001,classic,0.92,CORPUS_ESCOFFIER_1907,"relevé dans 7 recettes du Guide culinaire d'Escoffier (1907, domaine public), lift 12,3"
CP-1068,ING-BEV-THNOIR-000001,ING-PLANT-ORANGE-000001,classic,0.92,CORPUS_ESCOFFIER_1907,"relevé dans 7 recettes du Guide culinaire d'Escoffier (1907, domaine public), lift 16,1"
CP-1069,ING-BEV-EAUDEVIEDEVI-000001,ING-PLANT-ORANGE-000001,classic,0.69,CORPUS_ESCOFFIER_1907,"relevé dans 7 recettes du Guide culinaire d'Escoffier (1907, domaine public), lift 2,3"
CP-1070,ING-PLANT-FRAISE-000001,ING-TECH-CHOCOLATNOIR-000001,classic,0.90,CORPUS_ESCOFFIER_1907,"relevé dans 7 recettes du Guide culinaire d'Escoffier (1907, domaine public), lift 7,5"
CP-1071,ING-ANIMAL-MOUTONVIANDE-000001,ING-TECH-FARINEDEBLTE-000001,classic,0.73,CORPUS_ESCOFFIER_1907,"relevé dans 7 recettes du Guide culinaire d'Escoffier (1907, domaine public), lift 2,8"
CP-1072,ING-BEV-VINROUGE-000001,ING-TECH-SELFIN-000001,classic,0.63,CORPUS_ESCOFFIER_1907,"relevé dans 7 recettes du Guide culinaire d'Escoffier (1907, domaine public), lift 1,6"
CP-1073,ING-PLANT-LAITUE-000001,ING-PLANT-PERSIL-000001,classic,0.62,CORPUS_ESCOFFIER_1907,"relevé dans 7 recettes du Guide culinaire d'Escoffier (1907, domaine public), lift 1,5"
CP-1074,ING-PLANT-AIL-000001,ING-TECH-FARINEDEBLTE-000001,classic,0.69,CORPUS_ESCOFFIER_1907,"relevé dans 7 recettes du Guide culinaire d'Escoffier (1907, domaine public), lift 2,3"
CP-1075,ING-FUNGUS-CHAMPIGNONDE-000001,ING-MARINE-ANCHOIS-000001,classic,0.63,CORPUS_ESCOFFIER_1907,"relevé dans 7 recettes du Guide culinaire d'Escoffier (1907, domaine public), lift 1,6"
CP-1076,ING-PLANT-THYM-000001,ING-TECH-SUCREBLANC-000001,classic,0.63,CORPUS_ESCOFFIER_1907,"relevé dans 7 recettes du Guide culinaire d'Escoffier (1907, domaine public), lift 1,6"
CP-1077,ING-ANIMAL-BUFVIANDE-000001,ING-TECH-VINAIGREDEVI-000001,classic,0.73,CORPUS_ESCOFFIER_1907,"relevé dans 7 recettes du Guide culinaire d'Escoffier (1907, domaine public), lift 2,9"
CP-1078,ING-MARINE-HOMARD-000001,ING-TECH-HUILEDOLIVE-000001,classic,0.62,CORPUS_ESCOFFIER_1907,"relevé dans 7 recettes du Guide culinaire d'Escoffier (1907, domaine public), lift 1,5"
CP-1079,ING-BEV-EAUDEVIEDEVI-000001,ING-PLANT-LAURIER-000001,classic,0.82,CORPUS_ESCOFFIER_1907,"relevé dans 7 recettes du Guide culinaire d'Escoffier (1907, domaine public), lift 4,7"
CP-1080,ING-ANIMAL-POULETVIANDE-000001,ING-PLANT-POIVRONROUGE-000001,classic,0.73,CORPUS_ESCOFFIER_1907,"relevé dans 6 recettes du Guide culinaire d'Escoffier (1907, domaine public), lift 2,8"
CP-1081,ING-BEV-CHAMPAGNEBRU-000001,ING-PLANT-CITRONJAUNE-000001,classic,0.79,CORPUS_ESCOFFIER_1907,"relevé dans 6 recettes du Guide culinaire d'Escoffier (1907, domaine public), lift 4,0"
CP-1082,ING-PLANT-POMME-000001,ING-PLANT-SAUGE-000001,classic,0.92,CORPUS_ESCOFFIER_1907,"relevé dans 6 recettes du Guide culinaire d'Escoffier (1907, domaine public), lift 12,3"
CP-1083,ING-BEV-THNOIR-000001,ING-TECH-SUCREBLANC-000001,classic,0.83,CORPUS_ESCOFFIER_1907,"relevé dans 6 recettes du Guide culinaire d'Escoffier (1907, domaine public), lift 5,0"
CP-1084,ING-ANIMAL-BLANCDUF-000001,ING-PLANT-ORANGE-000001,classic,0.83,CORPUS_ESCOFFIER_1907,"relevé dans 6 recettes du Guide culinaire d'Escoffier (1907, domaine public), lift 5,1"
CP-1085,ING-ANIMAL-BLANCDUF-000001,ING-PLANT-VANILLEGOUSS-000001,classic,0.72,CORPUS_ESCOFFIER_1907,"relevé dans 6 recettes du Guide culinaire d'Escoffier (1907, domaine public), lift 2,6"
CP-1086,ING-BEV-RHUMBLANC-000001,ING-TECH-FARINEDEBLTE-000001,classic,0.76,CORPUS_ESCOFFIER_1907,"relevé dans 6 recettes du Guide culinaire d'Escoffier (1907, domaine public), lift 3,3"
CP-1087,ING-ANIMAL-PORCVIANDE-000001,ING-PLANT-MUSCADE-000001,classic,0.80,CORPUS_ESCOFFIER_1907,"relevé dans 6 recettes du Guide culinaire d'Escoffier (1907, domaine public), lift 4,3"
CP-1088,ING-BEV-VINROUGE-000001,ING-PLANT-ORANGE-000001,classic,0.81,CORPUS_ESCOFFIER_1907,"relevé dans 6 recettes du Guide culinaire d'Escoffier (1907, domaine public), lift 4,6"
CP-1089,ING-BEV-VINROUGE-000001,ING-TECH-SUCREBLANC-000001,classic,0.64,CORPUS_ESCOFFIER_1907,"relevé dans 6 recettes du Guide culinaire d'Escoffier (1907, domaine public), lift 1,7"
CP-1090,ING-ANIMAL-AGNEAUVIANDE-000001,ING-PLANT-POMMEDETERRE-000001,classic,0.65,CORPUS_ESCOFFIER_1907,"relevé dans 6 recettes du Guide culinaire d'Escoffier (1907, domaine public), lift 1,8"
CP-1091,ING-ANIMAL-VEAUVIANDE-000001,ING-PLANT-CHTAIGNE-000001,classic,0.66,CORPUS_ESCOFFIER_1907,"relevé dans 6 recettes du Guide culinaire d'Escoffier (1907, domaine public), lift 1,9"
CP-1092,ING-ANIMAL-AGNEAUVIANDE-000001,ING-ANIMAL-RISDEVEAU-000001,classic,0.92,CORPUS_ESCOFFIER_1907,"relevé dans 6 recettes du Guide culinaire d'Escoffier (1907, domaine public), lift 9,0"
CP-1093,ING-ANIMAL-RISDEVEAU-000001,ING-PLANT-CAROTTE-000001,classic,0.74,CORPUS_ESCOFFIER_1907,"relevé dans 6 recettes du Guide culinaire d'Escoffier (1907, domaine public), lift 3,0"
CP-1094,ING-FERMENT-OLIVENOIREEN-000001,ING-PLANT-CLOUDEGIROFL-000001,classic,0.83,CORPUS_ESCOFFIER_1907,"relevé dans 6 recettes du Guide culinaire d'Escoffier (1907, domaine public), lift 4,9"
CP-1095,ING-ANIMAL-PORCVIANDE-000001,ING-PLANT-CHOUBLANC-000001,classic,0.89,CORPUS_ESCOFFIER_1907,"relevé dans 6 recettes du Guide culinaire d'Escoffier (1907, domaine public), lift 7,2"
CP-1096,ING-BEV-CAFFILTRE-000001,ING-DAIRY-LAITENTIER-000001,classic,0.77,CORPUS_ESCOFFIER_1907,"relevé dans 6 recettes du Guide culinaire d'Escoffier (1907, domaine public), lift 3,6"
CP-1097,ING-ANIMAL-SAINDOUX-000001,ING-PLANT-AIL-000001,classic,0.79,CORPUS_ESCOFFIER_1907,"relevé dans 6 recettes du Guide culinaire d'Escoffier (1907, domaine public), lift 4,0"
CP-1098,ING-PLANT-AUBERGINE-000001,ING-PLANT-OIGNON-000001,classic,0.74,CORPUS_ESCOFFIER_1907,"relevé dans 6 recettes du Guide culinaire d'Escoffier (1907, domaine public), lift 2,9"
CP-1099,ING-ANIMAL-SAINDOUX-000001,ING-PLANT-NAVET-000001,classic,0.82,CORPUS_ESCOFFIER_1907,"relevé dans 6 recettes du Guide culinaire d'Escoffier (1907, domaine public), lift 4,7"
CP-1100,ING-ANIMAL-SAINDOUX-000001,ING-PLANT-POISCUIT-000001,classic,0.72,CORPUS_ESCOFFIER_1907,"relevé dans 6 recettes du Guide culinaire d'Escoffier (1907, domaine public), lift 2,6"
CP-1101,ING-MARINE-HOMARD-000001,ING-PLANT-LAITUE-000001,classic,0.80,CORPUS_ESCOFFIER_1907,"relevé dans 6 recettes du Guide culinaire d'Escoffier (1907, domaine public), lift 4,2"
CP-1102,ING-DAIRY-GRUYRE-000001,ING-PLANT-POIVRENOIR-000001,classic,0.77,CORPUS_ESCOFFIER_1907,"relevé dans 6 recettes du Guide culinaire d'Escoffier (1907, domaine public), lift 3,7"
CP-1103,ING-MARINE-MOULE-000001,ING-MARINE-SOLE-000001,classic,0.92,CORPUS_ESCOFFIER_1907,"relevé dans 6 recettes du Guide culinaire d'Escoffier (1907, domaine public), lift 11,8"
CP-1104,ING-PLANT-AMANDE-000001,ING-PLANT-ORANGE-000001,classic,0.74,CORPUS_ESCOFFIER_1907,"relevé dans 6 recettes du Guide culinaire d'Escoffier (1907, domaine public), lift 2,9"
CP-1105,ING-MARINE-SOLE-000001,ING-PLANT-ESTRAGON-000001,classic,0.67,CORPUS_ESCOFFIER_1907,"relevé dans 6 recettes du Guide culinaire d'Escoffier (1907, domaine public), lift 2,1"
CP-1106,ING-FERMENT-CAPRE-000001,ING-FERMENT-OLIVENOIREEN-000001,classic,0.92,CORPUS_ESCOFFIER_1907,"relevé dans 6 recettes du Guide culinaire d'Escoffier (1907, domaine public), lift 10,9"
CP-1107,ING-PLANT-NOIX-000001,ING-PLANT-VANILLEGOUSS-000001,classic,0.73,CORPUS_ESCOFFIER_1907,"relevé dans 6 recettes du Guide culinaire d'Escoffier (1907, domaine public), lift 2,9"
CP-1108,ING-ANIMAL-POULETVIANDE-000001,ING-MARINE-TRUITE-000001,classic,0.64,CORPUS_ESCOFFIER_1907,"relevé dans 6 recettes du Guide culinaire d'Escoffier (1907, domaine public), lift 1,7"
CP-1109,ING-PLANT-AIL-000001,ING-PLANT-CHOUBLANC-000001,classic,0.89,CORPUS_ESCOFFIER_1907,"relevé dans 6 recettes du Guide culinaire d'Escoffier (1907, domaine public), lift 7,2"
CP-1110,ING-PLANT-POIVRONROUGE-000001,ING-PLANT-RIZ-000001,classic,0.88,CORPUS_ESCOFFIER_1907,"relevé dans 6 recettes du Guide culinaire d'Escoffier (1907, domaine public), lift 6,7"
CP-1111,ING-MARINE-CREVISSE-000001,ING-PLANT-PIMENTDECAYE-000001,classic,0.72,CORPUS_ESCOFFIER_1907,"relevé dans 6 recettes du Guide culinaire d'Escoffier (1907, domaine public), lift 2,7"
CP-1112,ING-BEV-EAUDEVIEDEVI-000001,ING-MARINE-CREVISSE-000001,classic,0.66,CORPUS_ESCOFFIER_1907,"relevé dans 6 recettes du Guide culinaire d'Escoffier (1907, domaine public), lift 1,9"
CP-1113,ING-BEV-VINROUGE-000001,ING-PLANT-CLOUDEGIROFL-000001,classic,0.92,CORPUS_ESCOFFIER_1907,"relevé dans 6 recettes du Guide culinaire d'Escoffier (1907, domaine public), lift 9,3"
CP-1114,ING-BEV-KIRSCH-000001,ING-BEV-PORTO-000001,classic,0.86,CORPUS_ESCOFFIER_1907,"relevé dans 6 recettes du Guide culinaire d'Escoffier (1907, domaine public), lift 5,9"
CP-1115,ING-BEV-MADRE-000001,ING-PLANT-CITRONJAUNE-000001,classic,0.64,CORPUS_ESCOFFIER_1907,"relevé dans 6 recettes du Guide culinaire d'Escoffier (1907, domaine public), lift 1,6"
CP-1116,ING-BEV-VINBLANCSEC-000001,ING-PLANT-CHTAIGNE-000001,classic,0.72,CORPUS_ESCOFFIER_1907,"relevé dans 6 recettes du Guide culinaire d'Escoffier (1907, domaine public), lift 2,7"
CP-1117,ING-PLANT-NOIX-000001,ING-TECH-FARINEDEBLTE-000001,classic,0.81,CORPUS_ESCOFFIER_1907,"relevé dans 6 recettes du Guide culinaire d'Escoffier (1907, domaine public), lift 4,6"
CP-1118,ING-PLANT-CHOUBLANC-000001,ING-PLANT-RIZ-000001,classic,0.74,CORPUS_ESCOFFIER_1907,"relevé dans 6 recettes du Guide culinaire d'Escoffier (1907, domaine public), lift 3,1"
CP-1119,ING-PLANT-ABRICOT-000001,ING-PLANT-BANANE-000001,classic,0.92,CORPUS_ESCOFFIER_1907,"relevé dans 6 recettes du Guide culinaire d'Escoffier (1907, domaine public), lift 10,1"
CP-1120,ING-FERMENT-CONCENTRDETO-000001,ING-TECH-HUILEDOLIVE-000001,classic,0.76,CORPUS_ESCOFFIER_1907,"relevé dans 6 recettes du Guide culinaire d'Escoffier (1907, domaine public), lift 3,3"
CP-1121,ING-BEV-EAUDEVIEDEVI-000001,ING-PLANT-POMME-000001,classic,0.63,CORPUS_ESCOFFIER_1907,"relevé dans 6 recettes du Guide culinaire d'Escoffier (1907, domaine public), lift 1,6"
CP-1122,ING-DAIRY-BEURREDOUX-000001,ING-FUNGUS-CPE-000001,classic,0.63,CORPUS_ESCOFFIER_1907,"relevé dans 6 recettes du Guide culinaire d'Escoffier (1907, domaine public), lift 1,6"
CP-1123,ING-PLANT-NOIX-000001,ING-PLANT-OIGNON-000001,classic,0.69,CORPUS_ESCOFFIER_1907,"relevé dans 6 recettes du Guide culinaire d'Escoffier (1907, domaine public), lift 2,2"
CP-1124,ING-PLANT-NOIX-000001,ING-PLANT-PERSIL-000001,classic,0.68,CORPUS_ESCOFFIER_1907,"relevé dans 6 recettes du Guide culinaire d'Escoffier (1907, domaine public), lift 2,1"
CP-1125,ING-MARINE-CREVETTE-000001,ING-PLANT-PERSIL-000001,classic,0.67,CORPUS_ESCOFFIER_1907,"relevé dans 6 recettes du Guide culinaire d'Escoffier (1907, domaine public), lift 2,0"
CP-1126,ING-PLANT-CERFEUIL-000001,ING-PLANT-CONCOMBRE-000001,classic,0.80,CORPUS_ESCOFFIER_1907,"relevé dans 6 recettes du Guide culinaire d'Escoffier (1907, domaine public), lift 4,2"
CP-1127,ING-BEV-EAUDEVIEDEVI-000001,ING-PLANT-THYM-000001,classic,0.79,CORPUS_ESCOFFIER_1907,"relevé dans 6 recettes du Guide culinaire d'Escoffier (1907, domaine public), lift 4,1"
CP-1128,ING-BEV-RHUMBLANC-000001,ING-BEV-THNOIR-000001,classic,0.92,CORPUS_ESCOFFIER_1907,"relevé dans 6 recettes du Guide culinaire d'Escoffier (1907, domaine public), lift 31,1"
CP-1129,ING-PLANT-CLERIBRANCHE-000001,ING-TECH-VINAIGREDEVI-000001,classic,0.75,CORPUS_ESCOFFIER_1907,"relevé dans 6 recettes du Guide culinaire d'Escoffier (1907, domaine public), lift 3,1"
CP-1130,ING-PLANT-CONCOMBRE-000001,ING-TECH-VINAIGREDEVI-000001,classic,0.86,CORPUS_ESCOFFIER_1907,"relevé dans 6 recettes du Guide culinaire d'Escoffier (1907, domaine public), lift 5,9"
CP-1131,ING-BEV-EAUDEVIEDEVI-000001,ING-PLANT-CERISE-000001,classic,0.75,CORPUS_ESCOFFIER_1907,"relevé dans 6 recettes du Guide culinaire d'Escoffier (1907, domaine public), lift 3,2"
CP-1132,ING-COND-MOUTARDEDEDI-000001,ING-PLANT-CLERIBRANCHE-000001,classic,0.84,CORPUS_ESCOFFIER_1907,"relevé dans 6 recettes du Guide culinaire d'Escoffier (1907, domaine public), lift 5,3"
CP-1133,ING-MARINE-HARENG-000001,ING-MARINE-SAUMON-000001,classic,0.92,CORPUS_ESCOFFIER_1907,"relevé dans 6 recettes du Guide culinaire d'Escoffier (1907, domaine public), lift 13,9"
CP-1134,ING-DAIRY-PARMIGIANORE-000001,ING-PLANT-PIMENTDECAYE-000001,classic,0.77,CORPUS_ESCOFFIER_1907,"relevé dans 6 recettes du Guide culinaire d'Escoffier (1907, domaine public), lift 3,5"
CP-1135,ING-PLANT-SAUGE-000001,ING-TECH-SELFIN-000001,classic,0.81,CORPUS_ESCOFFIER_1907,"relevé dans 6 recettes du Guide culinaire d'Escoffier (1907, domaine public), lift 4,4"
CP-1136,ING-DAIRY-PARMIGIANORE-000001,ING-MARINE-CREVISSE-000001,classic,0.69,CORPUS_ESCOFFIER_1907,"relevé dans 6 recettes du Guide culinaire d'Escoffier (1907, domaine public), lift 2,2"
CP-1137,ING-FUNGUS-TRUFFENOIRE-000001,ING-MARINE-MOULE-000001,classic,0.77,CORPUS_ESCOFFIER_1907,"relevé dans 6 recettes du Guide culinaire d'Escoffier (1907, domaine public), lift 3,5"
CP-1138,ING-BEV-CAFFILTRE-000001,ING-PLANT-ORANGE-000001,classic,0.84,CORPUS_ESCOFFIER_1907,"relevé dans 6 recettes du Guide culinaire d'Escoffier (1907, domaine public), lift 5,3"
CP-1139,ING-MARINE-CREVETTE-000001,ING-MARINE-MOULE-000001,classic,0.92,CORPUS_ESCOFFIER_1907,"relevé dans 6 recettes du Guide culinaire d'Escoffier (1907, domaine public), lift 47,5"
CP-1140,ING-MARINE-CREVETTE-000001,ING-MARINE-HUTRE-000001,classic,0.92,CORPUS_ESCOFFIER_1907,"relevé dans 6 recettes du Guide culinaire d'Escoffier (1907, domaine public), lift 11,4"
CP-1141,ING-ANIMAL-AGNEAUVIANDE-000001,ING-FUNGUS-CHAMPIGNONDE-000001,classic,0.63,CORPUS_ESCOFFIER_1907,"relevé dans 6 recettes du Guide culinaire d'Escoffier (1907, domaine public), lift 1,6"
CP-1142,ING-PLANT-OIGNON-000001,ING-PLANT-PINARD-000001,classic,0.64,CORPUS_ESCOFFIER_1907,"relevé dans 6 recettes du Guide culinaire d'Escoffier (1907, domaine public), lift 1,7"
CP-1143,ING-ANIMAL-FAISANVIANDE-000001,ING-BEV-MADRE-000001,classic,0.79,CORPUS_ESCOFFIER_1907,"relevé dans 6 recettes du Guide culinaire d'Escoffier (1907, domaine public), lift 4,0"
CP-1144,ING-BEV-EAUDEVIEDEVI-000001,ING-PLANT-MUSCADE-000001,classic,0.77,CORPUS_ESCOFFIER_1907,"relevé dans 6 recettes du Guide culinaire d'Escoffier (1907, domaine public), lift 3,5"
CP-1145,ING-FERMENT-CONCENTRDETO-000001,ING-PLANT-POIVRENOIR-000001,classic,0.74,CORPUS_ESCOFFIER_1907,"relevé dans 6 recettes du Guide culinaire d'Escoffier (1907, domaine public), lift 3,0"
CP-1146,ING-FERMENT-CONCENTRDETO-000001,ING-PLANT-PERSIL-000001,classic,0.68,CORPUS_ESCOFFIER_1907,"relevé dans 6 recettes du Guide culinaire d'Escoffier (1907, domaine public), lift 2,1"
CP-1147,ING-FERMENT-CONCENTRDETO-000001,ING-PLANT-OIGNON-000001,classic,0.69,CORPUS_ESCOFFIER_1907,"relevé dans 6 recettes du Guide culinaire d'Escoffier (1907, domaine public), lift 2,2"
CP-1148,ING-BEV-EAUDEVIEDEVI-000001,ING-PLANT-AIL-000001,classic,0.71,CORPUS_ESCOFFIER_1907,"relevé dans 6 recettes du Guide culinaire d'Escoffier (1907, domaine public), lift 2,6"
CP-1149,ING-ANIMAL-BLANCDUF-000001,ING-TECH-SELFIN-000001,classic,0.62,CORPUS_ESCOFFIER_1907,"relevé dans 6 recettes du Guide culinaire d'Escoffier (1907, domaine public), lift 1,5"
CP-1150,ING-PLANT-THYM-000001,ING-TECH-VINAIGREDEVI-000001,classic,0.83,CORPUS_ESCOFFIER_1907,"relevé dans 6 recettes du Guide culinaire d'Escoffier (1907, domaine public), lift 5,2"
CP-1151,ING-BEV-VINBLANCSEC-000001,ING-BEV-VINROUGE-000001,classic,0.76,CORPUS_ESCOFFIER_1907,"relevé dans 6 recettes du Guide culinaire d'Escoffier (1907, domaine public), lift 3,3"
CP-1152,ING-PLANT-ANANAS-000001,ING-PLANT-RAISINSEC-000001,classic,0.90,CORPUS_ESCOFFIER_1907,"relevé dans 6 recettes du Guide culinaire d'Escoffier (1907, domaine public), lift 7,7"
CP-1153,ING-BEV-CHAMPAGNEBRU-000001,ING-MARINE-CREVISSE-000001,classic,0.83,CORPUS_ESCOFFIER_1907,"relevé dans 6 recettes du Guide culinaire d'Escoffier (1907, domaine public), lift 4,9"
CP-1154,ING-MARINE-SAUMON-000001,ING-PLANT-CERFEUIL-000001,classic,0.74,CORPUS_ESCOFFIER_1907,"relevé dans 6 recettes du Guide culinaire d'Escoffier (1907, domaine public), lift 3,0"
CP-1155,ING-PLANT-AMANDE-000001,ING-PLANT-NOISETTE-000001,classic,0.85,CORPUS_ESCOFFIER_1907,"relevé dans 6 recettes du Guide culinaire d'Escoffier (1907, domaine public), lift 5,7"
CP-1156,ING-FERMENT-CAPRE-000001,ING-MARINE-HOMARD-000001,classic,0.92,CORPUS_ESCOFFIER_1907,"relevé dans 6 recettes du Guide culinaire d'Escoffier (1907, domaine public), lift 10,0"
CP-1157,ING-PLANT-MANDARINE-000001,ING-PLANT-VANILLEGOUSS-000001,classic,0.75,CORPUS_ESCOFFIER_1907,"relevé dans 6 recettes du Guide culinaire d'Escoffier (1907, domaine public), lift 3,3"
CP-1158,ING-MARINE-ANCHOIS-000001,ING-PLANT-CERFEUIL-000001,classic,0.75,CORPUS_ESCOFFIER_1907,"relevé dans 6 recettes du Guide culinaire d'Escoffier (1907, domaine public), lift 3,2"
CP-1159,ING-PLANT-CIBOULETTE-000001,ING-PLANT-OIGNON-000001,classic,0.76,CORPUS_ESCOFFIER_1907,"relevé dans 6 recettes du Guide culinaire d'Escoffier (1907, domaine public), lift 3,4"
CP-1160,ING-BEV-JUSDECITRON-000001,ING-PLANT-ESTRAGON-000001,classic,0.71,CORPUS_ESCOFFIER_1907,"relevé dans 6 recettes du Guide culinaire d'Escoffier (1907, domaine public), lift 2,5"
CP-1161,ING-MARINE-CABILLAUD-000001,ING-TECH-SELFIN-000001,classic,0.77,CORPUS_ESCOFFIER_1907,"relevé dans 6 recettes du Guide culinaire d'Escoffier (1907, domaine public), lift 3,5"
CP-1162,ING-FUNGUS-CHAMPIGNONDE-000001,ING-PLANT-CURRYENPOUDR-000001,classic,0.67,CORPUS_ESCOFFIER_1907,"relevé dans 6 recettes du Guide culinaire d'Escoffier (1907, domaine public), lift 2,0"
CP-1163,ING-PLANT-CITRONJAUNE-000001,ING-PLANT-RAISINSEC-000001,classic,0.74,CORPUS_ESCOFFIER_1907,"relevé dans 6 recettes du Guide culinaire d'Escoffier (1907, domaine public), lift 2,9"
CP-1164,ING-FERMENT-CONCENTRDETO-000001,ING-FUNGUS-CHAMPIGNONDE-000001,classic,0.70,CORPUS_ESCOFFIER_1907,"relevé dans 6 recettes du Guide culinaire d'Escoffier (1907, domaine public), lift 2,3"
CP-1165,ING-PLANT-CURRYENPOUDR-000001,ING-PLANT-PAPRIKA-000001,classic,0.92,CORPUS_ESCOFFIER_1907,"relevé dans 6 recettes du Guide culinaire d'Escoffier (1907, domaine public), lift 13,3"
CP-1166,ING-BEV-XRSSHERRY-000001,ING-TECH-SELFIN-000001,classic,0.77,CORPUS_ESCOFFIER_1907,"relevé dans 6 recettes du Guide culinaire d'Escoffier (1907, domaine public), lift 3,5"
CP-1167,ING-PLANT-CHALOTE-000001,ING-PLANT-CIBOULETTE-000001,classic,0.92,CORPUS_ESCOFFIER_1907,"relevé dans 6 recettes du Guide culinaire d'Escoffier (1907, domaine public), lift 14,6"
CP-1168,ING-DAIRY-LAITENTIER-000001,ING-PLANT-CLERIBRANCHE-000001,classic,0.63,CORPUS_ESCOFFIER_1907,"relevé dans 6 recettes du Guide culinaire d'Escoffier (1907, domaine public), lift 1,6"
CP-1169,ING-ANIMAL-VEAUVIANDE-000001,ING-BEV-XRSSHERRY-000001,classic,0.85,CORPUS_ESCOFFIER_1907,"relevé dans 6 recettes du Guide culinaire d'Escoffier (1907, domaine public), lift 5,8"
CP-1170,ING-PLANT-POIVRENOIR-000001,ING-PLANT-SAUGE-000001,classic,0.91,CORPUS_ESCOFFIER_1907,"relevé dans 6 recettes du Guide culinaire d'Escoffier (1907, domaine public), lift 7,9"
CP-1171,ING-FERMENT-CAPRE-000001,ING-FERMENT-CORNICHONAIG-000001,classic,0.92,CORPUS_ESCOFFIER_1907,"relevé dans 6 recettes du Guide culinaire d'Escoffier (1907, domaine public), lift 38,5"
CP-1172,ING-BEV-MADRE-000001,ING-PLANT-RAISINSEC-000001,classic,0.80,CORPUS_ESCOFFIER_1907,"relevé dans 6 recettes du Guide culinaire d'Escoffier (1907, domaine public), lift 4,3"
CP-1173,ING-BEV-PORTO-000001,ING-FUNGUS-TRUFFENOIRE-000001,classic,0.63,CORPUS_ESCOFFIER_1907,"relevé dans 6 recettes du Guide culinaire d'Escoffier (1907, domaine public), lift 1,6"
CP-1174,ING-PLANT-BANANE-000001,ING-PLANT-VANILLEGOUSS-000001,classic,0.83,CORPUS_ESCOFFIER_1907,"relevé dans 6 recettes du Guide culinaire d'Escoffier (1907, domaine public), lift 5,1"
CP-1175,ING-PLANT-LAURIER-000001,ING-PLANT-TOMATE-000001,classic,0.65,CORPUS_ESCOFFIER_1907,"relevé dans 6 recettes du Guide culinaire d'Escoffier (1907, domaine public), lift 1,8"
CP-1176,ING-ANIMAL-PORCVIANDE-000001,ING-TECH-FARINEDEBLTE-000001,classic,0.67,CORPUS_ESCOFFIER_1907,"relevé dans 6 recettes du Guide culinaire d'Escoffier (1907, domaine public), lift 2,0"
CP-1177,ING-PLANT-CLOUDEGIROFL-000001,ING-PLANT-TOMATE-000001,classic,0.65,CORPUS_ESCOFFIER_1907,"relevé dans 6 recettes du Guide culinaire d'Escoffier (1907, domaine public), lift 1,8"
CP-1178,ING-PLANT-CLOUDEGIROFL-000001,ING-TECH-FARINEDEBLTE-000001,classic,0.74,CORPUS_ESCOFFIER_1907,"relevé dans 6 recettes du Guide culinaire d'Escoffier (1907, domaine public), lift 3,0"
CP-1179,ING-BEV-VINROUGE-000001,ING-MARINE-SOLE-000001,classic,0.76,CORPUS_ESCOFFIER_1907,"relevé dans 6 recettes du Guide culinaire d'Escoffier (1907, domaine public), lift 3,3"
CP-1180,ING-BEV-VINROUGE-000001,ING-PLANT-PERSIL-000001,classic,0.65,CORPUS_ESCOFFIER_1907,"relevé dans 6 recettes du Guide culinaire d'Escoffier (1907, domaine public), lift 1,8"
CP-1181,ING-PLANT-ABRICOT-000001,ING-TECH-GLATINE-000001,classic,0.85,CORPUS_ESCOFFIER_1907,"relevé dans 6 recettes du Guide culinaire d'Escoffier (1907, domaine public), lift 5,7"
CP-1182,ING-PLANT-CITRONJAUNE-000001,ING-PLANT-PCHE-000001,classic,0.72,CORPUS_ESCOFFIER_1907,"relevé dans 6 recettes du Guide culinaire d'Escoffier (1907, domaine public), lift 2,7"
CP-1183,ING-PLANT-FRAISE-000001,ING-TECH-GLATINE-000001,classic,0.87,CORPUS_ESCOFFIER_1907,"relevé dans 6 recettes du Guide culinaire d'Escoffier (1907, domaine public), lift 6,4"
CP-1184,ING-PLANT-CLERIBRANCHE-000001,ING-PLANT-CURRYENPOUDR-000001,classic,0.86,CORPUS_ESCOFFIER_1907,"relevé dans 6 recettes du Guide culinaire d'Escoffier (1907, domaine public), lift 6,2"
CP-1185,ING-BEV-KIRSCH-000001,ING-TECH-CHOCOLATNOIR-000001,classic,0.81,CORPUS_ESCOFFIER_1907,"relevé dans 6 recettes du Guide culinaire d'Escoffier (1907, domaine public), lift 4,6"
CP-1186,ING-PLANT-POIREAU-000001,ING-PLANT-THYM-000001,classic,0.92,CORPUS_ESCOFFIER_1907,"relevé dans 6 recettes du Guide culinaire d'Escoffier (1907, domaine public), lift 11,5"
CP-1187,ING-PLANT-ANANAS-000001,ING-PLANT-FRAMBOISE-000001,classic,0.90,CORPUS_ESCOFFIER_1907,"relevé dans 6 recettes du Guide culinaire d'Escoffier (1907, domaine public), lift 7,4"
CP-1188,ING-PLANT-FRAMBOISE-000001,ING-PLANT-POMME-000001,classic,0.74,CORPUS_ESCOFFIER_1907,"relevé dans 6 recettes du Guide culinaire d'Escoffier (1907, domaine public), lift 3,0"
CP-1189,ING-PLANT-LAURIER-000001,ING-PLANT-POIREAU-000001,classic,0.92,CORPUS_ESCOFFIER_1907,"relevé dans 6 recettes du Guide culinaire d'Escoffier (1907, domaine public), lift 11,2"
CP-1190,ING-MARINE-SOLE-000001,ING-PLANT-CURRYENPOUDR-000001,classic,0.77,CORPUS_ESCOFFIER_1907,"relevé dans 6 recettes du Guide culinaire d'Escoffier (1907, domaine public), lift 3,5"
CP-1191,ING-PLANT-CLOUDEGIROFL-000001,ING-PLANT-POIREAU-000001,classic,0.92,CORPUS_ESCOFFIER_1907,"relevé dans 6 recettes du Guide culinaire d'Escoffier (1907, domaine public), lift 11,0"
CP-1192,ING-BEV-RHUMBLANC-000001,ING-TECH-CHOCOLATNOIR-000001,classic,0.92,CORPUS_ESCOFFIER_1907,"relevé dans 6 recettes du Guide culinaire d'Escoffier (1907, domaine public), lift 12,6"
CP-1193,ING-PLANT-FRAISE-000001,ING-PLANT-PISTACHE-000001,classic,0.86,CORPUS_ESCOFFIER_1907,"relevé dans 6 recettes du Guide culinaire d'Escoffier (1907, domaine public), lift 5,8"
CP-1194,ING-BEV-PORTO-000001,ING-PLANT-CITRONJAUNE-000001,classic,0.85,CORPUS_ESCOFFIER_1907,"relevé dans 6 recettes du Guide culinaire d'Escoffier (1907, domaine public), lift 5,6"
