ingredient_id,component_id,fraction_g_per_100g,basis,source_refs,confidence
ING-PLANT-POMME-000001,POLY_PEC_HM,0.6,règle : pomme : pectine HM naturelle,MAESTRO_INTERNAL|LIT,0.5
ING-PLANT-POMME-000001,POLY_PECTINE,0.6,règle : pomme : pectine HM naturelle,MAESTRO_INTERNAL|LIT,0.5
ING-PLANT-POMME-000001,LIP_TRIGLY,0.17,composition : lipides,CIQUAL,0.8
ING-PLANT-POMME-000001,SM_SUCROSE,2.1,composition : saccharose,CIQUAL,0.8
ING-PLANT-POMME-000001,SM_GLU_MONO,1.7,composition : glucose,CIQUAL,0.8
ING-PLANT-POMME-000001,SM_FRUCTOSE,5.7,composition : fructose,CIQUAL,0.8
ING-PLANT-POMME-000002,POLY_PEC_HM,0.6,règle : pomme : pectine HM naturelle,MAESTRO_INTERNAL|LIT,0.5
ING-PLANT-POMME-000002,POLY_PECTINE,0.6,règle : pomme : pectine HM naturelle,MAESTRO_INTERNAL|LIT,0.5
ING-PLANT-POMME-000002,LIP_TRIGLY,0.1,composition : lipides,CIQUAL,0.8
ING-PLANT-POMME-000003,LIP_TRIGLY,0.23,composition : lipides,CIQUAL,0.8
ING-PLANT-POMME-000003,LIP_INS,0.061,composition : AG insaturés,CIQUAL,0.8
ING-PLANT-POMME-000003,POLY_AMIDON,1.25,composition : amidon,CIQUAL,0.8
ING-PLANT-POMME-000003,SM_SUCROSE,6.65,composition : saccharose,CIQUAL,0.8
ING-PLANT-POMME-000003,SM_GLU_MONO,5.35,composition : glucose,CIQUAL,0.8
ING-PLANT-POMME-000003,SM_FRUCTOSE,7.9,composition : fructose,CIQUAL,0.8
ING-PLANT-POMME-000004,LIP_TRIGLY,0.098,composition : lipides,CIQUAL,0.8
ING-PLANT-POMME-000004,LIP_INS,0.059,composition : AG insaturés,CIQUAL,0.8
ING-PLANT-POMME-000004,SM_SUCROSE,1.54,composition : saccharose,CIQUAL,0.8
ING-PLANT-POMME-000004,SM_GLU_MONO,2.12,composition : glucose,CIQUAL,0.8
ING-PLANT-POMME-000004,SM_FRUCTOSE,5.68,composition : fructose,CIQUAL,0.8
ING-PLANT-ORANGE-000001,SM_CIT,1.0,règle : agrume,MAESTRO_INTERNAL|LIT,0.5
ING-PLANT-ORANGE-000001,SM_SUCROSE,3.5,composition : saccharose,CIQUAL,0.8
ING-PLANT-ORANGE-000001,SM_GLU_MONO,2.0,composition : glucose,CIQUAL,0.8
ING-PLANT-ORANGE-000001,SM_FRUCTOSE,2.1,composition : fructose,CIQUAL,0.8
ING-PLANT-ORANGE-000001,SM_CA,0.066,composition : calcium,CIQUAL,0.8
ING-PLANT-ZESTEORANGE-000001,POLY_PEC_HM,3.0,règle : zeste : riche en pectine HM,MAESTRO_INTERNAL|LIT,0.5
ING-PLANT-ZESTEORANGE-000001,POLY_PECTINE,3.0,règle : zeste : riche en pectine HM,MAESTRO_INTERNAL|LIT,0.5
ING-PLANT-ZESTEORANGE-000001,LIP_TRIGLY,0.3,composition : lipides,CIQUAL,0.8
ING-PLANT-ZESTEORANGE-000001,LIP_INS,0.1,composition : AG insaturés,CIQUAL,0.8
ING-PLANT-ZESTEORANGE-000001,SM_CA,0.134,composition : calcium,CIQUAL,0.8
ING-PLANT-CITRONJAUNE-000001,SM_CIT,5.0,règle : citron : acide citrique ≈ 5 % du jus,MAESTRO_INTERNAL|LIT,0.6
ING-PLANT-CITRONJAUNE-000001,LIP_TRIGLY,0.24,composition : lipides,CIQUAL,0.8
ING-PLANT-ZESTECITRONJ-000001,POLY_PEC_HM,3.0,règle : zeste : riche en pectine HM,MAESTRO_INTERNAL|LIT,0.5
ING-PLANT-ZESTECITRONJ-000001,POLY_PECTINE,3.0,règle : zeste : riche en pectine HM,MAESTRO_INTERNAL|LIT,0.5
ING-PLANT-ZESTECITRONJ-000001,LIP_TRIGLY,0.3,composition : lipides,CIQUAL,0.8
ING-PLANT-ZESTECITRONJ-000001,LIP_INS,0.1,composition : AG insaturés,CIQUAL,0.8
ING-PLANT-ZESTECITRONJ-000001,SM_CA,0.134,composition : calcium,CIQUAL,0.8
ING-PLANT-CITRONVERT-000001,SM_CIT,5.5,règle : agrume très acide (acide citrique du jus),MAESTRO_INTERNAL|LIT,0.6
ING-PLANT-CITRONVERT-000001,SM_SUCROSE,0.5,composition : saccharose,CIQUAL,0.8
ING-PLANT-CITRONVERT-000001,SM_GLU_MONO,0.8,composition : glucose,CIQUAL,0.8
ING-PLANT-CITRONVERT-000001,SM_FRUCTOSE,0.8,composition : fructose,CIQUAL,0.8
ING-PLANT-CITRONVERT-000001,SM_CA,0.057,composition : calcium,CIQUAL,0.8
ING-PLANT-ZESTECITRONV-000001,POLY_PEC_HM,3.0,règle : zeste : riche en pectine HM,MAESTRO_INTERNAL|LIT,0.5
ING-PLANT-ZESTECITRONV-000001,POLY_PECTINE,3.0,règle : zeste : riche en pectine HM,MAESTRO_INTERNAL|LIT,0.5
ING-PLANT-ZESTECITRONV-000001,LIP_TRIGLY,0.3,composition : lipides,CIQUAL,0.8
ING-PLANT-ZESTECITRONV-000001,LIP_INS,0.1,composition : AG insaturés,CIQUAL,0.8
ING-PLANT-ZESTECITRONV-000001,SM_CA,0.134,composition : calcium,CIQUAL,0.8
ING-PLANT-PAMPLEMOUSSE-000001,SM_CIT,2.0,règle : agrume acide,MAESTRO_INTERNAL|LIT,0.5
ING-PLANT-PAMPLEMOUSSE-000001,LIP_TRIGLY,0.14,composition : lipides,CIQUAL,0.8
ING-PLANT-ZESTEPAMPLEM-000001,POLY_PEC_HM,3.0,règle : zeste : riche en pectine HM,MAESTRO_INTERNAL|LIT,0.5
ING-PLANT-ZESTEPAMPLEM-000001,POLY_PECTINE,3.0,règle : zeste : riche en pectine HM,MAESTRO_INTERNAL|LIT,0.5
ING-PLANT-ZESTEPAMPLEM-000001,LIP_TRIGLY,0.3,composition : lipides,CIQUAL,0.8
ING-PLANT-ZESTEPAMPLEM-000001,LIP_INS,0.1,composition : AG insaturés,CIQUAL,0.8
ING-PLANT-ZESTEPAMPLEM-000001,SM_CA,0.134,composition : calcium,CIQUAL,0.8
ING-PLANT-MANDARINE-000001,SM_CIT,1.0,règle : agrume,MAESTRO_INTERNAL|LIT,0.5
ING-PLANT-MANDARINE-000001,SM_SUCROSE,5.7,composition : saccharose,CIQUAL,0.8
ING-PLANT-MANDARINE-000001,SM_GLU_MONO,1.4,composition : glucose,CIQUAL,0.8
ING-PLANT-MANDARINE-000001,SM_FRUCTOSE,1.5,composition : fructose,CIQUAL,0.8
ING-PLANT-ZESTEMANDARI-000001,POLY_PEC_HM,3.0,règle : zeste : riche en pectine HM,MAESTRO_INTERNAL|LIT,0.5
ING-PLANT-ZESTEMANDARI-000001,POLY_PECTINE,3.0,règle : zeste : riche en pectine HM,MAESTRO_INTERNAL|LIT,0.5
ING-PLANT-ZESTEMANDARI-000001,LIP_TRIGLY,0.3,composition : lipides,CIQUAL,0.8
ING-PLANT-ZESTEMANDARI-000001,LIP_INS,0.1,composition : AG insaturés,CIQUAL,0.8
ING-PLANT-ZESTEMANDARI-000001,SM_CA,0.134,composition : calcium,CIQUAL,0.8
ING-PLANT-BERGAMOTE-000001,SM_CIT,2.0,règle : agrume acide,MAESTRO_INTERNAL|LIT,0.5
ING-PLANT-BERGAMOTE-000001,SM_SUCROSE,0.5,composition : saccharose,CIQUAL,0.8
ING-PLANT-BERGAMOTE-000001,SM_GLU_MONO,0.8,composition : glucose,CIQUAL,0.8
ING-PLANT-BERGAMOTE-000001,SM_FRUCTOSE,0.8,composition : fructose,CIQUAL,0.8
ING-PLANT-BERGAMOTE-000001,SM_CA,0.057,composition : calcium,CIQUAL,0.8
ING-PLANT-ZESTEBERGAMO-000001,POLY_PEC_HM,3.0,règle : zeste : riche en pectine HM,MAESTRO_INTERNAL|LIT,0.5
ING-PLANT-ZESTEBERGAMO-000001,POLY_PECTINE,3.0,règle : zeste : riche en pectine HM,MAESTRO_INTERNAL|LIT,0.5
ING-PLANT-ZESTEBERGAMO-000001,LIP_TRIGLY,0.3,composition : lipides,CIQUAL,0.8
ING-PLANT-ZESTEBERGAMO-000001,LIP_INS,0.1,composition : AG insaturés,CIQUAL,0.8
ING-PLANT-ZESTEBERGAMO-000001,SM_CA,0.134,composition : calcium,CIQUAL,0.8
ING-PLANT-YUZU-000001,SM_CIT,2.0,règle : agrume acide,MAESTRO_INTERNAL|LIT,0.5
ING-PLANT-YUZU-000001,SM_SUCROSE,0.5,composition : saccharose,CIQUAL,0.8
ING-PLANT-YUZU-000001,SM_GLU_MONO,0.8,composition : glucose,CIQUAL,0.8
ING-PLANT-YUZU-000001,SM_FRUCTOSE,0.8,composition : fructose,CIQUAL,0.8
ING-PLANT-YUZU-000001,SM_CA,0.057,composition : calcium,CIQUAL,0.8
ING-PLANT-ZESTEYUZU-000001,POLY_PEC_HM,3.0,règle : zeste : riche en pectine HM,MAESTRO_INTERNAL|LIT,0.5
ING-PLANT-ZESTEYUZU-000001,POLY_PECTINE,3.0,règle : zeste : riche en pectine HM,MAESTRO_INTERNAL|LIT,0.5
ING-PLANT-ZESTEYUZU-000001,LIP_TRIGLY,0.3,composition : lipides,CIQUAL,0.8
ING-PLANT-ZESTEYUZU-000001,LIP_INS,0.1,composition : AG insaturés,CIQUAL,0.8
ING-PLANT-ZESTEYUZU-000001,SM_CA,0.134,composition : calcium,CIQUAL,0.8
ING-PLANT-COMBAVA-000001,SM_CIT,5.5,règle : agrume très acide (acide citrique du jus),MAESTRO_INTERNAL|LIT,0.6
ING-PLANT-COMBAVA-000001,SM_SUCROSE,0.5,composition : saccharose,CIQUAL,0.8
ING-PLANT-COMBAVA-000001,SM_GLU_MONO,0.8,composition : glucose,CIQUAL,0.8
ING-PLANT-COMBAVA-000001,SM_FRUCTOSE,0.8,composition : fructose,CIQUAL,0.8
ING-PLANT-COMBAVA-000001,SM_CA,0.057,composition : calcium,CIQUAL,0.8
ING-PLANT-FRAISE-000001,POLY_PEC_HM,0.6,règle : fraise,MAESTRO_INTERNAL|LIT,0.5
ING-PLANT-FRAISE-000001,POLY_PECTINE,0.6,règle : fraise,MAESTRO_INTERNAL|LIT,0.5
ING-PLANT-FRAISE-000001,SM_CIT,0.8,règle : fraise,MAESTRO_INTERNAL|LIT,0.5
ING-PLANT-FRAISE-000001,LIP_TRIGLY,0.3,composition : lipides,CIQUAL,0.8
ING-PLANT-FRAMBOISE-000001,POLY_PEC_HM,0.8,règle : baies,MAESTRO_INTERNAL|LIT,0.5
ING-PLANT-FRAMBOISE-000001,POLY_PECTINE,0.8,règle : baies,MAESTRO_INTERNAL|LIT,0.5
ING-PLANT-FRAMBOISE-000001,SM_CIT,1.0,règle : baies,MAESTRO_INTERNAL|LIT,0.5
ING-PLANT-FRAMBOISE-000001,LIP_TRIGLY,0.8,composition : lipides,CIQUAL,0.8
ING-PLANT-FRAMBOISE-000001,LIP_SAT,0.13,composition : AG saturés,CIQUAL,0.8
ING-PLANT-FRAMBOISE-000001,LIP_INS,0.59,composition : AG insaturés,CIQUAL,0.8
ING-PLANT-FRAMBOISE-000001,SM_SUCROSE,0.5,composition : saccharose,CIQUAL,0.8
ING-PLANT-FRAMBOISE-000001,SM_GLU_MONO,2.1,composition : glucose,CIQUAL,0.8
ING-PLANT-FRAMBOISE-000001,SM_FRUCTOSE,2.8,composition : fructose,CIQUAL,0.8
ING-PLANT-MYRTILLE-000001,POLY_PEC_HM,0.5,règle : baies,MAESTRO_INTERNAL|LIT,0.5
ING-PLANT-MYRTILLE-000001,POLY_PECTINE,0.5,règle : baies,MAESTRO_INTERNAL|LIT,0.5
ING-PLANT-MYRTILLE-000001,LIP_TRIGLY,0.33,composition : lipides,CIQUAL,0.8
ING-PLANT-MYRTILLE-000001,LIP_INS,0.197,composition : AG insaturés,CIQUAL,0.8
ING-PLANT-MYRTILLE-000001,SM_SUCROSE,0.11,composition : saccharose,CIQUAL,0.8
ING-PLANT-MYRTILLE-000001,SM_GLU_MONO,4.88,composition : glucose,CIQUAL,0.8
ING-PLANT-MYRTILLE-000001,SM_FRUCTOSE,4.97,composition : fructose,CIQUAL,0.8
ING-PLANT-MRE-000001,POLY_PEC_HM,0.8,règle : baies,MAESTRO_INTERNAL|LIT,0.5
ING-PLANT-MRE-000001,POLY_PECTINE,0.8,règle : baies,MAESTRO_INTERNAL|LIT,0.5
ING-PLANT-MRE-000001,SM_CIT,1.0,règle : baies,MAESTRO_INTERNAL|LIT,0.5
ING-PLANT-MRE-000001,LIP_TRIGLY,0.7,composition : lipides,CIQUAL,0.8
ING-PLANT-MRE-000001,LIP_SAT,0.07,composition : AG saturés,CIQUAL,0.8
ING-PLANT-MRE-000001,LIP_INS,0.58,composition : AG insaturés,CIQUAL,0.8
ING-PLANT-MRE-000001,SM_GLU_MONO,2.99,composition : glucose,CIQUAL,0.8
ING-PLANT-MRE-000001,SM_FRUCTOSE,3.08,composition : fructose,CIQUAL,0.8
ING-PLANT-CASSIS-000001,POLY_PEC_HM,1.0,règle : baies riches en pectine et en acide,MAESTRO_INTERNAL|LIT,0.5
ING-PLANT-CASSIS-000001,POLY_PECTINE,1.0,règle : baies riches en pectine et en acide,MAESTRO_INTERNAL|LIT,0.5
ING-PLANT-CASSIS-000001,SM_CIT,1.5,règle : baies riches en pectine et en acide,MAESTRO_INTERNAL|LIT,0.5
ING-PLANT-CASSIS-000001,LIP_TRIGLY,0.41,composition : lipides,CIQUAL,0.8
ING-PLANT-CASSIS-000001,LIP_INS,0.238,composition : AG insaturés,CIQUAL,0.8
ING-PLANT-CASSIS-000001,SM_SUCROSE,0.49,composition : saccharose,CIQUAL,0.8
ING-PLANT-CASSIS-000001,SM_GLU_MONO,4.24,composition : glucose,CIQUAL,0.8
ING-PLANT-CASSIS-000001,SM_FRUCTOSE,4.95,composition : fructose,CIQUAL,0.8
ING-PLANT-CASSIS-000001,SM_CA,0.055,composition : calcium,CIQUAL,0.8
ING-PLANT-GROSEILLE-000001,POLY_PEC_HM,1.0,règle : baies riches en pectine et en acide,MAESTRO_INTERNAL|LIT,0.5
ING-PLANT-GROSEILLE-000001,POLY_PECTINE,1.0,règle : baies riches en pectine et en acide,MAESTRO_INTERNAL|LIT,0.5
ING-PLANT-GROSEILLE-000001,SM_CIT,1.5,règle : baies riches en pectine et en acide,MAESTRO_INTERNAL|LIT,0.5
ING-PLANT-GROSEILLE-000001,LIP_TRIGLY,0.7,composition : lipides,CIQUAL,0.8
ING-PLANT-GROSEILLE-000001,LIP_SAT,0.21,composition : AG saturés,CIQUAL,0.8
ING-PLANT-GROSEILLE-000001,LIP_INS,0.49,composition : AG insaturés,CIQUAL,0.8
ING-PLANT-GROSEILLE-000001,SM_GLU_MONO,2.77,composition : glucose,CIQUAL,0.8
ING-PLANT-GROSEILLE-000001,SM_FRUCTOSE,3.86,composition : fructose,CIQUAL,0.8
ING-PLANT-CANNEBERGE-000001,POLY_PEC_HM,0.5,règle : baies,MAESTRO_INTERNAL|LIT,0.5
ING-PLANT-CANNEBERGE-000001,POLY_PECTINE,0.5,règle : baies,MAESTRO_INTERNAL|LIT,0.5
ING-PLANT-CANNEBERGE-000001,LIP_TRIGLY,0.17,composition : lipides,CIQUAL,0.8
ING-PLANT-CANNEBERGE-000001,LIP_INS,0.073,composition : AG insaturés,CIQUAL,0.8
ING-PLANT-CANNEBERGE-000001,SM_SUCROSE,0.13,composition : saccharose,CIQUAL,0.8
ING-PLANT-CANNEBERGE-000001,SM_GLU_MONO,3.28,composition : glucose,CIQUAL,0.8
ING-PLANT-CANNEBERGE-000001,SM_FRUCTOSE,0.63,composition : fructose,CIQUAL,0.8
ING-PLANT-MREBLANCHE-000001,POLY_PEC_HM,0.8,règle : baies,MAESTRO_INTERNAL|LIT,0.5
ING-PLANT-MREBLANCHE-000001,POLY_PECTINE,0.8,règle : baies,MAESTRO_INTERNAL|LIT,0.5
ING-PLANT-MREBLANCHE-000001,SM_CIT,1.0,règle : baies,MAESTRO_INTERNAL|LIT,0.5
ING-PLANT-MREBLANCHE-000001,LIP_TRIGLY,0.39,composition : lipides,CIQUAL,0.8
ING-PLANT-MREBLANCHE-000001,LIP_INS,0.251,composition : AG insaturés,CIQUAL,0.8
ING-PLANT-AIRELLE-000001,POLY_PEC_HM,0.5,règle : baies,MAESTRO_INTERNAL|LIT,0.5
ING-PLANT-AIRELLE-000001,POLY_PECTINE,0.5,règle : baies,MAESTRO_INTERNAL|LIT,0.5
ING-PLANT-AIRELLE-000001,LIP_TRIGLY,0.17,composition : lipides,CIQUAL,0.8
ING-PLANT-AIRELLE-000001,LIP_INS,0.073,composition : AG insaturés,CIQUAL,0.8
ING-PLANT-AIRELLE-000001,SM_SUCROSE,0.13,composition : saccharose,CIQUAL,0.8
ING-PLANT-AIRELLE-000001,SM_GLU_MONO,3.28,composition : glucose,CIQUAL,0.8
ING-PLANT-AIRELLE-000001,SM_FRUCTOSE,0.63,composition : fructose,CIQUAL,0.8
ING-PLANT-GROSEILLEMAQ-000001,POLY_PEC_HM,1.0,règle : baies riches en pectine et en acide,MAESTRO_INTERNAL|LIT,0.5
ING-PLANT-GROSEILLEMAQ-000001,POLY_PECTINE,1.0,règle : baies riches en pectine et en acide,MAESTRO_INTERNAL|LIT,0.5
ING-PLANT-GROSEILLEMAQ-000001,SM_CIT,1.5,règle : baies riches en pectine et en acide,MAESTRO_INTERNAL|LIT,0.5
ING-PLANT-GROSEILLEMAQ-000001,LIP_TRIGLY,0.58,composition : lipides,CIQUAL,0.8
ING-PLANT-GROSEILLEMAQ-000001,LIP_INS,0.371,composition : AG insaturés,CIQUAL,0.8
ING-PLANT-PCHE-000001,POLY_PEC_HM,0.6,règle : pêche,MAESTRO_INTERNAL|LIT,0.5
ING-PLANT-PCHE-000001,POLY_PECTINE,0.6,règle : pêche,MAESTRO_INTERNAL|LIT,0.5
ING-PLANT-PCHE-000001,LIP_TRIGLY,0.25,composition : lipides,CIQUAL,0.8
ING-PLANT-ABRICOT-000001,POLY_PEC_HM,0.9,règle : abricot,MAESTRO_INTERNAL|LIT,0.5
ING-PLANT-ABRICOT-000001,POLY_PECTINE,0.9,règle : abricot,MAESTRO_INTERNAL|LIT,0.5
ING-PLANT-ABRICOT-000001,SM_SUCROSE,3.4,composition : saccharose,CIQUAL,0.8
ING-PLANT-ABRICOT-000001,SM_GLU_MONO,2.0,composition : glucose,CIQUAL,0.8
ING-PLANT-ABRICOT-000001,SM_FRUCTOSE,1.3,composition : fructose,CIQUAL,0.8
ING-PLANT-PRUNE-000001,POLY_PEC_HM,0.9,règle : prune,MAESTRO_INTERNAL|LIT,0.5
ING-PLANT-PRUNE-000001,POLY_PECTINE,0.9,règle : prune,MAESTRO_INTERNAL|LIT,0.5
ING-PLANT-PRUNE-000001,LIP_TRIGLY,0.28,composition : lipides,CIQUAL,0.8
ING-PLANT-PRUNE-000001,LIP_INS,0.174,composition : AG insaturés,CIQUAL,0.8
ING-PLANT-PRUNE-000001,SM_SUCROSE,1.57,composition : saccharose,CIQUAL,0.8
ING-PLANT-PRUNE-000001,SM_GLU_MONO,5.07,composition : glucose,CIQUAL,0.8
ING-PLANT-PRUNE-000001,SM_FRUCTOSE,3.07,composition : fructose,CIQUAL,0.8
ING-PLANT-CERISE-000001,POLY_PEC_HM,0.3,règle : cerise,MAESTRO_INTERNAL|LIT,0.5
ING-PLANT-CERISE-000001,POLY_PECTINE,0.3,règle : cerise,MAESTRO_INTERNAL|LIT,0.5
ING-PLANT-CERISE-000001,LIP_TRIGLY,0.3,composition : lipides,CIQUAL,0.8
ING-PLANT-CERISE-000001,LIP_SAT,0.068,composition : AG saturés,CIQUAL,0.8
ING-PLANT-CERISE-000001,LIP_INS,0.172,composition : AG insaturés,CIQUAL,0.8
ING-PLANT-OLIVE-000001,LIP_TRIGLY,16.6,composition : lipides,CIQUAL,0.8
ING-PLANT-OLIVE-000001,LIP_SAT,2.29,composition : AG saturés,CIQUAL,0.8
ING-PLANT-OLIVE-000001,LIP_INS,12.07,composition : AG insaturés,CIQUAL,0.8
ING-PLANT-OLIVE-000001,SM_GLU_MONO,0.059,composition : glucose,CIQUAL,0.8
ING-PLANT-OLIVE-000001,SM_SALT,2.83,composition : sel,CIQUAL,0.8
ING-PLANT-OLIVE-000001,SM_CA,0.077,composition : calcium,CIQUAL,0.8
ING-PLANT-MANGUE-000001,POLY_AMIDON,1.1,composition : amidon,CIQUAL,0.8
ING-PLANT-MANGUE-000001,SM_SUCROSE,8.5,composition : saccharose,CIQUAL,0.8
ING-PLANT-MANGUE-000001,SM_GLU_MONO,1.0,composition : glucose,CIQUAL,0.8
ING-PLANT-MANGUE-000001,SM_FRUCTOSE,3.4,composition : fructose,CIQUAL,0.8
ING-PLANT-BANANE-000001,POLY_INULIN,0.5,règle : banane,MAESTRO_INTERNAL|LIT,0.5
ING-PLANT-BANANE-000001,LIP_TRIGLY,0.33,composition : lipides,CIQUAL,0.8
ING-PLANT-ANANAS-000001,SM_CIT,0.8,règle : ananas,MAESTRO_INTERNAL|LIT,0.5
ING-PLANT-ANANAS-000001,LIP_TRIGLY,0.12,composition : lipides,CIQUAL,0.8
ING-PLANT-FRUITDELAPAS-000001,LIP_TRIGLY,3.0,composition : lipides,CIQUAL,0.8
ING-PLANT-FRUITDELAPAS-000001,LIP_SAT,0.54,composition : AG saturés,CIQUAL,0.8
ING-PLANT-FRUITDELAPAS-000001,LIP_INS,2.31,composition : AG insaturés,CIQUAL,0.8
ING-PLANT-FRUITDELAPAS-000001,POLY_AMIDON,1.2,composition : amidon,CIQUAL,0.8
ING-PLANT-FRUITDELAPAS-000001,SM_SUCROSE,3.6,composition : saccharose,CIQUAL,0.8
ING-PLANT-FRUITDELAPAS-000001,SM_GLU_MONO,2.4,composition : glucose,CIQUAL,0.8
ING-PLANT-FRUITDELAPAS-000001,SM_FRUCTOSE,2.5,composition : fructose,CIQUAL,0.8
ING-PLANT-PAPAYE-000001,SM_GLU_MONO,4.0,composition : glucose,CIQUAL,0.8
ING-PLANT-PAPAYE-000001,SM_FRUCTOSE,4.1,composition : fructose,CIQUAL,0.8
ING-PLANT-GOYAVE-000001,LIP_TRIGLY,0.95,composition : lipides,CIQUAL,0.8
ING-PLANT-GOYAVE-000001,LIP_SAT,0.27,composition : AG saturés,CIQUAL,0.8
ING-PLANT-GOYAVE-000001,LIP_INS,0.487,composition : AG insaturés,CIQUAL,0.8
ING-PLANT-GOYAVE-000001,POLY_AMIDON,0.1,composition : amidon,CIQUAL,0.8
ING-PLANT-GOYAVE-000001,SM_SUCROSE,1.11,composition : saccharose,CIQUAL,0.8
ING-PLANT-GOYAVE-000001,SM_GLU_MONO,1.03,composition : glucose,CIQUAL,0.8
ING-PLANT-GOYAVE-000001,SM_FRUCTOSE,2.2,composition : fructose,CIQUAL,0.8
ING-PLANT-LITCHI-000001,SM_GLU_MONO,7.6,composition : glucose,CIQUAL,0.8
ING-PLANT-LITCHI-000001,SM_FRUCTOSE,8.1,composition : fructose,CIQUAL,0.8
ING-PLANT-KAKI-000001,SM_GLU_MONO,7.5,composition : glucose,CIQUAL,0.8
ING-PLANT-KAKI-000001,SM_FRUCTOSE,6.4,composition : fructose,CIQUAL,0.8
ING-PLANT-GRENADE-000001,LIP_TRIGLY,1.2,composition : lipides,CIQUAL,0.8
ING-PLANT-GRENADE-000001,LIP_SAT,0.07,composition : AG saturés,CIQUAL,0.8
ING-PLANT-GRENADE-000001,LIP_INS,1.03,composition : AG insaturés,CIQUAL,0.8
ING-PLANT-GRENADE-000001,SM_GLU_MONO,6.2,composition : glucose,CIQUAL,0.8
ING-PLANT-GRENADE-000001,SM_FRUCTOSE,7.1,composition : fructose,CIQUAL,0.8
ING-PLANT-CARAMBOLE-000001,LIP_TRIGLY,0.33,composition : lipides,CIQUAL,0.8
ING-PLANT-CARAMBOLE-000001,LIP_INS,0.21,composition : AG insaturés,CIQUAL,0.8
ING-PLANT-KIWI-000001,SM_CIT,1.0,règle : kiwi,MAESTRO_INTERNAL|LIT,0.5
ING-PLANT-KIWI-000001,LIP_TRIGLY,0.6,composition : lipides,CIQUAL,0.8
ING-PLANT-KIWI-000001,LIP_SAT,0.13,composition : AG saturés,CIQUAL,0.8
ING-PLANT-KIWI-000001,LIP_INS,0.41,composition : AG insaturés,CIQUAL,0.8
ING-PLANT-KIWI-000001,SM_SUCROSE,0.8,composition : saccharose,CIQUAL,0.8
ING-PLANT-KIWI-000001,SM_GLU_MONO,3.8,composition : glucose,CIQUAL,0.8
ING-PLANT-KIWI-000001,SM_FRUCTOSE,4.3,composition : fructose,CIQUAL,0.8
ING-PLANT-RAISIN-000001,SM_CIT,0.5,règle : raisin (acide tartrique assimilé),MAESTRO_INTERNAL|LIT,0.5
ING-PLANT-RAISIN-000001,LIP_TRIGLY,0.1,composition : lipides,CIQUAL,0.8
ING-PLANT-RAISIN-000001,SM_GLU_MONO,7.0,composition : glucose,CIQUAL,0.8
ING-PLANT-RAISIN-000001,SM_FRUCTOSE,8.0,composition : fructose,CIQUAL,0.8
ING-PLANT-RAISINSEC-000001,SM_CIT,0.5,règle : raisin (acide tartrique assimilé),MAESTRO_INTERNAL|LIT,0.5
ING-PLANT-RAISINSEC-000001,LIP_TRIGLY,0.9,composition : lipides,CIQUAL,0.8
ING-PLANT-RAISINSEC-000001,LIP_SAT,0.31,composition : AG saturés,CIQUAL,0.8
ING-PLANT-RAISINSEC-000001,LIP_INS,0.52,composition : AG insaturés,CIQUAL,0.8
ING-PLANT-RAISINSEC-000001,POLY_AMIDON,0.5,composition : amidon,CIQUAL,0.8
ING-PLANT-RAISINSEC-000001,SM_GLU_MONO,34.0,composition : glucose,CIQUAL,0.8
ING-PLANT-RAISINSEC-000001,SM_FRUCTOSE,36.0,composition : fructose,CIQUAL,0.8
ING-PLANT-RAISINSEC-000001,SM_CA,0.054,composition : calcium,CIQUAL,0.8
ING-PLANT-AMANDE-000001,LIP_TRIGLY,49.9,composition : lipides,CIQUAL,0.8
ING-PLANT-AMANDE-000001,LIP_SAT,3.8,composition : AG saturés,CIQUAL,0.8
ING-PLANT-AMANDE-000001,LIP_INS,43.9,composition : AG insaturés,CIQUAL,0.8
ING-PLANT-AMANDE-000001,SM_CA,0.269,composition : calcium,CIQUAL,0.8
ING-PLANT-AMANDETORRFI-000001,LIP_TRIGLY,52.5,composition : lipides,CIQUAL,0.8
ING-PLANT-AMANDETORRFI-000001,LIP_SAT,3.95,composition : AG saturés,CIQUAL,0.8
ING-PLANT-AMANDETORRFI-000001,LIP_INS,45.8,composition : AG insaturés,CIQUAL,0.8
ING-PLANT-AMANDETORRFI-000001,POLY_AMIDON,1.0,composition : amidon,CIQUAL,0.8
ING-PLANT-AMANDETORRFI-000001,SM_SUCROSE,4.46,composition : saccharose,CIQUAL,0.8
ING-PLANT-AMANDETORRFI-000001,SM_CA,0.236,composition : calcium,CIQUAL,0.8
ING-TECH-BEURREDEAMAN-000001,PROT_CASEINE,18.08,règle : beurre,MAESTRO_INTERNAL|LIT,0.5
ING-TECH-BEURREDEAMAN-000001,LIP_TRIGLY,51.3,composition : lipides,CIQUAL,0.8
ING-TECH-BEURREDEAMAN-000001,LIP_SAT,4.11,composition : AG saturés,CIQUAL,0.8
ING-TECH-BEURREDEAMAN-000001,LIP_INS,44.9,composition : AG insaturés,CIQUAL,0.8
ING-TECH-BEURREDEAMAN-000001,SM_SUCROSE,4.0,composition : saccharose,CIQUAL,0.8
ING-TECH-BEURREDEAMAN-000001,SM_GLU_MONO,0.2,composition : glucose,CIQUAL,0.8
ING-TECH-BEURREDEAMAN-000001,SM_CA,0.26,composition : calcium,CIQUAL,0.8
ING-PLANT-NOISETTE-000001,LIP_TRIGLY,60.75,composition : lipides,CIQUAL,0.8
ING-PLANT-NOISETTE-000001,LIP_SAT,4.46,composition : AG saturés,CIQUAL,0.8
ING-PLANT-NOISETTE-000001,LIP_INS,53.57,composition : AG insaturés,CIQUAL,0.8
ING-PLANT-NOISETTETORR-000001,LIP_TRIGLY,62.4,composition : lipides,CIQUAL,0.8
ING-PLANT-NOISETTETORR-000001,LIP_SAT,4.51,composition : AG saturés,CIQUAL,0.8
ING-PLANT-NOISETTETORR-000001,LIP_INS,55.06,composition : AG insaturés,CIQUAL,0.8
ING-PLANT-NOISETTETORR-000001,POLY_AMIDON,1.1,composition : amidon,CIQUAL,0.8
ING-PLANT-NOISETTETORR-000001,SM_SUCROSE,4.75,composition : saccharose,CIQUAL,0.8
ING-PLANT-NOISETTETORR-000001,SM_GLU_MONO,0.07,composition : glucose,CIQUAL,0.8
ING-PLANT-NOISETTETORR-000001,SM_FRUCTOSE,0.07,composition : fructose,CIQUAL,0.8
ING-PLANT-NOISETTETORR-000001,SM_CA,0.123,composition : calcium,CIQUAL,0.8
ING-TECH-BEURREDENOIS-000001,PROT_CASEINE,13.6,règle : beurre,MAESTRO_INTERNAL|LIT,0.5
ING-TECH-BEURREDENOIS-000001,LIP_TRIGLY,56.9,composition : lipides,CIQUAL,0.8
ING-TECH-BEURREDENOIS-000001,LIP_SAT,4.75,composition : AG saturés,CIQUAL,0.8
ING-TECH-BEURREDENOIS-000001,LIP_INS,49.6,composition : AG insaturés,CIQUAL,0.8
ING-TECH-BEURREDENOIS-000001,SM_SUCROSE,4.6,composition : saccharose,CIQUAL,0.8
ING-TECH-BEURREDENOIS-000001,SM_GLU_MONO,0.3,composition : glucose,CIQUAL,0.8
ING-TECH-BEURREDENOIS-000001,SM_CA,0.12,composition : calcium,CIQUAL,0.8
ING-PLANT-NOIX-000001,LIP_TRIGLY,65.21,composition : lipides,CIQUAL,0.8
ING-PLANT-NOIX-000001,LIP_SAT,6.13,composition : AG saturés,CIQUAL,0.8
ING-PLANT-NOIXTORRFIE-000001,LIP_TRIGLY,67.3,composition : lipides,CIQUAL,0.8
ING-PLANT-NOIXTORRFIE-000001,LIP_SAT,6.45,composition : AG saturés,CIQUAL,0.8
ING-PLANT-NOIXTORRFIE-000001,LIP_INS,57.7,composition : AG insaturés,CIQUAL,0.8
ING-PLANT-NOIXTORRFIE-000001,SM_SUCROSE,2.8,composition : saccharose,CIQUAL,0.8
ING-PLANT-NOIXTORRFIE-000001,SM_GLU_MONO,0.2,composition : glucose,CIQUAL,0.8
ING-PLANT-NOIXTORRFIE-000001,SM_CA,0.075,composition : calcium,CIQUAL,0.8
ING-PLANT-PISTACHE-000001,LIP_TRIGLY,45.97,composition : lipides,CIQUAL,0.8
ING-PLANT-PISTACHETORR-000001,LIP_TRIGLY,51.6,composition : lipides,CIQUAL,0.8
ING-PLANT-PISTACHETORR-000001,LIP_SAT,6.45,composition : AG saturés,CIQUAL,0.8
ING-PLANT-PISTACHETORR-000001,LIP_INS,37.1,composition : AG insaturés,CIQUAL,0.8
ING-PLANT-PISTACHETORR-000001,POLY_AMIDON,1.38,composition : amidon,CIQUAL,0.8
ING-PLANT-PISTACHETORR-000001,SM_SUCROSE,7.12,composition : saccharose,CIQUAL,0.8
ING-PLANT-PISTACHETORR-000001,SM_GLU_MONO,0.26,composition : glucose,CIQUAL,0.8
ING-PLANT-PISTACHETORR-000001,SM_FRUCTOSE,0.22,composition : fructose,CIQUAL,0.8
ING-PLANT-PISTACHETORR-000001,SM_CA,0.107,composition : calcium,CIQUAL,0.8
ING-TECH-BEURREDEPIST-000001,PROT_CASEINE,17.36,règle : beurre,MAESTRO_INTERNAL|LIT,0.5
ING-TECH-BEURREDEPIST-000001,LIP_TRIGLY,51.6,composition : lipides,CIQUAL,0.8
ING-TECH-BEURREDEPIST-000001,LIP_SAT,6.45,composition : AG saturés,CIQUAL,0.8
ING-TECH-BEURREDEPIST-000001,LIP_INS,37.1,composition : AG insaturés,CIQUAL,0.8
ING-TECH-BEURREDEPIST-000001,POLY_AMIDON,1.38,composition : amidon,CIQUAL,0.8
ING-TECH-BEURREDEPIST-000001,SM_SUCROSE,7.12,composition : saccharose,CIQUAL,0.8
ING-TECH-BEURREDEPIST-000001,SM_GLU_MONO,0.26,composition : glucose,CIQUAL,0.8
ING-TECH-BEURREDEPIST-000001,SM_FRUCTOSE,0.22,composition : fructose,CIQUAL,0.8
ING-TECH-BEURREDEPIST-000001,SM_CA,0.107,composition : calcium,CIQUAL,0.8
ING-PLANT-CAJOU-000001,LIP_TRIGLY,49.0,composition : lipides,CIQUAL,0.8
ING-PLANT-CAJOU-000001,LIP_SAT,8.87,composition : AG saturés,CIQUAL,0.8
ING-PLANT-CAJOU-000001,LIP_INS,38.01,composition : AG insaturés,CIQUAL,0.8
ING-PLANT-CAJOU-000001,POLY_AMIDON,11.8,composition : amidon,CIQUAL,0.8
ING-PLANT-CAJOU-000001,SM_SUCROSE,6.63,composition : saccharose,CIQUAL,0.8
ING-PLANT-CAJOUTORRFIE-000001,LIP_TRIGLY,49.0,composition : lipides,CIQUAL,0.8
ING-PLANT-CAJOUTORRFIE-000001,LIP_SAT,8.87,composition : AG saturés,CIQUAL,0.8
ING-PLANT-CAJOUTORRFIE-000001,LIP_INS,38.01,composition : AG insaturés,CIQUAL,0.8
ING-PLANT-CAJOUTORRFIE-000001,POLY_AMIDON,11.8,composition : amidon,CIQUAL,0.8
ING-PLANT-CAJOUTORRFIE-000001,SM_SUCROSE,6.63,composition : saccharose,CIQUAL,0.8
ING-TECH-BEURREDECAJO-000001,PROT_CASEINE,16.4,règle : beurre,MAESTRO_INTERNAL|LIT,0.5
ING-TECH-BEURREDECAJO-000001,LIP_TRIGLY,49.0,composition : lipides,CIQUAL,0.8
ING-TECH-BEURREDECAJO-000001,LIP_SAT,8.87,composition : AG saturés,CIQUAL,0.8
ING-TECH-BEURREDECAJO-000001,LIP_INS,38.01,composition : AG insaturés,CIQUAL,0.8
ING-TECH-BEURREDECAJO-000001,POLY_AMIDON,11.8,composition : amidon,CIQUAL,0.8
ING-TECH-BEURREDECAJO-000001,SM_SUCROSE,6.63,composition : saccharose,CIQUAL,0.8
ING-PLANT-PCAN-000001,LIP_TRIGLY,72.0,composition : lipides,CIQUAL,0.8
ING-PLANT-PCAN-000001,LIP_SAT,6.18,composition : AG saturés,CIQUAL,0.8
ING-PLANT-PCAN-000001,LIP_INS,62.4,composition : AG insaturés,CIQUAL,0.8
ING-PLANT-PCAN-000001,POLY_AMIDON,0.44,composition : amidon,CIQUAL,0.8
ING-PLANT-PCAN-000001,SM_SUCROSE,3.73,composition : saccharose,CIQUAL,0.8
ING-PLANT-PCAN-000001,SM_CA,0.07,composition : calcium,CIQUAL,0.8
ING-PLANT-PCANTORRFIE-000001,LIP_TRIGLY,72.0,composition : lipides,CIQUAL,0.8
ING-PLANT-PCANTORRFIE-000001,LIP_SAT,6.18,composition : AG saturés,CIQUAL,0.8
ING-PLANT-PCANTORRFIE-000001,LIP_INS,62.4,composition : AG insaturés,CIQUAL,0.8
ING-PLANT-PCANTORRFIE-000001,POLY_AMIDON,0.44,composition : amidon,CIQUAL,0.8
ING-PLANT-PCANTORRFIE-000001,SM_SUCROSE,3.73,composition : saccharose,CIQUAL,0.8
ING-PLANT-PCANTORRFIE-000001,SM_CA,0.07,composition : calcium,CIQUAL,0.8
ING-PLANT-NOIXDUBRSIL-000001,LIP_TRIGLY,67.1,composition : lipides,CIQUAL,0.8
ING-PLANT-NOIXDUBRSIL-000001,LIP_SAT,16.1,composition : AG saturés,CIQUAL,0.8
ING-PLANT-NOIXDUBRSIL-000001,LIP_INS,48.3,composition : AG insaturés,CIQUAL,0.8
ING-PLANT-NOIXDUBRSIL-000001,POLY_AMIDON,0.25,composition : amidon,CIQUAL,0.8
ING-PLANT-NOIXDUBRSIL-000001,SM_SUCROSE,2.33,composition : saccharose,CIQUAL,0.8
ING-PLANT-NOIXDUBRSIL-000001,SM_CA,0.16,composition : calcium,CIQUAL,0.8
ING-PLANT-NOIXDUBRSILT-000001,LIP_TRIGLY,67.1,composition : lipides,CIQUAL,0.8
ING-PLANT-NOIXDUBRSILT-000001,LIP_SAT,16.1,composition : AG saturés,CIQUAL,0.8
ING-PLANT-NOIXDUBRSILT-000001,LIP_INS,48.3,composition : AG insaturés,CIQUAL,0.8
ING-PLANT-NOIXDUBRSILT-000001,POLY_AMIDON,0.25,composition : amidon,CIQUAL,0.8
ING-PLANT-NOIXDUBRSILT-000001,SM_SUCROSE,2.33,composition : saccharose,CIQUAL,0.8
ING-PLANT-NOIXDUBRSILT-000001,SM_CA,0.16,composition : calcium,CIQUAL,0.8
ING-TECH-BEURREDENOIX-000001,PROT_CASEINE,13.12,règle : beurre,MAESTRO_INTERNAL|LIT,0.5
ING-TECH-BEURREDENOIX-000001,LIP_TRIGLY,67.1,composition : lipides,CIQUAL,0.8
ING-TECH-BEURREDENOIX-000001,LIP_SAT,16.1,composition : AG saturés,CIQUAL,0.8
ING-TECH-BEURREDENOIX-000001,LIP_INS,48.3,composition : AG insaturés,CIQUAL,0.8
ING-TECH-BEURREDENOIX-000001,POLY_AMIDON,0.25,composition : amidon,CIQUAL,0.8
ING-TECH-BEURREDENOIX-000001,SM_SUCROSE,2.33,composition : saccharose,CIQUAL,0.8
ING-TECH-BEURREDENOIX-000001,SM_CA,0.16,composition : calcium,CIQUAL,0.8
ING-PLANT-NOIXDEMACADA-000001,LIP_TRIGLY,75.8,composition : lipides,CIQUAL,0.8
ING-PLANT-NOIXDEMACADA-000001,LIP_SAT,12.1,composition : AG saturés,CIQUAL,0.8
ING-PLANT-NOIXDEMACADA-000001,LIP_INS,60.4,composition : AG insaturés,CIQUAL,0.8
ING-PLANT-NOIXDEMACADA-000001,POLY_AMIDON,0.98,composition : amidon,CIQUAL,0.8
ING-PLANT-NOIXDEMACADA-000001,SM_SUCROSE,4.11,composition : saccharose,CIQUAL,0.8
ING-PLANT-NOIXDEMACADA-000001,SM_GLU_MONO,0.065,composition : glucose,CIQUAL,0.8
ING-PLANT-NOIXDEMACADA-000001,SM_FRUCTOSE,0.065,composition : fructose,CIQUAL,0.8
ING-PLANT-NOIXDEMACADA-000001,SM_CA,0.085,composition : calcium,CIQUAL,0.8
ING-PLANT-NOIXDEMACADA-000002,LIP_TRIGLY,75.8,composition : lipides,CIQUAL,0.8
ING-PLANT-NOIXDEMACADA-000002,LIP_SAT,12.1,composition : AG saturés,CIQUAL,0.8
ING-PLANT-NOIXDEMACADA-000002,LIP_INS,60.4,composition : AG insaturés,CIQUAL,0.8
ING-PLANT-NOIXDEMACADA-000002,POLY_AMIDON,0.98,composition : amidon,CIQUAL,0.8
ING-PLANT-NOIXDEMACADA-000002,SM_SUCROSE,4.11,composition : saccharose,CIQUAL,0.8
ING-PLANT-NOIXDEMACADA-000002,SM_GLU_MONO,0.065,composition : glucose,CIQUAL,0.8
ING-PLANT-NOIXDEMACADA-000002,SM_FRUCTOSE,0.065,composition : fructose,CIQUAL,0.8
ING-PLANT-NOIXDEMACADA-000002,SM_CA,0.085,composition : calcium,CIQUAL,0.8
ING-TECH-BEURREDENOIX-000002,PROT_CASEINE,7.464,règle : beurre,MAESTRO_INTERNAL|LIT,0.5
ING-TECH-BEURREDENOIX-000002,LIP_TRIGLY,75.8,composition : lipides,CIQUAL,0.8
ING-TECH-BEURREDENOIX-000002,LIP_SAT,12.1,composition : AG saturés,CIQUAL,0.8
ING-TECH-BEURREDENOIX-000002,LIP_INS,60.4,composition : AG insaturés,CIQUAL,0.8
ING-TECH-BEURREDENOIX-000002,POLY_AMIDON,0.98,composition : amidon,CIQUAL,0.8
ING-TECH-BEURREDENOIX-000002,SM_SUCROSE,4.11,composition : saccharose,CIQUAL,0.8
ING-TECH-BEURREDENOIX-000002,SM_GLU_MONO,0.065,composition : glucose,CIQUAL,0.8
ING-TECH-BEURREDENOIX-000002,SM_FRUCTOSE,0.065,composition : fructose,CIQUAL,0.8
ING-TECH-BEURREDENOIX-000002,SM_CA,0.085,composition : calcium,CIQUAL,0.8
ING-PLANT-PIGNONDEPIN-000001,LIP_TRIGLY,68.4,composition : lipides,CIQUAL,0.8
ING-PLANT-PIGNONDEPIN-000001,LIP_SAT,4.9,composition : AG saturés,CIQUAL,0.8
ING-PLANT-PIGNONDEPIN-000001,LIP_INS,52.9,composition : AG insaturés,CIQUAL,0.8
ING-PLANT-PIGNONDEPIN-000001,POLY_AMIDON,1.1,composition : amidon,CIQUAL,0.8
ING-PLANT-PIGNONDEPIN-000001,SM_SUCROSE,1.76,composition : saccharose,CIQUAL,0.8
ING-PLANT-PIGNONDEPINT-000001,LIP_TRIGLY,68.4,composition : lipides,CIQUAL,0.8
ING-PLANT-PIGNONDEPINT-000001,LIP_SAT,4.9,composition : AG saturés,CIQUAL,0.8
ING-PLANT-PIGNONDEPINT-000001,LIP_INS,52.9,composition : AG insaturés,CIQUAL,0.8
ING-PLANT-PIGNONDEPINT-000001,POLY_AMIDON,1.1,composition : amidon,CIQUAL,0.8
ING-PLANT-PIGNONDEPINT-000001,SM_SUCROSE,1.76,composition : saccharose,CIQUAL,0.8
ING-PLANT-CHTAIGNE-000001,LIP_TRIGLY,1.76,composition : lipides,CIQUAL,0.8
ING-PLANT-CHTAIGNE-000001,LIP_SAT,0.33,composition : AG saturés,CIQUAL,0.8
ING-PLANT-CHTAIGNE-000001,LIP_INS,1.3,composition : AG insaturés,CIQUAL,0.8
ING-PLANT-CHTAIGNE-000001,POLY_AMIDON,28.8,composition : amidon,CIQUAL,0.8
ING-PLANT-CHTAIGNETORR-000001,LIP_TRIGLY,1.7,composition : lipides,CIQUAL,0.8
ING-PLANT-CHTAIGNETORR-000001,LIP_SAT,0.27,composition : AG saturés,CIQUAL,0.8
ING-PLANT-CHTAIGNETORR-000001,LIP_INS,0.86,composition : AG insaturés,CIQUAL,0.8
ING-PLANT-CHTAIGNETORR-000001,POLY_AMIDON,26.8,composition : amidon,CIQUAL,0.8
ING-PLANT-CHTAIGNETORR-000001,SM_SUCROSE,11.0,composition : saccharose,CIQUAL,0.8
ING-PLANT-ARACHIDE-000001,LIP_TRIGLY,49.1,composition : lipides,CIQUAL,0.8
ING-PLANT-ARACHIDE-000001,LIP_SAT,8.4,composition : AG saturés,CIQUAL,0.8
ING-PLANT-ARACHIDE-000001,LIP_INS,38.4,composition : AG insaturés,CIQUAL,0.8
ING-PLANT-ARACHIDE-000001,POLY_AMIDON,5.0,composition : amidon,CIQUAL,0.8
ING-PLANT-ARACHIDE-000001,SM_SUCROSE,5.9,composition : saccharose,CIQUAL,0.8
ING-PLANT-ARACHIDE-000001,SM_CA,0.057,composition : calcium,CIQUAL,0.8
ING-PLANT-ARACHIDETORR-000001,LIP_TRIGLY,51.9,composition : lipides,CIQUAL,0.8
ING-PLANT-ARACHIDETORR-000001,LIP_SAT,6.01,composition : AG saturés,CIQUAL,0.8
ING-PLANT-ARACHIDETORR-000001,LIP_INS,43.0,composition : AG insaturés,CIQUAL,0.8
ING-PLANT-ARACHIDETORR-000001,POLY_AMIDON,5.04,composition : amidon,CIQUAL,0.8
ING-PLANT-ARACHIDETORR-000001,SM_SUCROSE,6.01,composition : saccharose,CIQUAL,0.8
ING-PLANT-ARACHIDETORR-000001,SM_CA,0.052,composition : calcium,CIQUAL,0.8
ING-TECH-BEURREDEARAC-000001,PROT_CASEINE,20.32,règle : beurre,MAESTRO_INTERNAL|LIT,0.5
ING-TECH-BEURREDEARAC-000001,LIP_TRIGLY,51.4,composition : lipides,CIQUAL,0.8
ING-TECH-BEURREDEARAC-000001,LIP_SAT,10.1,composition : AG saturés,CIQUAL,0.8
ING-TECH-BEURREDEARAC-000001,LIP_INS,37.8,composition : AG insaturés,CIQUAL,0.8
ING-TECH-BEURREDEARAC-000001,POLY_AMIDON,3.56,composition : amidon,CIQUAL,0.8
ING-TECH-BEURREDEARAC-000001,SM_SUCROSE,10.2,composition : saccharose,CIQUAL,0.8
ING-TECH-BEURREDEARAC-000001,SM_GLU_MONO,0.13,composition : glucose,CIQUAL,0.8
ING-TECH-BEURREDEARAC-000001,SM_FRUCTOSE,0.12,composition : fructose,CIQUAL,0.8
ING-TECH-BEURREDEARAC-000001,SM_SALT,1.07,composition : sel,CIQUAL,0.8
ING-FERMENT-CONFITUREFRA-000001,LIP_TRIGLY,0.1,composition : lipides,CIQUAL,0.8
ING-FERMENT-CONFITUREFRA-000001,SM_SUCROSE,9.7,composition : saccharose,CIQUAL,0.8
ING-FERMENT-CONFITUREFRA-000001,SM_GLU_MONO,14.2,composition : glucose,CIQUAL,0.8
ING-FERMENT-CONFITUREFRA-000001,SM_FRUCTOSE,11.8,composition : fructose,CIQUAL,0.8
ING-FERMENT-CONFITUREABR-000001,LIP_TRIGLY,0.067,composition : lipides,CIQUAL,0.8
ING-FERMENT-CONFITUREABR-000001,SM_SUCROSE,11.9,composition : saccharose,CIQUAL,0.8
ING-FERMENT-CONFITUREABR-000001,SM_GLU_MONO,11.8,composition : glucose,CIQUAL,0.8
ING-FERMENT-CONFITUREABR-000001,SM_FRUCTOSE,9.2,composition : fructose,CIQUAL,0.8
ING-FERMENT-MARMELADEORA-000001,LIP_TRIGLY,0.063,composition : lipides,CIQUAL,0.8
ING-FERMENT-MARMELADEORA-000001,SM_SUCROSE,5.58,composition : saccharose,CIQUAL,0.8
ING-FERMENT-MARMELADEORA-000001,SM_GLU_MONO,17.6,composition : glucose,CIQUAL,0.8
ING-FERMENT-MARMELADEORA-000001,SM_FRUCTOSE,16.7,composition : fructose,CIQUAL,0.8
ING-PLANT-TOMATE-000001,SM_GLU,0.25,règle : tomate : glutamate libre et acide citrique,MAESTRO_INTERNAL|LIT,0.5
ING-PLANT-TOMATE-000001,SM_CIT,0.4,règle : tomate : glutamate libre et acide citrique,MAESTRO_INTERNAL|LIT,0.5
ING-PLANT-TOMATE-000001,LIP_TRIGLY,0.2,composition : lipides,CIQUAL,0.8
ING-PLANT-TOMATESCHE-000001,SM_GLU,0.9,règle : tomate séchée : glutamate libre concentré,MAESTRO_INTERNAL|LIT,0.5
ING-PLANT-TOMATESCHE-000001,SM_CIT,1.2,règle : tomate séchée : glutamate libre concentré,MAESTRO_INTERNAL|LIT,0.5
ING-PLANT-TOMATESCHE-000001,LIP_TRIGLY,2.97,composition : lipides,CIQUAL,0.8
ING-PLANT-TOMATESCHE-000001,LIP_SAT,0.43,composition : AG saturés,CIQUAL,0.8
ING-PLANT-TOMATESCHE-000001,LIP_INS,1.61,composition : AG insaturés,CIQUAL,0.8
ING-PLANT-TOMATESCHE-000001,SM_SALT,0.62,composition : sel,CIQUAL,0.8
ING-PLANT-TOMATESCHE-000001,SM_CA,0.11,composition : calcium,CIQUAL,0.8
ING-FERMENT-CONCENTRDETO-000001,SM_GLU,0.25,règle : tomate : glutamate libre et acide citrique,MAESTRO_INTERNAL|LIT,0.5
ING-FERMENT-CONCENTRDETO-000001,SM_CIT,0.4,règle : tomate : glutamate libre et acide citrique,MAESTRO_INTERNAL|LIT,0.5
ING-FERMENT-CONCENTRDETO-000001,LIP_TRIGLY,0.53,composition : lipides,CIQUAL,0.8
ING-FERMENT-CONCENTRDETO-000001,LIP_SAT,0.1,composition : AG saturés,CIQUAL,0.8
ING-FERMENT-CONCENTRDETO-000001,LIP_INS,0.227,composition : AG insaturés,CIQUAL,0.8
ING-FERMENT-CONCENTRDETO-000001,POLY_AMIDON,0.22,composition : amidon,CIQUAL,0.8
ING-FERMENT-CONCENTRDETO-000001,SM_GLU_MONO,6.7,composition : glucose,CIQUAL,0.8
ING-FERMENT-CONCENTRDETO-000001,SM_FRUCTOSE,6.6,composition : fructose,CIQUAL,0.8
ING-FERMENT-CONCENTRDETO-000001,SM_SALT,0.27,composition : sel,CIQUAL,0.8
ING-FERMENT-COULISDETOMA-000001,SM_GLU,0.25,règle : tomate : glutamate libre et acide citrique,MAESTRO_INTERNAL|LIT,0.5
ING-FERMENT-COULISDETOMA-000001,SM_CIT,0.4,règle : tomate : glutamate libre et acide citrique,MAESTRO_INTERNAL|LIT,0.5
ING-FERMENT-COULISDETOMA-000001,LIP_TRIGLY,0.2,composition : lipides,CIQUAL,0.8
ING-FERMENT-COULISDETOMA-000001,LIP_SAT,0.08,composition : AG saturés,CIQUAL,0.8
ING-FERMENT-COULISDETOMA-000001,SM_GLU_MONO,2.6,composition : glucose,CIQUAL,0.8
ING-FERMENT-COULISDETOMA-000001,SM_FRUCTOSE,2.6,composition : fructose,CIQUAL,0.8
ING-FERMENT-COULISDETOMA-000001,SM_SALT,0.88,composition : sel,CIQUAL,0.8
ING-PLANT-POIVRONROUGE-000001,SM_GLU_MONO,2.2,composition : glucose,CIQUAL,0.8
ING-PLANT-POIVRONROUGE-000001,SM_FRUCTOSE,2.6,composition : fructose,CIQUAL,0.8
ING-PLANT-POIVRONVERT-000001,SM_GLU_MONO,1.5,composition : glucose,CIQUAL,0.8
ING-PLANT-POIVRONVERT-000001,SM_FRUCTOSE,1.5,composition : fructose,CIQUAL,0.8
ING-PLANT-PIMENTFORT-000001,LIP_TRIGLY,0.44,composition : lipides,CIQUAL,0.8
ING-PLANT-PIMENTFORT-000001,LIP_INS,0.264,composition : AG insaturés,CIQUAL,0.8
ING-PLANT-PIMENTFORT-000001,POLY_AMIDON,1.74,composition : amidon,CIQUAL,0.8
ING-PLANT-PIMENTDESPEL-000001,LIP_TRIGLY,0.44,composition : lipides,CIQUAL,0.8
ING-PLANT-PIMENTDESPEL-000001,LIP_INS,0.264,composition : AG insaturés,CIQUAL,0.8
ING-PLANT-PIMENTDESPEL-000001,POLY_AMIDON,1.74,composition : amidon,CIQUAL,0.8
ING-PLANT-PIMENTOISEAU-000001,LIP_TRIGLY,0.44,composition : lipides,CIQUAL,0.8
ING-PLANT-PIMENTOISEAU-000001,LIP_INS,0.264,composition : AG insaturés,CIQUAL,0.8
ING-PLANT-PIMENTOISEAU-000001,POLY_AMIDON,1.74,composition : amidon,CIQUAL,0.8
ING-PLANT-AUBERGINE-000001,LIP_TRIGLY,0.18,composition : lipides,CIQUAL,0.8
ING-PLANT-AUBERGINE-000001,LIP_INS,0.092,composition : AG insaturés,CIQUAL,0.8
ING-PLANT-AUBERGINE-000001,SM_SUCROSE,0.21,composition : saccharose,CIQUAL,0.8
ING-PLANT-AUBERGINE-000001,SM_GLU_MONO,1.26,composition : glucose,CIQUAL,0.8
ING-PLANT-AUBERGINE-000001,SM_FRUCTOSE,1.23,composition : fructose,CIQUAL,0.8
ING-PLANT-POMMEDETERRE-000001,POLY_AMYLOSE,3.388,règle : tubercule amylacé,MAESTRO_INTERNAL|LIT,0.5
ING-PLANT-POMMEDETERRE-000001,POLY_AMYLOPEC,12.012,règle : tubercule amylacé,MAESTRO_INTERNAL|LIT,0.5
ING-PLANT-POMMEDETERRE-000001,LIP_TRIGLY,0.1,composition : lipides,CIQUAL,0.8
ING-PLANT-POMMEDETERRE-000001,POLY_AMIDON,15.4,composition : amidon,CIQUAL,0.8
ING-PLANT-COURGETTE-000001,LIP_TRIGLY,0.32,composition : lipides,CIQUAL,0.8
ING-PLANT-COURGETTE-000001,LIP_SAT,0.084,composition : AG saturés,CIQUAL,0.8
ING-PLANT-COURGETTE-000001,LIP_INS,0.102,composition : AG insaturés,CIQUAL,0.8
ING-PLANT-COURGETTE-000001,SM_GLU_MONO,0.74,composition : glucose,CIQUAL,0.8
ING-PLANT-COURGETTE-000001,SM_FRUCTOSE,0.96,composition : fructose,CIQUAL,0.8
ING-PLANT-COURGEBUTTER-000001,LIP_TRIGLY,0.1,composition : lipides,CIQUAL,0.8
ING-PLANT-COURGEBUTTER-000001,POLY_AMIDON,3.2,composition : amidon,CIQUAL,0.8
ING-PLANT-COURGEBUTTER-000001,SM_SUCROSE,0.22,composition : saccharose,CIQUAL,0.8
ING-PLANT-COURGEBUTTER-000001,SM_GLU_MONO,0.99,composition : glucose,CIQUAL,0.8
ING-PLANT-COURGEBUTTER-000001,SM_FRUCTOSE,0.99,composition : fructose,CIQUAL,0.8
ING-PLANT-POTIRON-000001,LIP_TRIGLY,0.1,composition : lipides,CIQUAL,0.8
ING-PLANT-POTIRON-000001,LIP_SAT,0.051,composition : AG saturés,CIQUAL,0.8
ING-PLANT-POTIRON-000001,POLY_AMIDON,1.0,composition : amidon,CIQUAL,0.8
ING-PLANT-CONCOMBRE-000001,LIP_TRIGLY,0.11,composition : lipides,CIQUAL,0.8
ING-PLANT-CONCOMBRE-000001,POLY_AMIDON,0.83,composition : amidon,CIQUAL,0.8
ING-PLANT-CONCOMBRE-000001,SM_GLU_MONO,0.76,composition : glucose,CIQUAL,0.8
ING-PLANT-CONCOMBRE-000001,SM_FRUCTOSE,0.87,composition : fructose,CIQUAL,0.8
ING-PLANT-PASTQUE-000001,SM_SUCROSE,2.5,composition : saccharose,CIQUAL,0.8
ING-PLANT-PASTQUE-000001,SM_GLU_MONO,1.8,composition : glucose,CIQUAL,0.8
ING-PLANT-PASTQUE-000001,SM_FRUCTOSE,3.6,composition : fructose,CIQUAL,0.8
ING-PLANT-LAITUE-000001,LIP_TRIGLY,0.2,composition : lipides,CIQUAL,0.8
ING-PLANT-LAITUE-000001,LIP_INS,0.096,composition : AG insaturés,CIQUAL,0.8
ING-PLANT-LAITUE-000001,SM_GLU_MONO,0.33,composition : glucose,CIQUAL,0.8
ING-PLANT-LAITUE-000001,SM_FRUCTOSE,0.4,composition : fructose,CIQUAL,0.8
ING-PLANT-LAITUE-000001,SM_CA,0.065,composition : calcium,CIQUAL,0.8
ING-PLANT-PINARD-000001,LIP_TRIGLY,0.39,composition : lipides,CIQUAL,0.8
ING-PLANT-PINARD-000001,SM_CA,0.099,composition : calcium,CIQUAL,0.8
ING-PLANT-ROQUETTE-000001,LIP_TRIGLY,0.66,composition : lipides,CIQUAL,0.8
ING-PLANT-ROQUETTE-000001,LIP_SAT,0.086,composition : AG saturés,CIQUAL,0.8
ING-PLANT-ROQUETTE-000001,LIP_INS,0.369,composition : AG insaturés,CIQUAL,0.8
ING-PLANT-ROQUETTE-000001,SM_SALT,0.068,composition : sel,CIQUAL,0.8
ING-PLANT-ROQUETTE-000001,SM_CA,0.16,composition : calcium,CIQUAL,0.8
ING-PLANT-CHOUVERT-000001,LIP_TRIGLY,0.14,composition : lipides,CIQUAL,0.8
ING-PLANT-CHOUVERT-000001,LIP_INS,0.073,composition : AG insaturés,CIQUAL,0.8
ING-PLANT-CHOUVERT-000001,SM_SUCROSE,0.068,composition : saccharose,CIQUAL,0.8
ING-PLANT-CHOUVERT-000001,SM_GLU_MONO,1.42,composition : glucose,CIQUAL,0.8
ING-PLANT-CHOUVERT-000001,SM_FRUCTOSE,1.24,composition : fructose,CIQUAL,0.8
ING-PLANT-CHOUVERT-000001,SM_SALT,0.051,composition : sel,CIQUAL,0.8
ING-PLANT-CHOUFRIS-000001,LIP_TRIGLY,0.93,composition : lipides,CIQUAL,0.8
ING-PLANT-CHOUFRIS-000001,LIP_SAT,0.091,composition : AG saturés,CIQUAL,0.8
ING-PLANT-CHOUFRIS-000001,LIP_INS,0.392,composition : AG insaturés,CIQUAL,0.8
ING-PLANT-CHOUFRIS-000001,SM_SUCROSE,0.7,composition : saccharose,CIQUAL,0.8
ING-PLANT-CHOUFRIS-000001,SM_GLU_MONO,0.54,composition : glucose,CIQUAL,0.8
ING-PLANT-CHOUFRIS-000001,SM_FRUCTOSE,0.82,composition : fructose,CIQUAL,0.8
ING-PLANT-CHOUFRIS-000001,SM_SALT,0.095,composition : sel,CIQUAL,0.8
ING-PLANT-CHOUFRIS-000001,SM_CA,0.15,composition : calcium,CIQUAL,0.8
ING-PLANT-CHOUROUGE-000001,SM_SUCROSE,0.3,composition : saccharose,CIQUAL,0.8
ING-PLANT-CHOUROUGE-000001,SM_GLU_MONO,2.2,composition : glucose,CIQUAL,0.8
ING-PLANT-CHOUROUGE-000001,SM_FRUCTOSE,1.4,composition : fructose,CIQUAL,0.8
ING-PLANT-CHOUBLANC-000001,LIP_TRIGLY,0.6,composition : lipides,CIQUAL,0.8
ING-PLANT-CHOUBLANC-000001,LIP_SAT,0.27,composition : AG saturés,CIQUAL,0.8
ING-PLANT-CHOUBLANC-000001,LIP_INS,0.27,composition : AG insaturés,CIQUAL,0.8
ING-PLANT-CHOUBLANC-000001,SM_GLU_MONO,2.4,composition : glucose,CIQUAL,0.8
ING-PLANT-CHOUBLANC-000001,SM_FRUCTOSE,1.8,composition : fructose,CIQUAL,0.8
ING-PLANT-CHOUBLANC-000001,SM_CA,0.059,composition : calcium,CIQUAL,0.8
ING-PLANT-CHOUFLEUR-000001,LIP_TRIGLY,0.7,composition : lipides,CIQUAL,0.8
ING-PLANT-CHOUFLEUR-000001,LIP_SAT,0.24,composition : AG saturés,CIQUAL,0.8
ING-PLANT-CHOUFLEUR-000001,LIP_INS,0.39,composition : AG insaturés,CIQUAL,0.8
ING-PLANT-CHOUFLEUR-000001,SM_GLU_MONO,0.9,composition : glucose,CIQUAL,0.8
ING-PLANT-CHOUFLEUR-000001,SM_FRUCTOSE,0.8,composition : fructose,CIQUAL,0.8
ING-PLANT-BROCOLI-000001,LIP_TRIGLY,0.37,composition : lipides,CIQUAL,0.8
ING-PLANT-CRESSON-000001,LIP_TRIGLY,0.1,composition : lipides,CIQUAL,0.8
ING-PLANT-CRESSON-000001,SM_SALT,0.1,composition : sel,CIQUAL,0.8
ING-PLANT-CRESSON-000001,SM_CA,0.12,composition : calcium,CIQUAL,0.8
ING-PLANT-PISSENLIT-000001,LIP_TRIGLY,0.7,composition : lipides,CIQUAL,0.8
ING-PLANT-PISSENLIT-000001,LIP_SAT,0.17,composition : AG saturés,CIQUAL,0.8
ING-PLANT-PISSENLIT-000001,LIP_INS,0.324,composition : AG insaturés,CIQUAL,0.8
ING-PLANT-PISSENLIT-000001,SM_SALT,0.22,composition : sel,CIQUAL,0.8
ING-PLANT-PISSENLIT-000001,SM_CA,0.062,composition : calcium,CIQUAL,0.8
ING-PLANT-BETTE-000001,SM_GLU_MONO,0.7,composition : glucose,CIQUAL,0.8
ING-PLANT-BETTE-000001,SM_FRUCTOSE,0.5,composition : fructose,CIQUAL,0.8
ING-PLANT-BETTE-000001,SM_SALT,0.57,composition : sel,CIQUAL,0.8
ING-PLANT-ENDIVE-000001,SM_GLU_MONO,1.5,composition : glucose,CIQUAL,0.8
ING-PLANT-ENDIVE-000001,SM_FRUCTOSE,0.9,composition : fructose,CIQUAL,0.8
ING-PLANT-POUSSESDPINA-000001,LIP_TRIGLY,0.4,composition : lipides,CIQUAL,0.8
ING-PLANT-POUSSESDPINA-000001,LIP_SAT,0.09,composition : AG saturés,CIQUAL,0.8
ING-PLANT-POUSSESDPINA-000001,LIP_INS,0.27,composition : AG insaturés,CIQUAL,0.8
ING-PLANT-POUSSESDPINA-000001,SM_SALT,0.063,composition : sel,CIQUAL,0.8
ING-PLANT-POUSSESDPINA-000001,SM_CA,0.11,composition : calcium,CIQUAL,0.8
ING-PLANT-CAROTTE-000001,LIP_TRIGLY,0.24,composition : lipides,CIQUAL,0.8
ING-PLANT-BETTERAVE-000001,LIP_TRIGLY,0.17,composition : lipides,CIQUAL,0.8
ING-PLANT-BETTERAVE-000001,LIP_INS,0.092,composition : AG insaturés,CIQUAL,0.8
ING-PLANT-BETTERAVE-000001,SM_SUCROSE,5.88,composition : saccharose,CIQUAL,0.8
ING-PLANT-BETTERAVE-000001,SM_GLU_MONO,0.25,composition : glucose,CIQUAL,0.8
ING-PLANT-BETTERAVE-000001,SM_FRUCTOSE,0.2,composition : fructose,CIQUAL,0.8
ING-PLANT-BETTERAVE-000001,SM_SALT,0.2,composition : sel,CIQUAL,0.8
ING-PLANT-NAVET-000001,LIP_TRIGLY,0.1,composition : lipides,CIQUAL,0.8
ING-PLANT-NAVET-000001,LIP_INS,0.059,composition : AG insaturés,CIQUAL,0.8
ING-PLANT-NAVET-000001,POLY_AMIDON,0.67,composition : amidon,CIQUAL,0.8
ING-PLANT-NAVET-000001,SM_SALT,0.17,composition : sel,CIQUAL,0.8
ING-PLANT-RADIS-000001,SM_GLU_MONO,0.7,composition : glucose,CIQUAL,0.8
ING-PLANT-RADIS-000001,SM_FRUCTOSE,0.4,composition : fructose,CIQUAL,0.8
ING-PLANT-PANAIS-000001,LIP_TRIGLY,0.3,composition : lipides,CIQUAL,0.8
ING-PLANT-PANAIS-000001,LIP_SAT,0.05,composition : AG saturés,CIQUAL,0.8
ING-PLANT-PANAIS-000001,LIP_INS,0.157,composition : AG insaturés,CIQUAL,0.8
ING-PLANT-PATATEDOUCE-000001,POLY_AMYLOSE,2.794,règle : tubercule amylacé,MAESTRO_INTERNAL|LIT,0.5
ING-PLANT-PATATEDOUCE-000001,POLY_AMYLOPEC,9.906,règle : tubercule amylacé,MAESTRO_INTERNAL|LIT,0.5
ING-PLANT-PATATEDOUCE-000001,LIP_TRIGLY,0.05,composition : lipides,CIQUAL,0.8
ING-PLANT-PATATEDOUCE-000001,POLY_AMIDON,12.7,composition : amidon,CIQUAL,0.8
ING-PLANT-PATATEDOUCE-000001,SM_SUCROSE,2.52,composition : saccharose,CIQUAL,0.8
ING-PLANT-PATATEDOUCE-000001,SM_GLU_MONO,0.96,composition : glucose,CIQUAL,0.8
ING-PLANT-PATATEDOUCE-000001,SM_FRUCTOSE,0.7,composition : fructose,CIQUAL,0.8
ING-PLANT-PATATEDOUCE-000001,SM_SALT,0.14,composition : sel,CIQUAL,0.8
ING-PLANT-MANIOC-000001,POLY_AMYLOSE,6.6,règle : tubercule amylacé,MAESTRO_INTERNAL|LIT,0.5
ING-PLANT-MANIOC-000001,POLY_AMYLOPEC,23.4,règle : tubercule amylacé,MAESTRO_INTERNAL|LIT,0.5
ING-PLANT-MANIOC-000001,LIP_TRIGLY,0.28,composition : lipides,CIQUAL,0.8
ING-PLANT-MANIOC-000001,LIP_SAT,0.074,composition : AG saturés,CIQUAL,0.8
ING-PLANT-MANIOC-000001,LIP_INS,0.123,composition : AG insaturés,CIQUAL,0.8
ING-PLANT-MANIOC-000001,POLY_AMIDON,30.0,composition : amidon,CIQUAL,0.8
ING-PLANT-TOPINAMBOUR-000001,POLY_INULIN,16.0,règle : topinambour : inuline,MAESTRO_INTERNAL|LIT,0.5
ING-PLANT-OIGNON-000001,POLY_INULIN,5.0,règle : oignon : fructanes,MAESTRO_INTERNAL|LIT,0.5
ING-PLANT-OIGNON-000001,LIP_TRIGLY,0.1,composition : lipides,CIQUAL,0.8
ING-PLANT-AIL-000001,POLY_INULIN,12.0,règle : ail : fructanes,MAESTRO_INTERNAL|LIT,0.5
ING-PLANT-AIL-000001,LIP_TRIGLY,0.5,composition : lipides,CIQUAL,0.8
ING-PLANT-CHALOTE-000001,POLY_INULIN,5.0,règle : oignon : fructanes,MAESTRO_INTERNAL|LIT,0.5
ING-PLANT-CHALOTE-000001,SM_SUCROSE,1.4,composition : saccharose,CIQUAL,0.8
ING-PLANT-CHALOTE-000001,SM_GLU_MONO,0.5,composition : glucose,CIQUAL,0.8
ING-PLANT-CHALOTE-000001,SM_FRUCTOSE,0.8,composition : fructose,CIQUAL,0.8
ING-PLANT-POIREAU-000001,POLY_PEC_HM,0.5,règle : poire,MAESTRO_INTERNAL|LIT,0.5
ING-PLANT-POIREAU-000001,POLY_PECTINE,0.5,règle : poire,MAESTRO_INTERNAL|LIT,0.5
ING-PLANT-POIREAU-000001,LIP_TRIGLY,0.3,composition : lipides,CIQUAL,0.8
ING-PLANT-POIREAU-000001,LIP_INS,0.174,composition : AG insaturés,CIQUAL,0.8
ING-PLANT-POIREAU-000001,SM_SUCROSE,0.53,composition : saccharose,CIQUAL,0.8
ING-PLANT-POIREAU-000001,SM_GLU_MONO,0.65,composition : glucose,CIQUAL,0.8
ING-PLANT-POIREAU-000001,SM_FRUCTOSE,0.67,composition : fructose,CIQUAL,0.8
ING-PLANT-POIREAU-000001,SM_SALT,0.05,composition : sel,CIQUAL,0.8
ING-PLANT-POIREAU-000001,SM_CA,0.059,composition : calcium,CIQUAL,0.8
ING-PLANT-CLERIRAVE-000001,SM_SUCROSE,1.6,composition : saccharose,CIQUAL,0.8
ING-PLANT-CLERIRAVE-000001,SM_SALT,0.085,composition : sel,CIQUAL,0.8
ING-PLANT-CLERIBRANCHE-000001,SM_GLU_MONO,0.51,composition : glucose,CIQUAL,0.8
ING-PLANT-CLERIBRANCHE-000001,SM_FRUCTOSE,0.44,composition : fructose,CIQUAL,0.8
ING-PLANT-CLERIBRANCHE-000001,SM_SALT,0.2,composition : sel,CIQUAL,0.8
ING-PLANT-RUTABAGA-000001,LIP_TRIGLY,0.16,composition : lipides,CIQUAL,0.8
ING-PLANT-RUTABAGA-000001,LIP_INS,0.113,composition : AG insaturés,CIQUAL,0.8
ING-PLANT-RUTABAGA-000001,POLY_AMIDON,0.4,composition : amidon,CIQUAL,0.8
ING-PLANT-RUTABAGA-000001,SM_SUCROSE,0.53,composition : saccharose,CIQUAL,0.8
ING-PLANT-RUTABAGA-000001,SM_GLU_MONO,2.3,composition : glucose,CIQUAL,0.8
ING-PLANT-RUTABAGA-000001,SM_FRUCTOSE,1.61,composition : fructose,CIQUAL,0.8
ING-PLANT-POISCHICHE-000001,PROT_PEA,16.4,règle : protéines de pois,MAESTRO_INTERNAL|LIT,0.4
ING-PLANT-POISCHICHE-000001,LIP_TRIGLY,6.04,composition : lipides,CIQUAL,0.8
ING-PLANT-POISCHICHE-000001,LIP_SAT,0.6,composition : AG saturés,CIQUAL,0.8
ING-PLANT-POISCHICHE-000001,LIP_INS,4.11,composition : AG insaturés,CIQUAL,0.8
ING-PLANT-POISCHICHE-000001,POLY_AMIDON,40.0,composition : amidon,CIQUAL,0.8
ING-PLANT-POISCHICHE-000001,SM_SUCROSE,2.3,composition : saccharose,CIQUAL,0.8
ING-PLANT-POISCHICHE-000001,SM_SALT,0.06,composition : sel,CIQUAL,0.8
ING-PLANT-POISCHICHE-000001,SM_CA,0.057,composition : calcium,CIQUAL,0.8
ING-PLANT-POISCHICHECU-000001,PROT_PEA,6.648,règle : protéines de pois,MAESTRO_INTERNAL|LIT,0.4
ING-PLANT-POISCHICHECU-000001,LIP_TRIGLY,3.0,composition : lipides,CIQUAL,0.8
ING-PLANT-POISCHICHECU-000001,LIP_SAT,0.46,composition : AG saturés,CIQUAL,0.8
ING-PLANT-POISCHICHECU-000001,LIP_INS,2.41,composition : AG insaturés,CIQUAL,0.8
ING-PLANT-POISCHICHECU-000001,POLY_AMIDON,14.9,composition : amidon,CIQUAL,0.8
ING-PLANT-POISCHICHECU-000001,SM_SUCROSE,0.3,composition : saccharose,CIQUAL,0.8
ING-PLANT-POISCHICHECU-000001,SM_CA,0.072,composition : calcium,CIQUAL,0.8
ING-PLANT-LENTILLEVERT-000001,LIP_TRIGLY,1.8,composition : lipides,CIQUAL,0.8
ING-PLANT-LENTILLEVERT-000001,LIP_SAT,0.24,composition : AG saturés,CIQUAL,0.8
ING-PLANT-LENTILLEVERT-000001,LIP_INS,1.4,composition : AG insaturés,CIQUAL,0.8
ING-PLANT-LENTILLEVERT-000001,POLY_AMIDON,38.5,composition : amidon,CIQUAL,0.8
ING-PLANT-LENTILLEVERT-000001,SM_SUCROSE,1.1,composition : saccharose,CIQUAL,0.8
ING-PLANT-LENTILLEVERT-000001,SM_CA,0.064,composition : calcium,CIQUAL,0.8
ING-PLANT-LENTILLEVERT-000002,LIP_TRIGLY,0.58,composition : lipides,CIQUAL,0.8
ING-PLANT-LENTILLEVERT-000002,LIP_SAT,0.093,composition : AG saturés,CIQUAL,0.8
ING-PLANT-LENTILLEVERT-000002,LIP_INS,0.31,composition : AG insaturés,CIQUAL,0.8
ING-PLANT-LENTILLEVERT-000002,POLY_AMIDON,15.8,composition : amidon,CIQUAL,0.8
ING-PLANT-LENTILLEVERT-000002,SM_SUCROSE,0.2,composition : saccharose,CIQUAL,0.8
ING-PLANT-LENTILLECORA-000001,LIP_TRIGLY,0.8,composition : lipides,CIQUAL,0.8
ING-PLANT-LENTILLECORA-000001,LIP_SAT,0.14,composition : AG saturés,CIQUAL,0.8
ING-PLANT-LENTILLECORA-000001,LIP_INS,0.6,composition : AG insaturés,CIQUAL,0.8
ING-PLANT-LENTILLECORA-000001,POLY_AMIDON,43.6,composition : amidon,CIQUAL,0.8
ING-PLANT-LENTILLECORA-000001,SM_SUCROSE,1.29,composition : saccharose,CIQUAL,0.8
ING-PLANT-LENTILLECORA-000002,LIP_TRIGLY,0.5,composition : lipides,CIQUAL,0.8
ING-PLANT-LENTILLECORA-000002,LIP_SAT,0.09,composition : AG saturés,CIQUAL,0.8
ING-PLANT-LENTILLECORA-000002,LIP_INS,0.41,composition : AG insaturés,CIQUAL,0.8
ING-PLANT-LENTILLECORA-000002,POLY_AMIDON,14.7,composition : amidon,CIQUAL,0.8
ING-PLANT-LENTILLECORA-000002,SM_SUCROSE,0.26,composition : saccharose,CIQUAL,0.8
ING-PLANT-LENTILLENOIR-000001,LIP_TRIGLY,1.8,composition : lipides,CIQUAL,0.8
ING-PLANT-LENTILLENOIR-000001,LIP_SAT,0.24,composition : AG saturés,CIQUAL,0.8
ING-PLANT-LENTILLENOIR-000001,LIP_INS,1.4,composition : AG insaturés,CIQUAL,0.8
ING-PLANT-LENTILLENOIR-000001,POLY_AMIDON,38.5,composition : amidon,CIQUAL,0.8
ING-PLANT-LENTILLENOIR-000001,SM_SUCROSE,1.1,composition : saccharose,CIQUAL,0.8
ING-PLANT-LENTILLENOIR-000001,SM_CA,0.064,composition : calcium,CIQUAL,0.8
ING-PLANT-LENTILLENOIR-000002,LIP_TRIGLY,0.57,composition : lipides,CIQUAL,0.8
ING-PLANT-LENTILLENOIR-000002,LIP_SAT,0.092,composition : AG saturés,CIQUAL,0.8
ING-PLANT-LENTILLENOIR-000002,LIP_INS,0.31,composition : AG insaturés,CIQUAL,0.8
ING-PLANT-LENTILLENOIR-000002,POLY_AMIDON,15.7,composition : amidon,CIQUAL,0.8
ING-PLANT-LENTILLENOIR-000002,SM_SUCROSE,0.2,composition : saccharose,CIQUAL,0.8
ING-PLANT-HARICOTROUGE-000001,LIP_TRIGLY,1.06,composition : lipides,CIQUAL,0.8
ING-PLANT-HARICOTROUGE-000001,LIP_SAT,0.15,composition : AG saturés,CIQUAL,0.8
ING-PLANT-HARICOTROUGE-000001,LIP_INS,0.672,composition : AG insaturés,CIQUAL,0.8
ING-PLANT-HARICOTROUGE-000001,SM_CA,0.083,composition : calcium,CIQUAL,0.8
ING-PLANT-HARICOTROUGE-000002,LIP_TRIGLY,0.6,composition : lipides,CIQUAL,0.8
ING-PLANT-HARICOTROUGE-000002,LIP_SAT,0.19,composition : AG saturés,CIQUAL,0.8
ING-PLANT-HARICOTROUGE-000002,LIP_INS,0.4,composition : AG insaturés,CIQUAL,0.8
ING-PLANT-HARICOTROUGE-000002,POLY_AMIDON,11.5,composition : amidon,CIQUAL,0.8
ING-PLANT-HARICOTROUGE-000002,SM_SUCROSE,0.5,composition : saccharose,CIQUAL,0.8
ING-PLANT-HARICOTROUGE-000002,SM_CA,0.055,composition : calcium,CIQUAL,0.8
ING-PLANT-HARICOTBLANC-000001,LIP_TRIGLY,0.85,composition : lipides,CIQUAL,0.8
ING-PLANT-HARICOTBLANC-000001,LIP_SAT,0.22,composition : AG saturés,CIQUAL,0.8
ING-PLANT-HARICOTBLANC-000001,LIP_INS,0.434,composition : AG insaturés,CIQUAL,0.8
ING-PLANT-HARICOTBLANC-000001,SM_CA,0.24,composition : calcium,CIQUAL,0.8
ING-PLANT-HARICOTBLANC-000002,LIP_TRIGLY,1.1,composition : lipides,CIQUAL,0.8
ING-PLANT-HARICOTBLANC-000002,LIP_SAT,0.25,composition : AG saturés,CIQUAL,0.8
ING-PLANT-HARICOTBLANC-000002,LIP_INS,0.76,composition : AG insaturés,CIQUAL,0.8
ING-PLANT-HARICOTBLANC-000002,POLY_AMIDON,11.4,composition : amidon,CIQUAL,0.8
ING-PLANT-HARICOTBLANC-000002,SM_SUCROSE,0.3,composition : saccharose,CIQUAL,0.8
ING-PLANT-HARICOTBLANC-000002,SM_CA,0.12,composition : calcium,CIQUAL,0.8
ING-PLANT-HARICOTNOIR-000001,LIP_TRIGLY,1.06,composition : lipides,CIQUAL,0.8
ING-PLANT-HARICOTNOIR-000001,LIP_SAT,0.15,composition : AG saturés,CIQUAL,0.8
ING-PLANT-HARICOTNOIR-000001,LIP_INS,0.672,composition : AG insaturés,CIQUAL,0.8
ING-PLANT-HARICOTNOIR-000001,SM_CA,0.083,composition : calcium,CIQUAL,0.8
ING-PLANT-HARICOTNOIRC-000001,LIP_TRIGLY,0.6,composition : lipides,CIQUAL,0.8
ING-PLANT-HARICOTNOIRC-000001,LIP_SAT,0.19,composition : AG saturés,CIQUAL,0.8
ING-PLANT-HARICOTNOIRC-000001,LIP_INS,0.4,composition : AG insaturés,CIQUAL,0.8
ING-PLANT-HARICOTNOIRC-000001,POLY_AMIDON,11.5,composition : amidon,CIQUAL,0.8
ING-PLANT-HARICOTNOIRC-000001,SM_SUCROSE,0.5,composition : saccharose,CIQUAL,0.8
ING-PLANT-HARICOTNOIRC-000001,SM_CA,0.055,composition : calcium,CIQUAL,0.8
ING-PLANT-FLAGEOLET-000001,LIP_TRIGLY,0.52,composition : lipides,CIQUAL,0.8
ING-PLANT-FLAGEOLET-000001,LIP_SAT,0.1,composition : AG saturés,CIQUAL,0.8
ING-PLANT-FLAGEOLET-000001,SM_SALT,0.78,composition : sel,CIQUAL,0.8
ING-PLANT-FLAGEOLETCUI-000001,LIP_TRIGLY,1.1,composition : lipides,CIQUAL,0.8
ING-PLANT-FLAGEOLETCUI-000001,LIP_SAT,0.25,composition : AG saturés,CIQUAL,0.8
ING-PLANT-FLAGEOLETCUI-000001,LIP_INS,0.76,composition : AG insaturés,CIQUAL,0.8
ING-PLANT-FLAGEOLETCUI-000001,POLY_AMIDON,11.4,composition : amidon,CIQUAL,0.8
ING-PLANT-FLAGEOLETCUI-000001,SM_SUCROSE,0.3,composition : saccharose,CIQUAL,0.8
ING-PLANT-FLAGEOLETCUI-000001,SM_CA,0.12,composition : calcium,CIQUAL,0.8
ING-PLANT-POISCASS-000001,PROT_PEA,19.04,règle : protéines de pois,MAESTRO_INTERNAL|LIT,0.4
ING-PLANT-POISCASS-000001,LIP_TRIGLY,1.16,composition : lipides,CIQUAL,0.8
ING-PLANT-POISCASS-000001,LIP_SAT,0.16,composition : AG saturés,CIQUAL,0.8
ING-PLANT-POISCASS-000001,LIP_INS,0.74,composition : AG insaturés,CIQUAL,0.8
ING-PLANT-POISCASS-000001,SM_SUCROSE,2.42,composition : saccharose,CIQUAL,0.8
ING-PLANT-POISCASS-000001,SM_GLU_MONO,0.14,composition : glucose,CIQUAL,0.8
ING-PLANT-POISCASSCUIT-000001,PROT_PEA,6.88,règle : protéines de pois,MAESTRO_INTERNAL|LIT,0.4
ING-PLANT-POISCASSCUIT-000001,LIP_TRIGLY,1.49,composition : lipides,CIQUAL,0.8
ING-PLANT-POISCASSCUIT-000001,LIP_SAT,0.16,composition : AG saturés,CIQUAL,0.8
ING-PLANT-POISCASSCUIT-000001,LIP_INS,0.99,composition : AG insaturés,CIQUAL,0.8
ING-PLANT-POISCASSCUIT-000001,SM_SUCROSE,0.65,composition : saccharose,CIQUAL,0.8
ING-PLANT-POIS-000001,PROT_PEA,5.76,règle : protéines de pois,MAESTRO_INTERNAL|LIT,0.4
ING-PLANT-POIS-000001,LIP_TRIGLY,1.64,composition : lipides,CIQUAL,0.8
ING-PLANT-POIS-000001,LIP_SAT,0.35,composition : AG saturés,CIQUAL,0.8
ING-PLANT-POIS-000001,LIP_INS,0.883,composition : AG insaturés,CIQUAL,0.8
ING-PLANT-POISCUIT-000001,PROT_PEA,6.88,règle : protéines de pois,MAESTRO_INTERNAL|LIT,0.4
ING-PLANT-POISCUIT-000001,LIP_TRIGLY,1.49,composition : lipides,CIQUAL,0.8
ING-PLANT-POISCUIT-000001,LIP_SAT,0.16,composition : AG saturés,CIQUAL,0.8
ING-PLANT-POISCUIT-000001,LIP_INS,0.99,composition : AG insaturés,CIQUAL,0.8
ING-PLANT-POISCUIT-000001,SM_SUCROSE,0.65,composition : saccharose,CIQUAL,0.8
ING-PLANT-FVE-000001,LIP_TRIGLY,0.67,composition : lipides,CIQUAL,0.8
ING-PLANT-FVE-000001,LIP_SAT,0.13,composition : AG saturés,CIQUAL,0.8
ING-PLANT-FVE-000001,LIP_INS,0.391,composition : AG insaturés,CIQUAL,0.8
ING-PLANT-FVE-000001,POLY_AMIDON,3.83,composition : amidon,CIQUAL,0.8
ING-PLANT-FVE-000001,SM_SALT,0.094,composition : sel,CIQUAL,0.8
ING-PLANT-FVECUIT-000001,LIP_TRIGLY,1.53,composition : lipides,CIQUAL,0.8
ING-PLANT-FVECUIT-000001,LIP_SAT,0.25,composition : AG saturés,CIQUAL,0.8
ING-PLANT-FVECUIT-000001,LIP_INS,0.93,composition : AG insaturés,CIQUAL,0.8
ING-PLANT-FVECUIT-000001,SM_CA,0.103,composition : calcium,CIQUAL,0.8
ING-PLANT-SOJA-000001,PROT_SOY,36.0,règle : protéines de soja,MAESTRO_INTERNAL|LIT,0.5
ING-PLANT-SOJA-000001,LIP_TRIGLY,19.9,composition : lipides,CIQUAL,0.8
ING-PLANT-SOJA-000001,LIP_SAT,2.88,composition : AG saturés,CIQUAL,0.8
ING-PLANT-SOJA-000001,LIP_INS,15.7,composition : AG insaturés,CIQUAL,0.8
ING-PLANT-SOJA-000001,POLY_AMIDON,12.3,composition : amidon,CIQUAL,0.8
ING-PLANT-SOJA-000001,SM_SUCROSE,6.1,composition : saccharose,CIQUAL,0.8
ING-PLANT-SOJA-000001,SM_CA,0.277,composition : calcium,CIQUAL,0.8
ING-PLANT-LUPIN-000001,LIP_TRIGLY,9.74,composition : lipides,CIQUAL,0.8
ING-PLANT-LUPIN-000001,LIP_SAT,1.16,composition : AG saturés,CIQUAL,0.8
ING-PLANT-LUPIN-000001,LIP_INS,6.38,composition : AG insaturés,CIQUAL,0.8
ING-PLANT-LUPIN-000001,SM_CA,0.176,composition : calcium,CIQUAL,0.8
ING-FUNGUS-CHAMPIGNONDE-000001,SM_GLU,0.18,règle : champignon,MAESTRO_INTERNAL|LIT,0.5
ING-FUNGUS-CHAMPIGNONDE-000001,LIP_TRIGLY,0.34,composition : lipides,CIQUAL,0.8
ING-FUNGUS-CPE-000001,SM_GLU,0.18,règle : champignon,MAESTRO_INTERNAL|LIT,0.5
ING-FUNGUS-CPE-000001,LIP_TRIGLY,0.49,composition : lipides,CIQUAL,0.8
ING-FUNGUS-CPE-000001,LIP_SAT,0.12,composition : AG saturés,CIQUAL,0.8
ING-FUNGUS-CPE-000001,LIP_INS,0.37,composition : AG insaturés,CIQUAL,0.8
ING-FUNGUS-CPE-000001,SM_GLU_MONO,0.27,composition : glucose,CIQUAL,0.8
ING-FUNGUS-CPE-000001,SM_FRUCTOSE,0.26,composition : fructose,CIQUAL,0.8
ING-FUNGUS-GIROLLE-000001,SM_GLU,0.18,règle : champignon,MAESTRO_INTERNAL|LIT,0.5
ING-FUNGUS-GIROLLE-000001,LIP_TRIGLY,0.53,composition : lipides,CIQUAL,0.8
ING-FUNGUS-GIROLLE-000001,LIP_SAT,0.5,composition : AG saturés,CIQUAL,0.8
ING-FUNGUS-GIROLLE-000001,SM_GLU_MONO,1.16,composition : glucose,CIQUAL,0.8
ING-FUNGUS-PLEUROTE-000001,SM_GLU,0.18,règle : champignon,MAESTRO_INTERNAL|LIT,0.5
ING-FUNGUS-PLEUROTE-000001,LIP_TRIGLY,0.41,composition : lipides,CIQUAL,0.8
ING-FUNGUS-PLEUROTE-000001,LIP_SAT,0.062,composition : AG saturés,CIQUAL,0.8
ING-FUNGUS-PLEUROTE-000001,LIP_INS,0.151,composition : AG insaturés,CIQUAL,0.8
ING-FUNGUS-PLEUROTE-000001,SM_GLU_MONO,1.07,composition : glucose,CIQUAL,0.8
ING-FUNGUS-SHIITAKE-000001,SM_GLU,1.0,règle : shiitake séché : glutamate et guanylate,MAESTRO_INTERNAL|LIT,0.5
ING-FUNGUS-SHIITAKE-000001,SM_5GMP,0.15,règle : shiitake séché : glutamate et guanylate,MAESTRO_INTERNAL|LIT,0.5
ING-FUNGUS-SHIITAKE-000001,LIP_TRIGLY,0.99,composition : lipides,CIQUAL,0.8
ING-FUNGUS-SHIITAKE-000001,LIP_SAT,0.23,composition : AG saturés,CIQUAL,0.8
ING-FUNGUS-SHIITAKE-000001,LIP_INS,0.47,composition : AG insaturés,CIQUAL,0.8
ING-FUNGUS-MORILLE-000001,SM_GLU,0.18,règle : champignon,MAESTRO_INTERNAL|LIT,0.5
ING-FUNGUS-MORILLE-000001,LIP_TRIGLY,0.57,composition : lipides,CIQUAL,0.8
ING-FUNGUS-MORILLE-000001,LIP_SAT,0.065,composition : AG saturés,CIQUAL,0.8
ING-FUNGUS-MORILLE-000001,LIP_INS,0.482,composition : AG insaturés,CIQUAL,0.8
ING-FUNGUS-MORILLE-000001,SM_GLU_MONO,0.057,composition : glucose,CIQUAL,0.8
ING-FUNGUS-MORILLE-000001,SM_SALT,0.053,composition : sel,CIQUAL,0.8
ING-FUNGUS-TRUFFENOIRE-000001,LIP_TRIGLY,0.51,composition : lipides,CIQUAL,0.8
ING-FUNGUS-TRUFFENOIRE-000001,LIP_SAT,0.11,composition : AG saturés,CIQUAL,0.8
ING-FUNGUS-TRUFFENOIRE-000001,LIP_INS,0.27,composition : AG insaturés,CIQUAL,0.8
ING-FUNGUS-TRUFFENOIRE-000001,SM_SALT,0.17,composition : sel,CIQUAL,0.8
ING-MARINE-WAKAM-000001,SM_GLU,0.3,règle : algue,MAESTRO_INTERNAL|LIT,0.4
ING-MARINE-WAKAM-000001,LIP_TRIGLY,1.5,composition : lipides,CIQUAL,0.8
ING-MARINE-WAKAM-000001,LIP_SAT,0.31,composition : AG saturés,CIQUAL,0.8
ING-MARINE-WAKAM-000001,LIP_INS,1.08,composition : AG insaturés,CIQUAL,0.8
ING-MARINE-WAKAM-000001,SM_SALT,9.13,composition : sel,CIQUAL,0.8
ING-MARINE-WAKAM-000001,SM_CA,0.771,composition : calcium,CIQUAL,0.8
ING-MARINE-NORI-000001,SM_GLU,0.3,règle : algue,MAESTRO_INTERNAL|LIT,0.4
ING-MARINE-NORI-000001,LIP_TRIGLY,1.77,composition : lipides,CIQUAL,0.8
ING-MARINE-NORI-000001,LIP_SAT,0.46,composition : AG saturés,CIQUAL,0.8
ING-MARINE-NORI-000001,LIP_INS,1.32,composition : AG insaturés,CIQUAL,0.8
ING-MARINE-NORI-000001,SM_SALT,4.75,composition : sel,CIQUAL,0.8
ING-MARINE-NORI-000001,SM_CA,0.44,composition : calcium,CIQUAL,0.8
ING-MARINE-KOMBU-000001,SM_GLU,2.2,règle : kombu : glutamate libre très élevé,MAESTRO_INTERNAL|LIT,0.5
ING-MARINE-KOMBU-000001,POLY_ALG,20.0,règle : kombu : glutamate libre très élevé,MAESTRO_INTERNAL|LIT,0.5
ING-MARINE-KOMBU-000001,LIP_TRIGLY,2.56,composition : lipides,CIQUAL,0.8
ING-MARINE-KOMBU-000001,LIP_SAT,0.72,composition : AG saturés,CIQUAL,0.8
ING-MARINE-KOMBU-000001,LIP_INS,0.98,composition : AG insaturés,CIQUAL,0.8
ING-MARINE-KOMBU-000001,SM_SALT,6.12,composition : sel,CIQUAL,0.8
ING-MARINE-KOMBU-000001,SM_CA,0.811,composition : calcium,CIQUAL,0.8
ING-MARINE-DULSE-000001,SM_GLU,0.3,règle : algue,MAESTRO_INTERNAL|LIT,0.4
ING-MARINE-DULSE-000001,LIP_TRIGLY,1.35,composition : lipides,CIQUAL,0.8
ING-MARINE-DULSE-000001,LIP_SAT,0.26,composition : AG saturés,CIQUAL,0.8
ING-MARINE-DULSE-000001,SM_SALT,4.68,composition : sel,CIQUAL,0.8
ING-MARINE-DULSE-000001,SM_CA,0.577,composition : calcium,CIQUAL,0.8
ING-MARINE-SPAGHETTIDEM-000001,SM_GLU,0.3,règle : algue,MAESTRO_INTERNAL|LIT,0.4
ING-MARINE-SPAGHETTIDEM-000001,LIP_TRIGLY,2.28,composition : lipides,CIQUAL,0.8
ING-MARINE-SPAGHETTIDEM-000001,LIP_SAT,0.25,composition : AG saturés,CIQUAL,0.8
ING-MARINE-SPAGHETTIDEM-000001,SM_SALT,8.93,composition : sel,CIQUAL,0.8
ING-MARINE-SPAGHETTIDEM-000001,SM_CA,0.803,composition : calcium,CIQUAL,0.8
ING-MARINE-LAITUEDEMER-000001,SM_GLU,0.3,règle : algue,MAESTRO_INTERNAL|LIT,0.4
ING-MARINE-LAITUEDEMER-000001,LIP_TRIGLY,1.95,composition : lipides,CIQUAL,0.8
ING-MARINE-LAITUEDEMER-000001,LIP_SAT,0.47,composition : AG saturés,CIQUAL,0.8
ING-MARINE-LAITUEDEMER-000001,LIP_INS,0.8,composition : AG insaturés,CIQUAL,0.8
ING-MARINE-LAITUEDEMER-000001,SM_SALT,5.63,composition : sel,CIQUAL,0.8
ING-MARINE-LAITUEDEMER-000001,SM_CA,1.13,composition : calcium,CIQUAL,0.8
ING-MARINE-SPIRULINE-000001,LIP_TRIGLY,0.39,composition : lipides,CIQUAL,0.8
ING-MARINE-SPIRULINE-000001,LIP_SAT,0.14,composition : AG saturés,CIQUAL,0.8
ING-MARINE-SPIRULINE-000001,LIP_INS,0.144,composition : AG insaturés,CIQUAL,0.8
ING-MARINE-SPIRULINE-000001,SM_SALT,0.25,composition : sel,CIQUAL,0.8
ING-TECH-FARINEDEBLTE-000001,PROT_GLU,8.24,règle : blé : gluten ≈ 80 % des protéines,MAESTRO_INTERNAL|LIT,0.6
ING-TECH-FARINEDEBLTE-000001,POLY_AMYLOSE,14.825,règle : blé : gluten ≈ 80 % des protéines,MAESTRO_INTERNAL|LIT,0.6
ING-TECH-FARINEDEBLTE-000001,POLY_AMYLOPEC,44.475,règle : blé : gluten ≈ 80 % des protéines,MAESTRO_INTERNAL|LIT,0.6
ING-TECH-FARINEDEBLTE-000001,LIP_TRIGLY,1.5,composition : lipides,CIQUAL,0.8
ING-TECH-FARINEDEBLTE-000001,LIP_SAT,0.27,composition : AG saturés,CIQUAL,0.8
ING-TECH-FARINEDEBLTE-000001,LIP_INS,1.16,composition : AG insaturés,CIQUAL,0.8
ING-TECH-FARINEDEBLTE-000001,POLY_AMIDON,59.3,composition : amidon,CIQUAL,0.8
ING-TECH-FARINEDEBLTE-000001,SM_SUCROSE,0.56,composition : saccharose,CIQUAL,0.8
ING-PLANT-BLDUR-000001,PROT_GLU,11.76,règle : blé : gluten ≈ 80 % des protéines,MAESTRO_INTERNAL|LIT,0.6
ING-PLANT-BLDUR-000001,POLY_AMYLOSE,14.375,règle : blé : gluten ≈ 80 % des protéines,MAESTRO_INTERNAL|LIT,0.6
ING-PLANT-BLDUR-000001,POLY_AMYLOPEC,43.125,règle : blé : gluten ≈ 80 % des protéines,MAESTRO_INTERNAL|LIT,0.6
ING-PLANT-BLDUR-000001,LIP_TRIGLY,2.47,composition : lipides,CIQUAL,0.8
ING-PLANT-BLDUR-000001,LIP_SAT,0.45,composition : AG saturés,CIQUAL,0.8
ING-PLANT-BLDUR-000001,LIP_INS,1.32,composition : AG insaturés,CIQUAL,0.8
ING-PLANT-BLDUR-000001,POLY_AMIDON,57.5,composition : amidon,CIQUAL,0.8
ING-PLANT-BLDUR-000001,SM_SUCROSE,0.54,composition : saccharose,CIQUAL,0.8
ING-TECH-FARINEDEBLDU-000001,PROT_GLU,10.4,règle : blé : gluten ≈ 80 % des protéines,MAESTRO_INTERNAL|LIT,0.6
ING-TECH-FARINEDEBLDU-000001,LIP_TRIGLY,1.28,composition : lipides,CIQUAL,0.8
ING-TECH-FARINEDEBLDU-000001,LIP_SAT,0.23,composition : AG saturés,CIQUAL,0.8
ING-TECH-FARINEDEBLDU-000001,LIP_INS,0.55,composition : AG insaturés,CIQUAL,0.8
ING-TECH-FLOCONSDEBLD-000001,PROT_GLU,11.76,règle : blé : gluten ≈ 80 % des protéines,MAESTRO_INTERNAL|LIT,0.6
ING-TECH-FLOCONSDEBLD-000001,POLY_AMYLOSE,14.375,règle : blé : gluten ≈ 80 % des protéines,MAESTRO_INTERNAL|LIT,0.6
ING-TECH-FLOCONSDEBLD-000001,POLY_AMYLOPEC,43.125,règle : blé : gluten ≈ 80 % des protéines,MAESTRO_INTERNAL|LIT,0.6
ING-TECH-FLOCONSDEBLD-000001,LIP_TRIGLY,2.47,composition : lipides,CIQUAL,0.8
ING-TECH-FLOCONSDEBLD-000001,LIP_SAT,0.45,composition : AG saturés,CIQUAL,0.8
ING-TECH-FLOCONSDEBLD-000001,LIP_INS,1.32,composition : AG insaturés,CIQUAL,0.8
ING-TECH-FLOCONSDEBLD-000001,POLY_AMIDON,57.5,composition : amidon,CIQUAL,0.8
ING-TECH-FLOCONSDEBLD-000001,SM_SUCROSE,0.54,composition : saccharose,CIQUAL,0.8
ING-PLANT-PEAUTRE-000001,PROT_GLU,12.48,règle : blé : gluten ≈ 80 % des protéines,MAESTRO_INTERNAL|LIT,0.6
ING-PLANT-PEAUTRE-000001,POLY_AMYLOSE,13.2,règle : blé : gluten ≈ 80 % des protéines,MAESTRO_INTERNAL|LIT,0.6
ING-PLANT-PEAUTRE-000001,POLY_AMYLOPEC,39.6,règle : blé : gluten ≈ 80 % des protéines,MAESTRO_INTERNAL|LIT,0.6
ING-PLANT-PEAUTRE-000001,LIP_TRIGLY,2.43,composition : lipides,CIQUAL,0.8
ING-PLANT-PEAUTRE-000001,LIP_SAT,0.41,composition : AG saturés,CIQUAL,0.8
ING-PLANT-PEAUTRE-000001,LIP_INS,1.71,composition : AG insaturés,CIQUAL,0.8
ING-PLANT-PEAUTRE-000001,POLY_AMIDON,52.8,composition : amidon,CIQUAL,0.8
ING-PLANT-PEAUTRE-000001,SM_SUCROSE,0.58,composition : saccharose,CIQUAL,0.8
ING-PLANT-PEAUTRE-000001,SM_GLU_MONO,0.82,composition : glucose,CIQUAL,0.8
ING-PLANT-PEAUTRE-000001,SM_FRUCTOSE,0.24,composition : fructose,CIQUAL,0.8
ING-TECH-FARINEDEPEAU-000001,PROT_GLU,10.0,règle : blé : gluten ≈ 80 % des protéines,MAESTRO_INTERNAL|LIT,0.6
ING-TECH-FARINEDEPEAU-000001,POLY_AMYLOSE,15.55,règle : blé : gluten ≈ 80 % des protéines,MAESTRO_INTERNAL|LIT,0.6
ING-TECH-FARINEDEPEAU-000001,POLY_AMYLOPEC,46.65,règle : blé : gluten ≈ 80 % des protéines,MAESTRO_INTERNAL|LIT,0.6
ING-TECH-FARINEDEPEAU-000001,LIP_TRIGLY,3.0,composition : lipides,CIQUAL,0.8
ING-TECH-FARINEDEPEAU-000001,LIP_SAT,0.5,composition : AG saturés,CIQUAL,0.8
ING-TECH-FARINEDEPEAU-000001,LIP_INS,2.28,composition : AG insaturés,CIQUAL,0.8
ING-TECH-FARINEDEPEAU-000001,POLY_AMIDON,62.2,composition : amidon,CIQUAL,0.8
ING-TECH-FARINEDEPEAU-000001,SM_SUCROSE,0.6,composition : saccharose,CIQUAL,0.8
ING-TECH-FLOCONSDEPEA-000001,LIP_TRIGLY,3.0,composition : lipides,CIQUAL,0.8
ING-TECH-FLOCONSDEPEA-000001,LIP_SAT,0.5,composition : AG saturés,CIQUAL,0.8
ING-TECH-FLOCONSDEPEA-000001,LIP_INS,2.28,composition : AG insaturés,CIQUAL,0.8
ING-TECH-FLOCONSDEPEA-000001,POLY_AMIDON,62.2,composition : amidon,CIQUAL,0.8
ING-TECH-FLOCONSDEPEA-000001,SM_SUCROSE,0.6,composition : saccharose,CIQUAL,0.8
ING-PLANT-SEIGLE-000001,PROT_GLU,2.22,règle : seigle/orge : réseau gluten faible,MAESTRO_INTERNAL|LIT,0.5
ING-PLANT-SEIGLE-000001,POLY_AMYLOSE,13.45,règle : seigle/orge : réseau gluten faible,MAESTRO_INTERNAL|LIT,0.5
ING-PLANT-SEIGLE-000001,POLY_AMYLOPEC,40.35,règle : seigle/orge : réseau gluten faible,MAESTRO_INTERNAL|LIT,0.5
ING-PLANT-SEIGLE-000001,LIP_TRIGLY,1.63,composition : lipides,CIQUAL,0.8
ING-PLANT-SEIGLE-000001,LIP_SAT,0.2,composition : AG saturés,CIQUAL,0.8
ING-PLANT-SEIGLE-000001,LIP_INS,0.98,composition : AG insaturés,CIQUAL,0.8
ING-PLANT-SEIGLE-000001,POLY_AMIDON,53.8,composition : amidon,CIQUAL,0.8
ING-PLANT-SEIGLE-000001,SM_SUCROSE,0.71,composition : saccharose,CIQUAL,0.8
ING-PLANT-SEIGLE-000001,SM_GLU_MONO,0.16,composition : glucose,CIQUAL,0.8
ING-PLANT-SEIGLE-000001,SM_FRUCTOSE,0.11,composition : fructose,CIQUAL,0.8
ING-TECH-FARINEDESEIG-000001,PROT_GLU,3.42,règle : seigle/orge : réseau gluten faible,MAESTRO_INTERNAL|LIT,0.5
ING-TECH-FARINEDESEIG-000001,LIP_TRIGLY,2.22,composition : lipides,CIQUAL,0.8
ING-TECH-FARINEDESEIG-000001,LIP_SAT,0.27,composition : AG saturés,CIQUAL,0.8
ING-TECH-FARINEDESEIG-000001,LIP_INS,1.33,composition : AG insaturés,CIQUAL,0.8
ING-TECH-FARINEDESEIG-000001,SM_SUCROSE,1.79,composition : saccharose,CIQUAL,0.8
ING-TECH-FARINEDESEIG-000001,SM_GLU_MONO,0.22,composition : glucose,CIQUAL,0.8
ING-TECH-FARINEDESEIG-000001,SM_FRUCTOSE,0.23,composition : fructose,CIQUAL,0.8
ING-TECH-FLOCONSDESEI-000001,PROT_GLU,2.22,règle : seigle/orge : réseau gluten faible,MAESTRO_INTERNAL|LIT,0.5
ING-TECH-FLOCONSDESEI-000001,POLY_AMYLOSE,13.45,règle : seigle/orge : réseau gluten faible,MAESTRO_INTERNAL|LIT,0.5
ING-TECH-FLOCONSDESEI-000001,POLY_AMYLOPEC,40.35,règle : seigle/orge : réseau gluten faible,MAESTRO_INTERNAL|LIT,0.5
ING-TECH-FLOCONSDESEI-000001,LIP_TRIGLY,1.63,composition : lipides,CIQUAL,0.8
ING-TECH-FLOCONSDESEI-000001,LIP_SAT,0.2,composition : AG saturés,CIQUAL,0.8
ING-TECH-FLOCONSDESEI-000001,LIP_INS,0.98,composition : AG insaturés,CIQUAL,0.8
ING-TECH-FLOCONSDESEI-000001,POLY_AMIDON,53.8,composition : amidon,CIQUAL,0.8
ING-TECH-FLOCONSDESEI-000001,SM_SUCROSE,0.71,composition : saccharose,CIQUAL,0.8
ING-TECH-FLOCONSDESEI-000001,SM_GLU_MONO,0.16,composition : glucose,CIQUAL,0.8
ING-TECH-FLOCONSDESEI-000001,SM_FRUCTOSE,0.11,composition : fructose,CIQUAL,0.8
ING-PLANT-ORGE-000001,PROT_GLU,2.68,règle : seigle/orge : réseau gluten faible,MAESTRO_INTERNAL|LIT,0.5
ING-PLANT-ORGE-000001,POLY_AMYLOSE,13.05,règle : seigle/orge : réseau gluten faible,MAESTRO_INTERNAL|LIT,0.5
ING-PLANT-ORGE-000001,POLY_AMYLOPEC,39.15,règle : seigle/orge : réseau gluten faible,MAESTRO_INTERNAL|LIT,0.5
ING-PLANT-ORGE-000001,LIP_TRIGLY,2.3,composition : lipides,CIQUAL,0.8
ING-PLANT-ORGE-000001,LIP_SAT,0.48,composition : AG saturés,CIQUAL,0.8
ING-PLANT-ORGE-000001,LIP_INS,1.41,composition : AG insaturés,CIQUAL,0.8
ING-PLANT-ORGE-000001,POLY_AMIDON,52.2,composition : amidon,CIQUAL,0.8
ING-TECH-FARINEDEORGE-000001,LIP_TRIGLY,1.6,composition : lipides,CIQUAL,0.8
ING-TECH-FARINEDEORGE-000001,LIP_SAT,0.34,composition : AG saturés,CIQUAL,0.8
ING-TECH-FARINEDEORGE-000001,LIP_INS,0.98,composition : AG insaturés,CIQUAL,0.8
ING-TECH-FARINEDEORGE-000001,POLY_AMIDON,56.0,composition : amidon,CIQUAL,0.8
ING-TECH-FLOCONSDEORG-000001,PROT_GLU,2.68,règle : seigle/orge : réseau gluten faible,MAESTRO_INTERNAL|LIT,0.5
ING-TECH-FLOCONSDEORG-000001,POLY_AMYLOSE,13.05,règle : seigle/orge : réseau gluten faible,MAESTRO_INTERNAL|LIT,0.5
ING-TECH-FLOCONSDEORG-000001,POLY_AMYLOPEC,39.15,règle : seigle/orge : réseau gluten faible,MAESTRO_INTERNAL|LIT,0.5
ING-TECH-FLOCONSDEORG-000001,LIP_TRIGLY,2.3,composition : lipides,CIQUAL,0.8
ING-TECH-FLOCONSDEORG-000001,LIP_SAT,0.48,composition : AG saturés,CIQUAL,0.8
ING-TECH-FLOCONSDEORG-000001,LIP_INS,1.41,composition : AG insaturés,CIQUAL,0.8
ING-TECH-FLOCONSDEORG-000001,POLY_AMIDON,52.2,composition : amidon,CIQUAL,0.8
ING-PLANT-AVOINE-000001,LIP_TRIGLY,6.9,composition : lipides,CIQUAL,0.8
ING-PLANT-AVOINE-000001,LIP_SAT,1.22,composition : AG saturés,CIQUAL,0.8
ING-PLANT-AVOINE-000001,LIP_INS,4.72,composition : AG insaturés,CIQUAL,0.8
ING-PLANT-AVOINE-000001,POLY_AMIDON,52.6,composition : amidon,CIQUAL,0.8
ING-PLANT-AVOINE-000001,SM_CA,0.054,composition : calcium,CIQUAL,0.8
ING-TECH-FARINEDEAVOI-000001,LIP_TRIGLY,6.9,composition : lipides,CIQUAL,0.8
ING-TECH-FARINEDEAVOI-000001,LIP_SAT,1.22,composition : AG saturés,CIQUAL,0.8
ING-TECH-FARINEDEAVOI-000001,LIP_INS,4.72,composition : AG insaturés,CIQUAL,0.8
ING-TECH-FARINEDEAVOI-000001,POLY_AMIDON,52.6,composition : amidon,CIQUAL,0.8
ING-TECH-FARINEDEAVOI-000001,SM_CA,0.054,composition : calcium,CIQUAL,0.8
ING-TECH-FLOCONSDEAVO-000001,LIP_TRIGLY,7.82,composition : lipides,CIQUAL,0.8
ING-TECH-FLOCONSDEAVO-000001,LIP_SAT,1.37,composition : AG saturés,CIQUAL,0.8
ING-TECH-FLOCONSDEAVO-000001,LIP_INS,6.45,composition : AG insaturés,CIQUAL,0.8
ING-TECH-FLOCONSDEAVO-000001,POLY_AMIDON,56.6,composition : amidon,CIQUAL,0.8
ING-TECH-FLOCONSDEAVO-000001,SM_SUCROSE,1.04,composition : saccharose,CIQUAL,0.8
ING-TECH-FLOCONSDEAVO-000001,SM_CA,0.052,composition : calcium,CIQUAL,0.8
ING-PLANT-MAS-000001,LIP_TRIGLY,1.35,composition : lipides,CIQUAL,0.8
ING-TECH-FARINEDEMAS-000001,LIP_TRIGLY,1.39,composition : lipides,CIQUAL,0.8
ING-TECH-FARINEDEMAS-000001,LIP_SAT,0.17,composition : AG saturés,CIQUAL,0.8
ING-TECH-FARINEDEMAS-000001,LIP_INS,0.97,composition : AG insaturés,CIQUAL,0.8
ING-TECH-FARINEDEMAS-000001,SM_SUCROSE,0.51,composition : saccharose,CIQUAL,0.8
ING-TECH-FARINEDEMAS-000001,SM_FRUCTOSE,0.12,composition : fructose,CIQUAL,0.8
ING-TECH-FLOCONSDEMAS-000001,POLY_AMYLOSE,18.15,règle : maïs,MAESTRO_INTERNAL|LIT,0.5
ING-TECH-FLOCONSDEMAS-000001,POLY_AMYLOPEC,54.45,règle : maïs,MAESTRO_INTERNAL|LIT,0.5
ING-TECH-FLOCONSDEMAS-000001,LIP_TRIGLY,0.7,composition : lipides,CIQUAL,0.8
ING-TECH-FLOCONSDEMAS-000001,LIP_SAT,0.31,composition : AG saturés,CIQUAL,0.8
ING-TECH-FLOCONSDEMAS-000001,LIP_INS,0.388,composition : AG insaturés,CIQUAL,0.8
ING-TECH-FLOCONSDEMAS-000001,POLY_AMIDON,72.6,composition : amidon,CIQUAL,0.8
ING-TECH-FLOCONSDEMAS-000001,SM_SUCROSE,2.6,composition : saccharose,CIQUAL,0.8
ING-TECH-FLOCONSDEMAS-000001,SM_GLU_MONO,0.6,composition : glucose,CIQUAL,0.8
ING-TECH-FLOCONSDEMAS-000001,SM_FRUCTOSE,0.51,composition : fructose,CIQUAL,0.8
ING-TECH-FLOCONSDEMAS-000001,SM_SALT,1.82,composition : sel,CIQUAL,0.8
ING-PLANT-RIZ-000001,POLY_AMYLOSE,15.48,règle : riz,MAESTRO_INTERNAL|LIT,0.5
ING-PLANT-RIZ-000001,POLY_AMYLOPEC,61.92,règle : riz,MAESTRO_INTERNAL|LIT,0.5
ING-PLANT-RIZ-000001,LIP_TRIGLY,0.79,composition : lipides,CIQUAL,0.8
ING-PLANT-RIZ-000001,LIP_SAT,0.16,composition : AG saturés,CIQUAL,0.8
ING-PLANT-RIZ-000001,LIP_INS,0.34,composition : AG insaturés,CIQUAL,0.8
ING-PLANT-RIZ-000001,POLY_AMIDON,77.4,composition : amidon,CIQUAL,0.8
ING-PLANT-RIZ-000001,SM_SUCROSE,0.12,composition : saccharose,CIQUAL,0.8
ING-TECH-FARINEDERIZ-000001,POLY_AMYLOSE,14.0,règle : riz,MAESTRO_INTERNAL|LIT,0.5
ING-TECH-FARINEDERIZ-000001,POLY_AMYLOPEC,56.0,règle : riz,MAESTRO_INTERNAL|LIT,0.5
ING-TECH-FARINEDERIZ-000001,LIP_TRIGLY,2.5,composition : lipides,CIQUAL,0.8
ING-TECH-FARINEDERIZ-000001,LIP_SAT,0.46,composition : AG saturés,CIQUAL,0.8
ING-TECH-FARINEDERIZ-000001,LIP_INS,1.89,composition : AG insaturés,CIQUAL,0.8
ING-TECH-FARINEDERIZ-000001,POLY_AMIDON,70.0,composition : amidon,CIQUAL,0.8
ING-TECH-FARINEDERIZ-000001,SM_SUCROSE,0.9,composition : saccharose,CIQUAL,0.8
ING-TECH-FLOCONSDERIZ-000001,POLY_AMYLOSE,15.48,règle : riz,MAESTRO_INTERNAL|LIT,0.5
ING-TECH-FLOCONSDERIZ-000001,POLY_AMYLOPEC,61.92,règle : riz,MAESTRO_INTERNAL|LIT,0.5
ING-TECH-FLOCONSDERIZ-000001,LIP_TRIGLY,0.79,composition : lipides,CIQUAL,0.8
ING-TECH-FLOCONSDERIZ-000001,LIP_SAT,0.16,composition : AG saturés,CIQUAL,0.8
ING-TECH-FLOCONSDERIZ-000001,LIP_INS,0.34,composition : AG insaturés,CIQUAL,0.8
ING-TECH-FLOCONSDERIZ-000001,POLY_AMIDON,77.4,composition : amidon,CIQUAL,0.8
ING-TECH-FLOCONSDERIZ-000001,SM_SUCROSE,0.12,composition : saccharose,CIQUAL,0.8
ING-PLANT-MILLET-000001,LIP_TRIGLY,4.1,composition : lipides,CIQUAL,0.8
ING-PLANT-MILLET-000001,LIP_SAT,0.76,composition : AG saturés,CIQUAL,0.8
ING-PLANT-MILLET-000001,LIP_INS,3.09,composition : AG insaturés,CIQUAL,0.8
ING-PLANT-MILLET-000001,POLY_AMIDON,62.7,composition : amidon,CIQUAL,0.8
ING-PLANT-MILLET-000001,SM_SUCROSE,0.5,composition : saccharose,CIQUAL,0.8
ING-TECH-FARINEDEMILL-000001,LIP_TRIGLY,4.1,composition : lipides,CIQUAL,0.8
ING-TECH-FARINEDEMILL-000001,LIP_SAT,0.76,composition : AG saturés,CIQUAL,0.8
ING-TECH-FARINEDEMILL-000001,LIP_INS,3.09,composition : AG insaturés,CIQUAL,0.8
ING-TECH-FARINEDEMILL-000001,POLY_AMIDON,62.7,composition : amidon,CIQUAL,0.8
ING-TECH-FARINEDEMILL-000001,SM_SUCROSE,0.5,composition : saccharose,CIQUAL,0.8
ING-TECH-FLOCONSDEMIL-000001,LIP_TRIGLY,4.1,composition : lipides,CIQUAL,0.8
ING-TECH-FLOCONSDEMIL-000001,LIP_SAT,0.76,composition : AG saturés,CIQUAL,0.8
ING-TECH-FLOCONSDEMIL-000001,LIP_INS,3.09,composition : AG insaturés,CIQUAL,0.8
ING-TECH-FLOCONSDEMIL-000001,POLY_AMIDON,62.7,composition : amidon,CIQUAL,0.8
ING-TECH-FLOCONSDEMIL-000001,SM_SUCROSE,0.5,composition : saccharose,CIQUAL,0.8
ING-PLANT-SORGHO-000001,LIP_TRIGLY,3.46,composition : lipides,CIQUAL,0.8
ING-PLANT-SORGHO-000001,LIP_SAT,0.61,composition : AG saturés,CIQUAL,0.8
ING-PLANT-SORGHO-000001,LIP_INS,2.69,composition : AG insaturés,CIQUAL,0.8
ING-PLANT-SORGHO-000001,POLY_AMIDON,62.9,composition : amidon,CIQUAL,0.8
ING-TECH-FARINEDESORG-000001,LIP_TRIGLY,3.46,composition : lipides,CIQUAL,0.8
ING-TECH-FARINEDESORG-000001,LIP_SAT,0.61,composition : AG saturés,CIQUAL,0.8
ING-TECH-FARINEDESORG-000001,LIP_INS,2.69,composition : AG insaturés,CIQUAL,0.8
ING-TECH-FARINEDESORG-000001,POLY_AMIDON,62.9,composition : amidon,CIQUAL,0.8
ING-TECH-FLOCONSDESOR-000001,LIP_TRIGLY,3.46,composition : lipides,CIQUAL,0.8
ING-TECH-FLOCONSDESOR-000001,LIP_SAT,0.61,composition : AG saturés,CIQUAL,0.8
ING-TECH-FLOCONSDESOR-000001,LIP_INS,2.69,composition : AG insaturés,CIQUAL,0.8
ING-TECH-FLOCONSDESOR-000001,POLY_AMIDON,62.9,composition : amidon,CIQUAL,0.8
ING-PLANT-QUINOA-000001,LIP_TRIGLY,6.07,composition : lipides,CIQUAL,0.8
ING-PLANT-QUINOA-000001,LIP_SAT,0.71,composition : AG saturés,CIQUAL,0.8
ING-PLANT-QUINOA-000001,LIP_INS,4.9,composition : AG insaturés,CIQUAL,0.8
ING-PLANT-QUINOA-000001,POLY_AMIDON,52.2,composition : amidon,CIQUAL,0.8
ING-TECH-FARINEDEQUIN-000001,LIP_TRIGLY,6.07,composition : lipides,CIQUAL,0.8
ING-TECH-FARINEDEQUIN-000001,LIP_SAT,0.71,composition : AG saturés,CIQUAL,0.8
ING-TECH-FARINEDEQUIN-000001,LIP_INS,4.9,composition : AG insaturés,CIQUAL,0.8
ING-TECH-FARINEDEQUIN-000001,POLY_AMIDON,52.2,composition : amidon,CIQUAL,0.8
ING-TECH-FLOCONSDEQUI-000001,LIP_TRIGLY,6.07,composition : lipides,CIQUAL,0.8
ING-TECH-FLOCONSDEQUI-000001,LIP_SAT,0.71,composition : AG saturés,CIQUAL,0.8
ING-TECH-FLOCONSDEQUI-000001,LIP_INS,4.9,composition : AG insaturés,CIQUAL,0.8
ING-TECH-FLOCONSDEQUI-000001,POLY_AMIDON,52.2,composition : amidon,CIQUAL,0.8
ING-PLANT-SARRASIN-000001,LIP_TRIGLY,3.4,composition : lipides,CIQUAL,0.8
ING-PLANT-SARRASIN-000001,LIP_SAT,0.74,composition : AG saturés,CIQUAL,0.8
ING-PLANT-SARRASIN-000001,LIP_INS,2.08,composition : AG insaturés,CIQUAL,0.8
ING-TECH-FARINEDESARR-000001,LIP_TRIGLY,2.19,composition : lipides,CIQUAL,0.8
ING-TECH-FARINEDESARR-000001,LIP_SAT,0.58,composition : AG saturés,CIQUAL,0.8
ING-TECH-FARINEDESARR-000001,LIP_INS,1.62,composition : AG insaturés,CIQUAL,0.8
ING-TECH-FARINEDESARR-000001,POLY_AMIDON,68.4,composition : amidon,CIQUAL,0.8
ING-TECH-FARINEDESARR-000001,SM_SALT,0.06,composition : sel,CIQUAL,0.8
ING-TECH-FLOCONSDESAR-000001,LIP_TRIGLY,3.4,composition : lipides,CIQUAL,0.8
ING-TECH-FLOCONSDESAR-000001,LIP_SAT,0.74,composition : AG saturés,CIQUAL,0.8
ING-TECH-FLOCONSDESAR-000001,LIP_INS,2.08,composition : AG insaturés,CIQUAL,0.8
ING-PLANT-AMARANTE-000001,LIP_TRIGLY,7.02,composition : lipides,CIQUAL,0.8
ING-PLANT-AMARANTE-000001,LIP_SAT,1.46,composition : AG saturés,CIQUAL,0.8
ING-PLANT-AMARANTE-000001,LIP_INS,4.47,composition : AG insaturés,CIQUAL,0.8
ING-PLANT-AMARANTE-000001,POLY_AMIDON,56.9,composition : amidon,CIQUAL,0.8
ING-PLANT-AMARANTE-000001,SM_SUCROSE,1.39,composition : saccharose,CIQUAL,0.8
ING-PLANT-AMARANTE-000001,SM_GLU_MONO,0.27,composition : glucose,CIQUAL,0.8
ING-PLANT-AMARANTE-000001,SM_CA,0.159,composition : calcium,CIQUAL,0.8
ING-TECH-FARINEDEAMAR-000001,LIP_TRIGLY,7.02,composition : lipides,CIQUAL,0.8
ING-TECH-FARINEDEAMAR-000001,LIP_SAT,1.46,composition : AG saturés,CIQUAL,0.8
ING-TECH-FARINEDEAMAR-000001,LIP_INS,4.47,composition : AG insaturés,CIQUAL,0.8
ING-TECH-FARINEDEAMAR-000001,POLY_AMIDON,56.9,composition : amidon,CIQUAL,0.8
ING-TECH-FARINEDEAMAR-000001,SM_SUCROSE,1.39,composition : saccharose,CIQUAL,0.8
ING-TECH-FARINEDEAMAR-000001,SM_GLU_MONO,0.27,composition : glucose,CIQUAL,0.8
ING-TECH-FARINEDEAMAR-000001,SM_CA,0.159,composition : calcium,CIQUAL,0.8
ING-TECH-FLOCONSDEAMA-000001,LIP_TRIGLY,7.02,composition : lipides,CIQUAL,0.8
ING-TECH-FLOCONSDEAMA-000001,LIP_SAT,1.46,composition : AG saturés,CIQUAL,0.8
ING-TECH-FLOCONSDEAMA-000001,LIP_INS,4.47,composition : AG insaturés,CIQUAL,0.8
ING-TECH-FLOCONSDEAMA-000001,POLY_AMIDON,56.9,composition : amidon,CIQUAL,0.8
ING-TECH-FLOCONSDEAMA-000001,SM_SUCROSE,1.39,composition : saccharose,CIQUAL,0.8
ING-TECH-FLOCONSDEAMA-000001,SM_GLU_MONO,0.27,composition : glucose,CIQUAL,0.8
ING-TECH-FLOCONSDEAMA-000001,SM_CA,0.159,composition : calcium,CIQUAL,0.8
ING-PLANT-GRAINEDESSAM-000001,LIP_TRIGLY,49.7,composition : lipides,CIQUAL,0.8
ING-PLANT-GRAINEDESSAM-000001,LIP_SAT,6.96,composition : AG saturés,CIQUAL,0.8
ING-PLANT-GRAINEDESSAM-000001,LIP_INS,40.6,composition : AG insaturés,CIQUAL,0.8
ING-PLANT-GRAINEDESSAM-000001,POLY_AMIDON,0.4,composition : amidon,CIQUAL,0.8
ING-PLANT-GRAINEDESSAM-000001,SM_CA,0.962,composition : calcium,CIQUAL,0.8
ING-PLANT-GRAINEDELIN-000001,LIP_TRIGLY,40.3,composition : lipides,CIQUAL,0.8
ING-PLANT-GRAINEDELIN-000001,LIP_SAT,4.26,composition : AG saturés,CIQUAL,0.8
ING-PLANT-GRAINEDELIN-000001,LIP_INS,34.29,composition : AG insaturés,CIQUAL,0.8
ING-PLANT-GRAINEDELIN-000001,POLY_AMIDON,0.23,composition : amidon,CIQUAL,0.8
ING-PLANT-GRAINEDELIN-000001,SM_SUCROSE,1.64,composition : saccharose,CIQUAL,0.8
ING-PLANT-GRAINEDELIN-000001,SM_SALT,0.1,composition : sel,CIQUAL,0.8
ING-PLANT-GRAINEDELIN-000001,SM_CA,0.223,composition : calcium,CIQUAL,0.8
ING-PLANT-GRAINEDECHIA-000001,LIP_TRIGLY,30.7,composition : lipides,CIQUAL,0.8
ING-PLANT-GRAINEDECHIA-000001,LIP_SAT,3.33,composition : AG saturés,CIQUAL,0.8
ING-PLANT-GRAINEDECHIA-000001,LIP_INS,26.01,composition : AG insaturés,CIQUAL,0.8
ING-PLANT-GRAINEDECHIA-000001,SM_CA,0.631,composition : calcium,CIQUAL,0.8
ING-PLANT-GRAINEDECOUR-000001,LIP_TRIGLY,0.13,composition : lipides,CIQUAL,0.8
ING-PLANT-GRAINEDECOUR-000001,LIP_INS,0.066,composition : AG insaturés,CIQUAL,0.8
ING-PLANT-GRAINEDECOUR-000001,SM_GLU_MONO,0.7,composition : glucose,CIQUAL,0.8
ING-PLANT-GRAINEDECOUR-000001,SM_FRUCTOSE,0.9,composition : fructose,CIQUAL,0.8
ING-PLANT-GRAINEDETOUR-000001,LIP_TRIGLY,55.5,composition : lipides,CIQUAL,0.8
ING-PLANT-GRAINEDETOUR-000001,LIP_SAT,6.23,composition : AG saturés,CIQUAL,0.8
ING-PLANT-GRAINEDETOUR-000001,LIP_INS,46.5,composition : AG insaturés,CIQUAL,0.8
ING-PLANT-GRAINEDETOUR-000001,POLY_AMIDON,3.8,composition : amidon,CIQUAL,0.8
ING-PLANT-GRAINEDETOUR-000001,SM_SUCROSE,2.5,composition : saccharose,CIQUAL,0.8
ING-PLANT-GRAINEDETOUR-000001,SM_CA,0.078,composition : calcium,CIQUAL,0.8
ING-PLANT-GRAINEDEPAVO-000001,LIP_TRIGLY,41.6,composition : lipides,CIQUAL,0.8
ING-PLANT-GRAINEDEPAVO-000001,LIP_SAT,4.52,composition : AG saturés,CIQUAL,0.8
ING-PLANT-GRAINEDEPAVO-000001,LIP_INS,34.58,composition : AG insaturés,CIQUAL,0.8
ING-PLANT-GRAINEDEPAVO-000001,SM_SUCROSE,2.33,composition : saccharose,CIQUAL,0.8
ING-PLANT-GRAINEDEPAVO-000001,SM_GLU_MONO,0.37,composition : glucose,CIQUAL,0.8
ING-PLANT-GRAINEDEPAVO-000001,SM_FRUCTOSE,0.29,composition : fructose,CIQUAL,0.8
ING-PLANT-GRAINEDEPAVO-000001,SM_SALT,0.065,composition : sel,CIQUAL,0.8
ING-PLANT-GRAINEDEPAVO-000001,SM_CA,1.44,composition : calcium,CIQUAL,0.8
ING-PLANT-GRAINEDECUMI-000001,LIP_TRIGLY,22.3,composition : lipides,CIQUAL,0.8
ING-PLANT-GRAINEDECUMI-000001,LIP_SAT,1.54,composition : AG saturés,CIQUAL,0.8
ING-PLANT-GRAINEDECUMI-000001,LIP_INS,17.28,composition : AG insaturés,CIQUAL,0.8
ING-PLANT-GRAINEDECUMI-000001,SM_SALT,0.42,composition : sel,CIQUAL,0.8
ING-PLANT-GRAINEDECUMI-000001,SM_CA,0.931,composition : calcium,CIQUAL,0.8
ING-PLANT-GRAINEDEFENU-000001,LIP_TRIGLY,6.41,composition : lipides,CIQUAL,0.8
ING-PLANT-GRAINEDEFENU-000001,LIP_SAT,1.46,composition : AG saturés,CIQUAL,0.8
ING-PLANT-GRAINEDEFENU-000001,SM_SALT,0.17,composition : sel,CIQUAL,0.8
ING-PLANT-GRAINEDEFENU-000001,SM_CA,0.176,composition : calcium,CIQUAL,0.8
ING-PLANT-GRAINEDECORI-000001,LIP_TRIGLY,17.8,composition : lipides,CIQUAL,0.8
ING-PLANT-GRAINEDECORI-000001,LIP_SAT,0.99,composition : AG saturés,CIQUAL,0.8
ING-PLANT-GRAINEDECORI-000001,LIP_INS,15.35,composition : AG insaturés,CIQUAL,0.8
ING-PLANT-GRAINEDECORI-000001,SM_SALT,0.088,composition : sel,CIQUAL,0.8
ING-PLANT-GRAINEDECORI-000001,SM_CA,0.709,composition : calcium,CIQUAL,0.8
ING-PLANT-GRAINEDEMOUT-000001,LIP_TRIGLY,11.2,composition : lipides,CIQUAL,0.8
ING-PLANT-GRAINEDEMOUT-000001,LIP_SAT,1.1,composition : AG saturés,CIQUAL,0.8
ING-PLANT-GRAINEDEMOUT-000001,LIP_INS,8.67,composition : AG insaturés,CIQUAL,0.8
ING-PLANT-GRAINEDEMOUT-000001,POLY_AMIDON,2.6,composition : amidon,CIQUAL,0.8
ING-PLANT-GRAINEDEMOUT-000001,SM_GLU_MONO,0.98,composition : glucose,CIQUAL,0.8
ING-PLANT-GRAINEDEMOUT-000001,SM_FRUCTOSE,0.75,composition : fructose,CIQUAL,0.8
ING-PLANT-GRAINEDEMOUT-000001,SM_SALT,6.3,composition : sel,CIQUAL,0.8
ING-PLANT-GRAINEDEMOUT-000001,SM_CA,0.207,composition : calcium,CIQUAL,0.8
ING-PLANT-CARDAMOME-000001,LIP_TRIGLY,6.7,composition : lipides,CIQUAL,0.8
ING-PLANT-CARDAMOME-000001,SM_CA,0.383,composition : calcium,CIQUAL,0.8
ING-PLANT-BASILIC-000001,LIP_TRIGLY,0.64,composition : lipides,CIQUAL,0.8
ING-PLANT-BASILIC-000001,LIP_INS,0.478,composition : AG insaturés,CIQUAL,0.8
ING-PLANT-BASILIC-000001,SM_CA,0.177,composition : calcium,CIQUAL,0.8
ING-PLANT-PERSIL-000001,LIP_TRIGLY,0.63,composition : lipides,CIQUAL,0.8
ING-PLANT-PERSIL-000001,LIP_SAT,0.1,composition : AG saturés,CIQUAL,0.8
ING-PLANT-PERSIL-000001,LIP_INS,0.42,composition : AG insaturés,CIQUAL,0.8
ING-PLANT-PERSIL-000001,POLY_AMIDON,0.36,composition : amidon,CIQUAL,0.8
ING-PLANT-PERSIL-000001,SM_GLU_MONO,0.5,composition : glucose,CIQUAL,0.8
ING-PLANT-PERSIL-000001,SM_FRUCTOSE,0.3,composition : fructose,CIQUAL,0.8
ING-PLANT-PERSIL-000001,SM_SALT,0.59,composition : sel,CIQUAL,0.8
ING-PLANT-PERSIL-000001,SM_CA,0.138,composition : calcium,CIQUAL,0.8
ING-PLANT-CORIANDREFRA-000001,LIP_TRIGLY,0.52,composition : lipides,CIQUAL,0.8
ING-PLANT-CORIANDREFRA-000001,LIP_INS,0.32,composition : AG insaturés,CIQUAL,0.8
ING-PLANT-CORIANDREFRA-000001,SM_SALT,0.12,composition : sel,CIQUAL,0.8
ING-PLANT-CORIANDREFRA-000001,SM_CA,0.067,composition : calcium,CIQUAL,0.8
ING-PLANT-MENTHE-000001,LIP_TRIGLY,0.84,composition : lipides,CIQUAL,0.8
ING-PLANT-MENTHE-000001,LIP_SAT,0.22,composition : AG saturés,CIQUAL,0.8
ING-PLANT-MENTHE-000001,LIP_INS,0.479,composition : AG insaturés,CIQUAL,0.8
ING-PLANT-MENTHE-000001,SM_SALT,0.076,composition : sel,CIQUAL,0.8
ING-PLANT-MENTHE-000001,SM_CA,0.221,composition : calcium,CIQUAL,0.8
ING-PLANT-THYM-000001,LIP_TRIGLY,1.68,composition : lipides,CIQUAL,0.8
ING-PLANT-THYM-000001,LIP_SAT,0.47,composition : AG saturés,CIQUAL,0.8
ING-PLANT-THYM-000001,LIP_INS,0.611,composition : AG insaturés,CIQUAL,0.8
ING-PLANT-THYM-000001,SM_CA,0.405,composition : calcium,CIQUAL,0.8
ING-PLANT-ROMARIN-000001,LIP_TRIGLY,5.86,composition : lipides,CIQUAL,0.8
ING-PLANT-ROMARIN-000001,LIP_SAT,2.84,composition : AG saturés,CIQUAL,0.8
ING-PLANT-ROMARIN-000001,LIP_INS,2.06,composition : AG insaturés,CIQUAL,0.8
ING-PLANT-ROMARIN-000001,SM_SALT,0.065,composition : sel,CIQUAL,0.8
ING-PLANT-ROMARIN-000001,SM_CA,0.317,composition : calcium,CIQUAL,0.8
ING-PLANT-SAUGE-000001,SM_GLU_MONO,0.3,composition : glucose,CIQUAL,0.8
ING-PLANT-SAUGE-000001,SM_CA,0.23,composition : calcium,CIQUAL,0.8
ING-PLANT-CIBOULETTE-000001,LIP_TRIGLY,0.93,composition : lipides,CIQUAL,0.8
ING-PLANT-CIBOULETTE-000001,LIP_SAT,0.25,composition : AG saturés,CIQUAL,0.8
ING-PLANT-CIBOULETTE-000001,LIP_INS,0.49,composition : AG insaturés,CIQUAL,0.8
ING-PLANT-CIBOULETTE-000001,POLY_AMIDON,0.18,composition : amidon,CIQUAL,0.8
ING-PLANT-CIBOULETTE-000001,SM_SALT,0.28,composition : sel,CIQUAL,0.8
ING-PLANT-CIBOULETTE-000001,SM_CA,0.178,composition : calcium,CIQUAL,0.8
ING-PLANT-ANETH-000001,LIP_TRIGLY,1.1,composition : lipides,CIQUAL,0.8
ING-PLANT-ANETH-000001,LIP_SAT,0.34,composition : AG saturés,CIQUAL,0.8
ING-PLANT-ANETH-000001,LIP_INS,0.76,composition : AG insaturés,CIQUAL,0.8
ING-PLANT-ANETH-000001,SM_SALT,0.15,composition : sel,CIQUAL,0.8
ING-PLANT-ANETH-000001,SM_CA,0.202,composition : calcium,CIQUAL,0.8
ING-PLANT-ESTRAGON-000001,LIP_SAT,0.6,composition : AG saturés,CIQUAL,0.8
ING-PLANT-CLERIBRANCHE-000002,SM_GLU_MONO,0.51,composition : glucose,CIQUAL,0.8
ING-PLANT-CLERIBRANCHE-000002,SM_FRUCTOSE,0.44,composition : fructose,CIQUAL,0.8
ING-PLANT-CLERIBRANCHE-000002,SM_SALT,0.2,composition : sel,CIQUAL,0.8
ING-PLANT-LAURIER-000001,LIP_TRIGLY,8.36,composition : lipides,CIQUAL,0.8
ING-PLANT-LAURIER-000001,LIP_SAT,2.28,composition : AG saturés,CIQUAL,0.8
ING-PLANT-LAURIER-000001,LIP_INS,3.93,composition : AG insaturés,CIQUAL,0.8
ING-PLANT-LAURIER-000001,SM_SALT,0.058,composition : sel,CIQUAL,0.8
ING-PLANT-LAURIER-000001,SM_CA,0.834,composition : calcium,CIQUAL,0.8
ING-PLANT-ORIGAN-000001,LIP_TRIGLY,0.93,composition : lipides,CIQUAL,0.8
ING-PLANT-ORIGAN-000001,LIP_SAT,0.25,composition : AG saturés,CIQUAL,0.8
ING-PLANT-ORIGAN-000001,LIP_INS,0.49,composition : AG insaturés,CIQUAL,0.8
ING-PLANT-ORIGAN-000001,POLY_AMIDON,0.18,composition : amidon,CIQUAL,0.8
ING-PLANT-ORIGAN-000001,SM_SALT,0.28,composition : sel,CIQUAL,0.8
ING-PLANT-ORIGAN-000001,SM_CA,0.178,composition : calcium,CIQUAL,0.8
ING-PLANT-MARJOLAINE-000001,LIP_TRIGLY,0.93,composition : lipides,CIQUAL,0.8
ING-PLANT-MARJOLAINE-000001,LIP_SAT,0.25,composition : AG saturés,CIQUAL,0.8
ING-PLANT-MARJOLAINE-000001,LIP_INS,0.49,composition : AG insaturés,CIQUAL,0.8
ING-PLANT-MARJOLAINE-000001,POLY_AMIDON,0.18,composition : amidon,CIQUAL,0.8
ING-PLANT-MARJOLAINE-000001,SM_SALT,0.28,composition : sel,CIQUAL,0.8
ING-PLANT-MARJOLAINE-000001,SM_CA,0.178,composition : calcium,CIQUAL,0.8
ING-PLANT-CERFEUIL-000001,LIP_TRIGLY,0.55,composition : lipides,CIQUAL,0.8
ING-PLANT-CERFEUIL-000001,LIP_SAT,0.25,composition : AG saturés,CIQUAL,0.8
ING-PLANT-CERFEUIL-000001,LIP_INS,0.301,composition : AG insaturés,CIQUAL,0.8
ING-PLANT-CERFEUIL-000001,SM_CA,0.273,composition : calcium,CIQUAL,0.8
ING-PLANT-POIVRENOIR-000001,LIP_TRIGLY,7.5,composition : lipides,CIQUAL,0.8
ING-PLANT-POIVRENOIR-000001,LIP_SAT,2.9,composition : AG saturés,CIQUAL,0.8
ING-PLANT-POIVRENOIR-000001,LIP_INS,4.23,composition : AG insaturés,CIQUAL,0.8
ING-PLANT-POIVRENOIR-000001,SM_GLU_MONO,0.24,composition : glucose,CIQUAL,0.8
ING-PLANT-POIVRENOIR-000001,SM_FRUCTOSE,0.23,composition : fructose,CIQUAL,0.8
ING-PLANT-POIVRENOIR-000001,SM_CA,0.48,composition : calcium,CIQUAL,0.8
ING-PLANT-POIVREBLANC-000001,LIP_TRIGLY,2.12,composition : lipides,CIQUAL,0.8
ING-PLANT-POIVREBLANC-000001,LIP_SAT,0.63,composition : AG saturés,CIQUAL,0.8
ING-PLANT-POIVREBLANC-000001,LIP_INS,1.41,composition : AG insaturés,CIQUAL,0.8
ING-PLANT-POIVREBLANC-000001,SM_CA,0.265,composition : calcium,CIQUAL,0.8
ING-PLANT-PAPRIKA-000001,LIP_TRIGLY,12.9,composition : lipides,CIQUAL,0.8
ING-PLANT-PAPRIKA-000001,LIP_SAT,2.14,composition : AG saturés,CIQUAL,0.8
ING-PLANT-PAPRIKA-000001,LIP_INS,9.47,composition : AG insaturés,CIQUAL,0.8
ING-PLANT-PAPRIKA-000001,SM_SUCROSE,0.81,composition : saccharose,CIQUAL,0.8
ING-PLANT-PAPRIKA-000001,SM_GLU_MONO,2.63,composition : glucose,CIQUAL,0.8
ING-PLANT-PAPRIKA-000001,SM_FRUCTOSE,6.71,composition : fructose,CIQUAL,0.8
ING-PLANT-PAPRIKA-000001,SM_SALT,0.17,composition : sel,CIQUAL,0.8
ING-PLANT-PAPRIKA-000001,SM_CA,0.229,composition : calcium,CIQUAL,0.8
ING-PLANT-CUMINMOULU-000001,LIP_TRIGLY,22.3,composition : lipides,CIQUAL,0.8
ING-PLANT-CUMINMOULU-000001,LIP_SAT,1.54,composition : AG saturés,CIQUAL,0.8
ING-PLANT-CUMINMOULU-000001,LIP_INS,17.28,composition : AG insaturés,CIQUAL,0.8
ING-PLANT-CUMINMOULU-000001,SM_SALT,0.42,composition : sel,CIQUAL,0.8
ING-PLANT-CUMINMOULU-000001,SM_CA,0.931,composition : calcium,CIQUAL,0.8
ING-PLANT-CURCUMA-000001,LIP_TRIGLY,3.25,composition : lipides,CIQUAL,0.8
ING-PLANT-CURCUMA-000001,LIP_SAT,1.84,composition : AG saturés,CIQUAL,0.8
ING-PLANT-CURCUMA-000001,LIP_INS,1.21,composition : AG insaturés,CIQUAL,0.8
ING-PLANT-CURCUMA-000001,SM_SUCROSE,2.38,composition : saccharose,CIQUAL,0.8
ING-PLANT-CURCUMA-000001,SM_GLU_MONO,0.38,composition : glucose,CIQUAL,0.8
ING-PLANT-CURCUMA-000001,SM_FRUCTOSE,0.45,composition : fructose,CIQUAL,0.8
ING-PLANT-CURCUMA-000001,SM_SALT,0.068,composition : sel,CIQUAL,0.8
ING-PLANT-CURCUMA-000001,SM_CA,0.168,composition : calcium,CIQUAL,0.8
ING-PLANT-CANNELLE-000001,LIP_TRIGLY,1.24,composition : lipides,CIQUAL,0.8
ING-PLANT-CANNELLE-000001,LIP_SAT,0.35,composition : AG saturés,CIQUAL,0.8
ING-PLANT-CANNELLE-000001,LIP_INS,0.318,composition : AG insaturés,CIQUAL,0.8
ING-PLANT-CANNELLE-000001,SM_GLU_MONO,1.04,composition : glucose,CIQUAL,0.8
ING-PLANT-CANNELLE-000001,SM_FRUCTOSE,1.11,composition : fructose,CIQUAL,0.8
ING-PLANT-CANNELLE-000001,SM_CA,1.0,composition : calcium,CIQUAL,0.8
ING-PLANT-CLOUDEGIROFL-000001,LIP_TRIGLY,13.0,composition : lipides,CIQUAL,0.8
ING-PLANT-CLOUDEGIROFL-000001,LIP_SAT,3.95,composition : AG saturés,CIQUAL,0.8
ING-PLANT-CLOUDEGIROFL-000001,LIP_INS,5.0,composition : AG insaturés,CIQUAL,0.8
ING-PLANT-CLOUDEGIROFL-000001,SM_GLU_MONO,1.14,composition : glucose,CIQUAL,0.8
ING-PLANT-CLOUDEGIROFL-000001,SM_FRUCTOSE,1.07,composition : fructose,CIQUAL,0.8
ING-PLANT-CLOUDEGIROFL-000001,SM_SALT,0.69,composition : sel,CIQUAL,0.8
ING-PLANT-CLOUDEGIROFL-000001,SM_CA,0.632,composition : calcium,CIQUAL,0.8
ING-PLANT-MUSCADE-000001,LIP_TRIGLY,36.3,composition : lipides,CIQUAL,0.8
ING-PLANT-MUSCADE-000001,LIP_SAT,25.9,composition : AG saturés,CIQUAL,0.8
ING-PLANT-MUSCADE-000001,LIP_INS,3.57,composition : AG insaturés,CIQUAL,0.8
ING-PLANT-MUSCADE-000001,SM_CA,0.184,composition : calcium,CIQUAL,0.8
ING-PLANT-GINGEMBRE-000001,LIP_TRIGLY,4.24,composition : lipides,CIQUAL,0.8
ING-PLANT-GINGEMBRE-000001,LIP_SAT,2.6,composition : AG saturés,CIQUAL,0.8
ING-PLANT-GINGEMBRE-000001,LIP_INS,1.41,composition : AG insaturés,CIQUAL,0.8
ING-PLANT-GINGEMBRE-000001,POLY_AMIDON,54.9,composition : amidon,CIQUAL,0.8
ING-PLANT-GINGEMBRE-000001,SM_SUCROSE,0.2,composition : saccharose,CIQUAL,0.8
ING-PLANT-GINGEMBRE-000001,SM_GLU_MONO,1.22,composition : glucose,CIQUAL,0.8
ING-PLANT-GINGEMBRE-000001,SM_FRUCTOSE,1.78,composition : fructose,CIQUAL,0.8
ING-PLANT-GINGEMBRE-000001,SM_SALT,0.068,composition : sel,CIQUAL,0.8
ING-PLANT-GINGEMBRE-000001,SM_CA,0.114,composition : calcium,CIQUAL,0.8
ING-PLANT-SAFRAN-000001,LIP_TRIGLY,5.85,composition : lipides,CIQUAL,0.8
ING-PLANT-SAFRAN-000001,LIP_SAT,1.59,composition : AG saturés,CIQUAL,0.8
ING-PLANT-SAFRAN-000001,LIP_INS,2.5,composition : AG insaturés,CIQUAL,0.8
ING-PLANT-SAFRAN-000001,POLY_AMIDON,19.1,composition : amidon,CIQUAL,0.8
ING-PLANT-SAFRAN-000001,SM_SALT,0.37,composition : sel,CIQUAL,0.8
ING-PLANT-SAFRAN-000001,SM_CA,0.111,composition : calcium,CIQUAL,0.8
ING-PLANT-FENUGRECENPO-000001,LIP_TRIGLY,6.41,composition : lipides,CIQUAL,0.8
ING-PLANT-FENUGRECENPO-000001,LIP_SAT,1.46,composition : AG saturés,CIQUAL,0.8
ING-PLANT-FENUGRECENPO-000001,SM_SALT,0.17,composition : sel,CIQUAL,0.8
ING-PLANT-FENUGRECENPO-000001,SM_CA,0.176,composition : calcium,CIQUAL,0.8
ING-PLANT-CURRYENPOUDR-000001,LIP_TRIGLY,14.0,composition : lipides,CIQUAL,0.8
ING-PLANT-CURRYENPOUDR-000001,LIP_SAT,1.65,composition : AG saturés,CIQUAL,0.8
ING-PLANT-CURRYENPOUDR-000001,LIP_INS,11.84,composition : AG insaturés,CIQUAL,0.8
ING-PLANT-CURRYENPOUDR-000001,SM_SUCROSE,0.59,composition : saccharose,CIQUAL,0.8
ING-PLANT-CURRYENPOUDR-000001,SM_GLU_MONO,1.09,composition : glucose,CIQUAL,0.8
ING-PLANT-CURRYENPOUDR-000001,SM_FRUCTOSE,0.75,composition : fructose,CIQUAL,0.8
ING-PLANT-CURRYENPOUDR-000001,SM_SALT,0.13,composition : sel,CIQUAL,0.8
ING-PLANT-CURRYENPOUDR-000001,SM_CA,0.525,composition : calcium,CIQUAL,0.8
ING-PLANT-QUATREPICES-000001,LIP_TRIGLY,8.69,composition : lipides,CIQUAL,0.8
ING-PLANT-QUATREPICES-000001,LIP_SAT,2.55,composition : AG saturés,CIQUAL,0.8
ING-PLANT-QUATREPICES-000001,LIP_INS,3.02,composition : AG insaturés,CIQUAL,0.8
ING-PLANT-QUATREPICES-000001,SM_SALT,0.19,composition : sel,CIQUAL,0.8
ING-PLANT-QUATREPICES-000001,SM_CA,0.661,composition : calcium,CIQUAL,0.8
ING-PLANT-PIMENTDECAYE-000001,LIP_TRIGLY,17.3,composition : lipides,CIQUAL,0.8
ING-PLANT-PIMENTDECAYE-000001,LIP_SAT,3.26,composition : AG saturés,CIQUAL,0.8
ING-PLANT-PIMENTDECAYE-000001,LIP_INS,11.12,composition : AG insaturés,CIQUAL,0.8
ING-PLANT-PIMENTDECAYE-000001,SM_SALT,0.075,composition : sel,CIQUAL,0.8
ING-PLANT-PIMENTDECAYE-000001,SM_CA,0.148,composition : calcium,CIQUAL,0.8
ING-PLANT-KASHMIRICHIL-000001,LIP_TRIGLY,17.3,composition : lipides,CIQUAL,0.8
ING-PLANT-KASHMIRICHIL-000001,LIP_SAT,3.26,composition : AG saturés,CIQUAL,0.8
ING-PLANT-KASHMIRICHIL-000001,LIP_INS,11.12,composition : AG insaturés,CIQUAL,0.8
ING-PLANT-KASHMIRICHIL-000001,SM_SALT,0.075,composition : sel,CIQUAL,0.8
ING-PLANT-KASHMIRICHIL-000001,SM_CA,0.148,composition : calcium,CIQUAL,0.8
ING-PLANT-RASELHANOUT-000001,LIP_TRIGLY,7.85,composition : lipides,CIQUAL,0.8
ING-PLANT-RASELHANOUT-000001,LIP_SAT,2.56,composition : AG saturés,CIQUAL,0.8
ING-PLANT-RASELHANOUT-000001,LIP_INS,4.69,composition : AG insaturés,CIQUAL,0.8
ING-PLANT-RASELHANOUT-000001,SM_SUCROSE,0.13,composition : saccharose,CIQUAL,0.8
ING-PLANT-RASELHANOUT-000001,SM_GLU_MONO,0.46,composition : glucose,CIQUAL,0.8
ING-PLANT-RASELHANOUT-000001,SM_FRUCTOSE,0.58,composition : fructose,CIQUAL,0.8
ING-PLANT-RASELHANOUT-000001,SM_SALT,0.059,composition : sel,CIQUAL,0.8
ING-PLANT-RASELHANOUT-000001,SM_CA,0.479,composition : calcium,CIQUAL,0.8
ING-PLANT-ZAATAR-000001,LIP_TRIGLY,7.2,composition : lipides,CIQUAL,0.8
ING-PLANT-ZAATAR-000001,LIP_SAT,1.88,composition : AG saturés,CIQUAL,0.8
ING-PLANT-ZAATAR-000001,LIP_INS,3.39,composition : AG insaturés,CIQUAL,0.8
ING-PLANT-ZAATAR-000001,POLY_AMIDON,2.0,composition : amidon,CIQUAL,0.8
ING-PLANT-ZAATAR-000001,SM_SALT,0.088,composition : sel,CIQUAL,0.8
ING-PLANT-ZAATAR-000001,SM_CA,1.86,composition : calcium,CIQUAL,0.8
ING-ANIMAL-BUFVIANDE-000001,LIP_TRIGLY,14.0,composition : lipides,CIQUAL,0.8
ING-ANIMAL-BUFVIANDE-000001,LIP_SAT,6.0,composition : AG saturés,CIQUAL,0.8
ING-ANIMAL-VEAUVIANDE-000001,LIP_TRIGLY,3.28,composition : lipides,CIQUAL,0.8
ING-ANIMAL-VEAUVIANDE-000001,LIP_SAT,0.83,composition : AG saturés,CIQUAL,0.8
ING-ANIMAL-VEAUVIANDE-000001,LIP_INS,2.46,composition : AG insaturés,CIQUAL,0.8
ING-ANIMAL-VEAUVIANDE-000001,SM_SALT,0.097,composition : sel,CIQUAL,0.8
ING-ANIMAL-PORCVIANDE-000001,LIP_TRIGLY,18.0,composition : lipides,CIQUAL,0.8
ING-ANIMAL-PORCVIANDE-000001,LIP_SAT,6.5,composition : AG saturés,CIQUAL,0.8
ING-ANIMAL-AGNEAUVIANDE-000001,LIP_TRIGLY,23.4,composition : lipides,CIQUAL,0.8
ING-ANIMAL-AGNEAUVIANDE-000001,LIP_SAT,10.0,composition : AG saturés,CIQUAL,0.8
ING-ANIMAL-MOUTONVIANDE-000001,LIP_TRIGLY,6.11,composition : lipides,CIQUAL,0.8
ING-ANIMAL-MOUTONVIANDE-000001,SM_SALT,0.22,composition : sel,CIQUAL,0.8
ING-ANIMAL-CHEVALVIANDE-000001,LIP_TRIGLY,5.5,composition : lipides,CIQUAL,0.8
ING-ANIMAL-CHEVALVIANDE-000001,LIP_SAT,2.04,composition : AG saturés,CIQUAL,0.8
ING-ANIMAL-CHEVALVIANDE-000001,LIP_INS,3.46,composition : AG insaturés,CIQUAL,0.8
ING-ANIMAL-CHEVALVIANDE-000001,SM_SALT,0.14,composition : sel,CIQUAL,0.8
ING-ANIMAL-LAPINVIANDE-000001,LIP_TRIGLY,11.6,composition : lipides,CIQUAL,0.8
ING-ANIMAL-LAPINVIANDE-000001,LIP_SAT,4.74,composition : AG saturés,CIQUAL,0.8
ING-ANIMAL-LAPINVIANDE-000001,LIP_INS,6.61,composition : AG insaturés,CIQUAL,0.8
ING-ANIMAL-LAPINVIANDE-000001,SM_SALT,0.14,composition : sel,CIQUAL,0.8
ING-ANIMAL-SANGLIERVIAN-000001,LIP_TRIGLY,7.14,composition : lipides,CIQUAL,0.8
ING-ANIMAL-SANGLIERVIAN-000001,LIP_SAT,2.62,composition : AG saturés,CIQUAL,0.8
ING-ANIMAL-SANGLIERVIAN-000001,LIP_INS,4.52,composition : AG insaturés,CIQUAL,0.8
ING-ANIMAL-SANGLIERVIAN-000001,SM_SALT,0.21,composition : sel,CIQUAL,0.8
ING-ANIMAL-CERFVIANDE-000001,LIP_TRIGLY,2.42,composition : lipides,CIQUAL,0.8
ING-ANIMAL-CERFVIANDE-000001,LIP_SAT,0.95,composition : AG saturés,CIQUAL,0.8
ING-ANIMAL-CERFVIANDE-000001,LIP_INS,1.14,composition : AG insaturés,CIQUAL,0.8
ING-ANIMAL-CERFVIANDE-000001,SM_SALT,0.13,composition : sel,CIQUAL,0.8
ING-ANIMAL-CANARDVIANDE-000001,LIP_TRIGLY,5.95,composition : lipides,CIQUAL,0.8
ING-ANIMAL-CANARDVIANDE-000001,LIP_SAT,2.32,composition : AG saturés,CIQUAL,0.8
ING-ANIMAL-CANARDVIANDE-000001,LIP_INS,2.29,composition : AG insaturés,CIQUAL,0.8
ING-ANIMAL-CANARDVIANDE-000001,SM_SALT,0.19,composition : sel,CIQUAL,0.8
ING-ANIMAL-POULETVIANDE-000001,LIP_TRIGLY,3.5,composition : lipides,CIQUAL,0.8
ING-ANIMAL-POULETVIANDE-000001,LIP_SAT,1.0,composition : AG saturés,CIQUAL,0.8
ING-ANIMAL-DINDEVIANDE-000001,LIP_TRIGLY,1.93,composition : lipides,CIQUAL,0.8
ING-ANIMAL-DINDEVIANDE-000001,LIP_SAT,0.46,composition : AG saturés,CIQUAL,0.8
ING-ANIMAL-DINDEVIANDE-000001,LIP_INS,0.89,composition : AG insaturés,CIQUAL,0.8
ING-ANIMAL-DINDEVIANDE-000001,SM_SALT,0.3,composition : sel,CIQUAL,0.8
ING-ANIMAL-OIEVIANDE-000001,LIP_TRIGLY,7.13,composition : lipides,CIQUAL,0.8
ING-ANIMAL-OIEVIANDE-000001,LIP_SAT,2.79,composition : AG saturés,CIQUAL,0.8
ING-ANIMAL-OIEVIANDE-000001,LIP_INS,2.75,composition : AG insaturés,CIQUAL,0.8
ING-ANIMAL-OIEVIANDE-000001,SM_SALT,0.22,composition : sel,CIQUAL,0.8
ING-ANIMAL-PINTADEVIAND-000001,LIP_TRIGLY,4.46,composition : lipides,CIQUAL,0.8
ING-ANIMAL-PINTADEVIAND-000001,LIP_SAT,1.21,composition : AG saturés,CIQUAL,0.8
ING-ANIMAL-PINTADEVIAND-000001,LIP_INS,2.56,composition : AG insaturés,CIQUAL,0.8
ING-ANIMAL-PINTADEVIAND-000001,SM_SALT,0.17,composition : sel,CIQUAL,0.8
ING-ANIMAL-CAILLEVIANDE-000001,LIP_TRIGLY,4.53,composition : lipides,CIQUAL,0.8
ING-ANIMAL-CAILLEVIANDE-000001,LIP_SAT,1.32,composition : AG saturés,CIQUAL,0.8
ING-ANIMAL-CAILLEVIANDE-000001,LIP_INS,2.45,composition : AG insaturés,CIQUAL,0.8
ING-ANIMAL-CAILLEVIANDE-000001,SM_SALT,0.13,composition : sel,CIQUAL,0.8
ING-ANIMAL-FAISANVIANDE-000001,LIP_TRIGLY,3.73,composition : lipides,CIQUAL,0.8
ING-ANIMAL-FAISANVIANDE-000001,LIP_SAT,1.27,composition : AG saturés,CIQUAL,0.8
ING-ANIMAL-FAISANVIANDE-000001,LIP_INS,1.83,composition : AG insaturés,CIQUAL,0.8
ING-ANIMAL-FAISANVIANDE-000001,SM_SALT,0.097,composition : sel,CIQUAL,0.8
ING-ANIMAL-FOIEDEVEAU-000001,LIP_TRIGLY,3.4,composition : lipides,CIQUAL,0.8
ING-ANIMAL-FOIEDEVEAU-000001,LIP_SAT,1.31,composition : AG saturés,CIQUAL,0.8
ING-ANIMAL-FOIEDEVEAU-000001,LIP_INS,1.88,composition : AG insaturés,CIQUAL,0.8
ING-ANIMAL-FOIEDEVEAU-000001,SM_SALT,0.16,composition : sel,CIQUAL,0.8
ING-ANIMAL-FOIEDEVOLAIL-000001,LIP_TRIGLY,4.75,composition : lipides,CIQUAL,0.8
ING-ANIMAL-FOIEDEVOLAIL-000001,LIP_SAT,1.5,composition : AG saturés,CIQUAL,0.8
ING-ANIMAL-FOIEDEVOLAIL-000001,SM_SALT,0.22,composition : sel,CIQUAL,0.8
ING-ANIMAL-ROGNONDEVEAU-000001,LIP_TRIGLY,3.12,composition : lipides,CIQUAL,0.8
ING-ANIMAL-ROGNONDEVEAU-000001,LIP_SAT,0.96,composition : AG saturés,CIQUAL,0.8
ING-ANIMAL-ROGNONDEVEAU-000001,LIP_INS,1.3,composition : AG insaturés,CIQUAL,0.8
ING-ANIMAL-ROGNONDEVEAU-000001,SM_SALT,0.45,composition : sel,CIQUAL,0.8
ING-ANIMAL-ROGNONDEPORC-000001,LIP_TRIGLY,3.25,composition : lipides,CIQUAL,0.8
ING-ANIMAL-ROGNONDEPORC-000001,LIP_SAT,1.04,composition : AG saturés,CIQUAL,0.8
ING-ANIMAL-ROGNONDEPORC-000001,LIP_INS,1.33,composition : AG insaturés,CIQUAL,0.8
ING-ANIMAL-ROGNONDEPORC-000001,SM_SALT,0.3,composition : sel,CIQUAL,0.8
ING-ANIMAL-CURDEBUF-000001,LIP_TRIGLY,2.95,composition : lipides,CIQUAL,0.8
ING-ANIMAL-CURDEBUF-000001,LIP_SAT,0.74,composition : AG saturés,CIQUAL,0.8
ING-ANIMAL-CURDEBUF-000001,LIP_INS,1.17,composition : AG insaturés,CIQUAL,0.8
ING-ANIMAL-CURDEBUF-000001,SM_SALT,0.2,composition : sel,CIQUAL,0.8
ING-ANIMAL-LANGUEDEBUF-000001,LIP_TRIGLY,13.8,composition : lipides,CIQUAL,0.8
ING-ANIMAL-LANGUEDEBUF-000001,LIP_SAT,4.69,composition : AG saturés,CIQUAL,0.8
ING-ANIMAL-LANGUEDEBUF-000001,LIP_INS,5.96,composition : AG insaturés,CIQUAL,0.8
ING-ANIMAL-LANGUEDEBUF-000001,SM_SALT,0.17,composition : sel,CIQUAL,0.8
ING-ANIMAL-TRIPES-000001,LIP_TRIGLY,3.69,composition : lipides,CIQUAL,0.8
ING-ANIMAL-TRIPES-000001,LIP_SAT,1.29,composition : AG saturés,CIQUAL,0.8
ING-ANIMAL-TRIPES-000001,LIP_INS,1.71,composition : AG insaturés,CIQUAL,0.8
ING-ANIMAL-TRIPES-000001,SM_SALT,0.24,composition : sel,CIQUAL,0.8
ING-ANIMAL-TRIPES-000001,SM_CA,0.069,composition : calcium,CIQUAL,0.8
ING-ANIMAL-RISDEVEAU-000001,LIP_TRIGLY,3.07,composition : lipides,CIQUAL,0.8
ING-ANIMAL-RISDEVEAU-000001,LIP_SAT,0.81,composition : AG saturés,CIQUAL,0.8
ING-ANIMAL-RISDEVEAU-000001,LIP_INS,1.01,composition : AG insaturés,CIQUAL,0.8
ING-ANIMAL-RISDEVEAU-000001,SM_SALT,0.17,composition : sel,CIQUAL,0.8
ING-ANIMAL-CERVELLE-000001,LIP_TRIGLY,8.58,composition : lipides,CIQUAL,0.8
ING-ANIMAL-CERVELLE-000001,LIP_SAT,2.19,composition : AG saturés,CIQUAL,0.8
ING-ANIMAL-CERVELLE-000001,LIP_INS,2.43,composition : AG insaturés,CIQUAL,0.8
ING-ANIMAL-CERVELLE-000001,SM_SALT,0.28,composition : sel,CIQUAL,0.8
ING-MARINE-SAUMON-000001,LIP_TRIGLY,13.4,composition : lipides,CIQUAL,0.8
ING-MARINE-SAUMON-000001,LIP_SAT,3.1,composition : AG saturés,CIQUAL,0.8
ING-MARINE-THON-000001,LIP_TRIGLY,4.9,composition : lipides,CIQUAL,0.8
ING-MARINE-THON-000001,LIP_SAT,1.3,composition : AG saturés,CIQUAL,0.8
ING-MARINE-CABILLAUD-000001,LIP_TRIGLY,0.67,composition : lipides,CIQUAL,0.8
ING-MARINE-LIEUNOIR-000001,LIP_TRIGLY,0.8,composition : lipides,CIQUAL,0.8
ING-MARINE-LIEUNOIR-000001,LIP_SAT,0.15,composition : AG saturés,CIQUAL,0.8
ING-MARINE-LIEUNOIR-000001,LIP_INS,0.36,composition : AG insaturés,CIQUAL,0.8
ING-MARINE-LIEUNOIR-000001,SM_SALT,0.2,composition : sel,CIQUAL,0.8
ING-MARINE-SOLE-000001,LIP_TRIGLY,0.6,composition : lipides,CIQUAL,0.8
ING-MARINE-SOLE-000001,LIP_SAT,0.13,composition : AG saturés,CIQUAL,0.8
ING-MARINE-SOLE-000001,LIP_INS,0.26,composition : AG insaturés,CIQUAL,0.8
ING-MARINE-SOLE-000001,SM_SALT,0.19,composition : sel,CIQUAL,0.8
ING-MARINE-BAR-000001,LIP_TRIGLY,3.58,composition : lipides,CIQUAL,0.8
ING-MARINE-BAR-000001,LIP_SAT,0.76,composition : AG saturés,CIQUAL,0.8
ING-MARINE-BAR-000001,LIP_INS,2.38,composition : AG insaturés,CIQUAL,0.8
ING-MARINE-BAR-000001,SM_SALT,0.19,composition : sel,CIQUAL,0.8
ING-MARINE-BAR-000001,SM_CA,0.066,composition : calcium,CIQUAL,0.8
ING-MARINE-DORADE-000001,LIP_TRIGLY,5.27,composition : lipides,CIQUAL,0.8
ING-MARINE-DORADE-000001,LIP_SAT,1.41,composition : AG saturés,CIQUAL,0.8
ING-MARINE-DORADE-000001,LIP_INS,3.15,composition : AG insaturés,CIQUAL,0.8
ING-MARINE-DORADE-000001,SM_SALT,0.15,composition : sel,CIQUAL,0.8
ING-MARINE-DORADE-000001,SM_CA,0.1,composition : calcium,CIQUAL,0.8
ING-MARINE-TRUITE-000001,LIP_TRIGLY,3.63,composition : lipides,CIQUAL,0.8
ING-MARINE-TRUITE-000001,LIP_SAT,0.62,composition : AG saturés,CIQUAL,0.8
ING-MARINE-TRUITE-000001,LIP_INS,2.36,composition : AG insaturés,CIQUAL,0.8
ING-MARINE-TRUITE-000001,SM_SALT,0.14,composition : sel,CIQUAL,0.8
ING-MARINE-MAQUEREAU-000001,LIP_TRIGLY,13.5,composition : lipides,CIQUAL,0.8
ING-MARINE-MAQUEREAU-000001,LIP_SAT,3.22,composition : AG saturés,CIQUAL,0.8
ING-MARINE-MAQUEREAU-000001,LIP_INS,7.94,composition : AG insaturés,CIQUAL,0.8
ING-MARINE-MAQUEREAU-000001,SM_SALT,0.16,composition : sel,CIQUAL,0.8
ING-MARINE-SARDINE-000001,LIP_TRIGLY,9.17,composition : lipides,CIQUAL,0.8
ING-MARINE-SARDINE-000001,LIP_SAT,2.66,composition : AG saturés,CIQUAL,0.8
ING-MARINE-SARDINE-000001,LIP_INS,4.95,composition : AG insaturés,CIQUAL,0.8
ING-MARINE-SARDINE-000001,SM_SALT,0.22,composition : sel,CIQUAL,0.8
ING-MARINE-SARDINE-000001,SM_CA,0.058,composition : calcium,CIQUAL,0.8
ING-MARINE-ANCHOIS-000001,SM_GLU,0.6,règle : anchois salé,MAESTRO_INTERNAL|LIT,0.5
ING-MARINE-ANCHOIS-000001,LIP_TRIGLY,4.84,composition : lipides,CIQUAL,0.8
ING-MARINE-ANCHOIS-000001,LIP_SAT,1.18,composition : AG saturés,CIQUAL,0.8
ING-MARINE-HARENG-000001,LIP_TRIGLY,11.7,composition : lipides,CIQUAL,0.8
ING-MARINE-HARENG-000001,LIP_SAT,2.82,composition : AG saturés,CIQUAL,0.8
ING-MARINE-HARENG-000001,LIP_INS,8.02,composition : AG insaturés,CIQUAL,0.8
ING-MARINE-HARENG-000001,SM_SALT,0.22,composition : sel,CIQUAL,0.8
ING-MARINE-HARENG-000001,SM_CA,0.062,composition : calcium,CIQUAL,0.8
ING-MARINE-COLIN-000001,LIP_TRIGLY,0.61,composition : lipides,CIQUAL,0.8
ING-MARINE-COLIN-000001,SM_SALT,0.48,composition : sel,CIQUAL,0.8
ING-MARINE-HADDOCKFUM-000001,LIP_TRIGLY,0.73,composition : lipides,CIQUAL,0.8
ING-MARINE-HADDOCKFUM-000001,LIP_SAT,0.17,composition : AG saturés,CIQUAL,0.8
ING-MARINE-HADDOCKFUM-000001,LIP_INS,0.48,composition : AG insaturés,CIQUAL,0.8
ING-MARINE-HADDOCKFUM-000001,SM_SALT,1.91,composition : sel,CIQUAL,0.8
ING-MARINE-ESPADON-000001,LIP_TRIGLY,5.97,composition : lipides,CIQUAL,0.8
ING-MARINE-ESPADON-000001,LIP_SAT,1.83,composition : AG saturés,CIQUAL,0.8
ING-MARINE-ESPADON-000001,LIP_INS,2.63,composition : AG insaturés,CIQUAL,0.8
ING-MARINE-ESPADON-000001,SM_SALT,0.28,composition : sel,CIQUAL,0.8
ING-MARINE-CREVETTE-000001,LIP_TRIGLY,0.32,composition : lipides,CIQUAL,0.8
ING-MARINE-LANGOUSTE-000001,LIP_TRIGLY,1.34,composition : lipides,CIQUAL,0.8
ING-MARINE-LANGOUSTE-000001,LIP_SAT,0.25,composition : AG saturés,CIQUAL,0.8
ING-MARINE-LANGOUSTE-000001,LIP_INS,0.98,composition : AG insaturés,CIQUAL,0.8
ING-MARINE-LANGOUSTE-000001,SM_SALT,0.45,composition : sel,CIQUAL,0.8
ING-MARINE-LANGOUSTE-000001,SM_CA,0.061,composition : calcium,CIQUAL,0.8
ING-MARINE-HOMARD-000001,LIP_TRIGLY,1.15,composition : lipides,CIQUAL,0.8
ING-MARINE-HOMARD-000001,LIP_SAT,0.2,composition : AG saturés,CIQUAL,0.8
ING-MARINE-HOMARD-000001,LIP_INS,0.72,composition : AG insaturés,CIQUAL,0.8
ING-MARINE-HOMARD-000001,SM_SALT,0.9,composition : sel,CIQUAL,0.8
ING-MARINE-HOMARD-000001,SM_CA,0.069,composition : calcium,CIQUAL,0.8
ING-MARINE-CRABE-000001,LIP_TRIGLY,2.86,composition : lipides,CIQUAL,0.8
ING-MARINE-CRABE-000001,LIP_SAT,0.46,composition : AG saturés,CIQUAL,0.8
ING-MARINE-CRABE-000001,LIP_INS,2.4,composition : AG insaturés,CIQUAL,0.8
ING-MARINE-CRABE-000001,SM_SALT,0.69,composition : sel,CIQUAL,0.8
ING-MARINE-CRABE-000001,SM_CA,0.084,composition : calcium,CIQUAL,0.8
ING-MARINE-CREVISSE-000001,LIP_TRIGLY,0.64,composition : lipides,CIQUAL,0.8
ING-MARINE-CREVISSE-000001,LIP_SAT,0.11,composition : AG saturés,CIQUAL,0.8
ING-MARINE-CREVISSE-000001,LIP_INS,0.41,composition : AG insaturés,CIQUAL,0.8
ING-MARINE-CREVISSE-000001,SM_SALT,0.39,composition : sel,CIQUAL,0.8
ING-MARINE-CREVISSE-000001,SM_CA,0.053,composition : calcium,CIQUAL,0.8
ING-MARINE-HUTRE-000001,LIP_TRIGLY,1.91,composition : lipides,CIQUAL,0.8
ING-MARINE-HUTRE-000001,LIP_SAT,0.34,composition : AG saturés,CIQUAL,0.8
ING-MARINE-HUTRE-000001,LIP_INS,0.58,composition : AG insaturés,CIQUAL,0.8
ING-MARINE-HUTRE-000001,SM_SALT,1.45,composition : sel,CIQUAL,0.8
ING-MARINE-HUTRE-000001,SM_CA,0.093,composition : calcium,CIQUAL,0.8
ING-MARINE-MOULE-000001,LIP_TRIGLY,2.3,composition : lipides,CIQUAL,0.8
ING-MARINE-MOULE-000001,LIP_SAT,0.4,composition : AG saturés,CIQUAL,0.8
ING-MARINE-COQUILLESAIN-000001,LIP_TRIGLY,0.84,composition : lipides,CIQUAL,0.8
ING-MARINE-COQUILLESAIN-000001,LIP_SAT,0.094,composition : AG saturés,CIQUAL,0.8
ING-MARINE-COQUILLESAIN-000001,LIP_INS,0.202,composition : AG insaturés,CIQUAL,0.8
ING-MARINE-COQUILLESAIN-000001,SM_SALT,0.34,composition : sel,CIQUAL,0.8
ING-MARINE-PALOURDE-000001,LIP_TRIGLY,2.65,composition : lipides,CIQUAL,0.8
ING-MARINE-PALOURDE-000001,LIP_SAT,0.21,composition : AG saturés,CIQUAL,0.8
ING-MARINE-PALOURDE-000001,LIP_INS,0.63,composition : AG insaturés,CIQUAL,0.8
ING-MARINE-PALOURDE-000001,SM_SALT,0.82,composition : sel,CIQUAL,0.8
ING-MARINE-BULOT-000001,LIP_TRIGLY,0.57,composition : lipides,CIQUAL,0.8
ING-MARINE-BULOT-000001,LIP_SAT,0.16,composition : AG saturés,CIQUAL,0.8
ING-MARINE-BULOT-000001,LIP_INS,0.28,composition : AG insaturés,CIQUAL,0.8
ING-MARINE-BULOT-000001,SM_SALT,0.52,composition : sel,CIQUAL,0.8
ING-MARINE-BULOT-000001,SM_CA,0.057,composition : calcium,CIQUAL,0.8
ING-MARINE-CALMAR-000001,LIP_TRIGLY,1.19,composition : lipides,CIQUAL,0.8
ING-MARINE-CALMAR-000001,LIP_SAT,0.28,composition : AG saturés,CIQUAL,0.8
ING-MARINE-CALMAR-000001,LIP_INS,0.5,composition : AG insaturés,CIQUAL,0.8
ING-MARINE-CALMAR-000001,SM_SALT,0.61,composition : sel,CIQUAL,0.8
ING-MARINE-POULPE-000001,LIP_TRIGLY,0.5,composition : lipides,CIQUAL,0.8
ING-MARINE-POULPE-000001,LIP_SAT,0.16,composition : AG saturés,CIQUAL,0.8
ING-MARINE-POULPE-000001,LIP_INS,0.188,composition : AG insaturés,CIQUAL,0.8
ING-MARINE-POULPE-000001,SM_SALT,0.68,composition : sel,CIQUAL,0.8
ING-MARINE-POULPE-000001,SM_CA,0.05,composition : calcium,CIQUAL,0.8
ING-MARINE-SEICHE-000001,LIP_TRIGLY,1.05,composition : lipides,CIQUAL,0.8
ING-MARINE-SEICHE-000001,LIP_SAT,0.37,composition : AG saturés,CIQUAL,0.8
ING-MARINE-SEICHE-000001,LIP_INS,0.54,composition : AG insaturés,CIQUAL,0.8
ING-MARINE-SEICHE-000001,SM_SALT,0.93,composition : sel,CIQUAL,0.8
ING-DAIRY-LAITENTIER-000001,PROT_CASEINE,2.568,règle : lait : caséines 80 % et protéines sériques 20 %,MAESTRO_INTERNAL|LIT,0.6
ING-DAIRY-LAITENTIER-000001,PROT_WHEY,0.642,règle : lait : caséines 80 % et protéines sériques 20 %,MAESTRO_INTERNAL|LIT,0.6
ING-DAIRY-LAITENTIER-000001,LIP_TRIGLY,3.66,composition : lipides,CIQUAL,0.8
ING-DAIRY-LAITENTIER-000001,LIP_SAT,2.28,composition : AG saturés,CIQUAL,0.8
ING-DAIRY-LAITENTIER-000001,LIP_INS,1.2,composition : AG insaturés,CIQUAL,0.8
ING-DAIRY-LAITENTIER-000001,SM_SALT,0.12,composition : sel,CIQUAL,0.8
ING-DAIRY-LAITENTIER-000001,SM_CA,0.119,composition : calcium,CIQUAL,0.8
ING-DAIRY-LAITDEMICRM-000001,PROT_CASEINE,2.504,règle : lait : caséines 80 % et protéines sériques 20 %,MAESTRO_INTERNAL|LIT,0.6
ING-DAIRY-LAITDEMICRM-000001,PROT_WHEY,0.626,règle : lait : caséines 80 % et protéines sériques 20 %,MAESTRO_INTERNAL|LIT,0.6
ING-DAIRY-LAITDEMICRM-000001,LIP_TRIGLY,1.54,composition : lipides,CIQUAL,0.8
ING-DAIRY-LAITDEMICRM-000001,LIP_SAT,1.06,composition : AG saturés,CIQUAL,0.8
ING-DAIRY-LAITDEMICRM-000001,LIP_INS,0.34,composition : AG insaturés,CIQUAL,0.8
ING-DAIRY-LAITDEMICRM-000001,SM_SALT,0.078,composition : sel,CIQUAL,0.8
ING-DAIRY-LAITDEMICRM-000001,SM_CA,0.119,composition : calcium,CIQUAL,0.8
ING-DAIRY-LAITCRM-000001,PROT_CASEINE,2.64,règle : lait : caséines 80 % et protéines sériques 20 %,MAESTRO_INTERNAL|LIT,0.6
ING-DAIRY-LAITCRM-000001,PROT_WHEY,0.66,règle : lait : caséines 80 % et protéines sériques 20 %,MAESTRO_INTERNAL|LIT,0.6
ING-DAIRY-LAITCRM-000001,LIP_TRIGLY,0.08,composition : lipides,CIQUAL,0.8
ING-DAIRY-LAITCRM-000001,LIP_SAT,0.051,composition : AG saturés,CIQUAL,0.8
ING-DAIRY-LAITCRM-000001,SM_SALT,0.11,composition : sel,CIQUAL,0.8
ING-DAIRY-LAITCRM-000001,SM_CA,0.122,composition : calcium,CIQUAL,0.8
ING-DAIRY-LAITCRU-000001,LIP_TRIGLY,4.4,composition : lipides,CIQUAL,0.8
ING-DAIRY-LAITCRU-000001,SM_SALT,0.12,composition : sel,CIQUAL,0.8
ING-DAIRY-LAITCRU-000001,SM_CA,0.12,composition : calcium,CIQUAL,0.8
ING-DAIRY-LAITUHT-000001,PROT_CASEINE,2.712,règle : lait : caséines 80 % et protéines sériques 20 %,MAESTRO_INTERNAL|LIT,0.6
ING-DAIRY-LAITUHT-000001,PROT_WHEY,0.678,règle : lait : caséines 80 % et protéines sériques 20 %,MAESTRO_INTERNAL|LIT,0.6
ING-DAIRY-LAITUHT-000001,LIP_TRIGLY,3.55,composition : lipides,CIQUAL,0.8
ING-DAIRY-LAITUHT-000001,LIP_SAT,2.08,composition : AG saturés,CIQUAL,0.8
ING-DAIRY-LAITUHT-000001,LIP_INS,0.705,composition : AG insaturés,CIQUAL,0.8
ING-DAIRY-LAITUHT-000001,SM_SALT,0.093,composition : sel,CIQUAL,0.8
ING-DAIRY-LAITUHT-000001,SM_CA,0.119,composition : calcium,CIQUAL,0.8
ING-DAIRY-LAITCONCENTR-000001,PROT_CASEINE,6.032,règle : lait : caséines 80 % et protéines sériques 20 %,MAESTRO_INTERNAL|LIT,0.6
ING-DAIRY-LAITCONCENTR-000001,PROT_WHEY,1.508,règle : lait : caséines 80 % et protéines sériques 20 %,MAESTRO_INTERNAL|LIT,0.6
ING-DAIRY-LAITCONCENTR-000001,LIP_TRIGLY,7.87,composition : lipides,CIQUAL,0.8
ING-DAIRY-LAITCONCENTR-000001,LIP_SAT,5.23,composition : AG saturés,CIQUAL,0.8
ING-DAIRY-LAITCONCENTR-000001,LIP_INS,2.64,composition : AG insaturés,CIQUAL,0.8
ING-DAIRY-LAITCONCENTR-000001,SM_SUCROSE,44.2,composition : saccharose,CIQUAL,0.8
ING-DAIRY-LAITCONCENTR-000001,SM_GLU_MONO,0.43,composition : glucose,CIQUAL,0.8
ING-DAIRY-LAITCONCENTR-000001,SM_FRUCTOSE,1.16,composition : fructose,CIQUAL,0.8
ING-DAIRY-LAITCONCENTR-000001,SM_SALT,0.21,composition : sel,CIQUAL,0.8
ING-DAIRY-LAITCONCENTR-000001,SM_CA,0.29,composition : calcium,CIQUAL,0.8
ING-DAIRY-LAITCONCENTR-000002,PROT_CASEINE,6.032,règle : lait : caséines 80 % et protéines sériques 20 %,MAESTRO_INTERNAL|LIT,0.6
ING-DAIRY-LAITCONCENTR-000002,PROT_WHEY,1.508,règle : lait : caséines 80 % et protéines sériques 20 %,MAESTRO_INTERNAL|LIT,0.6
ING-DAIRY-LAITCONCENTR-000002,LIP_TRIGLY,7.87,composition : lipides,CIQUAL,0.8
ING-DAIRY-LAITCONCENTR-000002,LIP_SAT,5.23,composition : AG saturés,CIQUAL,0.8
ING-DAIRY-LAITCONCENTR-000002,LIP_INS,2.64,composition : AG insaturés,CIQUAL,0.8
ING-DAIRY-LAITCONCENTR-000002,SM_SUCROSE,44.2,composition : saccharose,CIQUAL,0.8
ING-DAIRY-LAITCONCENTR-000002,SM_GLU_MONO,0.43,composition : glucose,CIQUAL,0.8
ING-DAIRY-LAITCONCENTR-000002,SM_FRUCTOSE,1.16,composition : fructose,CIQUAL,0.8
ING-DAIRY-LAITCONCENTR-000002,SM_SALT,0.21,composition : sel,CIQUAL,0.8
ING-DAIRY-LAITCONCENTR-000002,SM_CA,0.29,composition : calcium,CIQUAL,0.8
ING-DAIRY-LAITENPOUDRE-000001,PROT_CASEINE,20.8,règle : lait : caséines 80 % et protéines sériques 20 %,MAESTRO_INTERNAL|LIT,0.6
ING-DAIRY-LAITENPOUDRE-000001,PROT_WHEY,5.2,règle : lait : caséines 80 % et protéines sériques 20 %,MAESTRO_INTERNAL|LIT,0.6
ING-DAIRY-LAITENPOUDRE-000001,LIP_TRIGLY,26.2,composition : lipides,CIQUAL,0.8
ING-DAIRY-LAITENPOUDRE-000001,LIP_SAT,16.4,composition : AG saturés,CIQUAL,0.8
ING-DAIRY-LAITENPOUDRE-000001,LIP_INS,8.46,composition : AG insaturés,CIQUAL,0.8
ING-DAIRY-LAITENPOUDRE-000001,SM_SALT,0.91,composition : sel,CIQUAL,0.8
ING-DAIRY-LAITENPOUDRE-000001,SM_CA,0.964,composition : calcium,CIQUAL,0.8
ING-DAIRY-LAITDECHVRE-000001,PROT_CASEINE,2.52,règle : lait : caséines 80 % et protéines sériques 20 %,MAESTRO_INTERNAL|LIT,0.6
ING-DAIRY-LAITDECHVRE-000001,PROT_WHEY,0.63,règle : lait : caséines 80 % et protéines sériques 20 %,MAESTRO_INTERNAL|LIT,0.6
ING-DAIRY-LAITDECHVRE-000001,LIP_TRIGLY,3.2,composition : lipides,CIQUAL,0.8
ING-DAIRY-LAITDECHVRE-000001,LIP_SAT,2.16,composition : AG saturés,CIQUAL,0.8
ING-DAIRY-LAITDECHVRE-000001,LIP_INS,0.82,composition : AG insaturés,CIQUAL,0.8
ING-DAIRY-LAITDECHVRE-000001,SM_SALT,0.091,composition : sel,CIQUAL,0.8
ING-DAIRY-LAITDECHVRE-000001,SM_CA,0.107,composition : calcium,CIQUAL,0.8
ING-DAIRY-LAITDEBREBIS-000001,PROT_CASEINE,4.448,règle : lait : caséines 80 % et protéines sériques 20 %,MAESTRO_INTERNAL|LIT,0.6
ING-DAIRY-LAITDEBREBIS-000001,PROT_WHEY,1.112,règle : lait : caséines 80 % et protéines sériques 20 %,MAESTRO_INTERNAL|LIT,0.6
ING-DAIRY-LAITDEBREBIS-000001,LIP_TRIGLY,6.97,composition : lipides,CIQUAL,0.8
ING-DAIRY-LAITDEBREBIS-000001,LIP_SAT,4.8,composition : AG saturés,CIQUAL,0.8
ING-DAIRY-LAITDEBREBIS-000001,LIP_INS,1.9,composition : AG insaturés,CIQUAL,0.8
ING-DAIRY-LAITDEBREBIS-000001,SM_SALT,0.11,composition : sel,CIQUAL,0.8
ING-DAIRY-LAITDEBREBIS-000001,SM_CA,0.199,composition : calcium,CIQUAL,0.8
ING-DAIRY-LAITDEJUMENT-000001,PROT_CASEINE,1.888,règle : lait : caséines 80 % et protéines sériques 20 %,MAESTRO_INTERNAL|LIT,0.6
ING-DAIRY-LAITDEJUMENT-000001,PROT_WHEY,0.472,règle : lait : caséines 80 % et protéines sériques 20 %,MAESTRO_INTERNAL|LIT,0.6
ING-DAIRY-LAITDEJUMENT-000001,LIP_TRIGLY,1.73,composition : lipides,CIQUAL,0.8
ING-DAIRY-LAITDEJUMENT-000001,LIP_SAT,0.82,composition : AG saturés,CIQUAL,0.8
ING-DAIRY-LAITDEJUMENT-000001,SM_SALT,0.05,composition : sel,CIQUAL,0.8
ING-DAIRY-LAITDEJUMENT-000001,SM_CA,0.087,composition : calcium,CIQUAL,0.8
ING-DAIRY-CRMELIQUIDEE-000001,PROT_CASEINE,1.728,règle : lait : caséines 80 % et protéines sériques 20 %,MAESTRO_INTERNAL|LIT,0.6
ING-DAIRY-CRMELIQUIDEE-000001,PROT_WHEY,0.432,règle : lait : caséines 80 % et protéines sériques 20 %,MAESTRO_INTERNAL|LIT,0.6
ING-DAIRY-CRMELIQUIDEE-000001,LIP_TRIGLY,30.0,composition : lipides,CIQUAL,0.8
ING-DAIRY-CRMELIQUIDEE-000001,LIP_SAT,18.6,composition : AG saturés,CIQUAL,0.8
ING-DAIRY-CRMELIQUIDEE-000001,LIP_INS,6.95,composition : AG insaturés,CIQUAL,0.8
ING-DAIRY-CRMELIQUIDEE-000001,SM_SALT,0.068,composition : sel,CIQUAL,0.8
ING-DAIRY-CRMELIQUIDEE-000001,SM_CA,0.075,composition : calcium,CIQUAL,0.8
ING-DAIRY-CRMELIQUIDEA-000001,PROT_CASEINE,2.32,règle : lait : caséines 80 % et protéines sériques 20 %,MAESTRO_INTERNAL|LIT,0.6
ING-DAIRY-CRMELIQUIDEA-000001,PROT_WHEY,0.58,règle : lait : caséines 80 % et protéines sériques 20 %,MAESTRO_INTERNAL|LIT,0.6
ING-DAIRY-CRMELIQUIDEA-000001,LIP_TRIGLY,16.0,composition : lipides,CIQUAL,0.8
ING-DAIRY-CRMELIQUIDEA-000001,LIP_SAT,9.4,composition : AG saturés,CIQUAL,0.8
ING-DAIRY-CRMELIQUIDEA-000001,SM_SALT,0.15,composition : sel,CIQUAL,0.8
ING-DAIRY-CRMELIQUIDEA-000001,SM_CA,0.105,composition : calcium,CIQUAL,0.8
ING-DAIRY-CRMEPAISSE-000001,PROT_CASEINE,1.824,règle : lait : caséines 80 % et protéines sériques 20 %,MAESTRO_INTERNAL|LIT,0.6
ING-DAIRY-CRMEPAISSE-000001,PROT_WHEY,0.456,règle : lait : caséines 80 % et protéines sériques 20 %,MAESTRO_INTERNAL|LIT,0.6
ING-DAIRY-CRMEPAISSE-000001,LIP_TRIGLY,29.9,composition : lipides,CIQUAL,0.8
ING-DAIRY-CRMEPAISSE-000001,LIP_SAT,19.5,composition : AG saturés,CIQUAL,0.8
ING-DAIRY-CRMEPAISSE-000001,LIP_INS,6.72,composition : AG insaturés,CIQUAL,0.8
ING-DAIRY-CRMEPAISSE-000001,SM_SALT,0.065,composition : sel,CIQUAL,0.8
ING-DAIRY-CRMEPAISSE-000001,SM_CA,0.078,composition : calcium,CIQUAL,0.8
ING-DAIRY-CRMEDOUBLE-000001,PROT_CASEINE,2.0,règle : lait : caséines 80 % et protéines sériques 20 %,MAESTRO_INTERNAL|LIT,0.6
ING-DAIRY-CRMEDOUBLE-000001,PROT_WHEY,0.5,règle : lait : caséines 80 % et protéines sériques 20 %,MAESTRO_INTERNAL|LIT,0.6
ING-DAIRY-CRMEDOUBLE-000001,LIP_TRIGLY,40.0,composition : lipides,CIQUAL,0.8
ING-DAIRY-CRMEDOUBLE-000001,LIP_SAT,28.9,composition : AG saturés,CIQUAL,0.8
ING-DAIRY-CRMEDOUBLE-000001,LIP_INS,11.12,composition : AG insaturés,CIQUAL,0.8
ING-DAIRY-CRMEDOUBLE-000001,SM_SALT,0.076,composition : sel,CIQUAL,0.8
ING-DAIRY-CRMEAIGRE-000001,PROT_CASEINE,2.08,règle : laitage fermenté acide,MAESTRO_INTERNAL|LIT,0.5
ING-DAIRY-CRMEAIGRE-000001,PROT_WHEY,0.52,règle : laitage fermenté acide,MAESTRO_INTERNAL|LIT,0.5
ING-DAIRY-CRMEAIGRE-000001,LIP_TRIGLY,14.4,composition : lipides,CIQUAL,0.8
ING-DAIRY-CRMEAIGRE-000001,LIP_SAT,9.66,composition : AG saturés,CIQUAL,0.8
ING-DAIRY-CRMEAIGRE-000001,LIP_INS,3.3,composition : AG insaturés,CIQUAL,0.8
ING-DAIRY-CRMEAIGRE-000001,POLY_AMIDON,1.66,composition : amidon,CIQUAL,0.8
ING-DAIRY-CRMEAIGRE-000001,SM_SALT,0.078,composition : sel,CIQUAL,0.8
ING-DAIRY-CRMEAIGRE-000001,SM_CA,0.093,composition : calcium,CIQUAL,0.8
ING-DAIRY-CRMEFRACHEDI-000001,PROT_CASEINE,2.0,règle : lait : caséines 80 % et protéines sériques 20 %,MAESTRO_INTERNAL|LIT,0.6
ING-DAIRY-CRMEFRACHEDI-000001,PROT_WHEY,0.5,règle : lait : caséines 80 % et protéines sériques 20 %,MAESTRO_INTERNAL|LIT,0.6
ING-DAIRY-CRMEFRACHEDI-000001,LIP_TRIGLY,40.0,composition : lipides,CIQUAL,0.8
ING-DAIRY-CRMEFRACHEDI-000001,LIP_SAT,28.9,composition : AG saturés,CIQUAL,0.8
ING-DAIRY-CRMEFRACHEDI-000001,LIP_INS,11.12,composition : AG insaturés,CIQUAL,0.8
ING-DAIRY-CRMEFRACHEDI-000001,SM_SALT,0.076,composition : sel,CIQUAL,0.8
ING-DAIRY-CRMEDECOCO-000001,LIP_TRIGLY,19.2,composition : lipides,CIQUAL,0.8
ING-DAIRY-CRMEDECOCO-000001,LIP_SAT,17.0,composition : AG saturés,CIQUAL,0.8
ING-DAIRY-CRMEDECOCO-000001,LIP_INS,1.14,composition : AG insaturés,CIQUAL,0.8
ING-DAIRY-CRMEDECOCO-000001,SM_SUCROSE,2.0,composition : saccharose,CIQUAL,0.8
ING-DAIRY-CRMEDECOCO-000001,SM_SALT,0.068,composition : sel,CIQUAL,0.8
ING-DAIRY-BABEURRE-000001,PROT_CASEINE,2.608,règle : laitage fermenté acide,MAESTRO_INTERNAL|LIT,0.5
ING-DAIRY-BABEURRE-000001,PROT_WHEY,0.652,règle : laitage fermenté acide,MAESTRO_INTERNAL|LIT,0.5
ING-DAIRY-BABEURRE-000001,LIP_TRIGLY,0.54,composition : lipides,CIQUAL,0.8
ING-DAIRY-BABEURRE-000001,LIP_SAT,0.34,composition : AG saturés,CIQUAL,0.8
ING-DAIRY-BABEURRE-000001,LIP_INS,0.12,composition : AG insaturés,CIQUAL,0.8
ING-DAIRY-BABEURRE-000001,SM_SALT,0.11,composition : sel,CIQUAL,0.8
ING-DAIRY-BABEURRE-000001,SM_CA,0.16,composition : calcium,CIQUAL,0.8
ING-DAIRY-BEURREDOUX-000001,PROT_CASEINE,0.504,règle : beurre,MAESTRO_INTERNAL|LIT,0.5
ING-DAIRY-BEURREDOUX-000001,LIP_TRIGLY,83.0,composition : lipides,CIQUAL,0.8
ING-DAIRY-BEURREDOUX-000001,LIP_SAT,60.0,composition : AG saturés,CIQUAL,0.8
ING-DAIRY-BEURREDOUX-000001,LIP_INS,20.82,composition : AG insaturés,CIQUAL,0.8
ING-DAIRY-BEURREDEMISE-000001,PROT_CASEINE,0.6,règle : beurre,MAESTRO_INTERNAL|LIT,0.5
ING-DAIRY-BEURREDEMISE-000001,LIP_TRIGLY,80.0,composition : lipides,CIQUAL,0.8
ING-DAIRY-BEURREDEMISE-000001,LIP_SAT,56.5,composition : AG saturés,CIQUAL,0.8
ING-DAIRY-BEURREDEMISE-000001,LIP_INS,23.44,composition : AG insaturés,CIQUAL,0.8
ING-DAIRY-BEURREDEMISE-000001,SM_SALT,1.9,composition : sel,CIQUAL,0.8
ING-DAIRY-FROMAGEFRAIS-000001,PROT_CASEINE,13.11,règle : fromage,MAESTRO_INTERNAL|LIT,0.4
ING-DAIRY-FROMAGEFRAIS-000001,LIP_TRIGLY,12.9,composition : lipides,CIQUAL,0.8
ING-DAIRY-FROMAGEFRAIS-000001,LIP_SAT,4.37,composition : AG saturés,CIQUAL,0.8
ING-DAIRY-FROMAGEFRAIS-000001,LIP_INS,7.64,composition : AG insaturés,CIQUAL,0.8
ING-DAIRY-FROMAGEFRAIS-000001,SM_SALT,2.35,composition : sel,CIQUAL,0.8
ING-DAIRY-MOZZARELLA-000001,PROT_CASEINE,20.9,règle : pâte filée,MAESTRO_INTERNAL|LIT,0.5
ING-DAIRY-MOZZARELLA-000001,LIP_TRIGLY,17.0,composition : lipides,CIQUAL,0.8
ING-DAIRY-MOZZARELLA-000001,LIP_SAT,11.0,composition : AG saturés,CIQUAL,0.8
ING-DAIRY-MOZZARELLA-000001,SM_CA,0.5,composition : calcium,CIQUAL,0.8
ING-DAIRY-RICOTTA-000001,PROT_WHEY,7.164,règle : protéines sériques,MAESTRO_INTERNAL|LIT,0.5
ING-DAIRY-RICOTTA-000001,LIP_TRIGLY,10.7,composition : lipides,CIQUAL,0.8
ING-DAIRY-RICOTTA-000001,LIP_SAT,7.38,composition : AG saturés,CIQUAL,0.8
ING-DAIRY-RICOTTA-000001,LIP_INS,3.31,composition : AG insaturés,CIQUAL,0.8
ING-DAIRY-RICOTTA-000001,SM_SALT,0.27,composition : sel,CIQUAL,0.8
ING-DAIRY-RICOTTA-000001,SM_CA,0.314,composition : calcium,CIQUAL,0.8
ING-DAIRY-MASCARPONE-000001,PROT_CASEINE,4.704,règle : lait : caséines 80 % et protéines sériques 20 %,MAESTRO_INTERNAL|LIT,0.6
ING-DAIRY-MASCARPONE-000001,PROT_WHEY,1.176,règle : lait : caséines 80 % et protéines sériques 20 %,MAESTRO_INTERNAL|LIT,0.6
ING-DAIRY-MASCARPONE-000001,LIP_TRIGLY,37.0,composition : lipides,CIQUAL,0.8
ING-DAIRY-MASCARPONE-000001,LIP_SAT,25.9,composition : AG saturés,CIQUAL,0.8
ING-DAIRY-MASCARPONE-000001,LIP_INS,11.13,composition : AG insaturés,CIQUAL,0.8
ING-DAIRY-MASCARPONE-000001,SM_SALT,0.13,composition : sel,CIQUAL,0.8
ING-DAIRY-MASCARPONE-000001,SM_CA,0.13,composition : calcium,CIQUAL,0.8
ING-DAIRY-CHVREFRAIS-000001,PROT_CASEINE,7.676,règle : fromage frais ou saumuré,MAESTRO_INTERNAL|LIT,0.5
ING-DAIRY-CHVREFRAIS-000001,LIP_TRIGLY,10.6,composition : lipides,CIQUAL,0.8
ING-DAIRY-CHVREFRAIS-000001,LIP_SAT,5.68,composition : AG saturés,CIQUAL,0.8
ING-DAIRY-CHVREFRAIS-000001,SM_SALT,1.17,composition : sel,CIQUAL,0.8
ING-DAIRY-FETA-000001,PROT_CASEINE,14.06,règle : fromage frais ou saumuré,MAESTRO_INTERNAL|LIT,0.5
ING-DAIRY-FETA-000001,LIP_TRIGLY,24.3,composition : lipides,CIQUAL,0.8
ING-DAIRY-FETA-000001,LIP_SAT,16.8,composition : AG saturés,CIQUAL,0.8
ING-DAIRY-FETA-000001,LIP_INS,5.75,composition : AG insaturés,CIQUAL,0.8
ING-DAIRY-FETA-000001,SM_SALT,2.27,composition : sel,CIQUAL,0.8
ING-DAIRY-FETA-000001,SM_CA,0.22,composition : calcium,CIQUAL,0.8
ING-DAIRY-PARMIGIANORE-000001,SM_GLU,1.2,règle : fromage affiné : glutamate libre élevé,MAESTRO_INTERNAL|LIT,0.5
ING-DAIRY-PARMIGIANORE-000001,PROT_CASEINE,36.537,règle : fromage affiné : glutamate libre élevé,MAESTRO_INTERNAL|LIT,0.5
ING-DAIRY-PARMIGIANORE-000001,LIP_TRIGLY,28.61,composition : lipides,CIQUAL,0.8
ING-DAIRY-PARMIGIANORE-000001,LIP_SAT,19.05,composition : AG saturés,CIQUAL,0.8
ING-DAIRY-PARMIGIANORE-000001,SM_CA,1.184,composition : calcium,CIQUAL,0.8
ING-DAIRY-PECORINOROMA-000001,SM_GLU,1.2,règle : fromage affiné : glutamate libre élevé,MAESTRO_INTERNAL|LIT,0.5
ING-DAIRY-PECORINOROMA-000001,PROT_CASEINE,23.75,règle : fromage affiné : glutamate libre élevé,MAESTRO_INTERNAL|LIT,0.5
ING-DAIRY-PECORINOROMA-000001,LIP_TRIGLY,31.0,composition : lipides,CIQUAL,0.8
ING-DAIRY-PECORINOROMA-000001,LIP_SAT,22.0,composition : AG saturés,CIQUAL,0.8
ING-DAIRY-PECORINOROMA-000001,LIP_INS,8.22,composition : AG insaturés,CIQUAL,0.8
ING-DAIRY-PECORINOROMA-000001,SM_SALT,5.3,composition : sel,CIQUAL,0.8
ING-DAIRY-PECORINOROMA-000001,SM_CA,1.16,composition : calcium,CIQUAL,0.8
ING-DAIRY-COMT-000001,SM_GLU,0.3,règle : fromage à pâte pressée,MAESTRO_INTERNAL|LIT,0.5
ING-DAIRY-COMT-000001,PROT_CASEINE,25.84,règle : fromage à pâte pressée,MAESTRO_INTERNAL|LIT,0.5
ING-DAIRY-COMT-000001,LIP_TRIGLY,33.8,composition : lipides,CIQUAL,0.8
ING-DAIRY-COMT-000001,LIP_SAT,21.7,composition : AG saturés,CIQUAL,0.8
ING-DAIRY-COMT-000001,LIP_INS,12.16,composition : AG insaturés,CIQUAL,0.8
ING-DAIRY-COMT-000001,SM_SALT,0.84,composition : sel,CIQUAL,0.8
ING-DAIRY-COMT-000001,SM_CA,0.907,composition : calcium,CIQUAL,0.8
ING-DAIRY-EMMENTAL-000001,SM_GLU,0.3,règle : fromage à pâte pressée,MAESTRO_INTERNAL|LIT,0.5
ING-DAIRY-EMMENTAL-000001,PROT_CASEINE,25.935,règle : fromage à pâte pressée,MAESTRO_INTERNAL|LIT,0.5
ING-DAIRY-EMMENTAL-000001,LIP_TRIGLY,28.8,composition : lipides,CIQUAL,0.8
ING-DAIRY-EMMENTAL-000001,LIP_SAT,19.7,composition : AG saturés,CIQUAL,0.8
ING-DAIRY-EMMENTAL-000001,LIP_INS,7.12,composition : AG insaturés,CIQUAL,0.8
ING-DAIRY-EMMENTAL-000001,SM_SALT,0.61,composition : sel,CIQUAL,0.8
ING-DAIRY-EMMENTAL-000001,SM_CA,0.978,composition : calcium,CIQUAL,0.8
ING-DAIRY-GRUYRE-000001,SM_GLU,0.3,règle : fromage à pâte pressée,MAESTRO_INTERNAL|LIT,0.5
ING-DAIRY-GRUYRE-000001,PROT_CASEINE,26.22,règle : fromage à pâte pressée,MAESTRO_INTERNAL|LIT,0.5
ING-DAIRY-GRUYRE-000001,LIP_TRIGLY,33.2,composition : lipides,CIQUAL,0.8
ING-DAIRY-GRUYRE-000001,LIP_SAT,21.6,composition : AG saturés,CIQUAL,0.8
ING-DAIRY-GRUYRE-000001,LIP_INS,7.16,composition : AG insaturés,CIQUAL,0.8
ING-DAIRY-GRUYRE-000001,SM_SALT,1.11,composition : sel,CIQUAL,0.8
ING-DAIRY-GRUYRE-000001,SM_CA,0.898,composition : calcium,CIQUAL,0.8
ING-DAIRY-CAMEMBERT-000001,PROT_CASEINE,17.86,règle : pâte molle affinée (pH remonte à l'affinage),MAESTRO_INTERNAL|LIT,0.5
ING-DAIRY-CAMEMBERT-000001,LIP_TRIGLY,21.5,composition : lipides,CIQUAL,0.8
ING-DAIRY-CAMEMBERT-000001,LIP_SAT,12.6,composition : AG saturés,CIQUAL,0.8
ING-DAIRY-CAMEMBERT-000001,LIP_INS,3.97,composition : AG insaturés,CIQUAL,0.8
ING-DAIRY-CAMEMBERT-000001,SM_SALT,1.43,composition : sel,CIQUAL,0.8
ING-DAIRY-CAMEMBERT-000001,SM_CA,0.476,composition : calcium,CIQUAL,0.8
ING-DAIRY-BRIE-000001,PROT_CASEINE,16.435,règle : pâte molle affinée (pH remonte à l'affinage),MAESTRO_INTERNAL|LIT,0.5
ING-DAIRY-BRIE-000001,LIP_TRIGLY,30.4,composition : lipides,CIQUAL,0.8
ING-DAIRY-BRIE-000001,LIP_SAT,21.5,composition : AG saturés,CIQUAL,0.8
ING-DAIRY-BRIE-000001,LIP_INS,8.67,composition : AG insaturés,CIQUAL,0.8
ING-DAIRY-BRIE-000001,SM_SALT,1.43,composition : sel,CIQUAL,0.8
ING-DAIRY-BRIE-000001,SM_CA,0.42,composition : calcium,CIQUAL,0.8
ING-DAIRY-ROQUEFORT-000001,SM_GLU,0.4,règle : fromage à pâte persillée,MAESTRO_INTERNAL|LIT,0.5
ING-DAIRY-ROQUEFORT-000001,PROT_CASEINE,18.145,règle : fromage à pâte persillée,MAESTRO_INTERNAL|LIT,0.5
ING-DAIRY-ROQUEFORT-000001,LIP_TRIGLY,33.9,composition : lipides,CIQUAL,0.8
ING-DAIRY-ROQUEFORT-000001,LIP_SAT,24.9,composition : AG saturés,CIQUAL,0.8
ING-DAIRY-ROQUEFORT-000001,LIP_INS,6.72,composition : AG insaturés,CIQUAL,0.8
ING-DAIRY-ROQUEFORT-000001,SM_SALT,3.22,composition : sel,CIQUAL,0.8
ING-DAIRY-ROQUEFORT-000001,SM_CA,0.66,composition : calcium,CIQUAL,0.8
ING-DAIRY-CHEDDAR-000001,SM_GLU,0.3,règle : fromage à pâte pressée,MAESTRO_INTERNAL|LIT,0.5
ING-DAIRY-CHEDDAR-000001,PROT_CASEINE,21.727,règle : fromage à pâte pressée,MAESTRO_INTERNAL|LIT,0.5
ING-DAIRY-CHEDDAR-000001,LIP_TRIGLY,33.31,composition : lipides,CIQUAL,0.8
ING-DAIRY-CHEDDAR-000001,LIP_SAT,21.0,composition : AG saturés,CIQUAL,0.8
ING-DAIRY-CHEDDAR-000001,SM_CA,0.721,composition : calcium,CIQUAL,0.8
ING-DAIRY-GORGONZOLA-000001,SM_GLU,0.4,règle : fromage à pâte persillée,MAESTRO_INTERNAL|LIT,0.5
ING-DAIRY-GORGONZOLA-000001,PROT_CASEINE,18.145,règle : fromage à pâte persillée,MAESTRO_INTERNAL|LIT,0.5
ING-DAIRY-GORGONZOLA-000001,LIP_TRIGLY,26.9,composition : lipides,CIQUAL,0.8
ING-DAIRY-GORGONZOLA-000001,LIP_SAT,16.4,composition : AG saturés,CIQUAL,0.8
ING-DAIRY-GORGONZOLA-000001,LIP_INS,9.01,composition : AG insaturés,CIQUAL,0.8
ING-DAIRY-GORGONZOLA-000001,SM_SALT,1.89,composition : sel,CIQUAL,0.8
ING-DAIRY-GORGONZOLA-000001,SM_CA,0.39,composition : calcium,CIQUAL,0.8
ING-FERMENT-YAOURTNATURE-000001,PROT_CASEINE,2.368,règle : laitage fermenté acide,MAESTRO_INTERNAL|LIT,0.5
ING-FERMENT-YAOURTNATURE-000001,PROT_WHEY,0.592,règle : laitage fermenté acide,MAESTRO_INTERNAL|LIT,0.5
ING-FERMENT-YAOURTNATURE-000001,LIP_TRIGLY,8.16,composition : lipides,CIQUAL,0.8
ING-FERMENT-YAOURTNATURE-000001,LIP_SAT,5.26,composition : AG saturés,CIQUAL,0.8
ING-FERMENT-YAOURTNATURE-000001,LIP_INS,1.78,composition : AG insaturés,CIQUAL,0.8
ING-FERMENT-YAOURTNATURE-000001,SM_SALT,0.08,composition : sel,CIQUAL,0.8
ING-FERMENT-YAOURTNATURE-000001,SM_CA,0.116,composition : calcium,CIQUAL,0.8
ING-FERMENT-YAOURTGREC-000001,PROT_CASEINE,2.368,règle : laitage fermenté acide,MAESTRO_INTERNAL|LIT,0.5
ING-FERMENT-YAOURTGREC-000001,PROT_WHEY,0.592,règle : laitage fermenté acide,MAESTRO_INTERNAL|LIT,0.5
ING-FERMENT-YAOURTGREC-000001,LIP_TRIGLY,8.16,composition : lipides,CIQUAL,0.8
ING-FERMENT-YAOURTGREC-000001,LIP_SAT,5.26,composition : AG saturés,CIQUAL,0.8
ING-FERMENT-YAOURTGREC-000001,LIP_INS,1.78,composition : AG insaturés,CIQUAL,0.8
ING-FERMENT-YAOURTGREC-000001,SM_SALT,0.08,composition : sel,CIQUAL,0.8
ING-FERMENT-YAOURTGREC-000001,SM_CA,0.116,composition : calcium,CIQUAL,0.8
ING-FERMENT-KFIR-000001,PROT_CASEINE,2.504,règle : laitage fermenté acide,MAESTRO_INTERNAL|LIT,0.5
ING-FERMENT-KFIR-000001,PROT_WHEY,0.626,règle : laitage fermenté acide,MAESTRO_INTERNAL|LIT,0.5
ING-FERMENT-KFIR-000001,LIP_TRIGLY,3.4,composition : lipides,CIQUAL,0.8
ING-FERMENT-KFIR-000001,LIP_SAT,2.33,composition : AG saturés,CIQUAL,0.8
ING-FERMENT-KFIR-000001,LIP_INS,1.07,composition : AG insaturés,CIQUAL,0.8
ING-FERMENT-KFIR-000001,SM_SALT,0.12,composition : sel,CIQUAL,0.8
ING-FERMENT-KFIR-000001,SM_CA,0.127,composition : calcium,CIQUAL,0.8
ING-FERMENT-LAITRIBOT-000001,PROT_CASEINE,2.648,règle : lait : caséines 80 % et protéines sériques 20 %,MAESTRO_INTERNAL|LIT,0.6
ING-FERMENT-LAITRIBOT-000001,PROT_WHEY,0.662,règle : lait : caséines 80 % et protéines sériques 20 %,MAESTRO_INTERNAL|LIT,0.6
ING-FERMENT-LAITRIBOT-000001,LIP_TRIGLY,3.2,composition : lipides,CIQUAL,0.8
ING-FERMENT-LAITRIBOT-000001,LIP_SAT,2.24,composition : AG saturés,CIQUAL,0.8
ING-FERMENT-LAITRIBOT-000001,LIP_INS,0.74,composition : AG insaturés,CIQUAL,0.8
ING-FERMENT-LAITRIBOT-000001,SM_SALT,0.088,composition : sel,CIQUAL,0.8
ING-FERMENT-LAITRIBOT-000001,SM_CA,0.124,composition : calcium,CIQUAL,0.8
ING-ANIMAL-UFDEPOULE-000001,LIP_PHOSPH,3.0,règle : œuf entier,MAESTRO_INTERNAL|LIT,0.5
ING-ANIMAL-UFDEPOULE-000001,PROT_OVALB,6.3,règle : œuf entier,MAESTRO_INTERNAL|LIT,0.5
ING-ANIMAL-UFDEPOULE-000001,LIP_TRIGLY,9.5,composition : lipides,CIQUAL,0.8
ING-ANIMAL-UFDEPOULE-000001,LIP_SAT,3.1,composition : AG saturés,CIQUAL,0.8
ING-ANIMAL-UFDEPOULE-000001,LIP_INS,5.0,composition : AG insaturés,CIQUAL,0.8
ING-ANIMAL-UFDEPOULE-000001,SM_CA,0.05,composition : calcium,CIQUAL,0.8
ING-ANIMAL-JAUNEDUF-000001,LIP_PHOSPH,10.0,règle : jaune : lécithines (émulsifiant) ; protéines coagulables assimilées,MAESTRO_INTERNAL|LIT,0.5
ING-ANIMAL-JAUNEDUF-000001,PROT_OVALB,6.2,règle : jaune : lécithines (émulsifiant) ; protéines coagulables assimilées,MAESTRO_INTERNAL|LIT,0.5
ING-ANIMAL-JAUNEDUF-000001,LIP_TRIGLY,26.7,composition : lipides,CIQUAL,0.8
ING-ANIMAL-JAUNEDUF-000001,LIP_SAT,9.55,composition : AG saturés,CIQUAL,0.8
ING-ANIMAL-JAUNEDUF-000001,LIP_INS,15.9,composition : AG insaturés,CIQUAL,0.8
ING-ANIMAL-JAUNEDUF-000001,SM_SUCROSE,0.07,composition : saccharose,CIQUAL,0.8
ING-ANIMAL-JAUNEDUF-000001,SM_GLU_MONO,0.18,composition : glucose,CIQUAL,0.8
ING-ANIMAL-JAUNEDUF-000001,SM_FRUCTOSE,0.07,composition : fructose,CIQUAL,0.8
ING-ANIMAL-JAUNEDUF-000001,SM_CA,0.05,composition : calcium,CIQUAL,0.8
ING-ANIMAL-BLANCDUF-000001,PROT_OVALB,10.355,règle : blanc d'œuf : ovalbumine majoritaire,MAESTRO_INTERNAL|LIT,0.6
ING-ANIMAL-BLANCDUF-000001,LIP_TRIGLY,0.17,composition : lipides,CIQUAL,0.8
ING-ANIMAL-BLANCDUF-000001,SM_SUCROSE,0.07,composition : saccharose,CIQUAL,0.8
ING-ANIMAL-BLANCDUF-000001,SM_GLU_MONO,0.34,composition : glucose,CIQUAL,0.8
ING-ANIMAL-BLANCDUF-000001,SM_FRUCTOSE,0.07,composition : fructose,CIQUAL,0.8
ING-ANIMAL-BLANCDUF-000001,SM_SALT,0.42,composition : sel,CIQUAL,0.8
ING-ANIMAL-UFDECANE-000001,LIP_PHOSPH,3.0,règle : œuf entier,MAESTRO_INTERNAL|LIT,0.5
ING-ANIMAL-UFDECANE-000001,PROT_OVALB,6.4,règle : œuf entier,MAESTRO_INTERNAL|LIT,0.5
ING-ANIMAL-UFDECANE-000001,LIP_TRIGLY,13.8,composition : lipides,CIQUAL,0.8
ING-ANIMAL-UFDECANE-000001,LIP_SAT,3.68,composition : AG saturés,CIQUAL,0.8
ING-ANIMAL-UFDECANE-000001,LIP_INS,7.75,composition : AG insaturés,CIQUAL,0.8
ING-ANIMAL-UFDECANE-000001,SM_SALT,0.37,composition : sel,CIQUAL,0.8
ING-ANIMAL-UFDECANE-000001,SM_CA,0.064,composition : calcium,CIQUAL,0.8
ING-ANIMAL-UFDECAILLE-000001,LIP_PHOSPH,3.0,règle : œuf entier,MAESTRO_INTERNAL|LIT,0.5
ING-ANIMAL-UFDECAILLE-000001,PROT_OVALB,6.55,règle : œuf entier,MAESTRO_INTERNAL|LIT,0.5
ING-ANIMAL-UFDECAILLE-000001,LIP_TRIGLY,11.1,composition : lipides,CIQUAL,0.8
ING-ANIMAL-UFDECAILLE-000001,LIP_SAT,3.56,composition : AG saturés,CIQUAL,0.8
ING-ANIMAL-UFDECAILLE-000001,LIP_INS,5.64,composition : AG insaturés,CIQUAL,0.8
ING-ANIMAL-UFDECAILLE-000001,SM_SALT,0.35,composition : sel,CIQUAL,0.8
ING-ANIMAL-UFDECAILLE-000001,SM_CA,0.064,composition : calcium,CIQUAL,0.8
ING-ANIMAL-UFDOIE-000001,LIP_PHOSPH,3.0,règle : œuf entier,MAESTRO_INTERNAL|LIT,0.5
ING-ANIMAL-UFDOIE-000001,PROT_OVALB,6.95,règle : œuf entier,MAESTRO_INTERNAL|LIT,0.5
ING-ANIMAL-UFDOIE-000001,LIP_TRIGLY,13.3,composition : lipides,CIQUAL,0.8
ING-ANIMAL-UFDOIE-000001,LIP_SAT,3.6,composition : AG saturés,CIQUAL,0.8
ING-ANIMAL-UFDOIE-000001,LIP_INS,7.42,composition : AG insaturés,CIQUAL,0.8
ING-ANIMAL-UFDOIE-000001,SM_SALT,0.35,composition : sel,CIQUAL,0.8
ING-ANIMAL-UFDOIE-000001,SM_CA,0.06,composition : calcium,CIQUAL,0.8
ING-TECH-SUCREBLANC-000001,SM_SUCROSE,99.7,règle : saccharose,MAESTRO_INTERNAL|LIT,0.8
ING-TECH-SUCREROUX-000001,SM_SUCROSE,97.0,règle : saccharose,MAESTRO_INTERNAL|LIT,0.8
ING-TECH-SUCREROUX-000001,SM_GLU_MONO,1.35,composition : glucose,CIQUAL,0.8
ING-TECH-SUCREROUX-000001,SM_FRUCTOSE,1.11,composition : fructose,CIQUAL,0.8
ING-TECH-SUCREROUX-000001,SM_SALT,0.07,composition : sel,CIQUAL,0.8
ING-TECH-SUCREROUX-000001,SM_CA,0.083,composition : calcium,CIQUAL,0.8
ING-TECH-CASSONADE-000001,SM_SUCROSE,97.0,règle : saccharose,MAESTRO_INTERNAL|LIT,0.8
ING-TECH-CASSONADE-000001,SM_GLU_MONO,1.35,composition : glucose,CIQUAL,0.8
ING-TECH-CASSONADE-000001,SM_FRUCTOSE,1.11,composition : fructose,CIQUAL,0.8
ING-TECH-CASSONADE-000001,SM_SALT,0.07,composition : sel,CIQUAL,0.8
ING-TECH-CASSONADE-000001,SM_CA,0.083,composition : calcium,CIQUAL,0.8
ING-TECH-SUCREGLACE-000001,SM_SUCROSE,99.7,règle : saccharose,MAESTRO_INTERNAL|LIT,0.8
ING-TECH-SUCRECANDI-000001,SM_SUCROSE,99.7,règle : saccharose,MAESTRO_INTERNAL|LIT,0.8
ING-TECH-SIROPDRABLE-000001,LIP_TRIGLY,0.06,composition : lipides,CIQUAL,0.8
ING-TECH-SIROPDRABLE-000001,SM_SUCROSE,58.6,composition : saccharose,CIQUAL,0.8
ING-TECH-SIROPDRABLE-000001,SM_GLU_MONO,1.13,composition : glucose,CIQUAL,0.8
ING-TECH-SIROPDRABLE-000001,SM_FRUCTOSE,0.43,composition : fructose,CIQUAL,0.8
ING-TECH-SIROPDRABLE-000001,SM_CA,0.106,composition : calcium,CIQUAL,0.8
ING-TECH-MIEL-000001,SM_SUCROSE,1.3,composition : saccharose,CIQUAL,0.8
ING-TECH-MIEL-000001,SM_GLU_MONO,35.7,composition : glucose,CIQUAL,0.8
ING-TECH-MIEL-000001,SM_FRUCTOSE,40.9,composition : fructose,CIQUAL,0.8
ING-TECH-SIROPDEGLUCO-000001,SM_GLU_MONO,40.0,règle : sirop de glucose (DE moyen),MAESTRO_INTERNAL|LIT,0.5
ING-TECH-SIROPDEFRUCT-000001,SM_FRUCTOSE,42.0,règle : sirop riche en fructose,MAESTRO_INTERNAL|LIT,0.5
ING-TECH-SIROPDEFRUCT-000001,SM_GLU_MONO,30.0,règle : sirop riche en fructose,MAESTRO_INTERNAL|LIT,0.5
ING-TECH-SIROPDAGAVE-000001,LIP_TRIGLY,0.5,composition : lipides,CIQUAL,0.8
ING-TECH-SIROPDAGAVE-000001,SM_SUCROSE,0.55,composition : saccharose,CIQUAL,0.8
ING-TECH-SIROPDAGAVE-000001,SM_GLU_MONO,9.55,composition : glucose,CIQUAL,0.8
ING-TECH-MLASSE-000001,LIP_TRIGLY,0.1,composition : lipides,CIQUAL,0.8
ING-TECH-MLASSE-000001,LIP_INS,0.082,composition : AG insaturés,CIQUAL,0.8
ING-TECH-MLASSE-000001,SM_SUCROSE,29.4,composition : saccharose,CIQUAL,0.8
ING-TECH-MLASSE-000001,SM_GLU_MONO,11.9,composition : glucose,CIQUAL,0.8
ING-TECH-MLASSE-000001,SM_FRUCTOSE,12.8,composition : fructose,CIQUAL,0.8
ING-TECH-MLASSE-000001,SM_SALT,0.093,composition : sel,CIQUAL,0.8
ING-TECH-MLASSE-000001,SM_CA,0.205,composition : calcium,CIQUAL,0.8
ING-TECH-SIROPDEBL-000001,SM_GLU_MONO,40.0,règle : sirop de glucose (DE moyen),MAESTRO_INTERNAL|LIT,0.5
ING-TECH-SIROPDERIZ-000001,SM_GLU_MONO,40.0,règle : sirop de glucose (DE moyen),MAESTRO_INTERNAL|LIT,0.5
ING-TECH-SUCREINVERTI-000001,SM_GLU_MONO,37.0,règle : sucre inverti,MAESTRO_INTERNAL|LIT,0.6
ING-TECH-SUCREINVERTI-000001,SM_FRUCTOSE,37.0,règle : sucre inverti,MAESTRO_INTERNAL|LIT,0.6
ING-TECH-DEXTROSE-000001,SM_GLU_MONO,91.0,règle : dextrose monohydraté,MAESTRO_INTERNAL|LIT,0.7
ING-TECH-FRUCTOSE-000001,SM_FRUCTOSE,95.0,composition : fructose,CIQUAL,0.8
ING-TECH-HUILEDOLIVE-000001,LIP_TRIGLY,99.9,composition : lipides,CIQUAL,0.8
ING-TECH-HUILEDOLIVE-000001,LIP_SAT,15.2,composition : AG saturés,CIQUAL,0.8
ING-TECH-HUILEDOLIVE-000001,LIP_INS,80.27,composition : AG insaturés,CIQUAL,0.8
ING-TECH-HUILEDOLIVEV-000001,LIP_TRIGLY,99.9,composition : lipides,CIQUAL,0.8
ING-TECH-HUILEDOLIVEV-000001,LIP_SAT,15.2,composition : AG saturés,CIQUAL,0.8
ING-TECH-HUILEDOLIVEV-000001,LIP_INS,80.27,composition : AG insaturés,CIQUAL,0.8
ING-TECH-HUILEDETOURN-000001,LIP_TRIGLY,100.0,composition : lipides,CIQUAL,0.8
ING-TECH-HUILEDETOURN-000001,LIP_SAT,11.1,composition : AG saturés,CIQUAL,0.8
ING-TECH-HUILEDETOURN-000001,LIP_INS,83.9,composition : AG insaturés,CIQUAL,0.8
ING-TECH-HUILEDECOLZA-000001,LIP_TRIGLY,100.0,composition : lipides,CIQUAL,0.8
ING-TECH-HUILEDECOLZA-000001,LIP_SAT,7.26,composition : AG saturés,CIQUAL,0.8
ING-TECH-HUILEDECOLZA-000001,LIP_INS,86.6,composition : AG insaturés,CIQUAL,0.8
ING-TECH-HUILEDEPALME-000001,LIP_TRIGLY,100.0,composition : lipides,CIQUAL,0.8
ING-TECH-HUILEDEPALME-000001,LIP_SAT,49.3,composition : AG saturés,CIQUAL,0.8
ING-TECH-HUILEDEPALME-000001,LIP_INS,46.3,composition : AG insaturés,CIQUAL,0.8
ING-TECH-HUILEDENOIX-000001,LIP_TRIGLY,100.0,composition : lipides,CIQUAL,0.8
ING-TECH-HUILEDENOIX-000001,LIP_SAT,10.0,composition : AG saturés,CIQUAL,0.8
ING-TECH-HUILEDENOIX-000001,LIP_INS,86.4,composition : AG insaturés,CIQUAL,0.8
ING-TECH-HUILEDENOISE-000001,LIP_TRIGLY,100.0,composition : lipides,CIQUAL,0.8
ING-TECH-HUILEDENOISE-000001,LIP_SAT,8.34,composition : AG saturés,CIQUAL,0.8
ING-TECH-HUILEDENOISE-000001,LIP_INS,88.3,composition : AG insaturés,CIQUAL,0.8
ING-TECH-HUILEDAVOCAT-000001,LIP_TRIGLY,100.0,composition : lipides,CIQUAL,0.8
ING-TECH-HUILEDAVOCAT-000001,LIP_SAT,17.9,composition : AG saturés,CIQUAL,0.8
ING-TECH-HUILEDAVOCAT-000001,LIP_INS,75.7,composition : AG insaturés,CIQUAL,0.8
ING-TECH-HUILEDESSAME-000001,LIP_TRIGLY,100.0,composition : lipides,CIQUAL,0.8
ING-TECH-HUILEDESSAME-000001,LIP_SAT,14.9,composition : AG saturés,CIQUAL,0.8
ING-TECH-HUILEDESSAME-000001,LIP_INS,80.2,composition : AG insaturés,CIQUAL,0.8
ING-TECH-HUILEDARACHI-000001,LIP_TRIGLY,99.9,composition : lipides,CIQUAL,0.8
ING-TECH-HUILEDARACHI-000001,LIP_SAT,16.2,composition : AG saturés,CIQUAL,0.8
ING-TECH-HUILEDARACHI-000001,LIP_INS,79.3,composition : AG insaturés,CIQUAL,0.8
ING-TECH-HUILEDECOCO-000001,LIP_TRIGLY,99.5,composition : lipides,CIQUAL,0.8
ING-TECH-HUILEDECOCO-000001,LIP_SAT,84.5,composition : AG saturés,CIQUAL,0.8
ING-TECH-HUILEDECOCO-000001,LIP_INS,7.82,composition : AG insaturés,CIQUAL,0.8
ING-TECH-HUILEDELIN-000001,LIP_TRIGLY,100.0,composition : lipides,CIQUAL,0.8
ING-TECH-HUILEDELIN-000001,LIP_SAT,8.98,composition : AG saturés,CIQUAL,0.8
ING-TECH-HUILEDELIN-000001,LIP_INS,86.2,composition : AG insaturés,CIQUAL,0.8
ING-TECH-HUILEDEPPINS-000001,LIP_TRIGLY,100.0,composition : lipides,CIQUAL,0.8
ING-TECH-HUILEDEPPINS-000001,LIP_SAT,11.4,composition : AG saturés,CIQUAL,0.8
ING-TECH-HUILEDEPPINS-000001,LIP_INS,83.6,composition : AG insaturés,CIQUAL,0.8
ING-TECH-HUILEDEMAS-000001,LIP_TRIGLY,100.0,composition : lipides,CIQUAL,0.8
ING-TECH-HUILEDEMAS-000001,LIP_SAT,12.9,composition : AG saturés,CIQUAL,0.8
ING-TECH-HUILEDEMAS-000001,LIP_INS,82.3,composition : AG insaturés,CIQUAL,0.8
ING-ANIMAL-BEURREDECACA-000001,LIP_TRIGLY,100.0,composition : lipides,CIQUAL,0.8
ING-ANIMAL-BEURREDECACA-000001,LIP_SAT,59.7,composition : AG saturés,CIQUAL,0.8
ING-ANIMAL-BEURREDECACA-000001,LIP_INS,35.9,composition : AG insaturés,CIQUAL,0.8
ING-ANIMAL-GRAISSEDECAN-000001,LIP_TRIGLY,99.8,composition : lipides,CIQUAL,0.8
ING-ANIMAL-GRAISSEDECAN-000001,LIP_SAT,33.2,composition : AG saturés,CIQUAL,0.8
ING-ANIMAL-GRAISSEDECAN-000001,LIP_INS,62.2,composition : AG insaturés,CIQUAL,0.8
ING-ANIMAL-SAINDOUX-000001,LIP_TRIGLY,100.0,composition : lipides,CIQUAL,0.8
ING-ANIMAL-SAINDOUX-000001,LIP_SAT,39.2,composition : AG saturés,CIQUAL,0.8
ING-ANIMAL-SAINDOUX-000001,LIP_INS,56.3,composition : AG insaturés,CIQUAL,0.8
ING-TECH-CACAOENPOUDR-000001,LIP_TRIGLY,20.6,composition : lipides,CIQUAL,0.8
ING-TECH-CACAOENPOUDR-000001,LIP_SAT,12.4,composition : AG saturés,CIQUAL,0.8
ING-TECH-CACAOENPOUDR-000001,LIP_INS,7.27,composition : AG insaturés,CIQUAL,0.8
ING-TECH-CACAOENPOUDR-000001,POLY_AMIDON,8.5,composition : amidon,CIQUAL,0.8
ING-TECH-CACAOENPOUDR-000001,SM_SUCROSE,0.9,composition : saccharose,CIQUAL,0.8
ING-TECH-CACAOENPOUDR-000001,SM_SALT,0.11,composition : sel,CIQUAL,0.8
ING-TECH-CACAOENPOUDR-000001,SM_CA,0.14,composition : calcium,CIQUAL,0.8
ING-TECH-CHOCOLATNOIR-000001,LIP_TRIGLY,46.3,composition : lipides,CIQUAL,0.8
ING-TECH-CHOCOLATNOIR-000001,LIP_SAT,28.7,composition : AG saturés,CIQUAL,0.8
ING-TECH-CHOCOLATNOIR-000001,LIP_INS,15.46,composition : AG insaturés,CIQUAL,0.8
ING-TECH-CHOCOLATNOIR-000001,POLY_AMIDON,4.4,composition : amidon,CIQUAL,0.8
ING-TECH-CHOCOLATNOIR-000001,SM_SUCROSE,17.9,composition : saccharose,CIQUAL,0.8
ING-TECH-CHOCOLATNOIR-000001,SM_CA,0.062,composition : calcium,CIQUAL,0.8
ING-TECH-CHOCOLATAULA-000001,LIP_TRIGLY,30.8,composition : lipides,CIQUAL,0.8
ING-TECH-CHOCOLATAULA-000001,LIP_SAT,18.7,composition : AG saturés,CIQUAL,0.8
ING-TECH-CHOCOLATAULA-000001,LIP_INS,10.55,composition : AG insaturés,CIQUAL,0.8
ING-TECH-CHOCOLATAULA-000001,POLY_AMIDON,2.6,composition : amidon,CIQUAL,0.8
ING-TECH-CHOCOLATAULA-000001,SM_SUCROSE,44.8,composition : saccharose,CIQUAL,0.8
ING-TECH-CHOCOLATAULA-000001,SM_SALT,0.2,composition : sel,CIQUAL,0.8
ING-TECH-CHOCOLATAULA-000001,SM_CA,0.22,composition : calcium,CIQUAL,0.8
ING-TECH-CHOCOLATBLAN-000001,LIP_TRIGLY,34.2,composition : lipides,CIQUAL,0.8
ING-TECH-CHOCOLATBLAN-000001,LIP_SAT,21.3,composition : AG saturés,CIQUAL,0.8
ING-TECH-CHOCOLATBLAN-000001,LIP_INS,11.06,composition : AG insaturés,CIQUAL,0.8
ING-TECH-CHOCOLATBLAN-000001,SM_SUCROSE,42.7,composition : saccharose,CIQUAL,0.8
ING-TECH-CHOCOLATBLAN-000001,SM_GLU_MONO,0.15,composition : glucose,CIQUAL,0.8
ING-TECH-CHOCOLATBLAN-000001,SM_SALT,0.22,composition : sel,CIQUAL,0.8
ING-TECH-CHOCOLATBLAN-000001,SM_CA,0.281,composition : calcium,CIQUAL,0.8
ING-TECH-CHOCOLATNOIR-000002,LIP_TRIGLY,29.6,composition : lipides,CIQUAL,0.8
ING-TECH-CHOCOLATNOIR-000002,LIP_SAT,19.0,composition : AG saturés,CIQUAL,0.8
ING-TECH-CHOCOLATNOIR-000002,LIP_INS,10.31,composition : AG insaturés,CIQUAL,0.8
ING-TECH-CHOCOLATNOIR-000002,POLY_AMIDON,4.6,composition : amidon,CIQUAL,0.8
ING-TECH-CHOCOLATNOIR-000002,SM_SUCROSE,45.9,composition : saccharose,CIQUAL,0.8
ING-TECH-GLATINE-000001,PROT_GEL,86.9,règle : gélatine,MAESTRO_INTERNAL|LIT,0.7
ING-TECH-GLATINE-000001,LIP_TRIGLY,0.1,composition : lipides,CIQUAL,0.8
ING-TECH-GLATINE-000001,SM_SALT,0.75,composition : sel,CIQUAL,0.8
ING-TECH-GLATINE-000001,SM_CA,0.28,composition : calcium,CIQUAL,0.8
ING-TECH-AGARAGAR-000001,POLY_AGAR,80.0,règle : agar-agar,MAESTRO_INTERNAL|LIT,0.7
ING-TECH-AGARAGAR-000001,SM_CA,0.054,composition : calcium,CIQUAL,0.8
ING-TECH-PECTINEHM-000001,POLY_PEC_HM,85.0,règle : pectine haut méthoxyle,MAESTRO_INTERNAL|LIT,0.7
ING-TECH-PECTINEHM-000001,POLY_PECTINE,85.0,règle : pectine haut méthoxyle,MAESTRO_INTERNAL|LIT,0.7
ING-TECH-PECTINELM-000001,POLY_PEC_LM,85.0,règle : pectine bas méthoxyle,MAESTRO_INTERNAL|LIT,0.7
ING-TECH-PECTINELM-000001,POLY_PECTINE,85.0,règle : pectine bas méthoxyle,MAESTRO_INTERNAL|LIT,0.7
ING-TECH-CARRAGHNANEK-000001,POLY_CARRK,80.0,règle : carraghénane κ,MAESTRO_INTERNAL|LIT,0.7
ING-TECH-CARRAGHNANEI-000001,POLY_CARRI,80.0,règle : carraghénane ι,MAESTRO_INTERNAL|LIT,0.7
ING-TECH-CARRAGHNANEL-000001,POLY_CARRL,80.0,règle : carraghénane λ,MAESTRO_INTERNAL|LIT,0.7
ING-TECH-ALGINATEDESO-000001,POLY_ALG,90.0,règle : alginate de sodium,MAESTRO_INTERNAL|LIT,0.7
ING-TECH-GOMMEXANTHAN-000001,POLY_XANTHAN,90.0,règle : gomme xanthane,MAESTRO_INTERNAL|LIT,0.7
ING-TECH-GOMMEGUAR-000001,POLY_GUAR,80.0,règle : gomme guar,MAESTRO_INTERNAL|LIT,0.7
ING-TECH-GOMMEARABIQU-000001,POLY_GACACIA,90.0,règle : gomme arabique,MAESTRO_INTERNAL|LIT,0.7
ING-TECH-GOMMEDECAROU-000001,POLY_LBG,80.0,règle : gomme de caroube,MAESTRO_INTERNAL|LIT,0.7
ING-TECH-AMIDONDEMASM-000001,POLY_AMYLOSE,21.75,règle : amidon : ≈ 25 % d'amylose,MAESTRO_INTERNAL|LIT,0.6
ING-TECH-AMIDONDEMASM-000001,POLY_AMYLOPEC,65.25,règle : amidon : ≈ 25 % d'amylose,MAESTRO_INTERNAL|LIT,0.6
ING-TECH-AMIDONDEMASM-000001,LIP_TRIGLY,0.05,composition : lipides,CIQUAL,0.8
ING-TECH-AMIDONDEMASM-000001,POLY_AMIDON,87.0,composition : amidon,CIQUAL,0.8
ING-TECH-AMIDONDEMASN-000001,POLY_AMYLOSE,21.75,règle : amidon : ≈ 25 % d'amylose,MAESTRO_INTERNAL|LIT,0.6
ING-TECH-AMIDONDEMASN-000001,POLY_AMYLOPEC,65.25,règle : amidon : ≈ 25 % d'amylose,MAESTRO_INTERNAL|LIT,0.6
ING-TECH-AMIDONDEMASN-000001,LIP_TRIGLY,0.05,composition : lipides,CIQUAL,0.8
ING-TECH-AMIDONDEMASN-000001,POLY_AMIDON,87.0,composition : amidon,CIQUAL,0.8
ING-TECH-AMIDONDEPOMM-000001,LIP_TRIGLY,0.2,composition : lipides,CIQUAL,0.8
ING-TECH-AMIDONDEPOMM-000001,LIP_INS,0.119,composition : AG insaturés,CIQUAL,0.8
ING-TECH-LCITHINEDESO-000001,LIP_PHOSPH,95.0,règle : lécithine,MAESTRO_INTERNAL|LIT,0.7
ING-TECH-LCITHINEDESO-000001,LIP_TRIGLY,83.0,composition : lipides,CIQUAL,0.8
ING-TECH-LCITHINEDESO-000001,LIP_SAT,12.6,composition : AG saturés,CIQUAL,0.8
ING-TECH-LCITHINEDESO-000001,LIP_INS,48.83,composition : AG insaturés,CIQUAL,0.8
ING-TECH-LCITHINEDESO-000001,SM_SUCROSE,3.2,composition : saccharose,CIQUAL,0.8
ING-TECH-LCITHINEDESO-000001,SM_CA,0.125,composition : calcium,CIQUAL,0.8
ING-TECH-LCITHINEDETO-000001,LIP_PHOSPH,95.0,règle : lécithine,MAESTRO_INTERNAL|LIT,0.7
ING-TECH-LCITHINEDETO-000001,LIP_TRIGLY,83.0,composition : lipides,CIQUAL,0.8
ING-TECH-LCITHINEDETO-000001,LIP_SAT,12.6,composition : AG saturés,CIQUAL,0.8
ING-TECH-LCITHINEDETO-000001,LIP_INS,48.83,composition : AG insaturés,CIQUAL,0.8
ING-TECH-LCITHINEDETO-000001,SM_SUCROSE,3.2,composition : saccharose,CIQUAL,0.8
ING-TECH-LCITHINEDETO-000001,SM_CA,0.125,composition : calcium,CIQUAL,0.8
ING-TECH-MONOETDIGLYC-000001,LIP_MDG,100.0,règle : E471,MAESTRO_INTERNAL|LIT,0.7
ING-TECH-SELFIN-000001,SM_SALT,97.8,composition : sel,CIQUAL,0.8
ING-TECH-SELDEGURANDE-000001,SM_SALT,80.5,composition : sel,CIQUAL,0.8
ING-TECH-SELDEGURANDE-000001,SM_CA,0.181,composition : calcium,CIQUAL,0.8
ING-TECH-FLEURDESEL-000001,SM_SALT,94.3,composition : sel,CIQUAL,0.8
ING-TECH-FLEURDESEL-000001,SM_CA,0.171,composition : calcium,CIQUAL,0.8
ING-TECH-SELROSEDELHI-000001,SM_SALT,97.8,composition : sel,CIQUAL,0.8
ING-TECH-LEVURECHIMIQ-000001,SM_CA,6.62,composition : calcium,CIQUAL,0.8
ING-FERMENT-LEVUREBOULAN-000001,LIP_TRIGLY,6.56,composition : lipides,CIQUAL,0.8
ING-FERMENT-LEVUREBOULAN-000001,LIP_SAT,1.0,composition : AG saturés,CIQUAL,0.8
ING-FERMENT-LEVUREBOULAN-000001,LIP_INS,4.327,composition : AG insaturés,CIQUAL,0.8
ING-FERMENT-LEVUREBOULAN-000001,SM_SALT,0.13,composition : sel,CIQUAL,0.8
ING-FERMENT-LEVUREBOULAN-000002,LIP_TRIGLY,1.9,composition : lipides,CIQUAL,0.8
ING-FERMENT-LEVUREBOULAN-000002,LIP_SAT,0.24,composition : AG saturés,CIQUAL,0.8
ING-FERMENT-LEVUREBOULAN-000002,LIP_INS,1.054,composition : AG insaturés,CIQUAL,0.8
ING-FERMENT-LEVUREBOULAN-000002,SM_SALT,0.075,composition : sel,CIQUAL,0.8
ING-TECH-ACIDECITRIQU-000001,SM_CIT,99.5,règle : acide citrique (pH d'une solution à 1 %),MAESTRO_INTERNAL|LIT,0.8
ING-TECH-VINAIGREBLAN-000001,SM_ACET,6.0,règle : vinaigre ≈ 6 % d'acide acétique,MAESTRO_INTERNAL|LIT,0.6
ING-TECH-VINAIGREBLAN-000001,LIP_TRIGLY,0.1,composition : lipides,CIQUAL,0.8
ING-TECH-VINAIGREDEVI-000001,SM_ACET,6.0,règle : vinaigre ≈ 6 % d'acide acétique,MAESTRO_INTERNAL|LIT,0.6
ING-TECH-VINAIGREBALS-000001,SM_ACET,6.0,règle : vinaigre ≈ 6 % d'acide acétique,MAESTRO_INTERNAL|LIT,0.6
ING-TECH-VINAIGREBALS-000001,SM_GLU_MONO,9.05,composition : glucose,CIQUAL,0.8
ING-TECH-VINAIGREBALS-000001,SM_FRUCTOSE,8.95,composition : fructose,CIQUAL,0.8
ING-TECH-VINAIGREBALS-000001,SM_SALT,0.068,composition : sel,CIQUAL,0.8
ING-TECH-VINAIGREDECI-000001,SM_ACET,6.0,règle : vinaigre ≈ 6 % d'acide acétique,MAESTRO_INTERNAL|LIT,0.6
ING-TECH-VINAIGREDECI-000001,SM_GLU_MONO,0.1,composition : glucose,CIQUAL,0.8
ING-TECH-VINAIGREDECI-000001,SM_FRUCTOSE,0.3,composition : fructose,CIQUAL,0.8
ING-TECH-VINAIGREDERI-000001,SM_ACET,4.5,"règle : vinaigre de riz ≈ 4,5 % d'acide acétique",MAESTRO_INTERNAL|LIT,0.6
ING-TECH-VINAIGREDERI-000001,LIP_TRIGLY,0.1,composition : lipides,CIQUAL,0.8
ING-TECH-TAHINI-000001,LIP_TRIGLY,53.4,composition : lipides,CIQUAL,0.8
ING-TECH-TAHINI-000001,LIP_SAT,7.48,composition : AG saturés,CIQUAL,0.8
ING-TECH-TAHINI-000001,LIP_INS,43.6,composition : AG insaturés,CIQUAL,0.8
ING-TECH-TAHINI-000001,SM_SALT,0.19,composition : sel,CIQUAL,0.8
ING-TECH-TAHINI-000001,SM_CA,0.284,composition : calcium,CIQUAL,0.8
ING-TECH-CRMEDESSAME-000001,LIP_TRIGLY,53.4,composition : lipides,CIQUAL,0.8
ING-TECH-CRMEDESSAME-000001,LIP_SAT,7.48,composition : AG saturés,CIQUAL,0.8
ING-TECH-CRMEDESSAME-000001,LIP_INS,43.6,composition : AG insaturés,CIQUAL,0.8
ING-TECH-CRMEDESSAME-000001,SM_SALT,0.19,composition : sel,CIQUAL,0.8
ING-TECH-CRMEDESSAME-000001,SM_CA,0.284,composition : calcium,CIQUAL,0.8
ING-BEV-CAFESPRESSO-000001,LIP_TRIGLY,0.2,composition : lipides,CIQUAL,0.8
ING-BEV-CAFESPRESSO-000001,LIP_SAT,0.092,composition : AG saturés,CIQUAL,0.8
ING-BEV-CAFESPRESSO-000001,LIP_INS,0.107,composition : AG insaturés,CIQUAL,0.8
ING-BEV-CAFTORRFIGRA-000001,LIP_TRIGLY,13.9,composition : lipides,CIQUAL,0.8
ING-BEV-CAFTORRFIGRA-000001,SM_SALT,0.097,composition : sel,CIQUAL,0.8
ING-BEV-CAFTORRFIGRA-000001,SM_CA,0.116,composition : calcium,CIQUAL,0.8
ING-BEV-CAFSOLUBLE-000001,LIP_TRIGLY,1.1,composition : lipides,CIQUAL,0.8
ING-BEV-CAFSOLUBLE-000001,LIP_SAT,0.2,composition : AG saturés,CIQUAL,0.8
ING-BEV-CAFSOLUBLE-000001,LIP_INS,0.241,composition : AG insaturés,CIQUAL,0.8
ING-BEV-CAFSOLUBLE-000001,SM_SALT,0.2,composition : sel,CIQUAL,0.8
ING-BEV-CAFSOLUBLE-000001,SM_CA,0.148,composition : calcium,CIQUAL,0.8
ING-BEV-THMATCHA-000001,LIP_TRIGLY,2.0,composition : lipides,CIQUAL,0.8
ING-BEV-THMATCHA-000001,SM_SALT,0.11,composition : sel,CIQUAL,0.8
ING-BEV-THMATCHA-000001,SM_CA,0.43,composition : calcium,CIQUAL,0.8
ING-BEV-VINBLANCSEC-000001,SM_GLU_MONO,0.09,composition : glucose,CIQUAL,0.8
ING-BEV-VINBLANCSEC-000001,SM_FRUCTOSE,0.08,composition : fructose,CIQUAL,0.8
ING-BEV-VINBLANCMOEL-000001,SM_SUCROSE,0.05,composition : saccharose,CIQUAL,0.8
ING-BEV-VINBLANCMOEL-000001,SM_GLU_MONO,2.59,composition : glucose,CIQUAL,0.8
ING-BEV-VINBLANCMOEL-000001,SM_FRUCTOSE,5.14,composition : fructose,CIQUAL,0.8
ING-BEV-VINROS-000001,SM_GLU_MONO,0.7,composition : glucose,CIQUAL,0.8
ING-BEV-VINROS-000001,SM_FRUCTOSE,0.7,composition : fructose,CIQUAL,0.8
ING-BEV-VINJAUNE-000001,SM_GLU_MONO,0.09,composition : glucose,CIQUAL,0.8
ING-BEV-VINJAUNE-000001,SM_FRUCTOSE,0.08,composition : fructose,CIQUAL,0.8
ING-BEV-VINDOUXNATUR-000001,SM_SUCROSE,0.05,composition : saccharose,CIQUAL,0.8
ING-BEV-VINDOUXNATUR-000001,SM_GLU_MONO,2.59,composition : glucose,CIQUAL,0.8
ING-BEV-VINDOUXNATUR-000001,SM_FRUCTOSE,5.14,composition : fructose,CIQUAL,0.8
ING-BEV-PORTO-000001,SM_SUCROSE,0.05,composition : saccharose,CIQUAL,0.8
ING-BEV-PORTO-000001,SM_GLU_MONO,2.59,composition : glucose,CIQUAL,0.8
ING-BEV-PORTO-000001,SM_FRUCTOSE,5.14,composition : fructose,CIQUAL,0.8
ING-BEV-MADRE-000001,SM_SUCROSE,0.05,composition : saccharose,CIQUAL,0.8
ING-BEV-MADRE-000001,SM_GLU_MONO,2.59,composition : glucose,CIQUAL,0.8
ING-BEV-MADRE-000001,SM_FRUCTOSE,5.14,composition : fructose,CIQUAL,0.8
ING-BEV-CRMANT-000001,SM_GLU_MONO,0.7,composition : glucose,CIQUAL,0.8
ING-BEV-CRMANT-000001,SM_FRUCTOSE,0.7,composition : fructose,CIQUAL,0.8
ING-BEV-CIDREDOUX-000001,SM_GLU_MONO,1.3,composition : glucose,CIQUAL,0.8
ING-BEV-CIDREDOUX-000001,SM_FRUCTOSE,4.5,composition : fructose,CIQUAL,0.8
ING-BEV-LIQUEURDECAF-000001,LIP_TRIGLY,0.23,composition : lipides,CIQUAL,0.8
ING-BEV-LIQUEURDECAF-000001,LIP_SAT,0.11,composition : AG saturés,CIQUAL,0.8
ING-BEV-LIQUEURDECAF-000001,LIP_INS,0.132,composition : AG insaturés,CIQUAL,0.8
ING-BEV-TRIPLESEC-000001,LIP_TRIGLY,0.23,composition : lipides,CIQUAL,0.8
ING-BEV-TRIPLESEC-000001,LIP_SAT,0.11,composition : AG saturés,CIQUAL,0.8
ING-BEV-TRIPLESEC-000001,LIP_INS,0.132,composition : AG insaturés,CIQUAL,0.8
ING-BEV-SOURBEER-000001,SM_GLU_MONO,0.07,composition : glucose,CIQUAL,0.8
ING-BEV-SOURBEER-000001,SM_FRUCTOSE,0.12,composition : fructose,CIQUAL,0.8
ING-BEV-JUSDORANGE-000001,LIP_TRIGLY,0.2,composition : lipides,CIQUAL,0.8
ING-BEV-JUSDORANGE-000001,LIP_INS,0.076,composition : AG insaturés,CIQUAL,0.8
ING-BEV-JUSDORANGE-000001,SM_SUCROSE,4.29,composition : saccharose,CIQUAL,0.8
ING-BEV-JUSDORANGE-000001,SM_GLU_MONO,1.97,composition : glucose,CIQUAL,0.8
ING-BEV-JUSDORANGE-000001,SM_FRUCTOSE,2.15,composition : fructose,CIQUAL,0.8
ING-BEV-JUSDECITRON-000001,SM_CIT,5.0,règle : citron : acide citrique ≈ 5 % du jus,MAESTRO_INTERNAL|LIT,0.6
ING-BEV-JUSDECITRON-000001,LIP_TRIGLY,0.29,composition : lipides,CIQUAL,0.8
ING-BEV-JUSDECITRON-000001,LIP_INS,0.096,composition : AG insaturés,CIQUAL,0.8
ING-BEV-JUSDECITRON-000001,SM_SALT,0.053,composition : sel,CIQUAL,0.8
ING-BEV-JUSDANANAS-000001,LIP_TRIGLY,0.074,composition : lipides,CIQUAL,0.8
ING-BEV-JUSDANANAS-000001,SM_SUCROSE,4.24,composition : saccharose,CIQUAL,0.8
ING-BEV-JUSDANANAS-000001,SM_GLU_MONO,3.17,composition : glucose,CIQUAL,0.8
ING-BEV-JUSDANANAS-000001,SM_FRUCTOSE,2.79,composition : fructose,CIQUAL,0.8
ING-BEV-JUSDECRANBER-000001,LIP_TRIGLY,0.13,composition : lipides,CIQUAL,0.8
ING-BEV-JUSDECRANBER-000001,LIP_INS,0.093,composition : AG insaturés,CIQUAL,0.8
ING-BEV-JUSDETOMATE-000001,LIP_TRIGLY,0.17,composition : lipides,CIQUAL,0.8
ING-BEV-JUSDETOMATE-000001,SM_GLU_MONO,1.28,composition : glucose,CIQUAL,0.8
ING-BEV-JUSDETOMATE-000001,SM_FRUCTOSE,1.51,composition : fructose,CIQUAL,0.8
ING-BEV-JUSDETOMATE-000001,SM_SALT,0.3,composition : sel,CIQUAL,0.8
ING-BEV-JUSDEPOMME-000001,LIP_TRIGLY,0.14,composition : lipides,CIQUAL,0.8
ING-BEV-JUSDEPOMME-000001,SM_SUCROSE,1.44,composition : saccharose,CIQUAL,0.8
ING-BEV-JUSDEPOMME-000001,SM_GLU_MONO,2.13,composition : glucose,CIQUAL,0.8
ING-BEV-JUSDEPOMME-000001,SM_FRUCTOSE,5.96,composition : fructose,CIQUAL,0.8
ING-BEV-JUSDERAISIN-000001,LIP_TRIGLY,0.057,composition : lipides,CIQUAL,0.8
ING-BEV-JUSDERAISIN-000001,SM_GLU_MONO,7.25,composition : glucose,CIQUAL,0.8
ING-BEV-JUSDERAISIN-000001,SM_FRUCTOSE,7.73,composition : fructose,CIQUAL,0.8
ING-BEV-LAITDECOCO-000001,PROT_CASEINE,1.552,règle : lait : caséines 80 % et protéines sériques 20 %,MAESTRO_INTERNAL|LIT,0.6
ING-BEV-LAITDECOCO-000001,PROT_WHEY,0.388,règle : lait : caséines 80 % et protéines sériques 20 %,MAESTRO_INTERNAL|LIT,0.6
ING-BEV-LAITDECOCO-000001,LIP_TRIGLY,19.2,composition : lipides,CIQUAL,0.8
ING-BEV-LAITDECOCO-000001,LIP_SAT,17.0,composition : AG saturés,CIQUAL,0.8
ING-BEV-LAITDECOCO-000001,LIP_INS,1.14,composition : AG insaturés,CIQUAL,0.8
ING-BEV-LAITDECOCO-000001,SM_SUCROSE,2.0,composition : saccharose,CIQUAL,0.8
ING-BEV-LAITDECOCO-000001,SM_SALT,0.068,composition : sel,CIQUAL,0.8
ING-BEV-BOISSONDESOJ-000001,LIP_TRIGLY,2.04,composition : lipides,CIQUAL,0.8
ING-BEV-BOISSONDESOJ-000001,LIP_SAT,0.28,composition : AG saturés,CIQUAL,0.8
ING-BEV-BOISSONDESOJ-000001,LIP_INS,1.53,composition : AG insaturés,CIQUAL,0.8
ING-BEV-BOISSONDESOJ-000001,POLY_AMIDON,0.081,composition : amidon,CIQUAL,0.8
ING-BEV-BOISSONDESOJ-000001,SM_SUCROSE,1.75,composition : saccharose,CIQUAL,0.8
ING-BEV-BOISSONDESOJ-000001,SM_GLU_MONO,0.14,composition : glucose,CIQUAL,0.8
ING-BEV-BOISSONDESOJ-000001,SM_FRUCTOSE,0.14,composition : fructose,CIQUAL,0.8
ING-BEV-BOISSONDESOJ-000001,SM_SALT,0.069,composition : sel,CIQUAL,0.8
ING-BEV-BOISSONDAVOI-000001,LIP_TRIGLY,1.1,composition : lipides,CIQUAL,0.8
ING-BEV-BOISSONDAVOI-000001,LIP_SAT,0.2,composition : AG saturés,CIQUAL,0.8
ING-BEV-BOISSONDAVOI-000001,LIP_INS,0.87,composition : AG insaturés,CIQUAL,0.8
ING-BEV-BOISSONDAVOI-000001,SM_GLU_MONO,3.4,composition : glucose,CIQUAL,0.8
ING-BEV-BOISSONDAVOI-000001,SM_SALT,0.066,composition : sel,CIQUAL,0.8
ING-BEV-BOISSONDAMAN-000001,LIP_TRIGLY,3.2,composition : lipides,CIQUAL,0.8
ING-BEV-BOISSONDAMAN-000001,LIP_SAT,0.31,composition : AG saturés,CIQUAL,0.8
ING-BEV-BOISSONDAMAN-000001,LIP_INS,2.67,composition : AG insaturés,CIQUAL,0.8
ING-BEV-BOISSONDAMAN-000001,POLY_AMIDON,0.15,composition : amidon,CIQUAL,0.8
ING-BEV-BOISSONDAMAN-000001,SM_SUCROSE,0.05,composition : saccharose,CIQUAL,0.8
ING-BEV-BOISSONDAMAN-000001,SM_FRUCTOSE,0.05,composition : fructose,CIQUAL,0.8
ING-BEV-BOISSONDAMAN-000001,SM_SALT,0.051,composition : sel,CIQUAL,0.8
ING-BEV-BOISSONDERIZ-000001,LIP_TRIGLY,1.0,composition : lipides,CIQUAL,0.8
ING-BEV-BOISSONDERIZ-000001,LIP_SAT,0.11,composition : AG saturés,CIQUAL,0.8
ING-BEV-BOISSONDERIZ-000001,LIP_INS,0.83,composition : AG insaturés,CIQUAL,0.8
ING-BEV-BOISSONDERIZ-000001,SM_GLU_MONO,3.6,composition : glucose,CIQUAL,0.8
ING-BEV-BOISSONDERIZ-000001,SM_SALT,0.074,composition : sel,CIQUAL,0.8
ING-BEV-KOMBUCHA-000001,SM_SUCROSE,0.6,composition : saccharose,CIQUAL,0.8
ING-BEV-KOMBUCHA-000001,SM_GLU_MONO,0.34,composition : glucose,CIQUAL,0.8
ING-BEV-KOMBUCHA-000001,SM_FRUCTOSE,0.51,composition : fructose,CIQUAL,0.8
ING-BEV-TONICWATER-000001,SM_SUCROSE,3.13,composition : saccharose,CIQUAL,0.8
ING-BEV-TONICWATER-000001,SM_GLU_MONO,2.53,composition : glucose,CIQUAL,0.8
ING-BEV-TONICWATER-000001,SM_FRUCTOSE,2.55,composition : fructose,CIQUAL,0.8
ING-BEV-COLAGNRIQUE-000001,SM_SUCROSE,3.37,composition : saccharose,CIQUAL,0.8
ING-BEV-COLAGNRIQUE-000001,SM_GLU_MONO,3.08,composition : glucose,CIQUAL,0.8
ING-BEV-COLAGNRIQUE-000001,SM_FRUCTOSE,3.1,composition : fructose,CIQUAL,0.8
ING-COND-SAUCESOJA-000001,SM_GLU,0.8,règle : sauce soja : glutamate libre,MAESTRO_INTERNAL|LIT,0.5
ING-COND-SAUCESOJA-000001,SM_SALT,13.1,composition : sel,CIQUAL,0.8
ING-COND-SAUCETAMARI-000001,SM_SALT,13.1,composition : sel,CIQUAL,0.8
ING-COND-SHOYU-000001,SM_GLU,0.8,règle : sauce soja : glutamate libre,MAESTRO_INTERNAL|LIT,0.5
ING-COND-SHOYU-000001,SM_SALT,13.1,composition : sel,CIQUAL,0.8
ING-COND-MISOBLANC-000001,SM_GLU,0.2,règle : miso,MAESTRO_INTERNAL|LIT,0.5
ING-COND-MISOBLANC-000001,PROT_SOY,10.24,règle : miso,MAESTRO_INTERNAL|LIT,0.5
ING-COND-MISOBLANC-000001,LIP_TRIGLY,6.01,composition : lipides,CIQUAL,0.8
ING-COND-MISOBLANC-000001,LIP_SAT,1.14,composition : AG saturés,CIQUAL,0.8
ING-COND-MISOBLANC-000001,LIP_INS,4.44,composition : AG insaturés,CIQUAL,0.8
ING-COND-MISOBLANC-000001,SM_FRUCTOSE,6.0,composition : fructose,CIQUAL,0.8
ING-COND-MISOBLANC-000001,SM_SALT,9.32,composition : sel,CIQUAL,0.8
ING-COND-MISOBLANC-000001,SM_CA,0.057,composition : calcium,CIQUAL,0.8
ING-COND-MISOROUGE-000001,SM_GLU,0.2,règle : miso,MAESTRO_INTERNAL|LIT,0.5
ING-COND-MISOROUGE-000001,PROT_SOY,10.24,règle : miso,MAESTRO_INTERNAL|LIT,0.5
ING-COND-MISOROUGE-000001,LIP_TRIGLY,6.01,composition : lipides,CIQUAL,0.8
ING-COND-MISOROUGE-000001,LIP_SAT,1.14,composition : AG saturés,CIQUAL,0.8
ING-COND-MISOROUGE-000001,LIP_INS,4.44,composition : AG insaturés,CIQUAL,0.8
ING-COND-MISOROUGE-000001,SM_FRUCTOSE,6.0,composition : fructose,CIQUAL,0.8
ING-COND-MISOROUGE-000001,SM_SALT,9.32,composition : sel,CIQUAL,0.8
ING-COND-MISOROUGE-000001,SM_CA,0.057,composition : calcium,CIQUAL,0.8
ING-COND-MISOJAUNE-000001,SM_GLU,0.2,règle : miso,MAESTRO_INTERNAL|LIT,0.5
ING-COND-MISOJAUNE-000001,PROT_SOY,10.24,règle : miso,MAESTRO_INTERNAL|LIT,0.5
ING-COND-MISOJAUNE-000001,LIP_TRIGLY,6.01,composition : lipides,CIQUAL,0.8
ING-COND-MISOJAUNE-000001,LIP_SAT,1.14,composition : AG saturés,CIQUAL,0.8
ING-COND-MISOJAUNE-000001,LIP_INS,4.44,composition : AG insaturés,CIQUAL,0.8
ING-COND-MISOJAUNE-000001,SM_FRUCTOSE,6.0,composition : fructose,CIQUAL,0.8
ING-COND-MISOJAUNE-000001,SM_SALT,9.32,composition : sel,CIQUAL,0.8
ING-COND-MISOJAUNE-000001,SM_CA,0.057,composition : calcium,CIQUAL,0.8
ING-COND-TEMPEH-000001,PROT_SOY,15.84,règle : protéines de soja,MAESTRO_INTERNAL|LIT,0.5
ING-COND-TEMPEH-000001,LIP_TRIGLY,4.7,composition : lipides,CIQUAL,0.8
ING-COND-TEMPEH-000001,LIP_SAT,0.57,composition : AG saturés,CIQUAL,0.8
ING-COND-TEMPEH-000001,LIP_INS,3.88,composition : AG insaturés,CIQUAL,0.8
ING-COND-TEMPEH-000001,SM_SUCROSE,0.13,composition : saccharose,CIQUAL,0.8
ING-COND-TEMPEH-000001,SM_GLU_MONO,0.11,composition : glucose,CIQUAL,0.8
ING-COND-TEMPEH-000001,SM_SALT,0.098,composition : sel,CIQUAL,0.8
ING-COND-TEMPEH-000001,SM_CA,0.088,composition : calcium,CIQUAL,0.8
ING-COND-SAUCENUOCMM-000001,SM_SALT,22.2,composition : sel,CIQUAL,0.8
ING-COND-SAUCEDEPOISS-000001,SM_GLU,1.0,règle : sauce de poisson : glutamate libre,MAESTRO_INTERNAL|LIT,0.5
ING-COND-SAUCEDEPOISS-000001,SM_SALT,22.2,composition : sel,CIQUAL,0.8
ING-COND-SAUCEDHUTRE-000001,LIP_TRIGLY,0.25,composition : lipides,CIQUAL,0.8
ING-COND-SAUCEDHUTRE-000001,LIP_INS,0.139,composition : AG insaturés,CIQUAL,0.8
ING-COND-SAUCEDHUTRE-000001,SM_SALT,6.83,composition : sel,CIQUAL,0.8
ING-COND-SAUCETERIYAK-000001,SM_SALT,9.58,composition : sel,CIQUAL,0.8
ING-COND-SAUCEHARISSA-000001,LIP_TRIGLY,2.9,composition : lipides,CIQUAL,0.8
ING-COND-SAUCEHARISSA-000001,LIP_SAT,0.47,composition : AG saturés,CIQUAL,0.8
ING-COND-SAUCEHARISSA-000001,LIP_INS,1.74,composition : AG insaturés,CIQUAL,0.8
ING-COND-SAUCEHARISSA-000001,POLY_AMIDON,0.41,composition : amidon,CIQUAL,0.8
ING-COND-SAUCEHARISSA-000001,SM_GLU_MONO,5.33,composition : glucose,CIQUAL,0.8
ING-COND-SAUCEHARISSA-000001,SM_FRUCTOSE,1.56,composition : fructose,CIQUAL,0.8
ING-COND-SAUCEHARISSA-000001,SM_SALT,2.81,composition : sel,CIQUAL,0.8
ING-COND-SAUCEHARISSA-000001,SM_CA,0.078,composition : calcium,CIQUAL,0.8
ING-COND-HARISSA-000001,LIP_TRIGLY,2.9,composition : lipides,CIQUAL,0.8
ING-COND-HARISSA-000001,LIP_SAT,0.47,composition : AG saturés,CIQUAL,0.8
ING-COND-HARISSA-000001,LIP_INS,1.74,composition : AG insaturés,CIQUAL,0.8
ING-COND-HARISSA-000001,POLY_AMIDON,0.41,composition : amidon,CIQUAL,0.8
ING-COND-HARISSA-000001,SM_GLU_MONO,5.33,composition : glucose,CIQUAL,0.8
ING-COND-HARISSA-000001,SM_FRUCTOSE,1.56,composition : fructose,CIQUAL,0.8
ING-COND-HARISSA-000001,SM_SALT,2.81,composition : sel,CIQUAL,0.8
ING-COND-HARISSA-000001,SM_CA,0.078,composition : calcium,CIQUAL,0.8
ING-COND-VINAIGRETTEG-000001,LIP_TRIGLY,51.0,composition : lipides,CIQUAL,0.8
ING-COND-VINAIGRETTEG-000001,LIP_SAT,5.52,composition : AG saturés,CIQUAL,0.8
ING-COND-VINAIGRETTEG-000001,SM_SUCROSE,1.2,composition : saccharose,CIQUAL,0.8
ING-COND-VINAIGRETTEG-000001,SM_SALT,2.2,composition : sel,CIQUAL,0.8
ING-COND-KETCHUP-000001,SM_GLU,0.3,règle : ketchup,MAESTRO_INTERNAL|LIT,0.4
ING-COND-KETCHUP-000001,LIP_TRIGLY,0.16,composition : lipides,CIQUAL,0.8
ING-COND-KETCHUP-000001,LIP_INS,0.126,composition : AG insaturés,CIQUAL,0.8
ING-COND-KETCHUP-000001,POLY_AMIDON,1.0,composition : amidon,CIQUAL,0.8
ING-COND-KETCHUP-000001,SM_SUCROSE,8.34,composition : saccharose,CIQUAL,0.8
ING-COND-KETCHUP-000001,SM_GLU_MONO,6.13,composition : glucose,CIQUAL,0.8
ING-COND-KETCHUP-000001,SM_FRUCTOSE,5.98,composition : fructose,CIQUAL,0.8
ING-COND-KETCHUP-000001,SM_SALT,2.35,composition : sel,CIQUAL,0.8
ING-COND-MOUTARDEDEDI-000001,LIP_TRIGLY,11.2,composition : lipides,CIQUAL,0.8
ING-COND-MOUTARDEDEDI-000001,LIP_SAT,1.1,composition : AG saturés,CIQUAL,0.8
ING-COND-MOUTARDEDEDI-000001,LIP_INS,8.67,composition : AG insaturés,CIQUAL,0.8
ING-COND-MOUTARDEDEDI-000001,POLY_AMIDON,2.6,composition : amidon,CIQUAL,0.8
ING-COND-MOUTARDEDEDI-000001,SM_GLU_MONO,0.98,composition : glucose,CIQUAL,0.8
ING-COND-MOUTARDEDEDI-000001,SM_FRUCTOSE,0.75,composition : fructose,CIQUAL,0.8
ING-COND-MOUTARDEDEDI-000001,SM_SALT,6.3,composition : sel,CIQUAL,0.8
ING-COND-MOUTARDEDEDI-000001,SM_CA,0.207,composition : calcium,CIQUAL,0.8
ING-COND-MOUTARDELANC-000001,LIP_TRIGLY,9.9,composition : lipides,CIQUAL,0.8
ING-COND-MOUTARDELANC-000001,LIP_SAT,0.61,composition : AG saturés,CIQUAL,0.8
ING-COND-MOUTARDELANC-000001,LIP_INS,8.81,composition : AG insaturés,CIQUAL,0.8
ING-COND-MOUTARDELANC-000001,SM_GLU_MONO,1.36,composition : glucose,CIQUAL,0.8
ING-COND-MOUTARDELANC-000001,SM_FRUCTOSE,0.84,composition : fructose,CIQUAL,0.8
ING-COND-MOUTARDELANC-000001,SM_SALT,4.9,composition : sel,CIQUAL,0.8
ING-COND-MOUTARDELANC-000001,SM_CA,0.11,composition : calcium,CIQUAL,0.8
ING-COND-MOUTARDEDEME-000001,LIP_TRIGLY,9.9,composition : lipides,CIQUAL,0.8
ING-COND-MOUTARDEDEME-000001,LIP_SAT,0.61,composition : AG saturés,CIQUAL,0.8
ING-COND-MOUTARDEDEME-000001,LIP_INS,8.81,composition : AG insaturés,CIQUAL,0.8
ING-COND-MOUTARDEDEME-000001,SM_GLU_MONO,1.36,composition : glucose,CIQUAL,0.8
ING-COND-MOUTARDEDEME-000001,SM_FRUCTOSE,0.84,composition : fructose,CIQUAL,0.8
ING-COND-MOUTARDEDEME-000001,SM_SALT,4.9,composition : sel,CIQUAL,0.8
ING-COND-MOUTARDEDEME-000001,SM_CA,0.11,composition : calcium,CIQUAL,0.8
ING-COND-MAYONNAISE-000001,LIP_PHOSPH,1.0,règle : mayonnaise,MAESTRO_INTERNAL|LIT,0.4
ING-COND-MAYONNAISE-000001,LIP_TRIGLY,74.5,composition : lipides,CIQUAL,0.8
ING-COND-MAYONNAISE-000001,LIP_SAT,6.76,composition : AG saturés,CIQUAL,0.8
ING-COND-MAYONNAISE-000001,LIP_INS,59.4,composition : AG insaturés,CIQUAL,0.8
ING-COND-MAYONNAISE-000001,POLY_AMIDON,2.2,composition : amidon,CIQUAL,0.8
ING-COND-MAYONNAISE-000001,SM_SUCROSE,0.7,composition : saccharose,CIQUAL,0.8
ING-COND-MAYONNAISE-000001,SM_SALT,1.4,composition : sel,CIQUAL,0.8
ING-COND-SAUCEBARNAIS-000001,LIP_TRIGLY,47.7,composition : lipides,CIQUAL,0.8
ING-COND-SAUCEBARNAIS-000001,LIP_SAT,3.55,composition : AG saturés,CIQUAL,0.8
ING-COND-SAUCEBARNAIS-000001,LIP_INS,41.8,composition : AG insaturés,CIQUAL,0.8
ING-COND-SAUCEBARNAIS-000001,POLY_AMIDON,1.7,composition : amidon,CIQUAL,0.8
ING-COND-SAUCEBARNAIS-000001,SM_SUCROSE,1.25,composition : saccharose,CIQUAL,0.8
ING-COND-SAUCEBARNAIS-000001,SM_GLU_MONO,0.58,composition : glucose,CIQUAL,0.8
ING-COND-SAUCEBARNAIS-000001,SM_FRUCTOSE,0.48,composition : fructose,CIQUAL,0.8
ING-COND-SAUCEBARNAIS-000001,SM_SALT,1.95,composition : sel,CIQUAL,0.8
ING-COND-SAUCEHOLLAND-000001,LIP_TRIGLY,19.8,composition : lipides,CIQUAL,0.8
ING-COND-SAUCEHOLLAND-000001,LIP_SAT,7.23,composition : AG saturés,CIQUAL,0.8
ING-COND-SAUCEHOLLAND-000001,LIP_INS,11.41,composition : AG insaturés,CIQUAL,0.8
ING-COND-SAUCEHOLLAND-000001,POLY_AMIDON,2.3,composition : amidon,CIQUAL,0.8
ING-COND-SAUCEHOLLAND-000001,SM_SUCROSE,0.2,composition : saccharose,CIQUAL,0.8
ING-COND-SAUCEHOLLAND-000001,SM_SALT,1.19,composition : sel,CIQUAL,0.8
ING-COND-SAUCEBCHAMEL-000001,LIP_TRIGLY,7.4,composition : lipides,CIQUAL,0.8
ING-COND-SAUCEBCHAMEL-000001,LIP_SAT,4.61,composition : AG saturés,CIQUAL,0.8
ING-COND-SAUCEBCHAMEL-000001,LIP_INS,2.2,composition : AG insaturés,CIQUAL,0.8
ING-COND-SAUCEBCHAMEL-000001,POLY_AMIDON,3.1,composition : amidon,CIQUAL,0.8
ING-COND-SAUCEBCHAMEL-000001,SM_SUCROSE,0.18,composition : saccharose,CIQUAL,0.8
ING-COND-SAUCEBCHAMEL-000001,SM_SALT,0.69,composition : sel,CIQUAL,0.8
ING-COND-SAUCEBCHAMEL-000001,SM_CA,0.082,composition : calcium,CIQUAL,0.8
ING-COND-SAUCETOMATEC-000001,LIP_TRIGLY,0.75,composition : lipides,CIQUAL,0.8
ING-COND-SAUCETOMATEC-000001,LIP_SAT,0.097,composition : AG saturés,CIQUAL,0.8
ING-COND-SAUCETOMATEC-000001,LIP_INS,0.54,composition : AG insaturés,CIQUAL,0.8
ING-COND-SAUCETOMATEC-000001,SM_GLU_MONO,2.07,composition : glucose,CIQUAL,0.8
ING-COND-SAUCETOMATEC-000001,SM_FRUCTOSE,2.47,composition : fructose,CIQUAL,0.8
ING-COND-SAUCETOMATEC-000001,SM_SALT,0.96,composition : sel,CIQUAL,0.8
ING-COND-SAUCETOMATEC-000001,SM_CA,0.05,composition : calcium,CIQUAL,0.8
ING-COND-SAUCEBARBECU-000001,LIP_TRIGLY,0.6,composition : lipides,CIQUAL,0.8
ING-COND-SAUCEBARBECU-000001,LIP_SAT,0.1,composition : AG saturés,CIQUAL,0.8
ING-COND-SAUCEBARBECU-000001,LIP_INS,0.45,composition : AG insaturés,CIQUAL,0.8
ING-COND-SAUCEBARBECU-000001,POLY_AMIDON,2.7,composition : amidon,CIQUAL,0.8
ING-COND-SAUCEBARBECU-000001,SM_SUCROSE,16.4,composition : saccharose,CIQUAL,0.8
ING-COND-SAUCEBARBECU-000001,SM_GLU_MONO,5.6,composition : glucose,CIQUAL,0.8
ING-COND-SAUCEBARBECU-000001,SM_FRUCTOSE,5.2,composition : fructose,CIQUAL,0.8
ING-COND-SAUCEBARBECU-000001,SM_SALT,1.77,composition : sel,CIQUAL,0.8
ING-FERMENT-CORNICHONAIG-000001,LIP_TRIGLY,0.35,composition : lipides,CIQUAL,0.8
ING-FERMENT-CORNICHONAIG-000001,SM_SALT,0.94,composition : sel,CIQUAL,0.8
ING-FERMENT-OLIVENOIREEN-000001,LIP_TRIGLY,17.2,composition : lipides,CIQUAL,0.8
ING-FERMENT-OLIVENOIREEN-000001,LIP_SAT,2.08,composition : AG saturés,CIQUAL,0.8
ING-FERMENT-OLIVENOIREEN-000001,LIP_INS,11.71,composition : AG insaturés,CIQUAL,0.8
ING-FERMENT-OLIVENOIREEN-000001,SM_SALT,1.77,composition : sel,CIQUAL,0.8
ING-FERMENT-OLIVENOIREEN-000001,SM_CA,0.08,composition : calcium,CIQUAL,0.8
ING-FERMENT-OLIVEVERTEEN-000001,LIP_TRIGLY,16.6,composition : lipides,CIQUAL,0.8
ING-FERMENT-OLIVEVERTEEN-000001,LIP_SAT,2.25,composition : AG saturés,CIQUAL,0.8
ING-FERMENT-OLIVEVERTEEN-000001,LIP_INS,11.93,composition : AG insaturés,CIQUAL,0.8
ING-FERMENT-OLIVEVERTEEN-000001,SM_SALT,2.94,composition : sel,CIQUAL,0.8
ING-FERMENT-OLIVEVERTEEN-000001,SM_CA,0.078,composition : calcium,CIQUAL,0.8
ING-FERMENT-CAPRE-000001,LIP_TRIGLY,0.86,composition : lipides,CIQUAL,0.8
ING-FERMENT-CAPRE-000001,LIP_SAT,0.23,composition : AG saturés,CIQUAL,0.8
ING-FERMENT-CAPRE-000001,LIP_INS,0.363,composition : AG insaturés,CIQUAL,0.8
ING-FERMENT-CAPRE-000001,SM_SALT,4.06,composition : sel,CIQUAL,0.8
ING-TECH-BOUILLONDEVO-000001,LIP_TRIGLY,0.13,composition : lipides,CIQUAL,0.8
ING-TECH-BOUILLONDEVO-000001,LIP_SAT,0.13,composition : AG saturés,CIQUAL,0.8
ING-TECH-BOUILLONDEVO-000001,SM_SALT,0.51,composition : sel,CIQUAL,0.8
ING-TECH-BOUILLONDEBU-000001,LIP_TRIGLY,0.15,composition : lipides,CIQUAL,0.8
ING-TECH-BOUILLONDEBU-000001,LIP_SAT,0.057,composition : AG saturés,CIQUAL,0.8
ING-TECH-BOUILLONDEBU-000001,LIP_INS,0.083,composition : AG insaturés,CIQUAL,0.8
ING-TECH-BOUILLONDEBU-000001,SM_SALT,0.33,composition : sel,CIQUAL,0.8
ING-TECH-BOUILLONDELG-000001,LIP_TRIGLY,0.16,composition : lipides,CIQUAL,0.8
ING-TECH-BOUILLONDELG-000001,LIP_SAT,0.14,composition : AG saturés,CIQUAL,0.8
ING-TECH-BOUILLONDELG-000001,POLY_AMIDON,0.2,composition : amidon,CIQUAL,0.8
ING-TECH-BOUILLONDELG-000001,SM_SALT,0.61,composition : sel,CIQUAL,0.8
ING-TECH-BOUILLONDEPO-000001,LIP_TRIGLY,2.0,composition : lipides,CIQUAL,0.8
ING-TECH-BOUILLONDEPO-000001,LIP_SAT,1.2,composition : AG saturés,CIQUAL,0.8
ING-TECH-BOUILLONDEPO-000001,SM_SALT,2.36,composition : sel,CIQUAL,0.8
ING-TECH-FONDBRUNDEVE-000001,LIP_TRIGLY,2.05,composition : lipides,CIQUAL,0.8
ING-TECH-FONDBRUNDEVE-000001,LIP_SAT,1.0,composition : AG saturés,CIQUAL,0.8
ING-TECH-FONDBRUNDEVE-000001,SM_SALT,1.1,composition : sel,CIQUAL,0.8
ING-TECH-FONDBLANCDEV-000001,LIP_TRIGLY,0.13,composition : lipides,CIQUAL,0.8
ING-TECH-FONDBLANCDEV-000001,LIP_SAT,0.13,composition : AG saturés,CIQUAL,0.8
ING-TECH-FONDBLANCDEV-000001,SM_SALT,0.51,composition : sel,CIQUAL,0.8
ING-TECH-BOUILLONMISO-000001,LIP_TRIGLY,0.34,composition : lipides,CIQUAL,0.8
ING-TECH-BOUILLONMISO-000001,LIP_SAT,0.05,composition : AG saturés,CIQUAL,0.8
ING-TECH-BOUILLONMISO-000001,SM_GLU_MONO,0.7,composition : glucose,CIQUAL,0.8
ING-TECH-BOUILLONMISO-000001,SM_SALT,1.0,composition : sel,CIQUAL,0.8
ING-TECH-CONSOMM-000001,LIP_TRIGLY,0.15,composition : lipides,CIQUAL,0.8
ING-TECH-CONSOMM-000001,LIP_SAT,0.057,composition : AG saturés,CIQUAL,0.8
ING-TECH-CONSOMM-000001,LIP_INS,0.083,composition : AG insaturés,CIQUAL,0.8
ING-TECH-CONSOMM-000001,SM_SALT,0.33,composition : sel,CIQUAL,0.8
ING-TECH-GLATINEENPOU-000001,PROT_GEL,86.9,règle : gélatine,MAESTRO_INTERNAL|LIT,0.7
ING-TECH-GLATINEENPOU-000001,LIP_TRIGLY,0.1,composition : lipides,CIQUAL,0.8
ING-TECH-GLATINEENPOU-000001,SM_SALT,0.75,composition : sel,CIQUAL,0.8
ING-TECH-GLATINEENPOU-000001,SM_CA,0.28,composition : calcium,CIQUAL,0.8
ING-TECH-AMIDONMODIFI-000001,POLY_AMYLOSE,21.75,règle : amidon : ≈ 25 % d'amylose,MAESTRO_INTERNAL|LIT,0.6
ING-TECH-AMIDONMODIFI-000001,POLY_AMYLOPEC,65.25,règle : amidon : ≈ 25 % d'amylose,MAESTRO_INTERNAL|LIT,0.6
ING-TECH-AMIDONMODIFI-000001,LIP_TRIGLY,0.05,composition : lipides,CIQUAL,0.8
ING-TECH-AMIDONMODIFI-000001,POLY_AMIDON,87.0,composition : amidon,CIQUAL,0.8
ING-TECH-SIROPDEMAS-000001,SM_GLU_MONO,40.0,règle : sirop de glucose (DE moyen),MAESTRO_INTERNAL|LIT,0.5
ING-TECH-SIROPDEMASHA-000001,SM_FRUCTOSE,42.0,règle : sirop riche en fructose,MAESTRO_INTERNAL|LIT,0.5
ING-TECH-SIROPDEMASHA-000001,SM_GLU_MONO,30.0,règle : sirop riche en fructose,MAESTRO_INTERNAL|LIT,0.5
ING-MIX-PTEBRISE-000001,LIP_TRIGLY,20.0,composition : lipides,CIQUAL,0.8
ING-MIX-PTEBRISE-000001,LIP_SAT,13.0,composition : AG saturés,CIQUAL,0.8
ING-MIX-PTEBRISE-000001,LIP_INS,5.73,composition : AG insaturés,CIQUAL,0.8
ING-MIX-PTEBRISE-000001,SM_SUCROSE,0.22,composition : saccharose,CIQUAL,0.8
ING-MIX-PTEBRISE-000001,SM_GLU_MONO,0.66,composition : glucose,CIQUAL,0.8
ING-MIX-PTEBRISE-000001,SM_FRUCTOSE,0.47,composition : fructose,CIQUAL,0.8
ING-MIX-PTEBRISE-000001,SM_SALT,1.69,composition : sel,CIQUAL,0.8
ING-MIX-PTEFEUILLETE-000001,LIP_TRIGLY,20.0,composition : lipides,CIQUAL,0.8
ING-MIX-PTEFEUILLETE-000001,LIP_SAT,14.0,composition : AG saturés,CIQUAL,0.8
ING-MIX-PTEFEUILLETE-000001,LIP_INS,5.67,composition : AG insaturés,CIQUAL,0.8
ING-MIX-PTEFEUILLETE-000001,SM_SUCROSE,0.52,composition : saccharose,CIQUAL,0.8
ING-MIX-PTEFEUILLETE-000001,SM_GLU_MONO,0.54,composition : glucose,CIQUAL,0.8
ING-MIX-PTEFEUILLETE-000001,SM_FRUCTOSE,0.31,composition : fructose,CIQUAL,0.8
ING-MIX-PTEFEUILLETE-000001,SM_SALT,1.68,composition : sel,CIQUAL,0.8
ING-MIX-PTESABLE-000001,LIP_TRIGLY,21.8,composition : lipides,CIQUAL,0.8
ING-MIX-PTESABLE-000001,LIP_SAT,9.94,composition : AG saturés,CIQUAL,0.8
ING-MIX-PTESABLE-000001,LIP_INS,9.23,composition : AG insaturés,CIQUAL,0.8
ING-MIX-PTESABLE-000001,SM_SUCROSE,9.86,composition : saccharose,CIQUAL,0.8
ING-MIX-PTESABLE-000001,SM_GLU_MONO,1.1,composition : glucose,CIQUAL,0.8
ING-MIX-PTESABLE-000001,SM_FRUCTOSE,1.52,composition : fructose,CIQUAL,0.8
ING-MIX-PTESABLE-000001,SM_SALT,0.25,composition : sel,CIQUAL,0.8
ING-MIX-PTEPAIN-000001,LIP_TRIGLY,3.45,composition : lipides,CIQUAL,0.8
ING-MIX-PTEPAIN-000001,LIP_SAT,0.25,composition : AG saturés,CIQUAL,0.8
ING-MIX-PTEPAIN-000001,SM_SALT,1.31,composition : sel,CIQUAL,0.8
ING-MIX-PTEPIZZA-000001,LIP_TRIGLY,3.45,composition : lipides,CIQUAL,0.8
ING-MIX-PTEPIZZA-000001,LIP_SAT,0.25,composition : AG saturés,CIQUAL,0.8
ING-MIX-PTEPIZZA-000001,SM_SALT,1.31,composition : sel,CIQUAL,0.8
ING-MIX-PTETARTESUCR-000001,LIP_TRIGLY,21.8,composition : lipides,CIQUAL,0.8
ING-MIX-PTETARTESUCR-000001,LIP_SAT,9.94,composition : AG saturés,CIQUAL,0.8
ING-MIX-PTETARTESUCR-000001,LIP_INS,9.23,composition : AG insaturés,CIQUAL,0.8
ING-MIX-PTETARTESUCR-000001,SM_SUCROSE,9.86,composition : saccharose,CIQUAL,0.8
ING-MIX-PTETARTESUCR-000001,SM_GLU_MONO,1.1,composition : glucose,CIQUAL,0.8
ING-MIX-PTETARTESUCR-000001,SM_FRUCTOSE,1.52,composition : fructose,CIQUAL,0.8
ING-MIX-PTETARTESUCR-000001,SM_SALT,0.25,composition : sel,CIQUAL,0.8
ING-MIX-MAYONNAISEMA-000001,LIP_PHOSPH,1.0,règle : mayonnaise,MAESTRO_INTERNAL|LIT,0.4
ING-MIX-MAYONNAISEMA-000001,LIP_TRIGLY,74.5,composition : lipides,CIQUAL,0.8
ING-MIX-MAYONNAISEMA-000001,LIP_SAT,6.76,composition : AG saturés,CIQUAL,0.8
ING-MIX-MAYONNAISEMA-000001,LIP_INS,59.4,composition : AG insaturés,CIQUAL,0.8
ING-MIX-MAYONNAISEMA-000001,POLY_AMIDON,2.2,composition : amidon,CIQUAL,0.8
ING-MIX-MAYONNAISEMA-000001,SM_SUCROSE,0.7,composition : saccharose,CIQUAL,0.8
ING-MIX-MAYONNAISEMA-000001,SM_SALT,1.4,composition : sel,CIQUAL,0.8
ING-MIX-VINAIGRETTEB-000001,LIP_TRIGLY,51.0,composition : lipides,CIQUAL,0.8
ING-MIX-VINAIGRETTEB-000001,LIP_SAT,5.52,composition : AG saturés,CIQUAL,0.8
ING-MIX-VINAIGRETTEB-000001,SM_SUCROSE,1.2,composition : saccharose,CIQUAL,0.8
ING-MIX-VINAIGRETTEB-000001,SM_SALT,2.2,composition : sel,CIQUAL,0.8
