ingredient_id,ingredient_state_id,row_kind,ciqual_alim_code,aliment_name,component_id,component_name,normalized_value,normalized_unit,confidence_code,confidence,match_type,match_note,source_citation
ING-PLANT-PHYSALIS-000001,raw,main,FDC173043,"Groundcherries, (cape-gooseberries or poha), raw",WATER,Eau (g/100 g),85.4,g,USDA,0.8,equivalent,Groundcherries (cape-gooseberries) raw,"USDA FoodData Central, SR Legacy (04/2018), FDC ID 173043 (CC0 1.0) — glucides hors fibres et énergie recalculés (UE 1169/2011)"
ING-PLANT-PHYSALIS-000001,raw,main,FDC173043,"Groundcherries, (cape-gooseberries or poha), raw",ASH,Cendres (g/100 g),0.8,g,USDA,0.8,equivalent,Groundcherries (cape-gooseberries) raw,"USDA FoodData Central, SR Legacy (04/2018), FDC ID 173043 (CC0 1.0) — glucides hors fibres et énergie recalculés (UE 1169/2011)"
ING-PLANT-PHYSALIS-000001,raw,main,FDC173043,"Groundcherries, (cape-gooseberries or poha), raw",PROCNT,"Protéines, N x 6.25 (g/100 g)",1.9,g,USDA,0.8,equivalent,Groundcherries (cape-gooseberries) raw,"USDA FoodData Central, SR Legacy (04/2018), FDC ID 173043 (CC0 1.0) — glucides hors fibres et énergie recalculés (UE 1169/2011)"
ING-PLANT-PHYSALIS-000001,raw,main,FDC173043,"Groundcherries, (cape-gooseberries or poha), raw",FAT,Lipides (g/100 g),0.7,g,USDA,0.8,equivalent,Groundcherries (cape-gooseberries) raw,"USDA FoodData Central, SR Legacy (04/2018), FDC ID 173043 (CC0 1.0) — glucides hors fibres et énergie recalculés (UE 1169/2011)"
ING-PLANT-PHYSALIS-000001,raw,main,FDC173043,"Groundcherries, (cape-gooseberries or poha), raw",CHOL-,Cholestérol (mg/100 g),0.0,mg,USDA,0.8,equivalent,Groundcherries (cape-gooseberries) raw,"USDA FoodData Central, SR Legacy (04/2018), FDC ID 173043 (CC0 1.0) — glucides hors fibres et énergie recalculés (UE 1169/2011)"
ING-PLANT-PHYSALIS-000001,raw,main,FDC173043,"Groundcherries, (cape-gooseberries or poha), raw",CA,Calcium (mg/100 g),9.0,mg,USDA,0.8,equivalent,Groundcherries (cape-gooseberries) raw,"USDA FoodData Central, SR Legacy (04/2018), FDC ID 173043 (CC0 1.0) — glucides hors fibres et énergie recalculés (UE 1169/2011)"
ING-PLANT-PHYSALIS-000001,raw,main,FDC173043,"Groundcherries, (cape-gooseberries or poha), raw",FE,Fer (mg/100 g),1.0,mg,USDA,0.8,equivalent,Groundcherries (cape-gooseberries) raw,"USDA FoodData Central, SR Legacy (04/2018), FDC ID 173043 (CC0 1.0) — glucides hors fibres et énergie recalculés (UE 1169/2011)"
ING-PLANT-PHYSALIS-000001,raw,main,FDC173043,"Groundcherries, (cape-gooseberries or poha), raw",P,Phosphore (mg/100 g),40.0,mg,USDA,0.8,equivalent,Groundcherries (cape-gooseberries) raw,"USDA FoodData Central, SR Legacy (04/2018), FDC ID 173043 (CC0 1.0) — glucides hors fibres et énergie recalculés (UE 1169/2011)"
ING-PLANT-PHYSALIS-000001,raw,main,FDC173043,"Groundcherries, (cape-gooseberries or poha), raw",RAE,"Activité vitaminique A, équivalents rétinol (µg/100 g)",36.0,µg,USDA,0.8,equivalent,Groundcherries (cape-gooseberries) raw,"USDA FoodData Central, SR Legacy (04/2018), FDC ID 173043 (CC0 1.0) — glucides hors fibres et énergie recalculés (UE 1169/2011)"
ING-PLANT-PHYSALIS-000001,raw,main,FDC173043,"Groundcherries, (cape-gooseberries or poha), raw",RETOL,Rétinol (µg/100 g),0.0,µg,USDA,0.8,equivalent,Groundcherries (cape-gooseberries) raw,"USDA FoodData Central, SR Legacy (04/2018), FDC ID 173043 (CC0 1.0) — glucides hors fibres et énergie recalculés (UE 1169/2011)"
ING-PLANT-PHYSALIS-000001,raw,main,FDC173043,"Groundcherries, (cape-gooseberries or poha), raw",VITC,Vitamine C (mg/100 g),11.0,mg,USDA,0.8,equivalent,Groundcherries (cape-gooseberries) raw,"USDA FoodData Central, SR Legacy (04/2018), FDC ID 173043 (CC0 1.0) — glucides hors fibres et énergie recalculés (UE 1169/2011)"
ING-PLANT-PHYSALIS-000001,raw,main,FDC173043,"Groundcherries, (cape-gooseberries or poha), raw",THIA,Vitamine B1 ou Thiamine (mg/100 g),0.11,mg,USDA,0.8,equivalent,Groundcherries (cape-gooseberries) raw,"USDA FoodData Central, SR Legacy (04/2018), FDC ID 173043 (CC0 1.0) — glucides hors fibres et énergie recalculés (UE 1169/2011)"
ING-PLANT-PHYSALIS-000001,raw,main,FDC173043,"Groundcherries, (cape-gooseberries or poha), raw",RIBF,Vitamine B2 ou Riboflavine (mg/100 g),0.04,mg,USDA,0.8,equivalent,Groundcherries (cape-gooseberries) raw,"USDA FoodData Central, SR Legacy (04/2018), FDC ID 173043 (CC0 1.0) — glucides hors fibres et énergie recalculés (UE 1169/2011)"
ING-PLANT-PHYSALIS-000001,raw,main,FDC173043,"Groundcherries, (cape-gooseberries or poha), raw",NIA,Vitamine B3 ou PP ou Niacine (mg/100 g),2.8,mg,USDA,0.8,equivalent,Groundcherries (cape-gooseberries) raw,"USDA FoodData Central, SR Legacy (04/2018), FDC ID 173043 (CC0 1.0) — glucides hors fibres et énergie recalculés (UE 1169/2011)"
ING-PLANT-PHYSALIS-000001,raw,main,FDC173043,"Groundcherries, (cape-gooseberries or poha), raw",VITB12,Vitamine B12 (µg/100 g),0.0,µg,USDA,0.8,equivalent,Groundcherries (cape-gooseberries) raw,"USDA FoodData Central, SR Legacy (04/2018), FDC ID 173043 (CC0 1.0) — glucides hors fibres et énergie recalculés (UE 1169/2011)"
ING-PLANT-PHYSALIS-000001,raw,main,FDC173043,"Groundcherries, (cape-gooseberries or poha), raw",CHOAVL,Glucides (g/100 g),11.2,g,USDA,0.8,equivalent,Groundcherries (cape-gooseberries) raw,"USDA FoodData Central, SR Legacy (04/2018), FDC ID 173043 (CC0 1.0) — glucides hors fibres et énergie recalculés (UE 1169/2011)"
ING-PLANT-PHYSALIS-000001,raw,main,FDC173043,"Groundcherries, (cape-gooseberries or poha), raw",ENERCKCAL,"Energie, Règlement UE N° 1169/2011 (kcal/100 g)",58.7,kcal,USDA,0.8,equivalent,Groundcherries (cape-gooseberries) raw,"USDA FoodData Central, SR Legacy (04/2018), FDC ID 173043 (CC0 1.0) — glucides hors fibres et énergie recalculés (UE 1169/2011)"
ING-PLANT-PHYSALIS-000001,raw,main,FDC173043,"Groundcherries, (cape-gooseberries or poha), raw",ENERC,"Energie, Règlement UE N° 1169/2011 (kJ/100 g)",248.6,kJ,USDA,0.8,equivalent,Groundcherries (cape-gooseberries) raw,"USDA FoodData Central, SR Legacy (04/2018), FDC ID 173043 (CC0 1.0) — glucides hors fibres et énergie recalculés (UE 1169/2011)"
ING-PLANT-SOJACUIT-000001,boiled,main,FDC174271,"Soybeans, mature cooked, boiled, without salt",WATER,Eau (g/100 g),62.55,g,USDA,0.8,equivalent,Soybeans mature cooked boiled without salt,"USDA FoodData Central, SR Legacy (04/2018), FDC ID 174271 (CC0 1.0) — glucides hors fibres et énergie recalculés (UE 1169/2011)"
ING-PLANT-SOJACUIT-000001,boiled,main,FDC174271,"Soybeans, mature cooked, boiled, without salt",ASH,Cendres (g/100 g),1.91,g,USDA,0.8,equivalent,Soybeans mature cooked boiled without salt,"USDA FoodData Central, SR Legacy (04/2018), FDC ID 174271 (CC0 1.0) — glucides hors fibres et énergie recalculés (UE 1169/2011)"
ING-PLANT-SOJACUIT-000001,boiled,main,FDC174271,"Soybeans, mature cooked, boiled, without salt",PROCNT,"Protéines, N x 6.25 (g/100 g)",18.21,g,USDA,0.8,equivalent,Soybeans mature cooked boiled without salt,"USDA FoodData Central, SR Legacy (04/2018), FDC ID 174271 (CC0 1.0) — glucides hors fibres et énergie recalculés (UE 1169/2011)"
ING-PLANT-SOJACUIT-000001,boiled,main,FDC174271,"Soybeans, mature cooked, boiled, without salt",FAT,Lipides (g/100 g),8.97,g,USDA,0.8,equivalent,Soybeans mature cooked boiled without salt,"USDA FoodData Central, SR Legacy (04/2018), FDC ID 174271 (CC0 1.0) — glucides hors fibres et énergie recalculés (UE 1169/2011)"
ING-PLANT-SOJACUIT-000001,boiled,main,FDC174271,"Soybeans, mature cooked, boiled, without salt",FIB-,Fibres alimentaires (g/100 g),6.0,g,USDA,0.8,equivalent,Soybeans mature cooked boiled without salt,"USDA FoodData Central, SR Legacy (04/2018), FDC ID 174271 (CC0 1.0) — glucides hors fibres et énergie recalculés (UE 1169/2011)"
ING-PLANT-SOJACUIT-000001,boiled,main,FDC174271,"Soybeans, mature cooked, boiled, without salt",SUGAR,Sucres (g/100 g),3.0,g,USDA,0.8,equivalent,Soybeans mature cooked boiled without salt,"USDA FoodData Central, SR Legacy (04/2018), FDC ID 174271 (CC0 1.0) — glucides hors fibres et énergie recalculés (UE 1169/2011)"
ING-PLANT-SOJACUIT-000001,boiled,main,FDC174271,"Soybeans, mature cooked, boiled, without salt",ALC,Alcool (éthanol) (g/100 g),0.0,g,USDA,0.8,equivalent,Soybeans mature cooked boiled without salt,"USDA FoodData Central, SR Legacy (04/2018), FDC ID 174271 (CC0 1.0) — glucides hors fibres et énergie recalculés (UE 1169/2011)"
ING-PLANT-SOJACUIT-000001,boiled,main,FDC174271,"Soybeans, mature cooked, boiled, without salt",FASAT,AG saturés (g/100 g),1.297,g,USDA,0.8,equivalent,Soybeans mature cooked boiled without salt,"USDA FoodData Central, SR Legacy (04/2018), FDC ID 174271 (CC0 1.0) — glucides hors fibres et énergie recalculés (UE 1169/2011)"
ING-PLANT-SOJACUIT-000001,boiled,main,FDC174271,"Soybeans, mature cooked, boiled, without salt",FAMS,AG monoinsaturés (g/100 g),1.981,g,USDA,0.8,equivalent,Soybeans mature cooked boiled without salt,"USDA FoodData Central, SR Legacy (04/2018), FDC ID 174271 (CC0 1.0) — glucides hors fibres et énergie recalculés (UE 1169/2011)"
ING-PLANT-SOJACUIT-000001,boiled,main,FDC174271,"Soybeans, mature cooked, boiled, without salt",FAPU,AG polyinsaturés (g/100 g),5.064,g,USDA,0.8,equivalent,Soybeans mature cooked boiled without salt,"USDA FoodData Central, SR Legacy (04/2018), FDC ID 174271 (CC0 1.0) — glucides hors fibres et énergie recalculés (UE 1169/2011)"
ING-PLANT-SOJACUIT-000001,boiled,main,FDC174271,"Soybeans, mature cooked, boiled, without salt",CHOL-,Cholestérol (mg/100 g),0.0,mg,USDA,0.8,equivalent,Soybeans mature cooked boiled without salt,"USDA FoodData Central, SR Legacy (04/2018), FDC ID 174271 (CC0 1.0) — glucides hors fibres et énergie recalculés (UE 1169/2011)"
ING-PLANT-SOJACUIT-000001,boiled,main,FDC174271,"Soybeans, mature cooked, boiled, without salt",NA,Sodium (mg/100 g),1.0,mg,USDA,0.8,equivalent,Soybeans mature cooked boiled without salt,"USDA FoodData Central, SR Legacy (04/2018), FDC ID 174271 (CC0 1.0) — glucides hors fibres et énergie recalculés (UE 1169/2011)"
ING-PLANT-SOJACUIT-000001,boiled,main,FDC174271,"Soybeans, mature cooked, boiled, without salt",CA,Calcium (mg/100 g),102.0,mg,USDA,0.8,equivalent,Soybeans mature cooked boiled without salt,"USDA FoodData Central, SR Legacy (04/2018), FDC ID 174271 (CC0 1.0) — glucides hors fibres et énergie recalculés (UE 1169/2011)"
ING-PLANT-SOJACUIT-000001,boiled,main,FDC174271,"Soybeans, mature cooked, boiled, without salt",FE,Fer (mg/100 g),5.14,mg,USDA,0.8,equivalent,Soybeans mature cooked boiled without salt,"USDA FoodData Central, SR Legacy (04/2018), FDC ID 174271 (CC0 1.0) — glucides hors fibres et énergie recalculés (UE 1169/2011)"
ING-PLANT-SOJACUIT-000001,boiled,main,FDC174271,"Soybeans, mature cooked, boiled, without salt",MG,Magnésium (mg/100 g),86.0,mg,USDA,0.8,equivalent,Soybeans mature cooked boiled without salt,"USDA FoodData Central, SR Legacy (04/2018), FDC ID 174271 (CC0 1.0) — glucides hors fibres et énergie recalculés (UE 1169/2011)"
ING-PLANT-SOJACUIT-000001,boiled,main,FDC174271,"Soybeans, mature cooked, boiled, without salt",P,Phosphore (mg/100 g),245.0,mg,USDA,0.8,equivalent,Soybeans mature cooked boiled without salt,"USDA FoodData Central, SR Legacy (04/2018), FDC ID 174271 (CC0 1.0) — glucides hors fibres et énergie recalculés (UE 1169/2011)"
ING-PLANT-SOJACUIT-000001,boiled,main,FDC174271,"Soybeans, mature cooked, boiled, without salt",K,Potassium (mg/100 g),515.0,mg,USDA,0.8,equivalent,Soybeans mature cooked boiled without salt,"USDA FoodData Central, SR Legacy (04/2018), FDC ID 174271 (CC0 1.0) — glucides hors fibres et énergie recalculés (UE 1169/2011)"
ING-PLANT-SOJACUIT-000001,boiled,main,FDC174271,"Soybeans, mature cooked, boiled, without salt",ZN,Zinc (mg/100 g),1.15,mg,USDA,0.8,equivalent,Soybeans mature cooked boiled without salt,"USDA FoodData Central, SR Legacy (04/2018), FDC ID 174271 (CC0 1.0) — glucides hors fibres et énergie recalculés (UE 1169/2011)"
ING-PLANT-SOJACUIT-000001,boiled,main,FDC174271,"Soybeans, mature cooked, boiled, without salt",CU,Cuivre (mg/100 g),0.407,mg,USDA,0.8,equivalent,Soybeans mature cooked boiled without salt,"USDA FoodData Central, SR Legacy (04/2018), FDC ID 174271 (CC0 1.0) — glucides hors fibres et énergie recalculés (UE 1169/2011)"
ING-PLANT-SOJACUIT-000001,boiled,main,FDC174271,"Soybeans, mature cooked, boiled, without salt",MN,Manganèse (mg/100 g),0.824,mg,USDA,0.8,equivalent,Soybeans mature cooked boiled without salt,"USDA FoodData Central, SR Legacy (04/2018), FDC ID 174271 (CC0 1.0) — glucides hors fibres et énergie recalculés (UE 1169/2011)"
ING-PLANT-SOJACUIT-000001,boiled,main,FDC174271,"Soybeans, mature cooked, boiled, without salt",SE,Sélénium (µg/100 g),7.3,µg,USDA,0.8,equivalent,Soybeans mature cooked boiled without salt,"USDA FoodData Central, SR Legacy (04/2018), FDC ID 174271 (CC0 1.0) — glucides hors fibres et énergie recalculés (UE 1169/2011)"
ING-PLANT-SOJACUIT-000001,boiled,main,FDC174271,"Soybeans, mature cooked, boiled, without salt",RAE,"Activité vitaminique A, équivalents rétinol (µg/100 g)",0.0,µg,USDA,0.8,equivalent,Soybeans mature cooked boiled without salt,"USDA FoodData Central, SR Legacy (04/2018), FDC ID 174271 (CC0 1.0) — glucides hors fibres et énergie recalculés (UE 1169/2011)"
ING-PLANT-SOJACUIT-000001,boiled,main,FDC174271,"Soybeans, mature cooked, boiled, without salt",RETOL,Rétinol (µg/100 g),0.0,µg,USDA,0.8,equivalent,Soybeans mature cooked boiled without salt,"USDA FoodData Central, SR Legacy (04/2018), FDC ID 174271 (CC0 1.0) — glucides hors fibres et énergie recalculés (UE 1169/2011)"
ING-PLANT-SOJACUIT-000001,boiled,main,FDC174271,"Soybeans, mature cooked, boiled, without salt",CARTB,Beta-Carotène (µg/100 g),5.0,µg,USDA,0.8,equivalent,Soybeans mature cooked boiled without salt,"USDA FoodData Central, SR Legacy (04/2018), FDC ID 174271 (CC0 1.0) — glucides hors fibres et énergie recalculés (UE 1169/2011)"
ING-PLANT-SOJACUIT-000001,boiled,main,FDC174271,"Soybeans, mature cooked, boiled, without salt",VITD-,Vitamine D (µg/100 g),0.0,µg,USDA,0.8,equivalent,Soybeans mature cooked boiled without salt,"USDA FoodData Central, SR Legacy (04/2018), FDC ID 174271 (CC0 1.0) — glucides hors fibres et énergie recalculés (UE 1169/2011)"
ING-PLANT-SOJACUIT-000001,boiled,main,FDC174271,"Soybeans, mature cooked, boiled, without salt",VITC,Vitamine C (mg/100 g),1.7,mg,USDA,0.8,equivalent,Soybeans mature cooked boiled without salt,"USDA FoodData Central, SR Legacy (04/2018), FDC ID 174271 (CC0 1.0) — glucides hors fibres et énergie recalculés (UE 1169/2011)"
ING-PLANT-SOJACUIT-000001,boiled,main,FDC174271,"Soybeans, mature cooked, boiled, without salt",THIA,Vitamine B1 ou Thiamine (mg/100 g),0.155,mg,USDA,0.8,equivalent,Soybeans mature cooked boiled without salt,"USDA FoodData Central, SR Legacy (04/2018), FDC ID 174271 (CC0 1.0) — glucides hors fibres et énergie recalculés (UE 1169/2011)"
ING-PLANT-SOJACUIT-000001,boiled,main,FDC174271,"Soybeans, mature cooked, boiled, without salt",RIBF,Vitamine B2 ou Riboflavine (mg/100 g),0.285,mg,USDA,0.8,equivalent,Soybeans mature cooked boiled without salt,"USDA FoodData Central, SR Legacy (04/2018), FDC ID 174271 (CC0 1.0) — glucides hors fibres et énergie recalculés (UE 1169/2011)"
ING-PLANT-SOJACUIT-000001,boiled,main,FDC174271,"Soybeans, mature cooked, boiled, without salt",NIA,Vitamine B3 ou PP ou Niacine (mg/100 g),0.399,mg,USDA,0.8,equivalent,Soybeans mature cooked boiled without salt,"USDA FoodData Central, SR Legacy (04/2018), FDC ID 174271 (CC0 1.0) — glucides hors fibres et énergie recalculés (UE 1169/2011)"
ING-PLANT-SOJACUIT-000001,boiled,main,FDC174271,"Soybeans, mature cooked, boiled, without salt",PANTAC,Vitamine B5 ou Acide pantothénique (mg/100 g),0.179,mg,USDA,0.8,equivalent,Soybeans mature cooked boiled without salt,"USDA FoodData Central, SR Legacy (04/2018), FDC ID 174271 (CC0 1.0) — glucides hors fibres et énergie recalculés (UE 1169/2011)"
ING-PLANT-SOJACUIT-000001,boiled,main,FDC174271,"Soybeans, mature cooked, boiled, without salt",VITB6-,Vitamine B6 (mg/100 g),0.234,mg,USDA,0.8,equivalent,Soybeans mature cooked boiled without salt,"USDA FoodData Central, SR Legacy (04/2018), FDC ID 174271 (CC0 1.0) — glucides hors fibres et énergie recalculés (UE 1169/2011)"
ING-PLANT-SOJACUIT-000001,boiled,main,FDC174271,"Soybeans, mature cooked, boiled, without salt",VITB12,Vitamine B12 (µg/100 g),0.0,µg,USDA,0.8,equivalent,Soybeans mature cooked boiled without salt,"USDA FoodData Central, SR Legacy (04/2018), FDC ID 174271 (CC0 1.0) — glucides hors fibres et énergie recalculés (UE 1169/2011)"
ING-PLANT-SOJACUIT-000001,boiled,main,FDC174271,"Soybeans, mature cooked, boiled, without salt",FOL,Vitamine B9 ou Folates totaux (µg/100 g),54.0,µg,USDA,0.8,equivalent,Soybeans mature cooked boiled without salt,"USDA FoodData Central, SR Legacy (04/2018), FDC ID 174271 (CC0 1.0) — glucides hors fibres et énergie recalculés (UE 1169/2011)"
ING-PLANT-SOJACUIT-000001,boiled,main,FDC174271,"Soybeans, mature cooked, boiled, without salt",FOLAC,Acide folique (enrichissement) (µg/100 g),0.0,µg,USDA,0.8,equivalent,Soybeans mature cooked boiled without salt,"USDA FoodData Central, SR Legacy (04/2018), FDC ID 174271 (CC0 1.0) — glucides hors fibres et énergie recalculés (UE 1169/2011)"
ING-PLANT-SOJACUIT-000001,boiled,main,FDC174271,"Soybeans, mature cooked, boiled, without salt",FOLFD,Folates intrinsèques (µg/100 g),54.0,µg,USDA,0.8,equivalent,Soybeans mature cooked boiled without salt,"USDA FoodData Central, SR Legacy (04/2018), FDC ID 174271 (CC0 1.0) — glucides hors fibres et énergie recalculés (UE 1169/2011)"
ING-PLANT-SOJACUIT-000001,boiled,main,FDC174271,"Soybeans, mature cooked, boiled, without salt",FOLDFE,"Vitamine B9 ou Folates totaux, équivalents folates alimentaires, DFE (µg/100 g)",54.0,µg,USDA,0.8,equivalent,Soybeans mature cooked boiled without salt,"USDA FoodData Central, SR Legacy (04/2018), FDC ID 174271 (CC0 1.0) — glucides hors fibres et énergie recalculés (UE 1169/2011)"
ING-PLANT-SOJACUIT-000001,boiled,main,FDC174271,"Soybeans, mature cooked, boiled, without salt",TOCPHA,Alpha-tocophérol (vitamine E) (mg/100 g),0.35,mg,USDA,0.8,equivalent,Soybeans mature cooked boiled without salt,"USDA FoodData Central, SR Legacy (04/2018), FDC ID 174271 (CC0 1.0) — glucides hors fibres et énergie recalculés (UE 1169/2011)"
ING-PLANT-SOJACUIT-000001,boiled,main,FDC174271,"Soybeans, mature cooked, boiled, without salt",VITK1,Vitamine K1 (µg/100 g),19.2,µg,USDA,0.8,equivalent,Soybeans mature cooked boiled without salt,"USDA FoodData Central, SR Legacy (04/2018), FDC ID 174271 (CC0 1.0) — glucides hors fibres et énergie recalculés (UE 1169/2011)"
ING-PLANT-SOJACUIT-000001,boiled,main,FDC174271,"Soybeans, mature cooked, boiled, without salt",CHOAVL,Glucides (g/100 g),2.36,g,USDA,0.8,equivalent,Soybeans mature cooked boiled without salt,"USDA FoodData Central, SR Legacy (04/2018), FDC ID 174271 (CC0 1.0) — glucides hors fibres et énergie recalculés (UE 1169/2011)"
ING-PLANT-SOJACUIT-000001,boiled,main,FDC174271,"Soybeans, mature cooked, boiled, without salt",SALT,Sel chlorure de sodium (g/100 g),0.003,g,USDA,0.8,equivalent,Soybeans mature cooked boiled without salt,"USDA FoodData Central, SR Legacy (04/2018), FDC ID 174271 (CC0 1.0) — glucides hors fibres et énergie recalculés (UE 1169/2011)"
ING-PLANT-SOJACUIT-000001,boiled,main,FDC174271,"Soybeans, mature cooked, boiled, without salt",ENERCKCAL,"Energie, Règlement UE N° 1169/2011 (kcal/100 g)",175.01,kcal,USDA,0.8,equivalent,Soybeans mature cooked boiled without salt,"USDA FoodData Central, SR Legacy (04/2018), FDC ID 174271 (CC0 1.0) — glucides hors fibres et énergie recalculés (UE 1169/2011)"
ING-PLANT-SOJACUIT-000001,boiled,main,FDC174271,"Soybeans, mature cooked, boiled, without salt",ENERC,"Energie, Règlement UE N° 1169/2011 (kJ/100 g)",729.58,kJ,USDA,0.8,equivalent,Soybeans mature cooked boiled without salt,"USDA FoodData Central, SR Legacy (04/2018), FDC ID 174271 (CC0 1.0) — glucides hors fibres et énergie recalculés (UE 1169/2011)"
ING-PLANT-LUPINCUIT-000001,boiled,main,FDC172424,"Lupins, mature seeds, cooked, boiled, without salt",WATER,Eau (g/100 g),71.08,g,USDA,0.8,equivalent,Lupins mature seeds cooked boiled without salt,"USDA FoodData Central, SR Legacy (04/2018), FDC ID 172424 (CC0 1.0) — glucides hors fibres et énergie recalculés (UE 1169/2011)"
ING-PLANT-LUPINCUIT-000001,boiled,main,FDC172424,"Lupins, mature seeds, cooked, boiled, without salt",ASH,Cendres (g/100 g),0.55,g,USDA,0.8,equivalent,Lupins mature seeds cooked boiled without salt,"USDA FoodData Central, SR Legacy (04/2018), FDC ID 172424 (CC0 1.0) — glucides hors fibres et énergie recalculés (UE 1169/2011)"
ING-PLANT-LUPINCUIT-000001,boiled,main,FDC172424,"Lupins, mature seeds, cooked, boiled, without salt",PROCNT,"Protéines, N x 6.25 (g/100 g)",15.57,g,USDA,0.8,equivalent,Lupins mature seeds cooked boiled without salt,"USDA FoodData Central, SR Legacy (04/2018), FDC ID 172424 (CC0 1.0) — glucides hors fibres et énergie recalculés (UE 1169/2011)"
ING-PLANT-LUPINCUIT-000001,boiled,main,FDC172424,"Lupins, mature seeds, cooked, boiled, without salt",FAT,Lipides (g/100 g),2.92,g,USDA,0.8,equivalent,Lupins mature seeds cooked boiled without salt,"USDA FoodData Central, SR Legacy (04/2018), FDC ID 172424 (CC0 1.0) — glucides hors fibres et énergie recalculés (UE 1169/2011)"
ING-PLANT-LUPINCUIT-000001,boiled,main,FDC172424,"Lupins, mature seeds, cooked, boiled, without salt",FIB-,Fibres alimentaires (g/100 g),2.8,g,USDA,0.8,equivalent,Lupins mature seeds cooked boiled without salt,"USDA FoodData Central, SR Legacy (04/2018), FDC ID 172424 (CC0 1.0) — glucides hors fibres et énergie recalculés (UE 1169/2011)"
ING-PLANT-LUPINCUIT-000001,boiled,main,FDC172424,"Lupins, mature seeds, cooked, boiled, without salt",FASAT,AG saturés (g/100 g),0.346,g,USDA,0.8,equivalent,Lupins mature seeds cooked boiled without salt,"USDA FoodData Central, SR Legacy (04/2018), FDC ID 172424 (CC0 1.0) — glucides hors fibres et énergie recalculés (UE 1169/2011)"
ING-PLANT-LUPINCUIT-000001,boiled,main,FDC172424,"Lupins, mature seeds, cooked, boiled, without salt",FAMS,AG monoinsaturés (g/100 g),1.18,g,USDA,0.8,equivalent,Lupins mature seeds cooked boiled without salt,"USDA FoodData Central, SR Legacy (04/2018), FDC ID 172424 (CC0 1.0) — glucides hors fibres et énergie recalculés (UE 1169/2011)"
ING-PLANT-LUPINCUIT-000001,boiled,main,FDC172424,"Lupins, mature seeds, cooked, boiled, without salt",FAPU,AG polyinsaturés (g/100 g),0.73,g,USDA,0.8,equivalent,Lupins mature seeds cooked boiled without salt,"USDA FoodData Central, SR Legacy (04/2018), FDC ID 172424 (CC0 1.0) — glucides hors fibres et énergie recalculés (UE 1169/2011)"
ING-PLANT-LUPINCUIT-000001,boiled,main,FDC172424,"Lupins, mature seeds, cooked, boiled, without salt",CHOL-,Cholestérol (mg/100 g),0.0,mg,USDA,0.8,equivalent,Lupins mature seeds cooked boiled without salt,"USDA FoodData Central, SR Legacy (04/2018), FDC ID 172424 (CC0 1.0) — glucides hors fibres et énergie recalculés (UE 1169/2011)"
ING-PLANT-LUPINCUIT-000001,boiled,main,FDC172424,"Lupins, mature seeds, cooked, boiled, without salt",NA,Sodium (mg/100 g),4.0,mg,USDA,0.8,equivalent,Lupins mature seeds cooked boiled without salt,"USDA FoodData Central, SR Legacy (04/2018), FDC ID 172424 (CC0 1.0) — glucides hors fibres et énergie recalculés (UE 1169/2011)"
ING-PLANT-LUPINCUIT-000001,boiled,main,FDC172424,"Lupins, mature seeds, cooked, boiled, without salt",CA,Calcium (mg/100 g),51.0,mg,USDA,0.8,equivalent,Lupins mature seeds cooked boiled without salt,"USDA FoodData Central, SR Legacy (04/2018), FDC ID 172424 (CC0 1.0) — glucides hors fibres et énergie recalculés (UE 1169/2011)"
ING-PLANT-LUPINCUIT-000001,boiled,main,FDC172424,"Lupins, mature seeds, cooked, boiled, without salt",FE,Fer (mg/100 g),1.2,mg,USDA,0.8,equivalent,Lupins mature seeds cooked boiled without salt,"USDA FoodData Central, SR Legacy (04/2018), FDC ID 172424 (CC0 1.0) — glucides hors fibres et énergie recalculés (UE 1169/2011)"
ING-PLANT-LUPINCUIT-000001,boiled,main,FDC172424,"Lupins, mature seeds, cooked, boiled, without salt",MG,Magnésium (mg/100 g),54.0,mg,USDA,0.8,equivalent,Lupins mature seeds cooked boiled without salt,"USDA FoodData Central, SR Legacy (04/2018), FDC ID 172424 (CC0 1.0) — glucides hors fibres et énergie recalculés (UE 1169/2011)"
ING-PLANT-LUPINCUIT-000001,boiled,main,FDC172424,"Lupins, mature seeds, cooked, boiled, without salt",P,Phosphore (mg/100 g),128.0,mg,USDA,0.8,equivalent,Lupins mature seeds cooked boiled without salt,"USDA FoodData Central, SR Legacy (04/2018), FDC ID 172424 (CC0 1.0) — glucides hors fibres et énergie recalculés (UE 1169/2011)"
ING-PLANT-LUPINCUIT-000001,boiled,main,FDC172424,"Lupins, mature seeds, cooked, boiled, without salt",K,Potassium (mg/100 g),245.0,mg,USDA,0.8,equivalent,Lupins mature seeds cooked boiled without salt,"USDA FoodData Central, SR Legacy (04/2018), FDC ID 172424 (CC0 1.0) — glucides hors fibres et énergie recalculés (UE 1169/2011)"
ING-PLANT-LUPINCUIT-000001,boiled,main,FDC172424,"Lupins, mature seeds, cooked, boiled, without salt",ZN,Zinc (mg/100 g),1.38,mg,USDA,0.8,equivalent,Lupins mature seeds cooked boiled without salt,"USDA FoodData Central, SR Legacy (04/2018), FDC ID 172424 (CC0 1.0) — glucides hors fibres et énergie recalculés (UE 1169/2011)"
ING-PLANT-LUPINCUIT-000001,boiled,main,FDC172424,"Lupins, mature seeds, cooked, boiled, without salt",CU,Cuivre (mg/100 g),0.231,mg,USDA,0.8,equivalent,Lupins mature seeds cooked boiled without salt,"USDA FoodData Central, SR Legacy (04/2018), FDC ID 172424 (CC0 1.0) — glucides hors fibres et énergie recalculés (UE 1169/2011)"
ING-PLANT-LUPINCUIT-000001,boiled,main,FDC172424,"Lupins, mature seeds, cooked, boiled, without salt",MN,Manganèse (mg/100 g),0.676,mg,USDA,0.8,equivalent,Lupins mature seeds cooked boiled without salt,"USDA FoodData Central, SR Legacy (04/2018), FDC ID 172424 (CC0 1.0) — glucides hors fibres et énergie recalculés (UE 1169/2011)"
ING-PLANT-LUPINCUIT-000001,boiled,main,FDC172424,"Lupins, mature seeds, cooked, boiled, without salt",SE,Sélénium (µg/100 g),2.6,µg,USDA,0.8,equivalent,Lupins mature seeds cooked boiled without salt,"USDA FoodData Central, SR Legacy (04/2018), FDC ID 172424 (CC0 1.0) — glucides hors fibres et énergie recalculés (UE 1169/2011)"
ING-PLANT-LUPINCUIT-000001,boiled,main,FDC172424,"Lupins, mature seeds, cooked, boiled, without salt",RAE,"Activité vitaminique A, équivalents rétinol (µg/100 g)",0.0,µg,USDA,0.8,equivalent,Lupins mature seeds cooked boiled without salt,"USDA FoodData Central, SR Legacy (04/2018), FDC ID 172424 (CC0 1.0) — glucides hors fibres et énergie recalculés (UE 1169/2011)"
ING-PLANT-LUPINCUIT-000001,boiled,main,FDC172424,"Lupins, mature seeds, cooked, boiled, without salt",RETOL,Rétinol (µg/100 g),0.0,µg,USDA,0.8,equivalent,Lupins mature seeds cooked boiled without salt,"USDA FoodData Central, SR Legacy (04/2018), FDC ID 172424 (CC0 1.0) — glucides hors fibres et énergie recalculés (UE 1169/2011)"
ING-PLANT-LUPINCUIT-000001,boiled,main,FDC172424,"Lupins, mature seeds, cooked, boiled, without salt",VITD-,Vitamine D (µg/100 g),0.0,µg,USDA,0.8,equivalent,Lupins mature seeds cooked boiled without salt,"USDA FoodData Central, SR Legacy (04/2018), FDC ID 172424 (CC0 1.0) — glucides hors fibres et énergie recalculés (UE 1169/2011)"
ING-PLANT-LUPINCUIT-000001,boiled,main,FDC172424,"Lupins, mature seeds, cooked, boiled, without salt",VITC,Vitamine C (mg/100 g),1.1,mg,USDA,0.8,equivalent,Lupins mature seeds cooked boiled without salt,"USDA FoodData Central, SR Legacy (04/2018), FDC ID 172424 (CC0 1.0) — glucides hors fibres et énergie recalculés (UE 1169/2011)"
ING-PLANT-LUPINCUIT-000001,boiled,main,FDC172424,"Lupins, mature seeds, cooked, boiled, without salt",THIA,Vitamine B1 ou Thiamine (mg/100 g),0.134,mg,USDA,0.8,equivalent,Lupins mature seeds cooked boiled without salt,"USDA FoodData Central, SR Legacy (04/2018), FDC ID 172424 (CC0 1.0) — glucides hors fibres et énergie recalculés (UE 1169/2011)"
ING-PLANT-LUPINCUIT-000001,boiled,main,FDC172424,"Lupins, mature seeds, cooked, boiled, without salt",RIBF,Vitamine B2 ou Riboflavine (mg/100 g),0.053,mg,USDA,0.8,equivalent,Lupins mature seeds cooked boiled without salt,"USDA FoodData Central, SR Legacy (04/2018), FDC ID 172424 (CC0 1.0) — glucides hors fibres et énergie recalculés (UE 1169/2011)"
ING-PLANT-LUPINCUIT-000001,boiled,main,FDC172424,"Lupins, mature seeds, cooked, boiled, without salt",NIA,Vitamine B3 ou PP ou Niacine (mg/100 g),0.495,mg,USDA,0.8,equivalent,Lupins mature seeds cooked boiled without salt,"USDA FoodData Central, SR Legacy (04/2018), FDC ID 172424 (CC0 1.0) — glucides hors fibres et énergie recalculés (UE 1169/2011)"
ING-PLANT-LUPINCUIT-000001,boiled,main,FDC172424,"Lupins, mature seeds, cooked, boiled, without salt",PANTAC,Vitamine B5 ou Acide pantothénique (mg/100 g),0.188,mg,USDA,0.8,equivalent,Lupins mature seeds cooked boiled without salt,"USDA FoodData Central, SR Legacy (04/2018), FDC ID 172424 (CC0 1.0) — glucides hors fibres et énergie recalculés (UE 1169/2011)"
ING-PLANT-LUPINCUIT-000001,boiled,main,FDC172424,"Lupins, mature seeds, cooked, boiled, without salt",VITB6-,Vitamine B6 (mg/100 g),0.009,mg,USDA,0.8,equivalent,Lupins mature seeds cooked boiled without salt,"USDA FoodData Central, SR Legacy (04/2018), FDC ID 172424 (CC0 1.0) — glucides hors fibres et énergie recalculés (UE 1169/2011)"
ING-PLANT-LUPINCUIT-000001,boiled,main,FDC172424,"Lupins, mature seeds, cooked, boiled, without salt",VITB12,Vitamine B12 (µg/100 g),0.0,µg,USDA,0.8,equivalent,Lupins mature seeds cooked boiled without salt,"USDA FoodData Central, SR Legacy (04/2018), FDC ID 172424 (CC0 1.0) — glucides hors fibres et énergie recalculés (UE 1169/2011)"
ING-PLANT-LUPINCUIT-000001,boiled,main,FDC172424,"Lupins, mature seeds, cooked, boiled, without salt",FOL,Vitamine B9 ou Folates totaux (µg/100 g),59.0,µg,USDA,0.8,equivalent,Lupins mature seeds cooked boiled without salt,"USDA FoodData Central, SR Legacy (04/2018), FDC ID 172424 (CC0 1.0) — glucides hors fibres et énergie recalculés (UE 1169/2011)"
ING-PLANT-LUPINCUIT-000001,boiled,main,FDC172424,"Lupins, mature seeds, cooked, boiled, without salt",FOLAC,Acide folique (enrichissement) (µg/100 g),0.0,µg,USDA,0.8,equivalent,Lupins mature seeds cooked boiled without salt,"USDA FoodData Central, SR Legacy (04/2018), FDC ID 172424 (CC0 1.0) — glucides hors fibres et énergie recalculés (UE 1169/2011)"
ING-PLANT-LUPINCUIT-000001,boiled,main,FDC172424,"Lupins, mature seeds, cooked, boiled, without salt",FOLFD,Folates intrinsèques (µg/100 g),59.0,µg,USDA,0.8,equivalent,Lupins mature seeds cooked boiled without salt,"USDA FoodData Central, SR Legacy (04/2018), FDC ID 172424 (CC0 1.0) — glucides hors fibres et énergie recalculés (UE 1169/2011)"
ING-PLANT-LUPINCUIT-000001,boiled,main,FDC172424,"Lupins, mature seeds, cooked, boiled, without salt",FOLDFE,"Vitamine B9 ou Folates totaux, équivalents folates alimentaires, DFE (µg/100 g)",59.0,µg,USDA,0.8,equivalent,Lupins mature seeds cooked boiled without salt,"USDA FoodData Central, SR Legacy (04/2018), FDC ID 172424 (CC0 1.0) — glucides hors fibres et énergie recalculés (UE 1169/2011)"
ING-PLANT-LUPINCUIT-000001,boiled,main,FDC172424,"Lupins, mature seeds, cooked, boiled, without salt",CHOAVL,Glucides (g/100 g),7.08,g,USDA,0.8,equivalent,Lupins mature seeds cooked boiled without salt,"USDA FoodData Central, SR Legacy (04/2018), FDC ID 172424 (CC0 1.0) — glucides hors fibres et énergie recalculés (UE 1169/2011)"
ING-PLANT-LUPINCUIT-000001,boiled,main,FDC172424,"Lupins, mature seeds, cooked, boiled, without salt",SALT,Sel chlorure de sodium (g/100 g),0.01,g,USDA,0.8,equivalent,Lupins mature seeds cooked boiled without salt,"USDA FoodData Central, SR Legacy (04/2018), FDC ID 172424 (CC0 1.0) — glucides hors fibres et énergie recalculés (UE 1169/2011)"
ING-PLANT-LUPINCUIT-000001,boiled,main,FDC172424,"Lupins, mature seeds, cooked, boiled, without salt",ENERCKCAL,"Energie, Règlement UE N° 1169/2011 (kcal/100 g)",122.48,kcal,USDA,0.8,equivalent,Lupins mature seeds cooked boiled without salt,"USDA FoodData Central, SR Legacy (04/2018), FDC ID 172424 (CC0 1.0) — glucides hors fibres et énergie recalculés (UE 1169/2011)"
ING-PLANT-LUPINCUIT-000001,boiled,main,FDC172424,"Lupins, mature seeds, cooked, boiled, without salt",ENERC,"Energie, Règlement UE N° 1169/2011 (kJ/100 g)",515.49,kJ,USDA,0.8,equivalent,Lupins mature seeds cooked boiled without salt,"USDA FoodData Central, SR Legacy (04/2018), FDC ID 172424 (CC0 1.0) — glucides hors fibres et énergie recalculés (UE 1169/2011)"
ING-PLANT-BLTENDRE-000001,raw,main,FDC169720,"Wheat, soft white",WATER,Eau (g/100 g),10.42,g,USDA,0.8,equivalent,Wheat soft white (blé tendre),"USDA FoodData Central, SR Legacy (04/2018), FDC ID 169720 (CC0 1.0) — glucides hors fibres et énergie recalculés (UE 1169/2011)"
ING-PLANT-BLTENDRE-000001,raw,main,FDC169720,"Wheat, soft white",ASH,Cendres (g/100 g),1.54,g,USDA,0.8,equivalent,Wheat soft white (blé tendre),"USDA FoodData Central, SR Legacy (04/2018), FDC ID 169720 (CC0 1.0) — glucides hors fibres et énergie recalculés (UE 1169/2011)"
ING-PLANT-BLTENDRE-000001,raw,main,FDC169720,"Wheat, soft white",PROCNT,"Protéines, N x 6.25 (g/100 g)",10.69,g,USDA,0.8,equivalent,Wheat soft white (blé tendre),"USDA FoodData Central, SR Legacy (04/2018), FDC ID 169720 (CC0 1.0) — glucides hors fibres et énergie recalculés (UE 1169/2011)"
ING-PLANT-BLTENDRE-000001,raw,main,FDC169720,"Wheat, soft white",FAT,Lipides (g/100 g),1.99,g,USDA,0.8,equivalent,Wheat soft white (blé tendre),"USDA FoodData Central, SR Legacy (04/2018), FDC ID 169720 (CC0 1.0) — glucides hors fibres et énergie recalculés (UE 1169/2011)"
ING-PLANT-BLTENDRE-000001,raw,main,FDC169720,"Wheat, soft white",FIB-,Fibres alimentaires (g/100 g),12.7,g,USDA,0.8,equivalent,Wheat soft white (blé tendre),"USDA FoodData Central, SR Legacy (04/2018), FDC ID 169720 (CC0 1.0) — glucides hors fibres et énergie recalculés (UE 1169/2011)"
ING-PLANT-BLTENDRE-000001,raw,main,FDC169720,"Wheat, soft white",SUGAR,Sucres (g/100 g),0.41,g,USDA,0.8,equivalent,Wheat soft white (blé tendre),"USDA FoodData Central, SR Legacy (04/2018), FDC ID 169720 (CC0 1.0) — glucides hors fibres et énergie recalculés (UE 1169/2011)"
ING-PLANT-BLTENDRE-000001,raw,main,FDC169720,"Wheat, soft white",ALC,Alcool (éthanol) (g/100 g),0.0,g,USDA,0.8,equivalent,Wheat soft white (blé tendre),"USDA FoodData Central, SR Legacy (04/2018), FDC ID 169720 (CC0 1.0) — glucides hors fibres et énergie recalculés (UE 1169/2011)"
ING-PLANT-BLTENDRE-000001,raw,main,FDC169720,"Wheat, soft white",FASAT,AG saturés (g/100 g),0.368,g,USDA,0.8,equivalent,Wheat soft white (blé tendre),"USDA FoodData Central, SR Legacy (04/2018), FDC ID 169720 (CC0 1.0) — glucides hors fibres et énergie recalculés (UE 1169/2011)"
ING-PLANT-BLTENDRE-000001,raw,main,FDC169720,"Wheat, soft white",FAMS,AG monoinsaturés (g/100 g),0.227,g,USDA,0.8,equivalent,Wheat soft white (blé tendre),"USDA FoodData Central, SR Legacy (04/2018), FDC ID 169720 (CC0 1.0) — glucides hors fibres et énergie recalculés (UE 1169/2011)"
ING-PLANT-BLTENDRE-000001,raw,main,FDC169720,"Wheat, soft white",FAPU,AG polyinsaturés (g/100 g),0.837,g,USDA,0.8,equivalent,Wheat soft white (blé tendre),"USDA FoodData Central, SR Legacy (04/2018), FDC ID 169720 (CC0 1.0) — glucides hors fibres et énergie recalculés (UE 1169/2011)"
ING-PLANT-BLTENDRE-000001,raw,main,FDC169720,"Wheat, soft white",CHOL-,Cholestérol (mg/100 g),0.0,mg,USDA,0.8,equivalent,Wheat soft white (blé tendre),"USDA FoodData Central, SR Legacy (04/2018), FDC ID 169720 (CC0 1.0) — glucides hors fibres et énergie recalculés (UE 1169/2011)"
ING-PLANT-BLTENDRE-000001,raw,main,FDC169720,"Wheat, soft white",NA,Sodium (mg/100 g),2.0,mg,USDA,0.8,equivalent,Wheat soft white (blé tendre),"USDA FoodData Central, SR Legacy (04/2018), FDC ID 169720 (CC0 1.0) — glucides hors fibres et énergie recalculés (UE 1169/2011)"
ING-PLANT-BLTENDRE-000001,raw,main,FDC169720,"Wheat, soft white",CA,Calcium (mg/100 g),34.0,mg,USDA,0.8,equivalent,Wheat soft white (blé tendre),"USDA FoodData Central, SR Legacy (04/2018), FDC ID 169720 (CC0 1.0) — glucides hors fibres et énergie recalculés (UE 1169/2011)"
ING-PLANT-BLTENDRE-000001,raw,main,FDC169720,"Wheat, soft white",FE,Fer (mg/100 g),5.37,mg,USDA,0.8,equivalent,Wheat soft white (blé tendre),"USDA FoodData Central, SR Legacy (04/2018), FDC ID 169720 (CC0 1.0) — glucides hors fibres et énergie recalculés (UE 1169/2011)"
ING-PLANT-BLTENDRE-000001,raw,main,FDC169720,"Wheat, soft white",MG,Magnésium (mg/100 g),90.0,mg,USDA,0.8,equivalent,Wheat soft white (blé tendre),"USDA FoodData Central, SR Legacy (04/2018), FDC ID 169720 (CC0 1.0) — glucides hors fibres et énergie recalculés (UE 1169/2011)"
ING-PLANT-BLTENDRE-000001,raw,main,FDC169720,"Wheat, soft white",P,Phosphore (mg/100 g),402.0,mg,USDA,0.8,equivalent,Wheat soft white (blé tendre),"USDA FoodData Central, SR Legacy (04/2018), FDC ID 169720 (CC0 1.0) — glucides hors fibres et énergie recalculés (UE 1169/2011)"
ING-PLANT-BLTENDRE-000001,raw,main,FDC169720,"Wheat, soft white",K,Potassium (mg/100 g),435.0,mg,USDA,0.8,equivalent,Wheat soft white (blé tendre),"USDA FoodData Central, SR Legacy (04/2018), FDC ID 169720 (CC0 1.0) — glucides hors fibres et énergie recalculés (UE 1169/2011)"
ING-PLANT-BLTENDRE-000001,raw,main,FDC169720,"Wheat, soft white",ZN,Zinc (mg/100 g),3.46,mg,USDA,0.8,equivalent,Wheat soft white (blé tendre),"USDA FoodData Central, SR Legacy (04/2018), FDC ID 169720 (CC0 1.0) — glucides hors fibres et énergie recalculés (UE 1169/2011)"
ING-PLANT-BLTENDRE-000001,raw,main,FDC169720,"Wheat, soft white",CU,Cuivre (mg/100 g),0.426,mg,USDA,0.8,equivalent,Wheat soft white (blé tendre),"USDA FoodData Central, SR Legacy (04/2018), FDC ID 169720 (CC0 1.0) — glucides hors fibres et énergie recalculés (UE 1169/2011)"
ING-PLANT-BLTENDRE-000001,raw,main,FDC169720,"Wheat, soft white",MN,Manganèse (mg/100 g),3.406,mg,USDA,0.8,equivalent,Wheat soft white (blé tendre),"USDA FoodData Central, SR Legacy (04/2018), FDC ID 169720 (CC0 1.0) — glucides hors fibres et énergie recalculés (UE 1169/2011)"
ING-PLANT-BLTENDRE-000001,raw,main,FDC169720,"Wheat, soft white",RAE,"Activité vitaminique A, équivalents rétinol (µg/100 g)",0.0,µg,USDA,0.8,equivalent,Wheat soft white (blé tendre),"USDA FoodData Central, SR Legacy (04/2018), FDC ID 169720 (CC0 1.0) — glucides hors fibres et énergie recalculés (UE 1169/2011)"
ING-PLANT-BLTENDRE-000001,raw,main,FDC169720,"Wheat, soft white",RETOL,Rétinol (µg/100 g),0.0,µg,USDA,0.8,equivalent,Wheat soft white (blé tendre),"USDA FoodData Central, SR Legacy (04/2018), FDC ID 169720 (CC0 1.0) — glucides hors fibres et énergie recalculés (UE 1169/2011)"
ING-PLANT-BLTENDRE-000001,raw,main,FDC169720,"Wheat, soft white",CARTB,Beta-Carotène (µg/100 g),5.0,µg,USDA,0.8,equivalent,Wheat soft white (blé tendre),"USDA FoodData Central, SR Legacy (04/2018), FDC ID 169720 (CC0 1.0) — glucides hors fibres et énergie recalculés (UE 1169/2011)"
ING-PLANT-BLTENDRE-000001,raw,main,FDC169720,"Wheat, soft white",VITD-,Vitamine D (µg/100 g),0.0,µg,USDA,0.8,equivalent,Wheat soft white (blé tendre),"USDA FoodData Central, SR Legacy (04/2018), FDC ID 169720 (CC0 1.0) — glucides hors fibres et énergie recalculés (UE 1169/2011)"
ING-PLANT-BLTENDRE-000001,raw,main,FDC169720,"Wheat, soft white",VITC,Vitamine C (mg/100 g),0.0,mg,USDA,0.8,equivalent,Wheat soft white (blé tendre),"USDA FoodData Central, SR Legacy (04/2018), FDC ID 169720 (CC0 1.0) — glucides hors fibres et énergie recalculés (UE 1169/2011)"
ING-PLANT-BLTENDRE-000001,raw,main,FDC169720,"Wheat, soft white",THIA,Vitamine B1 ou Thiamine (mg/100 g),0.41,mg,USDA,0.8,equivalent,Wheat soft white (blé tendre),"USDA FoodData Central, SR Legacy (04/2018), FDC ID 169720 (CC0 1.0) — glucides hors fibres et énergie recalculés (UE 1169/2011)"
ING-PLANT-BLTENDRE-000001,raw,main,FDC169720,"Wheat, soft white",RIBF,Vitamine B2 ou Riboflavine (mg/100 g),0.107,mg,USDA,0.8,equivalent,Wheat soft white (blé tendre),"USDA FoodData Central, SR Legacy (04/2018), FDC ID 169720 (CC0 1.0) — glucides hors fibres et énergie recalculés (UE 1169/2011)"
ING-PLANT-BLTENDRE-000001,raw,main,FDC169720,"Wheat, soft white",NIA,Vitamine B3 ou PP ou Niacine (mg/100 g),4.766,mg,USDA,0.8,equivalent,Wheat soft white (blé tendre),"USDA FoodData Central, SR Legacy (04/2018), FDC ID 169720 (CC0 1.0) — glucides hors fibres et énergie recalculés (UE 1169/2011)"
ING-PLANT-BLTENDRE-000001,raw,main,FDC169720,"Wheat, soft white",PANTAC,Vitamine B5 ou Acide pantothénique (mg/100 g),0.85,mg,USDA,0.8,equivalent,Wheat soft white (blé tendre),"USDA FoodData Central, SR Legacy (04/2018), FDC ID 169720 (CC0 1.0) — glucides hors fibres et énergie recalculés (UE 1169/2011)"
ING-PLANT-BLTENDRE-000001,raw,main,FDC169720,"Wheat, soft white",VITB6-,Vitamine B6 (mg/100 g),0.378,mg,USDA,0.8,equivalent,Wheat soft white (blé tendre),"USDA FoodData Central, SR Legacy (04/2018), FDC ID 169720 (CC0 1.0) — glucides hors fibres et énergie recalculés (UE 1169/2011)"
ING-PLANT-BLTENDRE-000001,raw,main,FDC169720,"Wheat, soft white",VITB12,Vitamine B12 (µg/100 g),0.0,µg,USDA,0.8,equivalent,Wheat soft white (blé tendre),"USDA FoodData Central, SR Legacy (04/2018), FDC ID 169720 (CC0 1.0) — glucides hors fibres et énergie recalculés (UE 1169/2011)"
ING-PLANT-BLTENDRE-000001,raw,main,FDC169720,"Wheat, soft white",FOL,Vitamine B9 ou Folates totaux (µg/100 g),41.0,µg,USDA,0.8,equivalent,Wheat soft white (blé tendre),"USDA FoodData Central, SR Legacy (04/2018), FDC ID 169720 (CC0 1.0) — glucides hors fibres et énergie recalculés (UE 1169/2011)"
ING-PLANT-BLTENDRE-000001,raw,main,FDC169720,"Wheat, soft white",FOLAC,Acide folique (enrichissement) (µg/100 g),0.0,µg,USDA,0.8,equivalent,Wheat soft white (blé tendre),"USDA FoodData Central, SR Legacy (04/2018), FDC ID 169720 (CC0 1.0) — glucides hors fibres et énergie recalculés (UE 1169/2011)"
ING-PLANT-BLTENDRE-000001,raw,main,FDC169720,"Wheat, soft white",FOLFD,Folates intrinsèques (µg/100 g),41.0,µg,USDA,0.8,equivalent,Wheat soft white (blé tendre),"USDA FoodData Central, SR Legacy (04/2018), FDC ID 169720 (CC0 1.0) — glucides hors fibres et énergie recalculés (UE 1169/2011)"
ING-PLANT-BLTENDRE-000001,raw,main,FDC169720,"Wheat, soft white",FOLDFE,"Vitamine B9 ou Folates totaux, équivalents folates alimentaires, DFE (µg/100 g)",41.0,µg,USDA,0.8,equivalent,Wheat soft white (blé tendre),"USDA FoodData Central, SR Legacy (04/2018), FDC ID 169720 (CC0 1.0) — glucides hors fibres et énergie recalculés (UE 1169/2011)"
ING-PLANT-BLTENDRE-000001,raw,main,FDC169720,"Wheat, soft white",TOCPHA,Alpha-tocophérol (vitamine E) (mg/100 g),1.01,mg,USDA,0.8,equivalent,Wheat soft white (blé tendre),"USDA FoodData Central, SR Legacy (04/2018), FDC ID 169720 (CC0 1.0) — glucides hors fibres et énergie recalculés (UE 1169/2011)"
ING-PLANT-BLTENDRE-000001,raw,main,FDC169720,"Wheat, soft white",VITK1,Vitamine K1 (µg/100 g),1.9,µg,USDA,0.8,equivalent,Wheat soft white (blé tendre),"USDA FoodData Central, SR Legacy (04/2018), FDC ID 169720 (CC0 1.0) — glucides hors fibres et énergie recalculés (UE 1169/2011)"
ING-PLANT-BLTENDRE-000001,raw,main,FDC169720,"Wheat, soft white",CHOAVL,Glucides (g/100 g),62.66,g,USDA,0.8,equivalent,Wheat soft white (blé tendre),"USDA FoodData Central, SR Legacy (04/2018), FDC ID 169720 (CC0 1.0) — glucides hors fibres et énergie recalculés (UE 1169/2011)"
ING-PLANT-BLTENDRE-000001,raw,main,FDC169720,"Wheat, soft white",SALT,Sel chlorure de sodium (g/100 g),0.005,g,USDA,0.8,equivalent,Wheat soft white (blé tendre),"USDA FoodData Central, SR Legacy (04/2018), FDC ID 169720 (CC0 1.0) — glucides hors fibres et énergie recalculés (UE 1169/2011)"
ING-PLANT-BLTENDRE-000001,raw,main,FDC169720,"Wheat, soft white",ENERCKCAL,"Energie, Règlement UE N° 1169/2011 (kcal/100 g)",336.71,kcal,USDA,0.8,equivalent,Wheat soft white (blé tendre),"USDA FoodData Central, SR Legacy (04/2018), FDC ID 169720 (CC0 1.0) — glucides hors fibres et énergie recalculés (UE 1169/2011)"
ING-PLANT-BLTENDRE-000001,raw,main,FDC169720,"Wheat, soft white",ENERC,"Energie, Règlement UE N° 1169/2011 (kJ/100 g)",1422.18,kJ,USDA,0.8,equivalent,Wheat soft white (blé tendre),"USDA FoodData Central, SR Legacy (04/2018), FDC ID 169720 (CC0 1.0) — glucides hors fibres et énergie recalculés (UE 1169/2011)"
ING-TECH-FLOCONSDEBLT-000001,raw,main,FDC169720,"Wheat, soft white",WATER,Eau (g/100 g),10.42,g,USDA,0.8,proxy,grain de blé tendre (les flocons sont du grain aplati),"USDA FoodData Central, SR Legacy (04/2018), FDC ID 169720 (CC0 1.0) — glucides hors fibres et énergie recalculés (UE 1169/2011)"
ING-TECH-FLOCONSDEBLT-000001,raw,main,FDC169720,"Wheat, soft white",ASH,Cendres (g/100 g),1.54,g,USDA,0.8,proxy,grain de blé tendre (les flocons sont du grain aplati),"USDA FoodData Central, SR Legacy (04/2018), FDC ID 169720 (CC0 1.0) — glucides hors fibres et énergie recalculés (UE 1169/2011)"
ING-TECH-FLOCONSDEBLT-000001,raw,main,FDC169720,"Wheat, soft white",PROCNT,"Protéines, N x 6.25 (g/100 g)",10.69,g,USDA,0.8,proxy,grain de blé tendre (les flocons sont du grain aplati),"USDA FoodData Central, SR Legacy (04/2018), FDC ID 169720 (CC0 1.0) — glucides hors fibres et énergie recalculés (UE 1169/2011)"
ING-TECH-FLOCONSDEBLT-000001,raw,main,FDC169720,"Wheat, soft white",FAT,Lipides (g/100 g),1.99,g,USDA,0.8,proxy,grain de blé tendre (les flocons sont du grain aplati),"USDA FoodData Central, SR Legacy (04/2018), FDC ID 169720 (CC0 1.0) — glucides hors fibres et énergie recalculés (UE 1169/2011)"
ING-TECH-FLOCONSDEBLT-000001,raw,main,FDC169720,"Wheat, soft white",FIB-,Fibres alimentaires (g/100 g),12.7,g,USDA,0.8,proxy,grain de blé tendre (les flocons sont du grain aplati),"USDA FoodData Central, SR Legacy (04/2018), FDC ID 169720 (CC0 1.0) — glucides hors fibres et énergie recalculés (UE 1169/2011)"
ING-TECH-FLOCONSDEBLT-000001,raw,main,FDC169720,"Wheat, soft white",SUGAR,Sucres (g/100 g),0.41,g,USDA,0.8,proxy,grain de blé tendre (les flocons sont du grain aplati),"USDA FoodData Central, SR Legacy (04/2018), FDC ID 169720 (CC0 1.0) — glucides hors fibres et énergie recalculés (UE 1169/2011)"
ING-TECH-FLOCONSDEBLT-000001,raw,main,FDC169720,"Wheat, soft white",ALC,Alcool (éthanol) (g/100 g),0.0,g,USDA,0.8,proxy,grain de blé tendre (les flocons sont du grain aplati),"USDA FoodData Central, SR Legacy (04/2018), FDC ID 169720 (CC0 1.0) — glucides hors fibres et énergie recalculés (UE 1169/2011)"
ING-TECH-FLOCONSDEBLT-000001,raw,main,FDC169720,"Wheat, soft white",FASAT,AG saturés (g/100 g),0.368,g,USDA,0.8,proxy,grain de blé tendre (les flocons sont du grain aplati),"USDA FoodData Central, SR Legacy (04/2018), FDC ID 169720 (CC0 1.0) — glucides hors fibres et énergie recalculés (UE 1169/2011)"
ING-TECH-FLOCONSDEBLT-000001,raw,main,FDC169720,"Wheat, soft white",FAMS,AG monoinsaturés (g/100 g),0.227,g,USDA,0.8,proxy,grain de blé tendre (les flocons sont du grain aplati),"USDA FoodData Central, SR Legacy (04/2018), FDC ID 169720 (CC0 1.0) — glucides hors fibres et énergie recalculés (UE 1169/2011)"
ING-TECH-FLOCONSDEBLT-000001,raw,main,FDC169720,"Wheat, soft white",FAPU,AG polyinsaturés (g/100 g),0.837,g,USDA,0.8,proxy,grain de blé tendre (les flocons sont du grain aplati),"USDA FoodData Central, SR Legacy (04/2018), FDC ID 169720 (CC0 1.0) — glucides hors fibres et énergie recalculés (UE 1169/2011)"
ING-TECH-FLOCONSDEBLT-000001,raw,main,FDC169720,"Wheat, soft white",CHOL-,Cholestérol (mg/100 g),0.0,mg,USDA,0.8,proxy,grain de blé tendre (les flocons sont du grain aplati),"USDA FoodData Central, SR Legacy (04/2018), FDC ID 169720 (CC0 1.0) — glucides hors fibres et énergie recalculés (UE 1169/2011)"
ING-TECH-FLOCONSDEBLT-000001,raw,main,FDC169720,"Wheat, soft white",NA,Sodium (mg/100 g),2.0,mg,USDA,0.8,proxy,grain de blé tendre (les flocons sont du grain aplati),"USDA FoodData Central, SR Legacy (04/2018), FDC ID 169720 (CC0 1.0) — glucides hors fibres et énergie recalculés (UE 1169/2011)"
ING-TECH-FLOCONSDEBLT-000001,raw,main,FDC169720,"Wheat, soft white",CA,Calcium (mg/100 g),34.0,mg,USDA,0.8,proxy,grain de blé tendre (les flocons sont du grain aplati),"USDA FoodData Central, SR Legacy (04/2018), FDC ID 169720 (CC0 1.0) — glucides hors fibres et énergie recalculés (UE 1169/2011)"
ING-TECH-FLOCONSDEBLT-000001,raw,main,FDC169720,"Wheat, soft white",FE,Fer (mg/100 g),5.37,mg,USDA,0.8,proxy,grain de blé tendre (les flocons sont du grain aplati),"USDA FoodData Central, SR Legacy (04/2018), FDC ID 169720 (CC0 1.0) — glucides hors fibres et énergie recalculés (UE 1169/2011)"
ING-TECH-FLOCONSDEBLT-000001,raw,main,FDC169720,"Wheat, soft white",MG,Magnésium (mg/100 g),90.0,mg,USDA,0.8,proxy,grain de blé tendre (les flocons sont du grain aplati),"USDA FoodData Central, SR Legacy (04/2018), FDC ID 169720 (CC0 1.0) — glucides hors fibres et énergie recalculés (UE 1169/2011)"
ING-TECH-FLOCONSDEBLT-000001,raw,main,FDC169720,"Wheat, soft white",P,Phosphore (mg/100 g),402.0,mg,USDA,0.8,proxy,grain de blé tendre (les flocons sont du grain aplati),"USDA FoodData Central, SR Legacy (04/2018), FDC ID 169720 (CC0 1.0) — glucides hors fibres et énergie recalculés (UE 1169/2011)"
ING-TECH-FLOCONSDEBLT-000001,raw,main,FDC169720,"Wheat, soft white",K,Potassium (mg/100 g),435.0,mg,USDA,0.8,proxy,grain de blé tendre (les flocons sont du grain aplati),"USDA FoodData Central, SR Legacy (04/2018), FDC ID 169720 (CC0 1.0) — glucides hors fibres et énergie recalculés (UE 1169/2011)"
ING-TECH-FLOCONSDEBLT-000001,raw,main,FDC169720,"Wheat, soft white",ZN,Zinc (mg/100 g),3.46,mg,USDA,0.8,proxy,grain de blé tendre (les flocons sont du grain aplati),"USDA FoodData Central, SR Legacy (04/2018), FDC ID 169720 (CC0 1.0) — glucides hors fibres et énergie recalculés (UE 1169/2011)"
ING-TECH-FLOCONSDEBLT-000001,raw,main,FDC169720,"Wheat, soft white",CU,Cuivre (mg/100 g),0.426,mg,USDA,0.8,proxy,grain de blé tendre (les flocons sont du grain aplati),"USDA FoodData Central, SR Legacy (04/2018), FDC ID 169720 (CC0 1.0) — glucides hors fibres et énergie recalculés (UE 1169/2011)"
ING-TECH-FLOCONSDEBLT-000001,raw,main,FDC169720,"Wheat, soft white",MN,Manganèse (mg/100 g),3.406,mg,USDA,0.8,proxy,grain de blé tendre (les flocons sont du grain aplati),"USDA FoodData Central, SR Legacy (04/2018), FDC ID 169720 (CC0 1.0) — glucides hors fibres et énergie recalculés (UE 1169/2011)"
ING-TECH-FLOCONSDEBLT-000001,raw,main,FDC169720,"Wheat, soft white",RAE,"Activité vitaminique A, équivalents rétinol (µg/100 g)",0.0,µg,USDA,0.8,proxy,grain de blé tendre (les flocons sont du grain aplati),"USDA FoodData Central, SR Legacy (04/2018), FDC ID 169720 (CC0 1.0) — glucides hors fibres et énergie recalculés (UE 1169/2011)"
ING-TECH-FLOCONSDEBLT-000001,raw,main,FDC169720,"Wheat, soft white",RETOL,Rétinol (µg/100 g),0.0,µg,USDA,0.8,proxy,grain de blé tendre (les flocons sont du grain aplati),"USDA FoodData Central, SR Legacy (04/2018), FDC ID 169720 (CC0 1.0) — glucides hors fibres et énergie recalculés (UE 1169/2011)"
ING-TECH-FLOCONSDEBLT-000001,raw,main,FDC169720,"Wheat, soft white",CARTB,Beta-Carotène (µg/100 g),5.0,µg,USDA,0.8,proxy,grain de blé tendre (les flocons sont du grain aplati),"USDA FoodData Central, SR Legacy (04/2018), FDC ID 169720 (CC0 1.0) — glucides hors fibres et énergie recalculés (UE 1169/2011)"
ING-TECH-FLOCONSDEBLT-000001,raw,main,FDC169720,"Wheat, soft white",VITD-,Vitamine D (µg/100 g),0.0,µg,USDA,0.8,proxy,grain de blé tendre (les flocons sont du grain aplati),"USDA FoodData Central, SR Legacy (04/2018), FDC ID 169720 (CC0 1.0) — glucides hors fibres et énergie recalculés (UE 1169/2011)"
ING-TECH-FLOCONSDEBLT-000001,raw,main,FDC169720,"Wheat, soft white",VITC,Vitamine C (mg/100 g),0.0,mg,USDA,0.8,proxy,grain de blé tendre (les flocons sont du grain aplati),"USDA FoodData Central, SR Legacy (04/2018), FDC ID 169720 (CC0 1.0) — glucides hors fibres et énergie recalculés (UE 1169/2011)"
ING-TECH-FLOCONSDEBLT-000001,raw,main,FDC169720,"Wheat, soft white",THIA,Vitamine B1 ou Thiamine (mg/100 g),0.41,mg,USDA,0.8,proxy,grain de blé tendre (les flocons sont du grain aplati),"USDA FoodData Central, SR Legacy (04/2018), FDC ID 169720 (CC0 1.0) — glucides hors fibres et énergie recalculés (UE 1169/2011)"
ING-TECH-FLOCONSDEBLT-000001,raw,main,FDC169720,"Wheat, soft white",RIBF,Vitamine B2 ou Riboflavine (mg/100 g),0.107,mg,USDA,0.8,proxy,grain de blé tendre (les flocons sont du grain aplati),"USDA FoodData Central, SR Legacy (04/2018), FDC ID 169720 (CC0 1.0) — glucides hors fibres et énergie recalculés (UE 1169/2011)"
ING-TECH-FLOCONSDEBLT-000001,raw,main,FDC169720,"Wheat, soft white",NIA,Vitamine B3 ou PP ou Niacine (mg/100 g),4.766,mg,USDA,0.8,proxy,grain de blé tendre (les flocons sont du grain aplati),"USDA FoodData Central, SR Legacy (04/2018), FDC ID 169720 (CC0 1.0) — glucides hors fibres et énergie recalculés (UE 1169/2011)"
ING-TECH-FLOCONSDEBLT-000001,raw,main,FDC169720,"Wheat, soft white",PANTAC,Vitamine B5 ou Acide pantothénique (mg/100 g),0.85,mg,USDA,0.8,proxy,grain de blé tendre (les flocons sont du grain aplati),"USDA FoodData Central, SR Legacy (04/2018), FDC ID 169720 (CC0 1.0) — glucides hors fibres et énergie recalculés (UE 1169/2011)"
ING-TECH-FLOCONSDEBLT-000001,raw,main,FDC169720,"Wheat, soft white",VITB6-,Vitamine B6 (mg/100 g),0.378,mg,USDA,0.8,proxy,grain de blé tendre (les flocons sont du grain aplati),"USDA FoodData Central, SR Legacy (04/2018), FDC ID 169720 (CC0 1.0) — glucides hors fibres et énergie recalculés (UE 1169/2011)"
ING-TECH-FLOCONSDEBLT-000001,raw,main,FDC169720,"Wheat, soft white",VITB12,Vitamine B12 (µg/100 g),0.0,µg,USDA,0.8,proxy,grain de blé tendre (les flocons sont du grain aplati),"USDA FoodData Central, SR Legacy (04/2018), FDC ID 169720 (CC0 1.0) — glucides hors fibres et énergie recalculés (UE 1169/2011)"
ING-TECH-FLOCONSDEBLT-000001,raw,main,FDC169720,"Wheat, soft white",FOL,Vitamine B9 ou Folates totaux (µg/100 g),41.0,µg,USDA,0.8,proxy,grain de blé tendre (les flocons sont du grain aplati),"USDA FoodData Central, SR Legacy (04/2018), FDC ID 169720 (CC0 1.0) — glucides hors fibres et énergie recalculés (UE 1169/2011)"
ING-TECH-FLOCONSDEBLT-000001,raw,main,FDC169720,"Wheat, soft white",FOLAC,Acide folique (enrichissement) (µg/100 g),0.0,µg,USDA,0.8,proxy,grain de blé tendre (les flocons sont du grain aplati),"USDA FoodData Central, SR Legacy (04/2018), FDC ID 169720 (CC0 1.0) — glucides hors fibres et énergie recalculés (UE 1169/2011)"
ING-TECH-FLOCONSDEBLT-000001,raw,main,FDC169720,"Wheat, soft white",FOLFD,Folates intrinsèques (µg/100 g),41.0,µg,USDA,0.8,proxy,grain de blé tendre (les flocons sont du grain aplati),"USDA FoodData Central, SR Legacy (04/2018), FDC ID 169720 (CC0 1.0) — glucides hors fibres et énergie recalculés (UE 1169/2011)"
ING-TECH-FLOCONSDEBLT-000001,raw,main,FDC169720,"Wheat, soft white",FOLDFE,"Vitamine B9 ou Folates totaux, équivalents folates alimentaires, DFE (µg/100 g)",41.0,µg,USDA,0.8,proxy,grain de blé tendre (les flocons sont du grain aplati),"USDA FoodData Central, SR Legacy (04/2018), FDC ID 169720 (CC0 1.0) — glucides hors fibres et énergie recalculés (UE 1169/2011)"
ING-TECH-FLOCONSDEBLT-000001,raw,main,FDC169720,"Wheat, soft white",TOCPHA,Alpha-tocophérol (vitamine E) (mg/100 g),1.01,mg,USDA,0.8,proxy,grain de blé tendre (les flocons sont du grain aplati),"USDA FoodData Central, SR Legacy (04/2018), FDC ID 169720 (CC0 1.0) — glucides hors fibres et énergie recalculés (UE 1169/2011)"
ING-TECH-FLOCONSDEBLT-000001,raw,main,FDC169720,"Wheat, soft white",VITK1,Vitamine K1 (µg/100 g),1.9,µg,USDA,0.8,proxy,grain de blé tendre (les flocons sont du grain aplati),"USDA FoodData Central, SR Legacy (04/2018), FDC ID 169720 (CC0 1.0) — glucides hors fibres et énergie recalculés (UE 1169/2011)"
ING-TECH-FLOCONSDEBLT-000001,raw,main,FDC169720,"Wheat, soft white",CHOAVL,Glucides (g/100 g),62.66,g,USDA,0.8,proxy,grain de blé tendre (les flocons sont du grain aplati),"USDA FoodData Central, SR Legacy (04/2018), FDC ID 169720 (CC0 1.0) — glucides hors fibres et énergie recalculés (UE 1169/2011)"
ING-TECH-FLOCONSDEBLT-000001,raw,main,FDC169720,"Wheat, soft white",SALT,Sel chlorure de sodium (g/100 g),0.005,g,USDA,0.8,proxy,grain de blé tendre (les flocons sont du grain aplati),"USDA FoodData Central, SR Legacy (04/2018), FDC ID 169720 (CC0 1.0) — glucides hors fibres et énergie recalculés (UE 1169/2011)"
ING-TECH-FLOCONSDEBLT-000001,raw,main,FDC169720,"Wheat, soft white",ENERCKCAL,"Energie, Règlement UE N° 1169/2011 (kcal/100 g)",336.71,kcal,USDA,0.8,proxy,grain de blé tendre (les flocons sont du grain aplati),"USDA FoodData Central, SR Legacy (04/2018), FDC ID 169720 (CC0 1.0) — glucides hors fibres et énergie recalculés (UE 1169/2011)"
ING-TECH-FLOCONSDEBLT-000001,raw,main,FDC169720,"Wheat, soft white",ENERC,"Energie, Règlement UE N° 1169/2011 (kJ/100 g)",1422.18,kJ,USDA,0.8,proxy,grain de blé tendre (les flocons sont du grain aplati),"USDA FoodData Central, SR Legacy (04/2018), FDC ID 169720 (CC0 1.0) — glucides hors fibres et énergie recalculés (UE 1169/2011)"
ING-PLANT-ANISVERT-000001,raw,main,FDC171316,"Spices, anise seed",WATER,Eau (g/100 g),9.54,g,USDA,0.8,equivalent,Spices anise seed,"USDA FoodData Central, SR Legacy (04/2018), FDC ID 171316 (CC0 1.0) — glucides hors fibres et énergie recalculés (UE 1169/2011)"
ING-PLANT-ANISVERT-000001,raw,main,FDC171316,"Spices, anise seed",ASH,Cendres (g/100 g),6.95,g,USDA,0.8,equivalent,Spices anise seed,"USDA FoodData Central, SR Legacy (04/2018), FDC ID 171316 (CC0 1.0) — glucides hors fibres et énergie recalculés (UE 1169/2011)"
ING-PLANT-ANISVERT-000001,raw,main,FDC171316,"Spices, anise seed",PROCNT,"Protéines, N x 6.25 (g/100 g)",17.6,g,USDA,0.8,equivalent,Spices anise seed,"USDA FoodData Central, SR Legacy (04/2018), FDC ID 171316 (CC0 1.0) — glucides hors fibres et énergie recalculés (UE 1169/2011)"
ING-PLANT-ANISVERT-000001,raw,main,FDC171316,"Spices, anise seed",FAT,Lipides (g/100 g),15.9,g,USDA,0.8,equivalent,Spices anise seed,"USDA FoodData Central, SR Legacy (04/2018), FDC ID 171316 (CC0 1.0) — glucides hors fibres et énergie recalculés (UE 1169/2011)"
ING-PLANT-ANISVERT-000001,raw,main,FDC171316,"Spices, anise seed",FIB-,Fibres alimentaires (g/100 g),14.6,g,USDA,0.8,equivalent,Spices anise seed,"USDA FoodData Central, SR Legacy (04/2018), FDC ID 171316 (CC0 1.0) — glucides hors fibres et énergie recalculés (UE 1169/2011)"
ING-PLANT-ANISVERT-000001,raw,main,FDC171316,"Spices, anise seed",ALC,Alcool (éthanol) (g/100 g),0.0,g,USDA,0.8,equivalent,Spices anise seed,"USDA FoodData Central, SR Legacy (04/2018), FDC ID 171316 (CC0 1.0) — glucides hors fibres et énergie recalculés (UE 1169/2011)"
ING-PLANT-ANISVERT-000001,raw,main,FDC171316,"Spices, anise seed",FASAT,AG saturés (g/100 g),0.586,g,USDA,0.8,equivalent,Spices anise seed,"USDA FoodData Central, SR Legacy (04/2018), FDC ID 171316 (CC0 1.0) — glucides hors fibres et énergie recalculés (UE 1169/2011)"
ING-PLANT-ANISVERT-000001,raw,main,FDC171316,"Spices, anise seed",FAMS,AG monoinsaturés (g/100 g),9.78,g,USDA,0.8,equivalent,Spices anise seed,"USDA FoodData Central, SR Legacy (04/2018), FDC ID 171316 (CC0 1.0) — glucides hors fibres et énergie recalculés (UE 1169/2011)"
ING-PLANT-ANISVERT-000001,raw,main,FDC171316,"Spices, anise seed",FAPU,AG polyinsaturés (g/100 g),3.15,g,USDA,0.8,equivalent,Spices anise seed,"USDA FoodData Central, SR Legacy (04/2018), FDC ID 171316 (CC0 1.0) — glucides hors fibres et énergie recalculés (UE 1169/2011)"
ING-PLANT-ANISVERT-000001,raw,main,FDC171316,"Spices, anise seed",CHOL-,Cholestérol (mg/100 g),0.0,mg,USDA,0.8,equivalent,Spices anise seed,"USDA FoodData Central, SR Legacy (04/2018), FDC ID 171316 (CC0 1.0) — glucides hors fibres et énergie recalculés (UE 1169/2011)"
ING-PLANT-ANISVERT-000001,raw,main,FDC171316,"Spices, anise seed",NA,Sodium (mg/100 g),16.0,mg,USDA,0.8,equivalent,Spices anise seed,"USDA FoodData Central, SR Legacy (04/2018), FDC ID 171316 (CC0 1.0) — glucides hors fibres et énergie recalculés (UE 1169/2011)"
ING-PLANT-ANISVERT-000001,raw,main,FDC171316,"Spices, anise seed",CA,Calcium (mg/100 g),646.0,mg,USDA,0.8,equivalent,Spices anise seed,"USDA FoodData Central, SR Legacy (04/2018), FDC ID 171316 (CC0 1.0) — glucides hors fibres et énergie recalculés (UE 1169/2011)"
ING-PLANT-ANISVERT-000001,raw,main,FDC171316,"Spices, anise seed",FE,Fer (mg/100 g),36.96,mg,USDA,0.8,equivalent,Spices anise seed,"USDA FoodData Central, SR Legacy (04/2018), FDC ID 171316 (CC0 1.0) — glucides hors fibres et énergie recalculés (UE 1169/2011)"
ING-PLANT-ANISVERT-000001,raw,main,FDC171316,"Spices, anise seed",MG,Magnésium (mg/100 g),170.0,mg,USDA,0.8,equivalent,Spices anise seed,"USDA FoodData Central, SR Legacy (04/2018), FDC ID 171316 (CC0 1.0) — glucides hors fibres et énergie recalculés (UE 1169/2011)"
ING-PLANT-ANISVERT-000001,raw,main,FDC171316,"Spices, anise seed",P,Phosphore (mg/100 g),440.0,mg,USDA,0.8,equivalent,Spices anise seed,"USDA FoodData Central, SR Legacy (04/2018), FDC ID 171316 (CC0 1.0) — glucides hors fibres et énergie recalculés (UE 1169/2011)"
ING-PLANT-ANISVERT-000001,raw,main,FDC171316,"Spices, anise seed",K,Potassium (mg/100 g),1441.0,mg,USDA,0.8,equivalent,Spices anise seed,"USDA FoodData Central, SR Legacy (04/2018), FDC ID 171316 (CC0 1.0) — glucides hors fibres et énergie recalculés (UE 1169/2011)"
ING-PLANT-ANISVERT-000001,raw,main,FDC171316,"Spices, anise seed",ZN,Zinc (mg/100 g),5.3,mg,USDA,0.8,equivalent,Spices anise seed,"USDA FoodData Central, SR Legacy (04/2018), FDC ID 171316 (CC0 1.0) — glucides hors fibres et énergie recalculés (UE 1169/2011)"
ING-PLANT-ANISVERT-000001,raw,main,FDC171316,"Spices, anise seed",CU,Cuivre (mg/100 g),0.91,mg,USDA,0.8,equivalent,Spices anise seed,"USDA FoodData Central, SR Legacy (04/2018), FDC ID 171316 (CC0 1.0) — glucides hors fibres et énergie recalculés (UE 1169/2011)"
ING-PLANT-ANISVERT-000001,raw,main,FDC171316,"Spices, anise seed",MN,Manganèse (mg/100 g),2.3,mg,USDA,0.8,equivalent,Spices anise seed,"USDA FoodData Central, SR Legacy (04/2018), FDC ID 171316 (CC0 1.0) — glucides hors fibres et énergie recalculés (UE 1169/2011)"
ING-PLANT-ANISVERT-000001,raw,main,FDC171316,"Spices, anise seed",SE,Sélénium (µg/100 g),5.0,µg,USDA,0.8,equivalent,Spices anise seed,"USDA FoodData Central, SR Legacy (04/2018), FDC ID 171316 (CC0 1.0) — glucides hors fibres et énergie recalculés (UE 1169/2011)"
ING-PLANT-ANISVERT-000001,raw,main,FDC171316,"Spices, anise seed",RAE,"Activité vitaminique A, équivalents rétinol (µg/100 g)",16.0,µg,USDA,0.8,equivalent,Spices anise seed,"USDA FoodData Central, SR Legacy (04/2018), FDC ID 171316 (CC0 1.0) — glucides hors fibres et énergie recalculés (UE 1169/2011)"
ING-PLANT-ANISVERT-000001,raw,main,FDC171316,"Spices, anise seed",RETOL,Rétinol (µg/100 g),0.0,µg,USDA,0.8,equivalent,Spices anise seed,"USDA FoodData Central, SR Legacy (04/2018), FDC ID 171316 (CC0 1.0) — glucides hors fibres et énergie recalculés (UE 1169/2011)"
ING-PLANT-ANISVERT-000001,raw,main,FDC171316,"Spices, anise seed",VITD-,Vitamine D (µg/100 g),0.0,µg,USDA,0.8,equivalent,Spices anise seed,"USDA FoodData Central, SR Legacy (04/2018), FDC ID 171316 (CC0 1.0) — glucides hors fibres et énergie recalculés (UE 1169/2011)"
ING-PLANT-ANISVERT-000001,raw,main,FDC171316,"Spices, anise seed",VITC,Vitamine C (mg/100 g),21.0,mg,USDA,0.8,equivalent,Spices anise seed,"USDA FoodData Central, SR Legacy (04/2018), FDC ID 171316 (CC0 1.0) — glucides hors fibres et énergie recalculés (UE 1169/2011)"
ING-PLANT-ANISVERT-000001,raw,main,FDC171316,"Spices, anise seed",THIA,Vitamine B1 ou Thiamine (mg/100 g),0.34,mg,USDA,0.8,equivalent,Spices anise seed,"USDA FoodData Central, SR Legacy (04/2018), FDC ID 171316 (CC0 1.0) — glucides hors fibres et énergie recalculés (UE 1169/2011)"
ING-PLANT-ANISVERT-000001,raw,main,FDC171316,"Spices, anise seed",RIBF,Vitamine B2 ou Riboflavine (mg/100 g),0.29,mg,USDA,0.8,equivalent,Spices anise seed,"USDA FoodData Central, SR Legacy (04/2018), FDC ID 171316 (CC0 1.0) — glucides hors fibres et énergie recalculés (UE 1169/2011)"
ING-PLANT-ANISVERT-000001,raw,main,FDC171316,"Spices, anise seed",NIA,Vitamine B3 ou PP ou Niacine (mg/100 g),3.06,mg,USDA,0.8,equivalent,Spices anise seed,"USDA FoodData Central, SR Legacy (04/2018), FDC ID 171316 (CC0 1.0) — glucides hors fibres et énergie recalculés (UE 1169/2011)"
ING-PLANT-ANISVERT-000001,raw,main,FDC171316,"Spices, anise seed",PANTAC,Vitamine B5 ou Acide pantothénique (mg/100 g),0.797,mg,USDA,0.8,equivalent,Spices anise seed,"USDA FoodData Central, SR Legacy (04/2018), FDC ID 171316 (CC0 1.0) — glucides hors fibres et énergie recalculés (UE 1169/2011)"
ING-PLANT-ANISVERT-000001,raw,main,FDC171316,"Spices, anise seed",VITB6-,Vitamine B6 (mg/100 g),0.65,mg,USDA,0.8,equivalent,Spices anise seed,"USDA FoodData Central, SR Legacy (04/2018), FDC ID 171316 (CC0 1.0) — glucides hors fibres et énergie recalculés (UE 1169/2011)"
ING-PLANT-ANISVERT-000001,raw,main,FDC171316,"Spices, anise seed",VITB12,Vitamine B12 (µg/100 g),0.0,µg,USDA,0.8,equivalent,Spices anise seed,"USDA FoodData Central, SR Legacy (04/2018), FDC ID 171316 (CC0 1.0) — glucides hors fibres et énergie recalculés (UE 1169/2011)"
ING-PLANT-ANISVERT-000001,raw,main,FDC171316,"Spices, anise seed",FOL,Vitamine B9 ou Folates totaux (µg/100 g),10.0,µg,USDA,0.8,equivalent,Spices anise seed,"USDA FoodData Central, SR Legacy (04/2018), FDC ID 171316 (CC0 1.0) — glucides hors fibres et énergie recalculés (UE 1169/2011)"
ING-PLANT-ANISVERT-000001,raw,main,FDC171316,"Spices, anise seed",FOLAC,Acide folique (enrichissement) (µg/100 g),0.0,µg,USDA,0.8,equivalent,Spices anise seed,"USDA FoodData Central, SR Legacy (04/2018), FDC ID 171316 (CC0 1.0) — glucides hors fibres et énergie recalculés (UE 1169/2011)"
ING-PLANT-ANISVERT-000001,raw,main,FDC171316,"Spices, anise seed",FOLFD,Folates intrinsèques (µg/100 g),10.0,µg,USDA,0.8,equivalent,Spices anise seed,"USDA FoodData Central, SR Legacy (04/2018), FDC ID 171316 (CC0 1.0) — glucides hors fibres et énergie recalculés (UE 1169/2011)"
ING-PLANT-ANISVERT-000001,raw,main,FDC171316,"Spices, anise seed",FOLDFE,"Vitamine B9 ou Folates totaux, équivalents folates alimentaires, DFE (µg/100 g)",10.0,µg,USDA,0.8,equivalent,Spices anise seed,"USDA FoodData Central, SR Legacy (04/2018), FDC ID 171316 (CC0 1.0) — glucides hors fibres et énergie recalculés (UE 1169/2011)"
ING-PLANT-ANISVERT-000001,raw,main,FDC171316,"Spices, anise seed",CHOAVL,Glucides (g/100 g),35.42,g,USDA,0.8,equivalent,Spices anise seed,"USDA FoodData Central, SR Legacy (04/2018), FDC ID 171316 (CC0 1.0) — glucides hors fibres et énergie recalculés (UE 1169/2011)"
ING-PLANT-ANISVERT-000001,raw,main,FDC171316,"Spices, anise seed",SALT,Sel chlorure de sodium (g/100 g),0.04,g,USDA,0.8,equivalent,Spices anise seed,"USDA FoodData Central, SR Legacy (04/2018), FDC ID 171316 (CC0 1.0) — glucides hors fibres et énergie recalculés (UE 1169/2011)"
ING-PLANT-ANISVERT-000001,raw,main,FDC171316,"Spices, anise seed",ENERCKCAL,"Energie, Règlement UE N° 1169/2011 (kcal/100 g)",384.38,kcal,USDA,0.8,equivalent,Spices anise seed,"USDA FoodData Central, SR Legacy (04/2018), FDC ID 171316 (CC0 1.0) — glucides hors fibres et énergie recalculés (UE 1169/2011)"
ING-PLANT-ANISVERT-000001,raw,main,FDC171316,"Spices, anise seed",ENERC,"Energie, Règlement UE N° 1169/2011 (kJ/100 g)",1606.44,kJ,USDA,0.8,equivalent,Spices anise seed,"USDA FoodData Central, SR Legacy (04/2018), FDC ID 171316 (CC0 1.0) — glucides hors fibres et énergie recalculés (UE 1169/2011)"
ING-DAIRY-BEURRECLARIF-000001,raw,main,FDC171314,"Butter, Clarified butter (ghee)",WATER,Eau (g/100 g),0.5,g,USDA,0.8,equivalent,Butter clarified (ghee),"USDA FoodData Central, SR Legacy (04/2018), FDC ID 171314 (CC0 1.0) — glucides hors fibres et énergie recalculés (UE 1169/2011)"
ING-DAIRY-BEURRECLARIF-000001,raw,main,FDC171314,"Butter, Clarified butter (ghee)",ASH,Cendres (g/100 g),0.0,g,USDA,0.8,equivalent,Butter clarified (ghee),"USDA FoodData Central, SR Legacy (04/2018), FDC ID 171314 (CC0 1.0) — glucides hors fibres et énergie recalculés (UE 1169/2011)"
ING-DAIRY-BEURRECLARIF-000001,raw,main,FDC171314,"Butter, Clarified butter (ghee)",PROCNT,"Protéines, N x 6.25 (g/100 g)",0.0,g,USDA,0.8,equivalent,Butter clarified (ghee),"USDA FoodData Central, SR Legacy (04/2018), FDC ID 171314 (CC0 1.0) — glucides hors fibres et énergie recalculés (UE 1169/2011)"
ING-DAIRY-BEURRECLARIF-000001,raw,main,FDC171314,"Butter, Clarified butter (ghee)",FAT,Lipides (g/100 g),100.0,g,USDA,0.8,equivalent,Butter clarified (ghee),"USDA FoodData Central, SR Legacy (04/2018), FDC ID 171314 (CC0 1.0) — glucides hors fibres et énergie recalculés (UE 1169/2011)"
ING-DAIRY-BEURRECLARIF-000001,raw,main,FDC171314,"Butter, Clarified butter (ghee)",FIB-,Fibres alimentaires (g/100 g),0.0,g,USDA,0.8,equivalent,Butter clarified (ghee),"USDA FoodData Central, SR Legacy (04/2018), FDC ID 171314 (CC0 1.0) — glucides hors fibres et énergie recalculés (UE 1169/2011)"
ING-DAIRY-BEURRECLARIF-000001,raw,main,FDC171314,"Butter, Clarified butter (ghee)",SUGAR,Sucres (g/100 g),0.0,g,USDA,0.8,equivalent,Butter clarified (ghee),"USDA FoodData Central, SR Legacy (04/2018), FDC ID 171314 (CC0 1.0) — glucides hors fibres et énergie recalculés (UE 1169/2011)"
ING-DAIRY-BEURRECLARIF-000001,raw,main,FDC171314,"Butter, Clarified butter (ghee)",FASAT,AG saturés (g/100 g),60.0,g,USDA,0.8,equivalent,Butter clarified (ghee),"USDA FoodData Central, SR Legacy (04/2018), FDC ID 171314 (CC0 1.0) — glucides hors fibres et énergie recalculés (UE 1169/2011)"
ING-DAIRY-BEURRECLARIF-000001,raw,main,FDC171314,"Butter, Clarified butter (ghee)",FAPU,AG polyinsaturés (g/100 g),4.0,g,USDA,0.8,equivalent,Butter clarified (ghee),"USDA FoodData Central, SR Legacy (04/2018), FDC ID 171314 (CC0 1.0) — glucides hors fibres et énergie recalculés (UE 1169/2011)"
ING-DAIRY-BEURRECLARIF-000001,raw,main,FDC171314,"Butter, Clarified butter (ghee)",CHOL-,Cholestérol (mg/100 g),300.0,mg,USDA,0.8,equivalent,Butter clarified (ghee),"USDA FoodData Central, SR Legacy (04/2018), FDC ID 171314 (CC0 1.0) — glucides hors fibres et énergie recalculés (UE 1169/2011)"
ING-DAIRY-BEURRECLARIF-000001,raw,main,FDC171314,"Butter, Clarified butter (ghee)",NA,Sodium (mg/100 g),0.0,mg,USDA,0.8,equivalent,Butter clarified (ghee),"USDA FoodData Central, SR Legacy (04/2018), FDC ID 171314 (CC0 1.0) — glucides hors fibres et énergie recalculés (UE 1169/2011)"
ING-DAIRY-BEURRECLARIF-000001,raw,main,FDC171314,"Butter, Clarified butter (ghee)",CA,Calcium (mg/100 g),0.0,mg,USDA,0.8,equivalent,Butter clarified (ghee),"USDA FoodData Central, SR Legacy (04/2018), FDC ID 171314 (CC0 1.0) — glucides hors fibres et énergie recalculés (UE 1169/2011)"
ING-DAIRY-BEURRECLARIF-000001,raw,main,FDC171314,"Butter, Clarified butter (ghee)",FE,Fer (mg/100 g),0.0,mg,USDA,0.8,equivalent,Butter clarified (ghee),"USDA FoodData Central, SR Legacy (04/2018), FDC ID 171314 (CC0 1.0) — glucides hors fibres et énergie recalculés (UE 1169/2011)"
ING-DAIRY-BEURRECLARIF-000001,raw,main,FDC171314,"Butter, Clarified butter (ghee)",VITC,Vitamine C (mg/100 g),0.0,mg,USDA,0.8,equivalent,Butter clarified (ghee),"USDA FoodData Central, SR Legacy (04/2018), FDC ID 171314 (CC0 1.0) — glucides hors fibres et énergie recalculés (UE 1169/2011)"
ING-DAIRY-BEURRECLARIF-000001,raw,main,FDC171314,"Butter, Clarified butter (ghee)",CHOAVL,Glucides (g/100 g),0.0,g,USDA,0.8,equivalent,Butter clarified (ghee),"USDA FoodData Central, SR Legacy (04/2018), FDC ID 171314 (CC0 1.0) — glucides hors fibres et énergie recalculés (UE 1169/2011)"
ING-DAIRY-BEURRECLARIF-000001,raw,main,FDC171314,"Butter, Clarified butter (ghee)",SALT,Sel chlorure de sodium (g/100 g),0.0,g,USDA,0.8,equivalent,Butter clarified (ghee),"USDA FoodData Central, SR Legacy (04/2018), FDC ID 171314 (CC0 1.0) — glucides hors fibres et énergie recalculés (UE 1169/2011)"
ING-DAIRY-BEURRECLARIF-000001,raw,main,FDC171314,"Butter, Clarified butter (ghee)",ENERCKCAL,"Energie, Règlement UE N° 1169/2011 (kcal/100 g)",900.0,kcal,USDA,0.8,equivalent,Butter clarified (ghee),"USDA FoodData Central, SR Legacy (04/2018), FDC ID 171314 (CC0 1.0) — glucides hors fibres et énergie recalculés (UE 1169/2011)"
ING-DAIRY-BEURRECLARIF-000001,raw,main,FDC171314,"Butter, Clarified butter (ghee)",ENERC,"Energie, Règlement UE N° 1169/2011 (kJ/100 g)",3700.0,kJ,USDA,0.8,equivalent,Butter clarified (ghee),"USDA FoodData Central, SR Legacy (04/2018), FDC ID 171314 (CC0 1.0) — glucides hors fibres et énergie recalculés (UE 1169/2011)"
ING-FERMENT-SKYR-000001,raw,main,FDC330137,"Yogurt, Greek, plain, nonfat",WATER,Eau (g/100 g),85.0,g,USDA,0.8,proxy,yaourt grec nature 0 % (le skyr est un lait fermenté égoutté écrémé),"USDA FoodData Central, Foundation Foods (04/2026), FDC ID 330137 (CC0 1.0) — glucides hors fibres et énergie recalculés (UE 1169/2011)"
ING-FERMENT-SKYR-000001,raw,main,FDC330137,"Yogurt, Greek, plain, nonfat",ASH,Cendres (g/100 g),0.72,g,USDA,0.8,proxy,yaourt grec nature 0 % (le skyr est un lait fermenté égoutté écrémé),"USDA FoodData Central, Foundation Foods (04/2026), FDC ID 330137 (CC0 1.0) — glucides hors fibres et énergie recalculés (UE 1169/2011)"
ING-FERMENT-SKYR-000001,raw,main,FDC330137,"Yogurt, Greek, plain, nonfat",PROCNT,"Protéines, N x 6.25 (g/100 g)",10.3,g,USDA,0.8,proxy,yaourt grec nature 0 % (le skyr est un lait fermenté égoutté écrémé),"USDA FoodData Central, Foundation Foods (04/2026), FDC ID 330137 (CC0 1.0) — glucides hors fibres et énergie recalculés (UE 1169/2011)"
ING-FERMENT-SKYR-000001,raw,main,FDC330137,"Yogurt, Greek, plain, nonfat",FAT,Lipides (g/100 g),0.37,g,USDA,0.8,proxy,yaourt grec nature 0 % (le skyr est un lait fermenté égoutté écrémé),"USDA FoodData Central, Foundation Foods (04/2026), FDC ID 330137 (CC0 1.0) — glucides hors fibres et énergie recalculés (UE 1169/2011)"
ING-FERMENT-SKYR-000001,raw,main,FDC330137,"Yogurt, Greek, plain, nonfat",SUCS,Saccharose (g/100 g),0.0,g,USDA,0.8,proxy,yaourt grec nature 0 % (le skyr est un lait fermenté égoutté écrémé),"USDA FoodData Central, Foundation Foods (04/2026), FDC ID 330137 (CC0 1.0) — glucides hors fibres et énergie recalculés (UE 1169/2011)"
ING-FERMENT-SKYR-000001,raw,main,FDC330137,"Yogurt, Greek, plain, nonfat",GLUS,Glucose (g/100 g),0.0,g,USDA,0.8,proxy,yaourt grec nature 0 % (le skyr est un lait fermenté égoutté écrémé),"USDA FoodData Central, Foundation Foods (04/2026), FDC ID 330137 (CC0 1.0) — glucides hors fibres et énergie recalculés (UE 1169/2011)"
ING-FERMENT-SKYR-000001,raw,main,FDC330137,"Yogurt, Greek, plain, nonfat",FRUS,Fructose (g/100 g),0.0,g,USDA,0.8,proxy,yaourt grec nature 0 % (le skyr est un lait fermenté égoutté écrémé),"USDA FoodData Central, Foundation Foods (04/2026), FDC ID 330137 (CC0 1.0) — glucides hors fibres et énergie recalculés (UE 1169/2011)"
ING-FERMENT-SKYR-000001,raw,main,FDC330137,"Yogurt, Greek, plain, nonfat",LACS,Lactose (g/100 g),2.57,g,USDA,0.8,proxy,yaourt grec nature 0 % (le skyr est un lait fermenté égoutté écrémé),"USDA FoodData Central, Foundation Foods (04/2026), FDC ID 330137 (CC0 1.0) — glucides hors fibres et énergie recalculés (UE 1169/2011)"
ING-FERMENT-SKYR-000001,raw,main,FDC330137,"Yogurt, Greek, plain, nonfat",MALS,Maltose (g/100 g),0.0,g,USDA,0.8,proxy,yaourt grec nature 0 % (le skyr est un lait fermenté égoutté écrémé),"USDA FoodData Central, Foundation Foods (04/2026), FDC ID 330137 (CC0 1.0) — glucides hors fibres et énergie recalculés (UE 1169/2011)"
ING-FERMENT-SKYR-000001,raw,main,FDC330137,"Yogurt, Greek, plain, nonfat",GALS,Galactose (g/100 g),0.7,g,USDA,0.8,proxy,yaourt grec nature 0 % (le skyr est un lait fermenté égoutté écrémé),"USDA FoodData Central, Foundation Foods (04/2026), FDC ID 330137 (CC0 1.0) — glucides hors fibres et énergie recalculés (UE 1169/2011)"
ING-FERMENT-SKYR-000001,raw,main,FDC330137,"Yogurt, Greek, plain, nonfat",FASAT,AG saturés (g/100 g),0.108,g,USDA,0.8,proxy,yaourt grec nature 0 % (le skyr est un lait fermenté égoutté écrémé),"USDA FoodData Central, Foundation Foods (04/2026), FDC ID 330137 (CC0 1.0) — glucides hors fibres et énergie recalculés (UE 1169/2011)"
ING-FERMENT-SKYR-000001,raw,main,FDC330137,"Yogurt, Greek, plain, nonfat",FAMS,AG monoinsaturés (g/100 g),0.043,g,USDA,0.8,proxy,yaourt grec nature 0 % (le skyr est un lait fermenté égoutté écrémé),"USDA FoodData Central, Foundation Foods (04/2026), FDC ID 330137 (CC0 1.0) — glucides hors fibres et énergie recalculés (UE 1169/2011)"
ING-FERMENT-SKYR-000001,raw,main,FDC330137,"Yogurt, Greek, plain, nonfat",FAPU,AG polyinsaturés (g/100 g),0.011,g,USDA,0.8,proxy,yaourt grec nature 0 % (le skyr est un lait fermenté égoutté écrémé),"USDA FoodData Central, Foundation Foods (04/2026), FDC ID 330137 (CC0 1.0) — glucides hors fibres et énergie recalculés (UE 1169/2011)"
ING-FERMENT-SKYR-000001,raw,main,FDC330137,"Yogurt, Greek, plain, nonfat",CHOL-,Cholestérol (mg/100 g),5.0,mg,USDA,0.8,proxy,yaourt grec nature 0 % (le skyr est un lait fermenté égoutté écrémé),"USDA FoodData Central, Foundation Foods (04/2026), FDC ID 330137 (CC0 1.0) — glucides hors fibres et énergie recalculés (UE 1169/2011)"
ING-FERMENT-SKYR-000001,raw,main,FDC330137,"Yogurt, Greek, plain, nonfat",NA,Sodium (mg/100 g),36.0,mg,USDA,0.8,proxy,yaourt grec nature 0 % (le skyr est un lait fermenté égoutté écrémé),"USDA FoodData Central, Foundation Foods (04/2026), FDC ID 330137 (CC0 1.0) — glucides hors fibres et énergie recalculés (UE 1169/2011)"
ING-FERMENT-SKYR-000001,raw,main,FDC330137,"Yogurt, Greek, plain, nonfat",CA,Calcium (mg/100 g),111.0,mg,USDA,0.8,proxy,yaourt grec nature 0 % (le skyr est un lait fermenté égoutté écrémé),"USDA FoodData Central, Foundation Foods (04/2026), FDC ID 330137 (CC0 1.0) — glucides hors fibres et énergie recalculés (UE 1169/2011)"
ING-FERMENT-SKYR-000001,raw,main,FDC330137,"Yogurt, Greek, plain, nonfat",FE,Fer (mg/100 g),0.07,mg,USDA,0.8,proxy,yaourt grec nature 0 % (le skyr est un lait fermenté égoutté écrémé),"USDA FoodData Central, Foundation Foods (04/2026), FDC ID 330137 (CC0 1.0) — glucides hors fibres et énergie recalculés (UE 1169/2011)"
ING-FERMENT-SKYR-000001,raw,main,FDC330137,"Yogurt, Greek, plain, nonfat",MG,Magnésium (mg/100 g),10.7,mg,USDA,0.8,proxy,yaourt grec nature 0 % (le skyr est un lait fermenté égoutté écrémé),"USDA FoodData Central, Foundation Foods (04/2026), FDC ID 330137 (CC0 1.0) — glucides hors fibres et énergie recalculés (UE 1169/2011)"
ING-FERMENT-SKYR-000001,raw,main,FDC330137,"Yogurt, Greek, plain, nonfat",P,Phosphore (mg/100 g),136.0,mg,USDA,0.8,proxy,yaourt grec nature 0 % (le skyr est un lait fermenté égoutté écrémé),"USDA FoodData Central, Foundation Foods (04/2026), FDC ID 330137 (CC0 1.0) — glucides hors fibres et énergie recalculés (UE 1169/2011)"
ING-FERMENT-SKYR-000001,raw,main,FDC330137,"Yogurt, Greek, plain, nonfat",K,Potassium (mg/100 g),141.0,mg,USDA,0.8,proxy,yaourt grec nature 0 % (le skyr est un lait fermenté égoutté écrémé),"USDA FoodData Central, Foundation Foods (04/2026), FDC ID 330137 (CC0 1.0) — glucides hors fibres et énergie recalculés (UE 1169/2011)"
ING-FERMENT-SKYR-000001,raw,main,FDC330137,"Yogurt, Greek, plain, nonfat",ZN,Zinc (mg/100 g),0.53,mg,USDA,0.8,proxy,yaourt grec nature 0 % (le skyr est un lait fermenté égoutté écrémé),"USDA FoodData Central, Foundation Foods (04/2026), FDC ID 330137 (CC0 1.0) — glucides hors fibres et énergie recalculés (UE 1169/2011)"
ING-FERMENT-SKYR-000001,raw,main,FDC330137,"Yogurt, Greek, plain, nonfat",CU,Cuivre (mg/100 g),0.017,mg,USDA,0.8,proxy,yaourt grec nature 0 % (le skyr est un lait fermenté égoutté écrémé),"USDA FoodData Central, Foundation Foods (04/2026), FDC ID 330137 (CC0 1.0) — glucides hors fibres et énergie recalculés (UE 1169/2011)"
ING-FERMENT-SKYR-000001,raw,main,FDC330137,"Yogurt, Greek, plain, nonfat",MN,Manganèse (mg/100 g),0.009,mg,USDA,0.8,proxy,yaourt grec nature 0 % (le skyr est un lait fermenté égoutté écrémé),"USDA FoodData Central, Foundation Foods (04/2026), FDC ID 330137 (CC0 1.0) — glucides hors fibres et énergie recalculés (UE 1169/2011)"
ING-FERMENT-SKYR-000001,raw,main,FDC330137,"Yogurt, Greek, plain, nonfat",SE,Sélénium (µg/100 g),9.9,µg,USDA,0.8,proxy,yaourt grec nature 0 % (le skyr est un lait fermenté égoutté écrémé),"USDA FoodData Central, Foundation Foods (04/2026), FDC ID 330137 (CC0 1.0) — glucides hors fibres et énergie recalculés (UE 1169/2011)"
ING-FERMENT-SKYR-000001,raw,main,FDC330137,"Yogurt, Greek, plain, nonfat",RAE,"Activité vitaminique A, équivalents rétinol (µg/100 g)",1.0,µg,USDA,0.8,proxy,yaourt grec nature 0 % (le skyr est un lait fermenté égoutté écrémé),"USDA FoodData Central, Foundation Foods (04/2026), FDC ID 330137 (CC0 1.0) — glucides hors fibres et énergie recalculés (UE 1169/2011)"
ING-FERMENT-SKYR-000001,raw,main,FDC330137,"Yogurt, Greek, plain, nonfat",RETOL,Rétinol (µg/100 g),1.0,µg,USDA,0.8,proxy,yaourt grec nature 0 % (le skyr est un lait fermenté égoutté écrémé),"USDA FoodData Central, Foundation Foods (04/2026), FDC ID 330137 (CC0 1.0) — glucides hors fibres et énergie recalculés (UE 1169/2011)"
ING-FERMENT-SKYR-000001,raw,main,FDC330137,"Yogurt, Greek, plain, nonfat",VITD-,Vitamine D (µg/100 g),0.0,µg,USDA,0.8,proxy,yaourt grec nature 0 % (le skyr est un lait fermenté égoutté écrémé),"USDA FoodData Central, Foundation Foods (04/2026), FDC ID 330137 (CC0 1.0) — glucides hors fibres et énergie recalculés (UE 1169/2011)"
ING-FERMENT-SKYR-000001,raw,main,FDC330137,"Yogurt, Greek, plain, nonfat",THIA,Vitamine B1 ou Thiamine (mg/100 g),0.022,mg,USDA,0.8,proxy,yaourt grec nature 0 % (le skyr est un lait fermenté égoutté écrémé),"USDA FoodData Central, Foundation Foods (04/2026), FDC ID 330137 (CC0 1.0) — glucides hors fibres et énergie recalculés (UE 1169/2011)"
ING-FERMENT-SKYR-000001,raw,main,FDC330137,"Yogurt, Greek, plain, nonfat",RIBF,Vitamine B2 ou Riboflavine (mg/100 g),0.281,mg,USDA,0.8,proxy,yaourt grec nature 0 % (le skyr est un lait fermenté égoutté écrémé),"USDA FoodData Central, Foundation Foods (04/2026), FDC ID 330137 (CC0 1.0) — glucides hors fibres et énergie recalculés (UE 1169/2011)"
ING-FERMENT-SKYR-000001,raw,main,FDC330137,"Yogurt, Greek, plain, nonfat",NIA,Vitamine B3 ou PP ou Niacine (mg/100 g),0.211,mg,USDA,0.8,proxy,yaourt grec nature 0 % (le skyr est un lait fermenté égoutté écrémé),"USDA FoodData Central, Foundation Foods (04/2026), FDC ID 330137 (CC0 1.0) — glucides hors fibres et énergie recalculés (UE 1169/2011)"
ING-FERMENT-SKYR-000001,raw,main,FDC330137,"Yogurt, Greek, plain, nonfat",PANTAC,Vitamine B5 ou Acide pantothénique (mg/100 g),0.332,mg,USDA,0.8,proxy,yaourt grec nature 0 % (le skyr est un lait fermenté égoutté écrémé),"USDA FoodData Central, Foundation Foods (04/2026), FDC ID 330137 (CC0 1.0) — glucides hors fibres et énergie recalculés (UE 1169/2011)"
ING-FERMENT-SKYR-000001,raw,main,FDC330137,"Yogurt, Greek, plain, nonfat",VITB6-,Vitamine B6 (mg/100 g),0.064,mg,USDA,0.8,proxy,yaourt grec nature 0 % (le skyr est un lait fermenté égoutté écrémé),"USDA FoodData Central, Foundation Foods (04/2026), FDC ID 330137 (CC0 1.0) — glucides hors fibres et énergie recalculés (UE 1169/2011)"
ING-FERMENT-SKYR-000001,raw,main,FDC330137,"Yogurt, Greek, plain, nonfat",VITB12,Vitamine B12 (µg/100 g),0.7,µg,USDA,0.8,proxy,yaourt grec nature 0 % (le skyr est un lait fermenté égoutté écrémé),"USDA FoodData Central, Foundation Foods (04/2026), FDC ID 330137 (CC0 1.0) — glucides hors fibres et énergie recalculés (UE 1169/2011)"
ING-FERMENT-SKYR-000001,raw,main,FDC330137,"Yogurt, Greek, plain, nonfat",TOCPHA,Alpha-tocophérol (vitamine E) (mg/100 g),0.01,mg,USDA,0.8,proxy,yaourt grec nature 0 % (le skyr est un lait fermenté égoutté écrémé),"USDA FoodData Central, Foundation Foods (04/2026), FDC ID 330137 (CC0 1.0) — glucides hors fibres et énergie recalculés (UE 1169/2011)"
ING-FERMENT-SKYR-000001,raw,main,FDC330137,"Yogurt, Greek, plain, nonfat",VITK1,Vitamine K1 (µg/100 g),0.0,µg,USDA,0.8,proxy,yaourt grec nature 0 % (le skyr est un lait fermenté égoutté écrémé),"USDA FoodData Central, Foundation Foods (04/2026), FDC ID 330137 (CC0 1.0) — glucides hors fibres et énergie recalculés (UE 1169/2011)"
ING-FERMENT-SKYR-000001,raw,main,FDC330137,"Yogurt, Greek, plain, nonfat",CHOAVL,Glucides (g/100 g),3.64,g,USDA,0.8,proxy,yaourt grec nature 0 % (le skyr est un lait fermenté égoutté écrémé),"USDA FoodData Central, Foundation Foods (04/2026), FDC ID 330137 (CC0 1.0) — glucides hors fibres et énergie recalculés (UE 1169/2011)"
ING-FERMENT-SKYR-000001,raw,main,FDC330137,"Yogurt, Greek, plain, nonfat",SALT,Sel chlorure de sodium (g/100 g),0.09,g,USDA,0.8,proxy,yaourt grec nature 0 % (le skyr est un lait fermenté égoutté écrémé),"USDA FoodData Central, Foundation Foods (04/2026), FDC ID 330137 (CC0 1.0) — glucides hors fibres et énergie recalculés (UE 1169/2011)"
ING-FERMENT-SKYR-000001,raw,main,FDC330137,"Yogurt, Greek, plain, nonfat",ENERCKCAL,"Energie, Règlement UE N° 1169/2011 (kcal/100 g)",59.09,kcal,USDA,0.8,proxy,yaourt grec nature 0 % (le skyr est un lait fermenté égoutté écrémé),"USDA FoodData Central, Foundation Foods (04/2026), FDC ID 330137 (CC0 1.0) — glucides hors fibres et énergie recalculés (UE 1169/2011)"
ING-FERMENT-SKYR-000001,raw,main,FDC330137,"Yogurt, Greek, plain, nonfat",ENERC,"Energie, Règlement UE N° 1169/2011 (kJ/100 g)",250.67,kJ,USDA,0.8,proxy,yaourt grec nature 0 % (le skyr est un lait fermenté égoutté écrémé),"USDA FoodData Central, Foundation Foods (04/2026), FDC ID 330137 (CC0 1.0) — glucides hors fibres et énergie recalculés (UE 1169/2011)"
ING-TECH-SIROPDEGLUCO-000001,raw,main,FDC168837,"Syrups, corn, light",WATER,Eau (g/100 g),22.81,g,USDA,0.8,equivalent,Syrups corn light (sirop de glucose),"USDA FoodData Central, SR Legacy (04/2018), FDC ID 168837 (CC0 1.0) — glucides hors fibres et énergie recalculés (UE 1169/2011)"
ING-TECH-SIROPDEGLUCO-000001,raw,main,FDC168837,"Syrups, corn, light",ASH,Cendres (g/100 g),0.2,g,USDA,0.8,equivalent,Syrups corn light (sirop de glucose),"USDA FoodData Central, SR Legacy (04/2018), FDC ID 168837 (CC0 1.0) — glucides hors fibres et énergie recalculés (UE 1169/2011)"
ING-TECH-SIROPDEGLUCO-000001,raw,main,FDC168837,"Syrups, corn, light",PROCNT,"Protéines, N x 6.25 (g/100 g)",0.0,g,USDA,0.8,equivalent,Syrups corn light (sirop de glucose),"USDA FoodData Central, SR Legacy (04/2018), FDC ID 168837 (CC0 1.0) — glucides hors fibres et énergie recalculés (UE 1169/2011)"
ING-TECH-SIROPDEGLUCO-000001,raw,main,FDC168837,"Syrups, corn, light",FAT,Lipides (g/100 g),0.2,g,USDA,0.8,equivalent,Syrups corn light (sirop de glucose),"USDA FoodData Central, SR Legacy (04/2018), FDC ID 168837 (CC0 1.0) — glucides hors fibres et énergie recalculés (UE 1169/2011)"
ING-TECH-SIROPDEGLUCO-000001,raw,main,FDC168837,"Syrups, corn, light",FIB-,Fibres alimentaires (g/100 g),0.0,g,USDA,0.8,equivalent,Syrups corn light (sirop de glucose),"USDA FoodData Central, SR Legacy (04/2018), FDC ID 168837 (CC0 1.0) — glucides hors fibres et énergie recalculés (UE 1169/2011)"
ING-TECH-SIROPDEGLUCO-000001,raw,main,FDC168837,"Syrups, corn, light",SUGAR,Sucres (g/100 g),76.77,g,USDA,0.8,equivalent,Syrups corn light (sirop de glucose),"USDA FoodData Central, SR Legacy (04/2018), FDC ID 168837 (CC0 1.0) — glucides hors fibres et énergie recalculés (UE 1169/2011)"
ING-TECH-SIROPDEGLUCO-000001,raw,main,FDC168837,"Syrups, corn, light",ALC,Alcool (éthanol) (g/100 g),0.0,g,USDA,0.8,equivalent,Syrups corn light (sirop de glucose),"USDA FoodData Central, SR Legacy (04/2018), FDC ID 168837 (CC0 1.0) — glucides hors fibres et énergie recalculés (UE 1169/2011)"
ING-TECH-SIROPDEGLUCO-000001,raw,main,FDC168837,"Syrups, corn, light",FASAT,AG saturés (g/100 g),0.0,g,USDA,0.8,equivalent,Syrups corn light (sirop de glucose),"USDA FoodData Central, SR Legacy (04/2018), FDC ID 168837 (CC0 1.0) — glucides hors fibres et énergie recalculés (UE 1169/2011)"
ING-TECH-SIROPDEGLUCO-000001,raw,main,FDC168837,"Syrups, corn, light",FAMS,AG monoinsaturés (g/100 g),0.0,g,USDA,0.8,equivalent,Syrups corn light (sirop de glucose),"USDA FoodData Central, SR Legacy (04/2018), FDC ID 168837 (CC0 1.0) — glucides hors fibres et énergie recalculés (UE 1169/2011)"
ING-TECH-SIROPDEGLUCO-000001,raw,main,FDC168837,"Syrups, corn, light",FAPU,AG polyinsaturés (g/100 g),0.0,g,USDA,0.8,equivalent,Syrups corn light (sirop de glucose),"USDA FoodData Central, SR Legacy (04/2018), FDC ID 168837 (CC0 1.0) — glucides hors fibres et énergie recalculés (UE 1169/2011)"
ING-TECH-SIROPDEGLUCO-000001,raw,main,FDC168837,"Syrups, corn, light",CHOL-,Cholestérol (mg/100 g),0.0,mg,USDA,0.8,equivalent,Syrups corn light (sirop de glucose),"USDA FoodData Central, SR Legacy (04/2018), FDC ID 168837 (CC0 1.0) — glucides hors fibres et énergie recalculés (UE 1169/2011)"
ING-TECH-SIROPDEGLUCO-000001,raw,main,FDC168837,"Syrups, corn, light",NA,Sodium (mg/100 g),62.0,mg,USDA,0.8,equivalent,Syrups corn light (sirop de glucose),"USDA FoodData Central, SR Legacy (04/2018), FDC ID 168837 (CC0 1.0) — glucides hors fibres et énergie recalculés (UE 1169/2011)"
ING-TECH-SIROPDEGLUCO-000001,raw,main,FDC168837,"Syrups, corn, light",CA,Calcium (mg/100 g),13.0,mg,USDA,0.8,equivalent,Syrups corn light (sirop de glucose),"USDA FoodData Central, SR Legacy (04/2018), FDC ID 168837 (CC0 1.0) — glucides hors fibres et énergie recalculés (UE 1169/2011)"
ING-TECH-SIROPDEGLUCO-000001,raw,main,FDC168837,"Syrups, corn, light",FE,Fer (mg/100 g),0.0,mg,USDA,0.8,equivalent,Syrups corn light (sirop de glucose),"USDA FoodData Central, SR Legacy (04/2018), FDC ID 168837 (CC0 1.0) — glucides hors fibres et énergie recalculés (UE 1169/2011)"
ING-TECH-SIROPDEGLUCO-000001,raw,main,FDC168837,"Syrups, corn, light",MG,Magnésium (mg/100 g),1.0,mg,USDA,0.8,equivalent,Syrups corn light (sirop de glucose),"USDA FoodData Central, SR Legacy (04/2018), FDC ID 168837 (CC0 1.0) — glucides hors fibres et énergie recalculés (UE 1169/2011)"
ING-TECH-SIROPDEGLUCO-000001,raw,main,FDC168837,"Syrups, corn, light",P,Phosphore (mg/100 g),0.0,mg,USDA,0.8,equivalent,Syrups corn light (sirop de glucose),"USDA FoodData Central, SR Legacy (04/2018), FDC ID 168837 (CC0 1.0) — glucides hors fibres et énergie recalculés (UE 1169/2011)"
ING-TECH-SIROPDEGLUCO-000001,raw,main,FDC168837,"Syrups, corn, light",K,Potassium (mg/100 g),1.0,mg,USDA,0.8,equivalent,Syrups corn light (sirop de glucose),"USDA FoodData Central, SR Legacy (04/2018), FDC ID 168837 (CC0 1.0) — glucides hors fibres et énergie recalculés (UE 1169/2011)"
ING-TECH-SIROPDEGLUCO-000001,raw,main,FDC168837,"Syrups, corn, light",ZN,Zinc (mg/100 g),0.44,mg,USDA,0.8,equivalent,Syrups corn light (sirop de glucose),"USDA FoodData Central, SR Legacy (04/2018), FDC ID 168837 (CC0 1.0) — glucides hors fibres et énergie recalculés (UE 1169/2011)"
ING-TECH-SIROPDEGLUCO-000001,raw,main,FDC168837,"Syrups, corn, light",CU,Cuivre (mg/100 g),0.0,mg,USDA,0.8,equivalent,Syrups corn light (sirop de glucose),"USDA FoodData Central, SR Legacy (04/2018), FDC ID 168837 (CC0 1.0) — glucides hors fibres et énergie recalculés (UE 1169/2011)"
ING-TECH-SIROPDEGLUCO-000001,raw,main,FDC168837,"Syrups, corn, light",MN,Manganèse (mg/100 g),0.0,mg,USDA,0.8,equivalent,Syrups corn light (sirop de glucose),"USDA FoodData Central, SR Legacy (04/2018), FDC ID 168837 (CC0 1.0) — glucides hors fibres et énergie recalculés (UE 1169/2011)"
ING-TECH-SIROPDEGLUCO-000001,raw,main,FDC168837,"Syrups, corn, light",SE,Sélénium (µg/100 g),0.7,µg,USDA,0.8,equivalent,Syrups corn light (sirop de glucose),"USDA FoodData Central, SR Legacy (04/2018), FDC ID 168837 (CC0 1.0) — glucides hors fibres et énergie recalculés (UE 1169/2011)"
ING-TECH-SIROPDEGLUCO-000001,raw,main,FDC168837,"Syrups, corn, light",RAE,"Activité vitaminique A, équivalents rétinol (µg/100 g)",0.0,µg,USDA,0.8,equivalent,Syrups corn light (sirop de glucose),"USDA FoodData Central, SR Legacy (04/2018), FDC ID 168837 (CC0 1.0) — glucides hors fibres et énergie recalculés (UE 1169/2011)"
ING-TECH-SIROPDEGLUCO-000001,raw,main,FDC168837,"Syrups, corn, light",RETOL,Rétinol (µg/100 g),0.0,µg,USDA,0.8,equivalent,Syrups corn light (sirop de glucose),"USDA FoodData Central, SR Legacy (04/2018), FDC ID 168837 (CC0 1.0) — glucides hors fibres et énergie recalculés (UE 1169/2011)"
ING-TECH-SIROPDEGLUCO-000001,raw,main,FDC168837,"Syrups, corn, light",CARTB,Beta-Carotène (µg/100 g),0.0,µg,USDA,0.8,equivalent,Syrups corn light (sirop de glucose),"USDA FoodData Central, SR Legacy (04/2018), FDC ID 168837 (CC0 1.0) — glucides hors fibres et énergie recalculés (UE 1169/2011)"
ING-TECH-SIROPDEGLUCO-000001,raw,main,FDC168837,"Syrups, corn, light",VITD-,Vitamine D (µg/100 g),0.0,µg,USDA,0.8,equivalent,Syrups corn light (sirop de glucose),"USDA FoodData Central, SR Legacy (04/2018), FDC ID 168837 (CC0 1.0) — glucides hors fibres et énergie recalculés (UE 1169/2011)"
ING-TECH-SIROPDEGLUCO-000001,raw,main,FDC168837,"Syrups, corn, light",VITC,Vitamine C (mg/100 g),0.0,mg,USDA,0.8,equivalent,Syrups corn light (sirop de glucose),"USDA FoodData Central, SR Legacy (04/2018), FDC ID 168837 (CC0 1.0) — glucides hors fibres et énergie recalculés (UE 1169/2011)"
ING-TECH-SIROPDEGLUCO-000001,raw,main,FDC168837,"Syrups, corn, light",THIA,Vitamine B1 ou Thiamine (mg/100 g),0.059,mg,USDA,0.8,equivalent,Syrups corn light (sirop de glucose),"USDA FoodData Central, SR Legacy (04/2018), FDC ID 168837 (CC0 1.0) — glucides hors fibres et énergie recalculés (UE 1169/2011)"
ING-TECH-SIROPDEGLUCO-000001,raw,main,FDC168837,"Syrups, corn, light",RIBF,Vitamine B2 ou Riboflavine (mg/100 g),0.0,mg,USDA,0.8,equivalent,Syrups corn light (sirop de glucose),"USDA FoodData Central, SR Legacy (04/2018), FDC ID 168837 (CC0 1.0) — glucides hors fibres et énergie recalculés (UE 1169/2011)"
ING-TECH-SIROPDEGLUCO-000001,raw,main,FDC168837,"Syrups, corn, light",NIA,Vitamine B3 ou PP ou Niacine (mg/100 g),0.0,mg,USDA,0.8,equivalent,Syrups corn light (sirop de glucose),"USDA FoodData Central, SR Legacy (04/2018), FDC ID 168837 (CC0 1.0) — glucides hors fibres et énergie recalculés (UE 1169/2011)"
ING-TECH-SIROPDEGLUCO-000001,raw,main,FDC168837,"Syrups, corn, light",PANTAC,Vitamine B5 ou Acide pantothénique (mg/100 g),0.0,mg,USDA,0.8,equivalent,Syrups corn light (sirop de glucose),"USDA FoodData Central, SR Legacy (04/2018), FDC ID 168837 (CC0 1.0) — glucides hors fibres et énergie recalculés (UE 1169/2011)"
ING-TECH-SIROPDEGLUCO-000001,raw,main,FDC168837,"Syrups, corn, light",VITB6-,Vitamine B6 (mg/100 g),0.0,mg,USDA,0.8,equivalent,Syrups corn light (sirop de glucose),"USDA FoodData Central, SR Legacy (04/2018), FDC ID 168837 (CC0 1.0) — glucides hors fibres et énergie recalculés (UE 1169/2011)"
ING-TECH-SIROPDEGLUCO-000001,raw,main,FDC168837,"Syrups, corn, light",VITB12,Vitamine B12 (µg/100 g),0.0,µg,USDA,0.8,equivalent,Syrups corn light (sirop de glucose),"USDA FoodData Central, SR Legacy (04/2018), FDC ID 168837 (CC0 1.0) — glucides hors fibres et énergie recalculés (UE 1169/2011)"
ING-TECH-SIROPDEGLUCO-000001,raw,main,FDC168837,"Syrups, corn, light",FOL,Vitamine B9 ou Folates totaux (µg/100 g),0.0,µg,USDA,0.8,equivalent,Syrups corn light (sirop de glucose),"USDA FoodData Central, SR Legacy (04/2018), FDC ID 168837 (CC0 1.0) — glucides hors fibres et énergie recalculés (UE 1169/2011)"
ING-TECH-SIROPDEGLUCO-000001,raw,main,FDC168837,"Syrups, corn, light",FOLAC,Acide folique (enrichissement) (µg/100 g),0.0,µg,USDA,0.8,equivalent,Syrups corn light (sirop de glucose),"USDA FoodData Central, SR Legacy (04/2018), FDC ID 168837 (CC0 1.0) — glucides hors fibres et énergie recalculés (UE 1169/2011)"
ING-TECH-SIROPDEGLUCO-000001,raw,main,FDC168837,"Syrups, corn, light",FOLFD,Folates intrinsèques (µg/100 g),0.0,µg,USDA,0.8,equivalent,Syrups corn light (sirop de glucose),"USDA FoodData Central, SR Legacy (04/2018), FDC ID 168837 (CC0 1.0) — glucides hors fibres et énergie recalculés (UE 1169/2011)"
ING-TECH-SIROPDEGLUCO-000001,raw,main,FDC168837,"Syrups, corn, light",FOLDFE,"Vitamine B9 ou Folates totaux, équivalents folates alimentaires, DFE (µg/100 g)",0.0,µg,USDA,0.8,equivalent,Syrups corn light (sirop de glucose),"USDA FoodData Central, SR Legacy (04/2018), FDC ID 168837 (CC0 1.0) — glucides hors fibres et énergie recalculés (UE 1169/2011)"
ING-TECH-SIROPDEGLUCO-000001,raw,main,FDC168837,"Syrups, corn, light",TOCPHA,Alpha-tocophérol (vitamine E) (mg/100 g),0.0,mg,USDA,0.8,equivalent,Syrups corn light (sirop de glucose),"USDA FoodData Central, SR Legacy (04/2018), FDC ID 168837 (CC0 1.0) — glucides hors fibres et énergie recalculés (UE 1169/2011)"
ING-TECH-SIROPDEGLUCO-000001,raw,main,FDC168837,"Syrups, corn, light",VITK1,Vitamine K1 (µg/100 g),0.0,µg,USDA,0.8,equivalent,Syrups corn light (sirop de glucose),"USDA FoodData Central, SR Legacy (04/2018), FDC ID 168837 (CC0 1.0) — glucides hors fibres et énergie recalculés (UE 1169/2011)"
ING-TECH-SIROPDEGLUCO-000001,raw,main,FDC168837,"Syrups, corn, light",CHOAVL,Glucides (g/100 g),76.79,g,USDA,0.8,equivalent,Syrups corn light (sirop de glucose),"USDA FoodData Central, SR Legacy (04/2018), FDC ID 168837 (CC0 1.0) — glucides hors fibres et énergie recalculés (UE 1169/2011)"
ING-TECH-SIROPDEGLUCO-000001,raw,main,FDC168837,"Syrups, corn, light",SALT,Sel chlorure de sodium (g/100 g),0.155,g,USDA,0.8,equivalent,Syrups corn light (sirop de glucose),"USDA FoodData Central, SR Legacy (04/2018), FDC ID 168837 (CC0 1.0) — glucides hors fibres et énergie recalculés (UE 1169/2011)"
ING-TECH-SIROPDEGLUCO-000001,raw,main,FDC168837,"Syrups, corn, light",ENERCKCAL,"Energie, Règlement UE N° 1169/2011 (kcal/100 g)",308.96,kcal,USDA,0.8,equivalent,Syrups corn light (sirop de glucose),"USDA FoodData Central, SR Legacy (04/2018), FDC ID 168837 (CC0 1.0) — glucides hors fibres et énergie recalculés (UE 1169/2011)"
ING-TECH-SIROPDEGLUCO-000001,raw,main,FDC168837,"Syrups, corn, light",ENERC,"Energie, Règlement UE N° 1169/2011 (kJ/100 g)",1312.83,kJ,USDA,0.8,equivalent,Syrups corn light (sirop de glucose),"USDA FoodData Central, SR Legacy (04/2018), FDC ID 168837 (CC0 1.0) — glucides hors fibres et énergie recalculés (UE 1169/2011)"
ING-TECH-SIROPDEFRUCT-000001,raw,main,FDC168142,"Sweeteners, tabletop, fructose, liquid",WATER,Eau (g/100 g),23.9,g,USDA,0.8,equivalent,Sweeteners tabletop fructose liquid,"USDA FoodData Central, SR Legacy (04/2018), FDC ID 168142 (CC0 1.0) — glucides hors fibres et énergie recalculés (UE 1169/2011)"
ING-TECH-SIROPDEFRUCT-000001,raw,main,FDC168142,"Sweeteners, tabletop, fructose, liquid",ASH,Cendres (g/100 g),0.0,g,USDA,0.8,equivalent,Sweeteners tabletop fructose liquid,"USDA FoodData Central, SR Legacy (04/2018), FDC ID 168142 (CC0 1.0) — glucides hors fibres et énergie recalculés (UE 1169/2011)"
ING-TECH-SIROPDEFRUCT-000001,raw,main,FDC168142,"Sweeteners, tabletop, fructose, liquid",PROCNT,"Protéines, N x 6.25 (g/100 g)",0.0,g,USDA,0.8,equivalent,Sweeteners tabletop fructose liquid,"USDA FoodData Central, SR Legacy (04/2018), FDC ID 168142 (CC0 1.0) — glucides hors fibres et énergie recalculés (UE 1169/2011)"
ING-TECH-SIROPDEFRUCT-000001,raw,main,FDC168142,"Sweeteners, tabletop, fructose, liquid",FAT,Lipides (g/100 g),0.0,g,USDA,0.8,equivalent,Sweeteners tabletop fructose liquid,"USDA FoodData Central, SR Legacy (04/2018), FDC ID 168142 (CC0 1.0) — glucides hors fibres et énergie recalculés (UE 1169/2011)"
ING-TECH-SIROPDEFRUCT-000001,raw,main,FDC168142,"Sweeteners, tabletop, fructose, liquid",FIB-,Fibres alimentaires (g/100 g),0.1,g,USDA,0.8,equivalent,Sweeteners tabletop fructose liquid,"USDA FoodData Central, SR Legacy (04/2018), FDC ID 168142 (CC0 1.0) — glucides hors fibres et énergie recalculés (UE 1169/2011)"
ING-TECH-SIROPDEFRUCT-000001,raw,main,FDC168142,"Sweeteners, tabletop, fructose, liquid",SUGAR,Sucres (g/100 g),76.0,g,USDA,0.8,equivalent,Sweeteners tabletop fructose liquid,"USDA FoodData Central, SR Legacy (04/2018), FDC ID 168142 (CC0 1.0) — glucides hors fibres et énergie recalculés (UE 1169/2011)"
ING-TECH-SIROPDEFRUCT-000001,raw,main,FDC168142,"Sweeteners, tabletop, fructose, liquid",ALC,Alcool (éthanol) (g/100 g),0.0,g,USDA,0.8,equivalent,Sweeteners tabletop fructose liquid,"USDA FoodData Central, SR Legacy (04/2018), FDC ID 168142 (CC0 1.0) — glucides hors fibres et énergie recalculés (UE 1169/2011)"
ING-TECH-SIROPDEFRUCT-000001,raw,main,FDC168142,"Sweeteners, tabletop, fructose, liquid",FASAT,AG saturés (g/100 g),0.0,g,USDA,0.8,equivalent,Sweeteners tabletop fructose liquid,"USDA FoodData Central, SR Legacy (04/2018), FDC ID 168142 (CC0 1.0) — glucides hors fibres et énergie recalculés (UE 1169/2011)"
ING-TECH-SIROPDEFRUCT-000001,raw,main,FDC168142,"Sweeteners, tabletop, fructose, liquid",FAMS,AG monoinsaturés (g/100 g),0.0,g,USDA,0.8,equivalent,Sweeteners tabletop fructose liquid,"USDA FoodData Central, SR Legacy (04/2018), FDC ID 168142 (CC0 1.0) — glucides hors fibres et énergie recalculés (UE 1169/2011)"
ING-TECH-SIROPDEFRUCT-000001,raw,main,FDC168142,"Sweeteners, tabletop, fructose, liquid",FAPU,AG polyinsaturés (g/100 g),0.0,g,USDA,0.8,equivalent,Sweeteners tabletop fructose liquid,"USDA FoodData Central, SR Legacy (04/2018), FDC ID 168142 (CC0 1.0) — glucides hors fibres et énergie recalculés (UE 1169/2011)"
ING-TECH-SIROPDEFRUCT-000001,raw,main,FDC168142,"Sweeteners, tabletop, fructose, liquid",CHOL-,Cholestérol (mg/100 g),0.0,mg,USDA,0.8,equivalent,Sweeteners tabletop fructose liquid,"USDA FoodData Central, SR Legacy (04/2018), FDC ID 168142 (CC0 1.0) — glucides hors fibres et énergie recalculés (UE 1169/2011)"
ING-TECH-SIROPDEFRUCT-000001,raw,main,FDC168142,"Sweeteners, tabletop, fructose, liquid",NA,Sodium (mg/100 g),2.0,mg,USDA,0.8,equivalent,Sweeteners tabletop fructose liquid,"USDA FoodData Central, SR Legacy (04/2018), FDC ID 168142 (CC0 1.0) — glucides hors fibres et énergie recalculés (UE 1169/2011)"
ING-TECH-SIROPDEFRUCT-000001,raw,main,FDC168142,"Sweeteners, tabletop, fructose, liquid",CA,Calcium (mg/100 g),1.0,mg,USDA,0.8,equivalent,Sweeteners tabletop fructose liquid,"USDA FoodData Central, SR Legacy (04/2018), FDC ID 168142 (CC0 1.0) — glucides hors fibres et énergie recalculés (UE 1169/2011)"
ING-TECH-SIROPDEFRUCT-000001,raw,main,FDC168142,"Sweeteners, tabletop, fructose, liquid",FE,Fer (mg/100 g),0.11,mg,USDA,0.8,equivalent,Sweeteners tabletop fructose liquid,"USDA FoodData Central, SR Legacy (04/2018), FDC ID 168142 (CC0 1.0) — glucides hors fibres et énergie recalculés (UE 1169/2011)"
ING-TECH-SIROPDEFRUCT-000001,raw,main,FDC168142,"Sweeteners, tabletop, fructose, liquid",MG,Magnésium (mg/100 g),0.0,mg,USDA,0.8,equivalent,Sweeteners tabletop fructose liquid,"USDA FoodData Central, SR Legacy (04/2018), FDC ID 168142 (CC0 1.0) — glucides hors fibres et énergie recalculés (UE 1169/2011)"
ING-TECH-SIROPDEFRUCT-000001,raw,main,FDC168142,"Sweeteners, tabletop, fructose, liquid",P,Phosphore (mg/100 g),0.0,mg,USDA,0.8,equivalent,Sweeteners tabletop fructose liquid,"USDA FoodData Central, SR Legacy (04/2018), FDC ID 168142 (CC0 1.0) — glucides hors fibres et énergie recalculés (UE 1169/2011)"
ING-TECH-SIROPDEFRUCT-000001,raw,main,FDC168142,"Sweeteners, tabletop, fructose, liquid",K,Potassium (mg/100 g),0.0,mg,USDA,0.8,equivalent,Sweeteners tabletop fructose liquid,"USDA FoodData Central, SR Legacy (04/2018), FDC ID 168142 (CC0 1.0) — glucides hors fibres et énergie recalculés (UE 1169/2011)"
ING-TECH-SIROPDEFRUCT-000001,raw,main,FDC168142,"Sweeteners, tabletop, fructose, liquid",ZN,Zinc (mg/100 g),0.09,mg,USDA,0.8,equivalent,Sweeteners tabletop fructose liquid,"USDA FoodData Central, SR Legacy (04/2018), FDC ID 168142 (CC0 1.0) — glucides hors fibres et énergie recalculés (UE 1169/2011)"
ING-TECH-SIROPDEFRUCT-000001,raw,main,FDC168142,"Sweeteners, tabletop, fructose, liquid",CU,Cuivre (mg/100 g),0.037,mg,USDA,0.8,equivalent,Sweeteners tabletop fructose liquid,"USDA FoodData Central, SR Legacy (04/2018), FDC ID 168142 (CC0 1.0) — glucides hors fibres et énergie recalculés (UE 1169/2011)"
ING-TECH-SIROPDEFRUCT-000001,raw,main,FDC168142,"Sweeteners, tabletop, fructose, liquid",SE,Sélénium (µg/100 g),0.5,µg,USDA,0.8,equivalent,Sweeteners tabletop fructose liquid,"USDA FoodData Central, SR Legacy (04/2018), FDC ID 168142 (CC0 1.0) — glucides hors fibres et énergie recalculés (UE 1169/2011)"
ING-TECH-SIROPDEFRUCT-000001,raw,main,FDC168142,"Sweeteners, tabletop, fructose, liquid",RAE,"Activité vitaminique A, équivalents rétinol (µg/100 g)",0.0,µg,USDA,0.8,equivalent,Sweeteners tabletop fructose liquid,"USDA FoodData Central, SR Legacy (04/2018), FDC ID 168142 (CC0 1.0) — glucides hors fibres et énergie recalculés (UE 1169/2011)"
ING-TECH-SIROPDEFRUCT-000001,raw,main,FDC168142,"Sweeteners, tabletop, fructose, liquid",RETOL,Rétinol (µg/100 g),0.0,µg,USDA,0.8,equivalent,Sweeteners tabletop fructose liquid,"USDA FoodData Central, SR Legacy (04/2018), FDC ID 168142 (CC0 1.0) — glucides hors fibres et énergie recalculés (UE 1169/2011)"
ING-TECH-SIROPDEFRUCT-000001,raw,main,FDC168142,"Sweeteners, tabletop, fructose, liquid",CARTB,Beta-Carotène (µg/100 g),0.0,µg,USDA,0.8,equivalent,Sweeteners tabletop fructose liquid,"USDA FoodData Central, SR Legacy (04/2018), FDC ID 168142 (CC0 1.0) — glucides hors fibres et énergie recalculés (UE 1169/2011)"
ING-TECH-SIROPDEFRUCT-000001,raw,main,FDC168142,"Sweeteners, tabletop, fructose, liquid",VITD-,Vitamine D (µg/100 g),0.0,µg,USDA,0.8,equivalent,Sweeteners tabletop fructose liquid,"USDA FoodData Central, SR Legacy (04/2018), FDC ID 168142 (CC0 1.0) — glucides hors fibres et énergie recalculés (UE 1169/2011)"
ING-TECH-SIROPDEFRUCT-000001,raw,main,FDC168142,"Sweeteners, tabletop, fructose, liquid",VITC,Vitamine C (mg/100 g),0.0,mg,USDA,0.8,equivalent,Sweeteners tabletop fructose liquid,"USDA FoodData Central, SR Legacy (04/2018), FDC ID 168142 (CC0 1.0) — glucides hors fibres et énergie recalculés (UE 1169/2011)"
ING-TECH-SIROPDEFRUCT-000001,raw,main,FDC168142,"Sweeteners, tabletop, fructose, liquid",THIA,Vitamine B1 ou Thiamine (mg/100 g),0.0,mg,USDA,0.8,equivalent,Sweeteners tabletop fructose liquid,"USDA FoodData Central, SR Legacy (04/2018), FDC ID 168142 (CC0 1.0) — glucides hors fibres et énergie recalculés (UE 1169/2011)"
ING-TECH-SIROPDEFRUCT-000001,raw,main,FDC168142,"Sweeteners, tabletop, fructose, liquid",RIBF,Vitamine B2 ou Riboflavine (mg/100 g),0.02,mg,USDA,0.8,equivalent,Sweeteners tabletop fructose liquid,"USDA FoodData Central, SR Legacy (04/2018), FDC ID 168142 (CC0 1.0) — glucides hors fibres et énergie recalculés (UE 1169/2011)"
ING-TECH-SIROPDEFRUCT-000001,raw,main,FDC168142,"Sweeteners, tabletop, fructose, liquid",NIA,Vitamine B3 ou PP ou Niacine (mg/100 g),0.0,mg,USDA,0.8,equivalent,Sweeteners tabletop fructose liquid,"USDA FoodData Central, SR Legacy (04/2018), FDC ID 168142 (CC0 1.0) — glucides hors fibres et énergie recalculés (UE 1169/2011)"
ING-TECH-SIROPDEFRUCT-000001,raw,main,FDC168142,"Sweeteners, tabletop, fructose, liquid",VITB6-,Vitamine B6 (mg/100 g),0.0,mg,USDA,0.8,equivalent,Sweeteners tabletop fructose liquid,"USDA FoodData Central, SR Legacy (04/2018), FDC ID 168142 (CC0 1.0) — glucides hors fibres et énergie recalculés (UE 1169/2011)"
ING-TECH-SIROPDEFRUCT-000001,raw,main,FDC168142,"Sweeteners, tabletop, fructose, liquid",VITB12,Vitamine B12 (µg/100 g),0.0,µg,USDA,0.8,equivalent,Sweeteners tabletop fructose liquid,"USDA FoodData Central, SR Legacy (04/2018), FDC ID 168142 (CC0 1.0) — glucides hors fibres et énergie recalculés (UE 1169/2011)"
ING-TECH-SIROPDEFRUCT-000001,raw,main,FDC168142,"Sweeteners, tabletop, fructose, liquid",FOL,Vitamine B9 ou Folates totaux (µg/100 g),0.0,µg,USDA,0.8,equivalent,Sweeteners tabletop fructose liquid,"USDA FoodData Central, SR Legacy (04/2018), FDC ID 168142 (CC0 1.0) — glucides hors fibres et énergie recalculés (UE 1169/2011)"
ING-TECH-SIROPDEFRUCT-000001,raw,main,FDC168142,"Sweeteners, tabletop, fructose, liquid",FOLAC,Acide folique (enrichissement) (µg/100 g),0.0,µg,USDA,0.8,equivalent,Sweeteners tabletop fructose liquid,"USDA FoodData Central, SR Legacy (04/2018), FDC ID 168142 (CC0 1.0) — glucides hors fibres et énergie recalculés (UE 1169/2011)"
ING-TECH-SIROPDEFRUCT-000001,raw,main,FDC168142,"Sweeteners, tabletop, fructose, liquid",FOLFD,Folates intrinsèques (µg/100 g),0.0,µg,USDA,0.8,equivalent,Sweeteners tabletop fructose liquid,"USDA FoodData Central, SR Legacy (04/2018), FDC ID 168142 (CC0 1.0) — glucides hors fibres et énergie recalculés (UE 1169/2011)"
ING-TECH-SIROPDEFRUCT-000001,raw,main,FDC168142,"Sweeteners, tabletop, fructose, liquid",FOLDFE,"Vitamine B9 ou Folates totaux, équivalents folates alimentaires, DFE (µg/100 g)",0.0,µg,USDA,0.8,equivalent,Sweeteners tabletop fructose liquid,"USDA FoodData Central, SR Legacy (04/2018), FDC ID 168142 (CC0 1.0) — glucides hors fibres et énergie recalculés (UE 1169/2011)"
ING-TECH-SIROPDEFRUCT-000001,raw,main,FDC168142,"Sweeteners, tabletop, fructose, liquid",TOCPHA,Alpha-tocophérol (vitamine E) (mg/100 g),0.0,mg,USDA,0.8,equivalent,Sweeteners tabletop fructose liquid,"USDA FoodData Central, SR Legacy (04/2018), FDC ID 168142 (CC0 1.0) — glucides hors fibres et énergie recalculés (UE 1169/2011)"
ING-TECH-SIROPDEFRUCT-000001,raw,main,FDC168142,"Sweeteners, tabletop, fructose, liquid",VITK1,Vitamine K1 (µg/100 g),0.0,µg,USDA,0.8,equivalent,Sweeteners tabletop fructose liquid,"USDA FoodData Central, SR Legacy (04/2018), FDC ID 168142 (CC0 1.0) — glucides hors fibres et énergie recalculés (UE 1169/2011)"
ING-TECH-SIROPDEFRUCT-000001,raw,main,FDC168142,"Sweeteners, tabletop, fructose, liquid",CHOAVL,Glucides (g/100 g),76.0,g,USDA,0.8,equivalent,Sweeteners tabletop fructose liquid,"USDA FoodData Central, SR Legacy (04/2018), FDC ID 168142 (CC0 1.0) — glucides hors fibres et énergie recalculés (UE 1169/2011)"
ING-TECH-SIROPDEFRUCT-000001,raw,main,FDC168142,"Sweeteners, tabletop, fructose, liquid",SALT,Sel chlorure de sodium (g/100 g),0.005,g,USDA,0.8,equivalent,Sweeteners tabletop fructose liquid,"USDA FoodData Central, SR Legacy (04/2018), FDC ID 168142 (CC0 1.0) — glucides hors fibres et énergie recalculés (UE 1169/2011)"
ING-TECH-SIROPDEFRUCT-000001,raw,main,FDC168142,"Sweeteners, tabletop, fructose, liquid",ENERCKCAL,"Energie, Règlement UE N° 1169/2011 (kcal/100 g)",304.2,kcal,USDA,0.8,equivalent,Sweeteners tabletop fructose liquid,"USDA FoodData Central, SR Legacy (04/2018), FDC ID 168142 (CC0 1.0) — glucides hors fibres et énergie recalculés (UE 1169/2011)"
ING-TECH-SIROPDEFRUCT-000001,raw,main,FDC168142,"Sweeteners, tabletop, fructose, liquid",ENERC,"Energie, Règlement UE N° 1169/2011 (kJ/100 g)",1292.8,kJ,USDA,0.8,equivalent,Sweeteners tabletop fructose liquid,"USDA FoodData Central, SR Legacy (04/2018), FDC ID 168142 (CC0 1.0) — glucides hors fibres et énergie recalculés (UE 1169/2011)"
ING-TECH-SIROPDEBL-000001,raw,main,FDC168837,"Syrups, corn, light",WATER,Eau (g/100 g),22.81,g,USDA,0.8,proxy,sirop de glucose de maïs (composition proche d'un sirop de glucose de blé),"USDA FoodData Central, SR Legacy (04/2018), FDC ID 168837 (CC0 1.0) — glucides hors fibres et énergie recalculés (UE 1169/2011)"
ING-TECH-SIROPDEBL-000001,raw,main,FDC168837,"Syrups, corn, light",ASH,Cendres (g/100 g),0.2,g,USDA,0.8,proxy,sirop de glucose de maïs (composition proche d'un sirop de glucose de blé),"USDA FoodData Central, SR Legacy (04/2018), FDC ID 168837 (CC0 1.0) — glucides hors fibres et énergie recalculés (UE 1169/2011)"
ING-TECH-SIROPDEBL-000001,raw,main,FDC168837,"Syrups, corn, light",PROCNT,"Protéines, N x 6.25 (g/100 g)",0.0,g,USDA,0.8,proxy,sirop de glucose de maïs (composition proche d'un sirop de glucose de blé),"USDA FoodData Central, SR Legacy (04/2018), FDC ID 168837 (CC0 1.0) — glucides hors fibres et énergie recalculés (UE 1169/2011)"
ING-TECH-SIROPDEBL-000001,raw,main,FDC168837,"Syrups, corn, light",FAT,Lipides (g/100 g),0.2,g,USDA,0.8,proxy,sirop de glucose de maïs (composition proche d'un sirop de glucose de blé),"USDA FoodData Central, SR Legacy (04/2018), FDC ID 168837 (CC0 1.0) — glucides hors fibres et énergie recalculés (UE 1169/2011)"
ING-TECH-SIROPDEBL-000001,raw,main,FDC168837,"Syrups, corn, light",FIB-,Fibres alimentaires (g/100 g),0.0,g,USDA,0.8,proxy,sirop de glucose de maïs (composition proche d'un sirop de glucose de blé),"USDA FoodData Central, SR Legacy (04/2018), FDC ID 168837 (CC0 1.0) — glucides hors fibres et énergie recalculés (UE 1169/2011)"
ING-TECH-SIROPDEBL-000001,raw,main,FDC168837,"Syrups, corn, light",SUGAR,Sucres (g/100 g),76.77,g,USDA,0.8,proxy,sirop de glucose de maïs (composition proche d'un sirop de glucose de blé),"USDA FoodData Central, SR Legacy (04/2018), FDC ID 168837 (CC0 1.0) — glucides hors fibres et énergie recalculés (UE 1169/2011)"
ING-TECH-SIROPDEBL-000001,raw,main,FDC168837,"Syrups, corn, light",ALC,Alcool (éthanol) (g/100 g),0.0,g,USDA,0.8,proxy,sirop de glucose de maïs (composition proche d'un sirop de glucose de blé),"USDA FoodData Central, SR Legacy (04/2018), FDC ID 168837 (CC0 1.0) — glucides hors fibres et énergie recalculés (UE 1169/2011)"
ING-TECH-SIROPDEBL-000001,raw,main,FDC168837,"Syrups, corn, light",FASAT,AG saturés (g/100 g),0.0,g,USDA,0.8,proxy,sirop de glucose de maïs (composition proche d'un sirop de glucose de blé),"USDA FoodData Central, SR Legacy (04/2018), FDC ID 168837 (CC0 1.0) — glucides hors fibres et énergie recalculés (UE 1169/2011)"
ING-TECH-SIROPDEBL-000001,raw,main,FDC168837,"Syrups, corn, light",FAMS,AG monoinsaturés (g/100 g),0.0,g,USDA,0.8,proxy,sirop de glucose de maïs (composition proche d'un sirop de glucose de blé),"USDA FoodData Central, SR Legacy (04/2018), FDC ID 168837 (CC0 1.0) — glucides hors fibres et énergie recalculés (UE 1169/2011)"
ING-TECH-SIROPDEBL-000001,raw,main,FDC168837,"Syrups, corn, light",FAPU,AG polyinsaturés (g/100 g),0.0,g,USDA,0.8,proxy,sirop de glucose de maïs (composition proche d'un sirop de glucose de blé),"USDA FoodData Central, SR Legacy (04/2018), FDC ID 168837 (CC0 1.0) — glucides hors fibres et énergie recalculés (UE 1169/2011)"
ING-TECH-SIROPDEBL-000001,raw,main,FDC168837,"Syrups, corn, light",CHOL-,Cholestérol (mg/100 g),0.0,mg,USDA,0.8,proxy,sirop de glucose de maïs (composition proche d'un sirop de glucose de blé),"USDA FoodData Central, SR Legacy (04/2018), FDC ID 168837 (CC0 1.0) — glucides hors fibres et énergie recalculés (UE 1169/2011)"
ING-TECH-SIROPDEBL-000001,raw,main,FDC168837,"Syrups, corn, light",NA,Sodium (mg/100 g),62.0,mg,USDA,0.8,proxy,sirop de glucose de maïs (composition proche d'un sirop de glucose de blé),"USDA FoodData Central, SR Legacy (04/2018), FDC ID 168837 (CC0 1.0) — glucides hors fibres et énergie recalculés (UE 1169/2011)"
ING-TECH-SIROPDEBL-000001,raw,main,FDC168837,"Syrups, corn, light",CA,Calcium (mg/100 g),13.0,mg,USDA,0.8,proxy,sirop de glucose de maïs (composition proche d'un sirop de glucose de blé),"USDA FoodData Central, SR Legacy (04/2018), FDC ID 168837 (CC0 1.0) — glucides hors fibres et énergie recalculés (UE 1169/2011)"
ING-TECH-SIROPDEBL-000001,raw,main,FDC168837,"Syrups, corn, light",FE,Fer (mg/100 g),0.0,mg,USDA,0.8,proxy,sirop de glucose de maïs (composition proche d'un sirop de glucose de blé),"USDA FoodData Central, SR Legacy (04/2018), FDC ID 168837 (CC0 1.0) — glucides hors fibres et énergie recalculés (UE 1169/2011)"
ING-TECH-SIROPDEBL-000001,raw,main,FDC168837,"Syrups, corn, light",MG,Magnésium (mg/100 g),1.0,mg,USDA,0.8,proxy,sirop de glucose de maïs (composition proche d'un sirop de glucose de blé),"USDA FoodData Central, SR Legacy (04/2018), FDC ID 168837 (CC0 1.0) — glucides hors fibres et énergie recalculés (UE 1169/2011)"
ING-TECH-SIROPDEBL-000001,raw,main,FDC168837,"Syrups, corn, light",P,Phosphore (mg/100 g),0.0,mg,USDA,0.8,proxy,sirop de glucose de maïs (composition proche d'un sirop de glucose de blé),"USDA FoodData Central, SR Legacy (04/2018), FDC ID 168837 (CC0 1.0) — glucides hors fibres et énergie recalculés (UE 1169/2011)"
ING-TECH-SIROPDEBL-000001,raw,main,FDC168837,"Syrups, corn, light",K,Potassium (mg/100 g),1.0,mg,USDA,0.8,proxy,sirop de glucose de maïs (composition proche d'un sirop de glucose de blé),"USDA FoodData Central, SR Legacy (04/2018), FDC ID 168837 (CC0 1.0) — glucides hors fibres et énergie recalculés (UE 1169/2011)"
ING-TECH-SIROPDEBL-000001,raw,main,FDC168837,"Syrups, corn, light",ZN,Zinc (mg/100 g),0.44,mg,USDA,0.8,proxy,sirop de glucose de maïs (composition proche d'un sirop de glucose de blé),"USDA FoodData Central, SR Legacy (04/2018), FDC ID 168837 (CC0 1.0) — glucides hors fibres et énergie recalculés (UE 1169/2011)"
ING-TECH-SIROPDEBL-000001,raw,main,FDC168837,"Syrups, corn, light",CU,Cuivre (mg/100 g),0.0,mg,USDA,0.8,proxy,sirop de glucose de maïs (composition proche d'un sirop de glucose de blé),"USDA FoodData Central, SR Legacy (04/2018), FDC ID 168837 (CC0 1.0) — glucides hors fibres et énergie recalculés (UE 1169/2011)"
ING-TECH-SIROPDEBL-000001,raw,main,FDC168837,"Syrups, corn, light",MN,Manganèse (mg/100 g),0.0,mg,USDA,0.8,proxy,sirop de glucose de maïs (composition proche d'un sirop de glucose de blé),"USDA FoodData Central, SR Legacy (04/2018), FDC ID 168837 (CC0 1.0) — glucides hors fibres et énergie recalculés (UE 1169/2011)"
ING-TECH-SIROPDEBL-000001,raw,main,FDC168837,"Syrups, corn, light",SE,Sélénium (µg/100 g),0.7,µg,USDA,0.8,proxy,sirop de glucose de maïs (composition proche d'un sirop de glucose de blé),"USDA FoodData Central, SR Legacy (04/2018), FDC ID 168837 (CC0 1.0) — glucides hors fibres et énergie recalculés (UE 1169/2011)"
ING-TECH-SIROPDEBL-000001,raw,main,FDC168837,"Syrups, corn, light",RAE,"Activité vitaminique A, équivalents rétinol (µg/100 g)",0.0,µg,USDA,0.8,proxy,sirop de glucose de maïs (composition proche d'un sirop de glucose de blé),"USDA FoodData Central, SR Legacy (04/2018), FDC ID 168837 (CC0 1.0) — glucides hors fibres et énergie recalculés (UE 1169/2011)"
ING-TECH-SIROPDEBL-000001,raw,main,FDC168837,"Syrups, corn, light",RETOL,Rétinol (µg/100 g),0.0,µg,USDA,0.8,proxy,sirop de glucose de maïs (composition proche d'un sirop de glucose de blé),"USDA FoodData Central, SR Legacy (04/2018), FDC ID 168837 (CC0 1.0) — glucides hors fibres et énergie recalculés (UE 1169/2011)"
ING-TECH-SIROPDEBL-000001,raw,main,FDC168837,"Syrups, corn, light",CARTB,Beta-Carotène (µg/100 g),0.0,µg,USDA,0.8,proxy,sirop de glucose de maïs (composition proche d'un sirop de glucose de blé),"USDA FoodData Central, SR Legacy (04/2018), FDC ID 168837 (CC0 1.0) — glucides hors fibres et énergie recalculés (UE 1169/2011)"
ING-TECH-SIROPDEBL-000001,raw,main,FDC168837,"Syrups, corn, light",VITD-,Vitamine D (µg/100 g),0.0,µg,USDA,0.8,proxy,sirop de glucose de maïs (composition proche d'un sirop de glucose de blé),"USDA FoodData Central, SR Legacy (04/2018), FDC ID 168837 (CC0 1.0) — glucides hors fibres et énergie recalculés (UE 1169/2011)"
ING-TECH-SIROPDEBL-000001,raw,main,FDC168837,"Syrups, corn, light",VITC,Vitamine C (mg/100 g),0.0,mg,USDA,0.8,proxy,sirop de glucose de maïs (composition proche d'un sirop de glucose de blé),"USDA FoodData Central, SR Legacy (04/2018), FDC ID 168837 (CC0 1.0) — glucides hors fibres et énergie recalculés (UE 1169/2011)"
ING-TECH-SIROPDEBL-000001,raw,main,FDC168837,"Syrups, corn, light",THIA,Vitamine B1 ou Thiamine (mg/100 g),0.059,mg,USDA,0.8,proxy,sirop de glucose de maïs (composition proche d'un sirop de glucose de blé),"USDA FoodData Central, SR Legacy (04/2018), FDC ID 168837 (CC0 1.0) — glucides hors fibres et énergie recalculés (UE 1169/2011)"
ING-TECH-SIROPDEBL-000001,raw,main,FDC168837,"Syrups, corn, light",RIBF,Vitamine B2 ou Riboflavine (mg/100 g),0.0,mg,USDA,0.8,proxy,sirop de glucose de maïs (composition proche d'un sirop de glucose de blé),"USDA FoodData Central, SR Legacy (04/2018), FDC ID 168837 (CC0 1.0) — glucides hors fibres et énergie recalculés (UE 1169/2011)"
ING-TECH-SIROPDEBL-000001,raw,main,FDC168837,"Syrups, corn, light",NIA,Vitamine B3 ou PP ou Niacine (mg/100 g),0.0,mg,USDA,0.8,proxy,sirop de glucose de maïs (composition proche d'un sirop de glucose de blé),"USDA FoodData Central, SR Legacy (04/2018), FDC ID 168837 (CC0 1.0) — glucides hors fibres et énergie recalculés (UE 1169/2011)"
ING-TECH-SIROPDEBL-000001,raw,main,FDC168837,"Syrups, corn, light",PANTAC,Vitamine B5 ou Acide pantothénique (mg/100 g),0.0,mg,USDA,0.8,proxy,sirop de glucose de maïs (composition proche d'un sirop de glucose de blé),"USDA FoodData Central, SR Legacy (04/2018), FDC ID 168837 (CC0 1.0) — glucides hors fibres et énergie recalculés (UE 1169/2011)"
ING-TECH-SIROPDEBL-000001,raw,main,FDC168837,"Syrups, corn, light",VITB6-,Vitamine B6 (mg/100 g),0.0,mg,USDA,0.8,proxy,sirop de glucose de maïs (composition proche d'un sirop de glucose de blé),"USDA FoodData Central, SR Legacy (04/2018), FDC ID 168837 (CC0 1.0) — glucides hors fibres et énergie recalculés (UE 1169/2011)"
ING-TECH-SIROPDEBL-000001,raw,main,FDC168837,"Syrups, corn, light",VITB12,Vitamine B12 (µg/100 g),0.0,µg,USDA,0.8,proxy,sirop de glucose de maïs (composition proche d'un sirop de glucose de blé),"USDA FoodData Central, SR Legacy (04/2018), FDC ID 168837 (CC0 1.0) — glucides hors fibres et énergie recalculés (UE 1169/2011)"
ING-TECH-SIROPDEBL-000001,raw,main,FDC168837,"Syrups, corn, light",FOL,Vitamine B9 ou Folates totaux (µg/100 g),0.0,µg,USDA,0.8,proxy,sirop de glucose de maïs (composition proche d'un sirop de glucose de blé),"USDA FoodData Central, SR Legacy (04/2018), FDC ID 168837 (CC0 1.0) — glucides hors fibres et énergie recalculés (UE 1169/2011)"
ING-TECH-SIROPDEBL-000001,raw,main,FDC168837,"Syrups, corn, light",FOLAC,Acide folique (enrichissement) (µg/100 g),0.0,µg,USDA,0.8,proxy,sirop de glucose de maïs (composition proche d'un sirop de glucose de blé),"USDA FoodData Central, SR Legacy (04/2018), FDC ID 168837 (CC0 1.0) — glucides hors fibres et énergie recalculés (UE 1169/2011)"
ING-TECH-SIROPDEBL-000001,raw,main,FDC168837,"Syrups, corn, light",FOLFD,Folates intrinsèques (µg/100 g),0.0,µg,USDA,0.8,proxy,sirop de glucose de maïs (composition proche d'un sirop de glucose de blé),"USDA FoodData Central, SR Legacy (04/2018), FDC ID 168837 (CC0 1.0) — glucides hors fibres et énergie recalculés (UE 1169/2011)"
ING-TECH-SIROPDEBL-000001,raw,main,FDC168837,"Syrups, corn, light",FOLDFE,"Vitamine B9 ou Folates totaux, équivalents folates alimentaires, DFE (µg/100 g)",0.0,µg,USDA,0.8,proxy,sirop de glucose de maïs (composition proche d'un sirop de glucose de blé),"USDA FoodData Central, SR Legacy (04/2018), FDC ID 168837 (CC0 1.0) — glucides hors fibres et énergie recalculés (UE 1169/2011)"
ING-TECH-SIROPDEBL-000001,raw,main,FDC168837,"Syrups, corn, light",TOCPHA,Alpha-tocophérol (vitamine E) (mg/100 g),0.0,mg,USDA,0.8,proxy,sirop de glucose de maïs (composition proche d'un sirop de glucose de blé),"USDA FoodData Central, SR Legacy (04/2018), FDC ID 168837 (CC0 1.0) — glucides hors fibres et énergie recalculés (UE 1169/2011)"
ING-TECH-SIROPDEBL-000001,raw,main,FDC168837,"Syrups, corn, light",VITK1,Vitamine K1 (µg/100 g),0.0,µg,USDA,0.8,proxy,sirop de glucose de maïs (composition proche d'un sirop de glucose de blé),"USDA FoodData Central, SR Legacy (04/2018), FDC ID 168837 (CC0 1.0) — glucides hors fibres et énergie recalculés (UE 1169/2011)"
ING-TECH-SIROPDEBL-000001,raw,main,FDC168837,"Syrups, corn, light",CHOAVL,Glucides (g/100 g),76.79,g,USDA,0.8,proxy,sirop de glucose de maïs (composition proche d'un sirop de glucose de blé),"USDA FoodData Central, SR Legacy (04/2018), FDC ID 168837 (CC0 1.0) — glucides hors fibres et énergie recalculés (UE 1169/2011)"
ING-TECH-SIROPDEBL-000001,raw,main,FDC168837,"Syrups, corn, light",SALT,Sel chlorure de sodium (g/100 g),0.155,g,USDA,0.8,proxy,sirop de glucose de maïs (composition proche d'un sirop de glucose de blé),"USDA FoodData Central, SR Legacy (04/2018), FDC ID 168837 (CC0 1.0) — glucides hors fibres et énergie recalculés (UE 1169/2011)"
ING-TECH-SIROPDEBL-000001,raw,main,FDC168837,"Syrups, corn, light",ENERCKCAL,"Energie, Règlement UE N° 1169/2011 (kcal/100 g)",308.96,kcal,USDA,0.8,proxy,sirop de glucose de maïs (composition proche d'un sirop de glucose de blé),"USDA FoodData Central, SR Legacy (04/2018), FDC ID 168837 (CC0 1.0) — glucides hors fibres et énergie recalculés (UE 1169/2011)"
ING-TECH-SIROPDEBL-000001,raw,main,FDC168837,"Syrups, corn, light",ENERC,"Energie, Règlement UE N° 1169/2011 (kJ/100 g)",1312.83,kJ,USDA,0.8,proxy,sirop de glucose de maïs (composition proche d'un sirop de glucose de blé),"USDA FoodData Central, SR Legacy (04/2018), FDC ID 168837 (CC0 1.0) — glucides hors fibres et énergie recalculés (UE 1169/2011)"
ING-TECH-SIROPDERIZ-000001,raw,main,FDC168837,"Syrups, corn, light",WATER,Eau (g/100 g),22.81,g,USDA,0.8,proxy,sirop de glucose de maïs (composition proche d'un sirop de riz),"USDA FoodData Central, SR Legacy (04/2018), FDC ID 168837 (CC0 1.0) — glucides hors fibres et énergie recalculés (UE 1169/2011)"
ING-TECH-SIROPDERIZ-000001,raw,main,FDC168837,"Syrups, corn, light",ASH,Cendres (g/100 g),0.2,g,USDA,0.8,proxy,sirop de glucose de maïs (composition proche d'un sirop de riz),"USDA FoodData Central, SR Legacy (04/2018), FDC ID 168837 (CC0 1.0) — glucides hors fibres et énergie recalculés (UE 1169/2011)"
ING-TECH-SIROPDERIZ-000001,raw,main,FDC168837,"Syrups, corn, light",PROCNT,"Protéines, N x 6.25 (g/100 g)",0.0,g,USDA,0.8,proxy,sirop de glucose de maïs (composition proche d'un sirop de riz),"USDA FoodData Central, SR Legacy (04/2018), FDC ID 168837 (CC0 1.0) — glucides hors fibres et énergie recalculés (UE 1169/2011)"
ING-TECH-SIROPDERIZ-000001,raw,main,FDC168837,"Syrups, corn, light",FAT,Lipides (g/100 g),0.2,g,USDA,0.8,proxy,sirop de glucose de maïs (composition proche d'un sirop de riz),"USDA FoodData Central, SR Legacy (04/2018), FDC ID 168837 (CC0 1.0) — glucides hors fibres et énergie recalculés (UE 1169/2011)"
ING-TECH-SIROPDERIZ-000001,raw,main,FDC168837,"Syrups, corn, light",FIB-,Fibres alimentaires (g/100 g),0.0,g,USDA,0.8,proxy,sirop de glucose de maïs (composition proche d'un sirop de riz),"USDA FoodData Central, SR Legacy (04/2018), FDC ID 168837 (CC0 1.0) — glucides hors fibres et énergie recalculés (UE 1169/2011)"
ING-TECH-SIROPDERIZ-000001,raw,main,FDC168837,"Syrups, corn, light",SUGAR,Sucres (g/100 g),76.77,g,USDA,0.8,proxy,sirop de glucose de maïs (composition proche d'un sirop de riz),"USDA FoodData Central, SR Legacy (04/2018), FDC ID 168837 (CC0 1.0) — glucides hors fibres et énergie recalculés (UE 1169/2011)"
ING-TECH-SIROPDERIZ-000001,raw,main,FDC168837,"Syrups, corn, light",ALC,Alcool (éthanol) (g/100 g),0.0,g,USDA,0.8,proxy,sirop de glucose de maïs (composition proche d'un sirop de riz),"USDA FoodData Central, SR Legacy (04/2018), FDC ID 168837 (CC0 1.0) — glucides hors fibres et énergie recalculés (UE 1169/2011)"
ING-TECH-SIROPDERIZ-000001,raw,main,FDC168837,"Syrups, corn, light",FASAT,AG saturés (g/100 g),0.0,g,USDA,0.8,proxy,sirop de glucose de maïs (composition proche d'un sirop de riz),"USDA FoodData Central, SR Legacy (04/2018), FDC ID 168837 (CC0 1.0) — glucides hors fibres et énergie recalculés (UE 1169/2011)"
ING-TECH-SIROPDERIZ-000001,raw,main,FDC168837,"Syrups, corn, light",FAMS,AG monoinsaturés (g/100 g),0.0,g,USDA,0.8,proxy,sirop de glucose de maïs (composition proche d'un sirop de riz),"USDA FoodData Central, SR Legacy (04/2018), FDC ID 168837 (CC0 1.0) — glucides hors fibres et énergie recalculés (UE 1169/2011)"
ING-TECH-SIROPDERIZ-000001,raw,main,FDC168837,"Syrups, corn, light",FAPU,AG polyinsaturés (g/100 g),0.0,g,USDA,0.8,proxy,sirop de glucose de maïs (composition proche d'un sirop de riz),"USDA FoodData Central, SR Legacy (04/2018), FDC ID 168837 (CC0 1.0) — glucides hors fibres et énergie recalculés (UE 1169/2011)"
ING-TECH-SIROPDERIZ-000001,raw,main,FDC168837,"Syrups, corn, light",CHOL-,Cholestérol (mg/100 g),0.0,mg,USDA,0.8,proxy,sirop de glucose de maïs (composition proche d'un sirop de riz),"USDA FoodData Central, SR Legacy (04/2018), FDC ID 168837 (CC0 1.0) — glucides hors fibres et énergie recalculés (UE 1169/2011)"
ING-TECH-SIROPDERIZ-000001,raw,main,FDC168837,"Syrups, corn, light",NA,Sodium (mg/100 g),62.0,mg,USDA,0.8,proxy,sirop de glucose de maïs (composition proche d'un sirop de riz),"USDA FoodData Central, SR Legacy (04/2018), FDC ID 168837 (CC0 1.0) — glucides hors fibres et énergie recalculés (UE 1169/2011)"
ING-TECH-SIROPDERIZ-000001,raw,main,FDC168837,"Syrups, corn, light",CA,Calcium (mg/100 g),13.0,mg,USDA,0.8,proxy,sirop de glucose de maïs (composition proche d'un sirop de riz),"USDA FoodData Central, SR Legacy (04/2018), FDC ID 168837 (CC0 1.0) — glucides hors fibres et énergie recalculés (UE 1169/2011)"
ING-TECH-SIROPDERIZ-000001,raw,main,FDC168837,"Syrups, corn, light",FE,Fer (mg/100 g),0.0,mg,USDA,0.8,proxy,sirop de glucose de maïs (composition proche d'un sirop de riz),"USDA FoodData Central, SR Legacy (04/2018), FDC ID 168837 (CC0 1.0) — glucides hors fibres et énergie recalculés (UE 1169/2011)"
ING-TECH-SIROPDERIZ-000001,raw,main,FDC168837,"Syrups, corn, light",MG,Magnésium (mg/100 g),1.0,mg,USDA,0.8,proxy,sirop de glucose de maïs (composition proche d'un sirop de riz),"USDA FoodData Central, SR Legacy (04/2018), FDC ID 168837 (CC0 1.0) — glucides hors fibres et énergie recalculés (UE 1169/2011)"
ING-TECH-SIROPDERIZ-000001,raw,main,FDC168837,"Syrups, corn, light",P,Phosphore (mg/100 g),0.0,mg,USDA,0.8,proxy,sirop de glucose de maïs (composition proche d'un sirop de riz),"USDA FoodData Central, SR Legacy (04/2018), FDC ID 168837 (CC0 1.0) — glucides hors fibres et énergie recalculés (UE 1169/2011)"
ING-TECH-SIROPDERIZ-000001,raw,main,FDC168837,"Syrups, corn, light",K,Potassium (mg/100 g),1.0,mg,USDA,0.8,proxy,sirop de glucose de maïs (composition proche d'un sirop de riz),"USDA FoodData Central, SR Legacy (04/2018), FDC ID 168837 (CC0 1.0) — glucides hors fibres et énergie recalculés (UE 1169/2011)"
ING-TECH-SIROPDERIZ-000001,raw,main,FDC168837,"Syrups, corn, light",ZN,Zinc (mg/100 g),0.44,mg,USDA,0.8,proxy,sirop de glucose de maïs (composition proche d'un sirop de riz),"USDA FoodData Central, SR Legacy (04/2018), FDC ID 168837 (CC0 1.0) — glucides hors fibres et énergie recalculés (UE 1169/2011)"
ING-TECH-SIROPDERIZ-000001,raw,main,FDC168837,"Syrups, corn, light",CU,Cuivre (mg/100 g),0.0,mg,USDA,0.8,proxy,sirop de glucose de maïs (composition proche d'un sirop de riz),"USDA FoodData Central, SR Legacy (04/2018), FDC ID 168837 (CC0 1.0) — glucides hors fibres et énergie recalculés (UE 1169/2011)"
ING-TECH-SIROPDERIZ-000001,raw,main,FDC168837,"Syrups, corn, light",MN,Manganèse (mg/100 g),0.0,mg,USDA,0.8,proxy,sirop de glucose de maïs (composition proche d'un sirop de riz),"USDA FoodData Central, SR Legacy (04/2018), FDC ID 168837 (CC0 1.0) — glucides hors fibres et énergie recalculés (UE 1169/2011)"
ING-TECH-SIROPDERIZ-000001,raw,main,FDC168837,"Syrups, corn, light",SE,Sélénium (µg/100 g),0.7,µg,USDA,0.8,proxy,sirop de glucose de maïs (composition proche d'un sirop de riz),"USDA FoodData Central, SR Legacy (04/2018), FDC ID 168837 (CC0 1.0) — glucides hors fibres et énergie recalculés (UE 1169/2011)"
ING-TECH-SIROPDERIZ-000001,raw,main,FDC168837,"Syrups, corn, light",RAE,"Activité vitaminique A, équivalents rétinol (µg/100 g)",0.0,µg,USDA,0.8,proxy,sirop de glucose de maïs (composition proche d'un sirop de riz),"USDA FoodData Central, SR Legacy (04/2018), FDC ID 168837 (CC0 1.0) — glucides hors fibres et énergie recalculés (UE 1169/2011)"
ING-TECH-SIROPDERIZ-000001,raw,main,FDC168837,"Syrups, corn, light",RETOL,Rétinol (µg/100 g),0.0,µg,USDA,0.8,proxy,sirop de glucose de maïs (composition proche d'un sirop de riz),"USDA FoodData Central, SR Legacy (04/2018), FDC ID 168837 (CC0 1.0) — glucides hors fibres et énergie recalculés (UE 1169/2011)"
ING-TECH-SIROPDERIZ-000001,raw,main,FDC168837,"Syrups, corn, light",CARTB,Beta-Carotène (µg/100 g),0.0,µg,USDA,0.8,proxy,sirop de glucose de maïs (composition proche d'un sirop de riz),"USDA FoodData Central, SR Legacy (04/2018), FDC ID 168837 (CC0 1.0) — glucides hors fibres et énergie recalculés (UE 1169/2011)"
ING-TECH-SIROPDERIZ-000001,raw,main,FDC168837,"Syrups, corn, light",VITD-,Vitamine D (µg/100 g),0.0,µg,USDA,0.8,proxy,sirop de glucose de maïs (composition proche d'un sirop de riz),"USDA FoodData Central, SR Legacy (04/2018), FDC ID 168837 (CC0 1.0) — glucides hors fibres et énergie recalculés (UE 1169/2011)"
ING-TECH-SIROPDERIZ-000001,raw,main,FDC168837,"Syrups, corn, light",VITC,Vitamine C (mg/100 g),0.0,mg,USDA,0.8,proxy,sirop de glucose de maïs (composition proche d'un sirop de riz),"USDA FoodData Central, SR Legacy (04/2018), FDC ID 168837 (CC0 1.0) — glucides hors fibres et énergie recalculés (UE 1169/2011)"
ING-TECH-SIROPDERIZ-000001,raw,main,FDC168837,"Syrups, corn, light",THIA,Vitamine B1 ou Thiamine (mg/100 g),0.059,mg,USDA,0.8,proxy,sirop de glucose de maïs (composition proche d'un sirop de riz),"USDA FoodData Central, SR Legacy (04/2018), FDC ID 168837 (CC0 1.0) — glucides hors fibres et énergie recalculés (UE 1169/2011)"
ING-TECH-SIROPDERIZ-000001,raw,main,FDC168837,"Syrups, corn, light",RIBF,Vitamine B2 ou Riboflavine (mg/100 g),0.0,mg,USDA,0.8,proxy,sirop de glucose de maïs (composition proche d'un sirop de riz),"USDA FoodData Central, SR Legacy (04/2018), FDC ID 168837 (CC0 1.0) — glucides hors fibres et énergie recalculés (UE 1169/2011)"
ING-TECH-SIROPDERIZ-000001,raw,main,FDC168837,"Syrups, corn, light",NIA,Vitamine B3 ou PP ou Niacine (mg/100 g),0.0,mg,USDA,0.8,proxy,sirop de glucose de maïs (composition proche d'un sirop de riz),"USDA FoodData Central, SR Legacy (04/2018), FDC ID 168837 (CC0 1.0) — glucides hors fibres et énergie recalculés (UE 1169/2011)"
ING-TECH-SIROPDERIZ-000001,raw,main,FDC168837,"Syrups, corn, light",PANTAC,Vitamine B5 ou Acide pantothénique (mg/100 g),0.0,mg,USDA,0.8,proxy,sirop de glucose de maïs (composition proche d'un sirop de riz),"USDA FoodData Central, SR Legacy (04/2018), FDC ID 168837 (CC0 1.0) — glucides hors fibres et énergie recalculés (UE 1169/2011)"
ING-TECH-SIROPDERIZ-000001,raw,main,FDC168837,"Syrups, corn, light",VITB6-,Vitamine B6 (mg/100 g),0.0,mg,USDA,0.8,proxy,sirop de glucose de maïs (composition proche d'un sirop de riz),"USDA FoodData Central, SR Legacy (04/2018), FDC ID 168837 (CC0 1.0) — glucides hors fibres et énergie recalculés (UE 1169/2011)"
ING-TECH-SIROPDERIZ-000001,raw,main,FDC168837,"Syrups, corn, light",VITB12,Vitamine B12 (µg/100 g),0.0,µg,USDA,0.8,proxy,sirop de glucose de maïs (composition proche d'un sirop de riz),"USDA FoodData Central, SR Legacy (04/2018), FDC ID 168837 (CC0 1.0) — glucides hors fibres et énergie recalculés (UE 1169/2011)"
ING-TECH-SIROPDERIZ-000001,raw,main,FDC168837,"Syrups, corn, light",FOL,Vitamine B9 ou Folates totaux (µg/100 g),0.0,µg,USDA,0.8,proxy,sirop de glucose de maïs (composition proche d'un sirop de riz),"USDA FoodData Central, SR Legacy (04/2018), FDC ID 168837 (CC0 1.0) — glucides hors fibres et énergie recalculés (UE 1169/2011)"
ING-TECH-SIROPDERIZ-000001,raw,main,FDC168837,"Syrups, corn, light",FOLAC,Acide folique (enrichissement) (µg/100 g),0.0,µg,USDA,0.8,proxy,sirop de glucose de maïs (composition proche d'un sirop de riz),"USDA FoodData Central, SR Legacy (04/2018), FDC ID 168837 (CC0 1.0) — glucides hors fibres et énergie recalculés (UE 1169/2011)"
ING-TECH-SIROPDERIZ-000001,raw,main,FDC168837,"Syrups, corn, light",FOLFD,Folates intrinsèques (µg/100 g),0.0,µg,USDA,0.8,proxy,sirop de glucose de maïs (composition proche d'un sirop de riz),"USDA FoodData Central, SR Legacy (04/2018), FDC ID 168837 (CC0 1.0) — glucides hors fibres et énergie recalculés (UE 1169/2011)"
ING-TECH-SIROPDERIZ-000001,raw,main,FDC168837,"Syrups, corn, light",FOLDFE,"Vitamine B9 ou Folates totaux, équivalents folates alimentaires, DFE (µg/100 g)",0.0,µg,USDA,0.8,proxy,sirop de glucose de maïs (composition proche d'un sirop de riz),"USDA FoodData Central, SR Legacy (04/2018), FDC ID 168837 (CC0 1.0) — glucides hors fibres et énergie recalculés (UE 1169/2011)"
ING-TECH-SIROPDERIZ-000001,raw,main,FDC168837,"Syrups, corn, light",TOCPHA,Alpha-tocophérol (vitamine E) (mg/100 g),0.0,mg,USDA,0.8,proxy,sirop de glucose de maïs (composition proche d'un sirop de riz),"USDA FoodData Central, SR Legacy (04/2018), FDC ID 168837 (CC0 1.0) — glucides hors fibres et énergie recalculés (UE 1169/2011)"
ING-TECH-SIROPDERIZ-000001,raw,main,FDC168837,"Syrups, corn, light",VITK1,Vitamine K1 (µg/100 g),0.0,µg,USDA,0.8,proxy,sirop de glucose de maïs (composition proche d'un sirop de riz),"USDA FoodData Central, SR Legacy (04/2018), FDC ID 168837 (CC0 1.0) — glucides hors fibres et énergie recalculés (UE 1169/2011)"
ING-TECH-SIROPDERIZ-000001,raw,main,FDC168837,"Syrups, corn, light",CHOAVL,Glucides (g/100 g),76.79,g,USDA,0.8,proxy,sirop de glucose de maïs (composition proche d'un sirop de riz),"USDA FoodData Central, SR Legacy (04/2018), FDC ID 168837 (CC0 1.0) — glucides hors fibres et énergie recalculés (UE 1169/2011)"
ING-TECH-SIROPDERIZ-000001,raw,main,FDC168837,"Syrups, corn, light",SALT,Sel chlorure de sodium (g/100 g),0.155,g,USDA,0.8,proxy,sirop de glucose de maïs (composition proche d'un sirop de riz),"USDA FoodData Central, SR Legacy (04/2018), FDC ID 168837 (CC0 1.0) — glucides hors fibres et énergie recalculés (UE 1169/2011)"
ING-TECH-SIROPDERIZ-000001,raw,main,FDC168837,"Syrups, corn, light",ENERCKCAL,"Energie, Règlement UE N° 1169/2011 (kcal/100 g)",308.96,kcal,USDA,0.8,proxy,sirop de glucose de maïs (composition proche d'un sirop de riz),"USDA FoodData Central, SR Legacy (04/2018), FDC ID 168837 (CC0 1.0) — glucides hors fibres et énergie recalculés (UE 1169/2011)"
ING-TECH-SIROPDERIZ-000001,raw,main,FDC168837,"Syrups, corn, light",ENERC,"Energie, Règlement UE N° 1169/2011 (kJ/100 g)",1312.83,kJ,USDA,0.8,proxy,sirop de glucose de maïs (composition proche d'un sirop de riz),"USDA FoodData Central, SR Legacy (04/2018), FDC ID 168837 (CC0 1.0) — glucides hors fibres et énergie recalculés (UE 1169/2011)"
ING-TECH-HUILEDECARTH-000001,raw,main,FDC171027,"Oil, safflower, salad or cooking, high oleic (primary safflower oil of commerce)",WATER,Eau (g/100 g),0.0,g,USDA,0.8,equivalent,Oil safflower high oleic (huile de commerce),"USDA FoodData Central, SR Legacy (04/2018), FDC ID 171027 (CC0 1.0) — glucides hors fibres et énergie recalculés (UE 1169/2011)"
ING-TECH-HUILEDECARTH-000001,raw,main,FDC171027,"Oil, safflower, salad or cooking, high oleic (primary safflower oil of commerce)",ASH,Cendres (g/100 g),0.0,g,USDA,0.8,equivalent,Oil safflower high oleic (huile de commerce),"USDA FoodData Central, SR Legacy (04/2018), FDC ID 171027 (CC0 1.0) — glucides hors fibres et énergie recalculés (UE 1169/2011)"
ING-TECH-HUILEDECARTH-000001,raw,main,FDC171027,"Oil, safflower, salad or cooking, high oleic (primary safflower oil of commerce)",PROCNT,"Protéines, N x 6.25 (g/100 g)",0.0,g,USDA,0.8,equivalent,Oil safflower high oleic (huile de commerce),"USDA FoodData Central, SR Legacy (04/2018), FDC ID 171027 (CC0 1.0) — glucides hors fibres et énergie recalculés (UE 1169/2011)"
ING-TECH-HUILEDECARTH-000001,raw,main,FDC171027,"Oil, safflower, salad or cooking, high oleic (primary safflower oil of commerce)",FAT,Lipides (g/100 g),100.0,g,USDA,0.8,equivalent,Oil safflower high oleic (huile de commerce),"USDA FoodData Central, SR Legacy (04/2018), FDC ID 171027 (CC0 1.0) — glucides hors fibres et énergie recalculés (UE 1169/2011)"
ING-TECH-HUILEDECARTH-000001,raw,main,FDC171027,"Oil, safflower, salad or cooking, high oleic (primary safflower oil of commerce)",FIB-,Fibres alimentaires (g/100 g),0.0,g,USDA,0.8,equivalent,Oil safflower high oleic (huile de commerce),"USDA FoodData Central, SR Legacy (04/2018), FDC ID 171027 (CC0 1.0) — glucides hors fibres et énergie recalculés (UE 1169/2011)"
ING-TECH-HUILEDECARTH-000001,raw,main,FDC171027,"Oil, safflower, salad or cooking, high oleic (primary safflower oil of commerce)",SUGAR,Sucres (g/100 g),0.0,g,USDA,0.8,equivalent,Oil safflower high oleic (huile de commerce),"USDA FoodData Central, SR Legacy (04/2018), FDC ID 171027 (CC0 1.0) — glucides hors fibres et énergie recalculés (UE 1169/2011)"
ING-TECH-HUILEDECARTH-000001,raw,main,FDC171027,"Oil, safflower, salad or cooking, high oleic (primary safflower oil of commerce)",ALC,Alcool (éthanol) (g/100 g),0.0,g,USDA,0.8,equivalent,Oil safflower high oleic (huile de commerce),"USDA FoodData Central, SR Legacy (04/2018), FDC ID 171027 (CC0 1.0) — glucides hors fibres et énergie recalculés (UE 1169/2011)"
ING-TECH-HUILEDECARTH-000001,raw,main,FDC171027,"Oil, safflower, salad or cooking, high oleic (primary safflower oil of commerce)",FASAT,AG saturés (g/100 g),7.541,g,USDA,0.8,equivalent,Oil safflower high oleic (huile de commerce),"USDA FoodData Central, SR Legacy (04/2018), FDC ID 171027 (CC0 1.0) — glucides hors fibres et énergie recalculés (UE 1169/2011)"
ING-TECH-HUILEDECARTH-000001,raw,main,FDC171027,"Oil, safflower, salad or cooking, high oleic (primary safflower oil of commerce)",FAMS,AG monoinsaturés (g/100 g),75.221,g,USDA,0.8,equivalent,Oil safflower high oleic (huile de commerce),"USDA FoodData Central, SR Legacy (04/2018), FDC ID 171027 (CC0 1.0) — glucides hors fibres et énergie recalculés (UE 1169/2011)"
ING-TECH-HUILEDECARTH-000001,raw,main,FDC171027,"Oil, safflower, salad or cooking, high oleic (primary safflower oil of commerce)",FAPU,AG polyinsaturés (g/100 g),12.82,g,USDA,0.8,equivalent,Oil safflower high oleic (huile de commerce),"USDA FoodData Central, SR Legacy (04/2018), FDC ID 171027 (CC0 1.0) — glucides hors fibres et énergie recalculés (UE 1169/2011)"
ING-TECH-HUILEDECARTH-000001,raw,main,FDC171027,"Oil, safflower, salad or cooking, high oleic (primary safflower oil of commerce)",CHOL-,Cholestérol (mg/100 g),0.0,mg,USDA,0.8,equivalent,Oil safflower high oleic (huile de commerce),"USDA FoodData Central, SR Legacy (04/2018), FDC ID 171027 (CC0 1.0) — glucides hors fibres et énergie recalculés (UE 1169/2011)"
ING-TECH-HUILEDECARTH-000001,raw,main,FDC171027,"Oil, safflower, salad or cooking, high oleic (primary safflower oil of commerce)",NA,Sodium (mg/100 g),0.0,mg,USDA,0.8,equivalent,Oil safflower high oleic (huile de commerce),"USDA FoodData Central, SR Legacy (04/2018), FDC ID 171027 (CC0 1.0) — glucides hors fibres et énergie recalculés (UE 1169/2011)"
ING-TECH-HUILEDECARTH-000001,raw,main,FDC171027,"Oil, safflower, salad or cooking, high oleic (primary safflower oil of commerce)",CA,Calcium (mg/100 g),0.0,mg,USDA,0.8,equivalent,Oil safflower high oleic (huile de commerce),"USDA FoodData Central, SR Legacy (04/2018), FDC ID 171027 (CC0 1.0) — glucides hors fibres et énergie recalculés (UE 1169/2011)"
ING-TECH-HUILEDECARTH-000001,raw,main,FDC171027,"Oil, safflower, salad or cooking, high oleic (primary safflower oil of commerce)",FE,Fer (mg/100 g),0.0,mg,USDA,0.8,equivalent,Oil safflower high oleic (huile de commerce),"USDA FoodData Central, SR Legacy (04/2018), FDC ID 171027 (CC0 1.0) — glucides hors fibres et énergie recalculés (UE 1169/2011)"
ING-TECH-HUILEDECARTH-000001,raw,main,FDC171027,"Oil, safflower, salad or cooking, high oleic (primary safflower oil of commerce)",MG,Magnésium (mg/100 g),0.0,mg,USDA,0.8,equivalent,Oil safflower high oleic (huile de commerce),"USDA FoodData Central, SR Legacy (04/2018), FDC ID 171027 (CC0 1.0) — glucides hors fibres et énergie recalculés (UE 1169/2011)"
ING-TECH-HUILEDECARTH-000001,raw,main,FDC171027,"Oil, safflower, salad or cooking, high oleic (primary safflower oil of commerce)",P,Phosphore (mg/100 g),0.0,mg,USDA,0.8,equivalent,Oil safflower high oleic (huile de commerce),"USDA FoodData Central, SR Legacy (04/2018), FDC ID 171027 (CC0 1.0) — glucides hors fibres et énergie recalculés (UE 1169/2011)"
ING-TECH-HUILEDECARTH-000001,raw,main,FDC171027,"Oil, safflower, salad or cooking, high oleic (primary safflower oil of commerce)",K,Potassium (mg/100 g),0.0,mg,USDA,0.8,equivalent,Oil safflower high oleic (huile de commerce),"USDA FoodData Central, SR Legacy (04/2018), FDC ID 171027 (CC0 1.0) — glucides hors fibres et énergie recalculés (UE 1169/2011)"
ING-TECH-HUILEDECARTH-000001,raw,main,FDC171027,"Oil, safflower, salad or cooking, high oleic (primary safflower oil of commerce)",ZN,Zinc (mg/100 g),0.0,mg,USDA,0.8,equivalent,Oil safflower high oleic (huile de commerce),"USDA FoodData Central, SR Legacy (04/2018), FDC ID 171027 (CC0 1.0) — glucides hors fibres et énergie recalculés (UE 1169/2011)"
ING-TECH-HUILEDECARTH-000001,raw,main,FDC171027,"Oil, safflower, salad or cooking, high oleic (primary safflower oil of commerce)",CU,Cuivre (mg/100 g),0.0,mg,USDA,0.8,equivalent,Oil safflower high oleic (huile de commerce),"USDA FoodData Central, SR Legacy (04/2018), FDC ID 171027 (CC0 1.0) — glucides hors fibres et énergie recalculés (UE 1169/2011)"
ING-TECH-HUILEDECARTH-000001,raw,main,FDC171027,"Oil, safflower, salad or cooking, high oleic (primary safflower oil of commerce)",MN,Manganèse (mg/100 g),0.0,mg,USDA,0.8,equivalent,Oil safflower high oleic (huile de commerce),"USDA FoodData Central, SR Legacy (04/2018), FDC ID 171027 (CC0 1.0) — glucides hors fibres et énergie recalculés (UE 1169/2011)"
ING-TECH-HUILEDECARTH-000001,raw,main,FDC171027,"Oil, safflower, salad or cooking, high oleic (primary safflower oil of commerce)",SE,Sélénium (µg/100 g),0.0,µg,USDA,0.8,equivalent,Oil safflower high oleic (huile de commerce),"USDA FoodData Central, SR Legacy (04/2018), FDC ID 171027 (CC0 1.0) — glucides hors fibres et énergie recalculés (UE 1169/2011)"
ING-TECH-HUILEDECARTH-000001,raw,main,FDC171027,"Oil, safflower, salad or cooking, high oleic (primary safflower oil of commerce)",RAE,"Activité vitaminique A, équivalents rétinol (µg/100 g)",0.0,µg,USDA,0.8,equivalent,Oil safflower high oleic (huile de commerce),"USDA FoodData Central, SR Legacy (04/2018), FDC ID 171027 (CC0 1.0) — glucides hors fibres et énergie recalculés (UE 1169/2011)"
ING-TECH-HUILEDECARTH-000001,raw,main,FDC171027,"Oil, safflower, salad or cooking, high oleic (primary safflower oil of commerce)",RETOL,Rétinol (µg/100 g),0.0,µg,USDA,0.8,equivalent,Oil safflower high oleic (huile de commerce),"USDA FoodData Central, SR Legacy (04/2018), FDC ID 171027 (CC0 1.0) — glucides hors fibres et énergie recalculés (UE 1169/2011)"
ING-TECH-HUILEDECARTH-000001,raw,main,FDC171027,"Oil, safflower, salad or cooking, high oleic (primary safflower oil of commerce)",CARTB,Beta-Carotène (µg/100 g),0.0,µg,USDA,0.8,equivalent,Oil safflower high oleic (huile de commerce),"USDA FoodData Central, SR Legacy (04/2018), FDC ID 171027 (CC0 1.0) — glucides hors fibres et énergie recalculés (UE 1169/2011)"
ING-TECH-HUILEDECARTH-000001,raw,main,FDC171027,"Oil, safflower, salad or cooking, high oleic (primary safflower oil of commerce)",VITD-,Vitamine D (µg/100 g),0.0,µg,USDA,0.8,equivalent,Oil safflower high oleic (huile de commerce),"USDA FoodData Central, SR Legacy (04/2018), FDC ID 171027 (CC0 1.0) — glucides hors fibres et énergie recalculés (UE 1169/2011)"
ING-TECH-HUILEDECARTH-000001,raw,main,FDC171027,"Oil, safflower, salad or cooking, high oleic (primary safflower oil of commerce)",VITC,Vitamine C (mg/100 g),0.0,mg,USDA,0.8,equivalent,Oil safflower high oleic (huile de commerce),"USDA FoodData Central, SR Legacy (04/2018), FDC ID 171027 (CC0 1.0) — glucides hors fibres et énergie recalculés (UE 1169/2011)"
ING-TECH-HUILEDECARTH-000001,raw,main,FDC171027,"Oil, safflower, salad or cooking, high oleic (primary safflower oil of commerce)",THIA,Vitamine B1 ou Thiamine (mg/100 g),0.0,mg,USDA,0.8,equivalent,Oil safflower high oleic (huile de commerce),"USDA FoodData Central, SR Legacy (04/2018), FDC ID 171027 (CC0 1.0) — glucides hors fibres et énergie recalculés (UE 1169/2011)"
ING-TECH-HUILEDECARTH-000001,raw,main,FDC171027,"Oil, safflower, salad or cooking, high oleic (primary safflower oil of commerce)",RIBF,Vitamine B2 ou Riboflavine (mg/100 g),0.0,mg,USDA,0.8,equivalent,Oil safflower high oleic (huile de commerce),"USDA FoodData Central, SR Legacy (04/2018), FDC ID 171027 (CC0 1.0) — glucides hors fibres et énergie recalculés (UE 1169/2011)"
ING-TECH-HUILEDECARTH-000001,raw,main,FDC171027,"Oil, safflower, salad or cooking, high oleic (primary safflower oil of commerce)",NIA,Vitamine B3 ou PP ou Niacine (mg/100 g),0.0,mg,USDA,0.8,equivalent,Oil safflower high oleic (huile de commerce),"USDA FoodData Central, SR Legacy (04/2018), FDC ID 171027 (CC0 1.0) — glucides hors fibres et énergie recalculés (UE 1169/2011)"
ING-TECH-HUILEDECARTH-000001,raw,main,FDC171027,"Oil, safflower, salad or cooking, high oleic (primary safflower oil of commerce)",PANTAC,Vitamine B5 ou Acide pantothénique (mg/100 g),0.0,mg,USDA,0.8,equivalent,Oil safflower high oleic (huile de commerce),"USDA FoodData Central, SR Legacy (04/2018), FDC ID 171027 (CC0 1.0) — glucides hors fibres et énergie recalculés (UE 1169/2011)"
ING-TECH-HUILEDECARTH-000001,raw,main,FDC171027,"Oil, safflower, salad or cooking, high oleic (primary safflower oil of commerce)",VITB6-,Vitamine B6 (mg/100 g),0.0,mg,USDA,0.8,equivalent,Oil safflower high oleic (huile de commerce),"USDA FoodData Central, SR Legacy (04/2018), FDC ID 171027 (CC0 1.0) — glucides hors fibres et énergie recalculés (UE 1169/2011)"
ING-TECH-HUILEDECARTH-000001,raw,main,FDC171027,"Oil, safflower, salad or cooking, high oleic (primary safflower oil of commerce)",VITB12,Vitamine B12 (µg/100 g),0.0,µg,USDA,0.8,equivalent,Oil safflower high oleic (huile de commerce),"USDA FoodData Central, SR Legacy (04/2018), FDC ID 171027 (CC0 1.0) — glucides hors fibres et énergie recalculés (UE 1169/2011)"
ING-TECH-HUILEDECARTH-000001,raw,main,FDC171027,"Oil, safflower, salad or cooking, high oleic (primary safflower oil of commerce)",FOL,Vitamine B9 ou Folates totaux (µg/100 g),0.0,µg,USDA,0.8,equivalent,Oil safflower high oleic (huile de commerce),"USDA FoodData Central, SR Legacy (04/2018), FDC ID 171027 (CC0 1.0) — glucides hors fibres et énergie recalculés (UE 1169/2011)"
ING-TECH-HUILEDECARTH-000001,raw,main,FDC171027,"Oil, safflower, salad or cooking, high oleic (primary safflower oil of commerce)",FOLAC,Acide folique (enrichissement) (µg/100 g),0.0,µg,USDA,0.8,equivalent,Oil safflower high oleic (huile de commerce),"USDA FoodData Central, SR Legacy (04/2018), FDC ID 171027 (CC0 1.0) — glucides hors fibres et énergie recalculés (UE 1169/2011)"
ING-TECH-HUILEDECARTH-000001,raw,main,FDC171027,"Oil, safflower, salad or cooking, high oleic (primary safflower oil of commerce)",FOLFD,Folates intrinsèques (µg/100 g),0.0,µg,USDA,0.8,equivalent,Oil safflower high oleic (huile de commerce),"USDA FoodData Central, SR Legacy (04/2018), FDC ID 171027 (CC0 1.0) — glucides hors fibres et énergie recalculés (UE 1169/2011)"
ING-TECH-HUILEDECARTH-000001,raw,main,FDC171027,"Oil, safflower, salad or cooking, high oleic (primary safflower oil of commerce)",FOLDFE,"Vitamine B9 ou Folates totaux, équivalents folates alimentaires, DFE (µg/100 g)",0.0,µg,USDA,0.8,equivalent,Oil safflower high oleic (huile de commerce),"USDA FoodData Central, SR Legacy (04/2018), FDC ID 171027 (CC0 1.0) — glucides hors fibres et énergie recalculés (UE 1169/2011)"
ING-TECH-HUILEDECARTH-000001,raw,main,FDC171027,"Oil, safflower, salad or cooking, high oleic (primary safflower oil of commerce)",TOCPHA,Alpha-tocophérol (vitamine E) (mg/100 g),34.1,mg,USDA,0.8,equivalent,Oil safflower high oleic (huile de commerce),"USDA FoodData Central, SR Legacy (04/2018), FDC ID 171027 (CC0 1.0) — glucides hors fibres et énergie recalculés (UE 1169/2011)"
ING-TECH-HUILEDECARTH-000001,raw,main,FDC171027,"Oil, safflower, salad or cooking, high oleic (primary safflower oil of commerce)",VITK1,Vitamine K1 (µg/100 g),7.1,µg,USDA,0.8,equivalent,Oil safflower high oleic (huile de commerce),"USDA FoodData Central, SR Legacy (04/2018), FDC ID 171027 (CC0 1.0) — glucides hors fibres et énergie recalculés (UE 1169/2011)"
ING-TECH-HUILEDECARTH-000001,raw,main,FDC171027,"Oil, safflower, salad or cooking, high oleic (primary safflower oil of commerce)",CHOAVL,Glucides (g/100 g),0.0,g,USDA,0.8,equivalent,Oil safflower high oleic (huile de commerce),"USDA FoodData Central, SR Legacy (04/2018), FDC ID 171027 (CC0 1.0) — glucides hors fibres et énergie recalculés (UE 1169/2011)"
ING-TECH-HUILEDECARTH-000001,raw,main,FDC171027,"Oil, safflower, salad or cooking, high oleic (primary safflower oil of commerce)",SALT,Sel chlorure de sodium (g/100 g),0.0,g,USDA,0.8,equivalent,Oil safflower high oleic (huile de commerce),"USDA FoodData Central, SR Legacy (04/2018), FDC ID 171027 (CC0 1.0) — glucides hors fibres et énergie recalculés (UE 1169/2011)"
ING-TECH-HUILEDECARTH-000001,raw,main,FDC171027,"Oil, safflower, salad or cooking, high oleic (primary safflower oil of commerce)",ENERCKCAL,"Energie, Règlement UE N° 1169/2011 (kcal/100 g)",900.0,kcal,USDA,0.8,equivalent,Oil safflower high oleic (huile de commerce),"USDA FoodData Central, SR Legacy (04/2018), FDC ID 171027 (CC0 1.0) — glucides hors fibres et énergie recalculés (UE 1169/2011)"
ING-TECH-HUILEDECARTH-000001,raw,main,FDC171027,"Oil, safflower, salad or cooking, high oleic (primary safflower oil of commerce)",ENERC,"Energie, Règlement UE N° 1169/2011 (kJ/100 g)",3700.0,kJ,USDA,0.8,equivalent,Oil safflower high oleic (huile de commerce),"USDA FoodData Central, SR Legacy (04/2018), FDC ID 171027 (CC0 1.0) — glucides hors fibres et énergie recalculés (UE 1169/2011)"
ING-TECH-PTEDECACAO-000001,raw,main,FDC167568,"Baking chocolate, unsweetened, squares",WATER,Eau (g/100 g),1.34,g,USDA,0.8,equivalent,Baking chocolate unsweetened squares,"USDA FoodData Central, SR Legacy (04/2018), FDC ID 167568 (CC0 1.0) — glucides hors fibres et énergie recalculés (UE 1169/2011)"
ING-TECH-PTEDECACAO-000001,raw,main,FDC167568,"Baking chocolate, unsweetened, squares",ASH,Cendres (g/100 g),3.6,g,USDA,0.8,equivalent,Baking chocolate unsweetened squares,"USDA FoodData Central, SR Legacy (04/2018), FDC ID 167568 (CC0 1.0) — glucides hors fibres et énergie recalculés (UE 1169/2011)"
ING-TECH-PTEDECACAO-000001,raw,main,FDC167568,"Baking chocolate, unsweetened, squares",PROCNT,"Protéines, N x 6.25 (g/100 g)",14.32,g,USDA,0.8,equivalent,Baking chocolate unsweetened squares,"USDA FoodData Central, SR Legacy (04/2018), FDC ID 167568 (CC0 1.0) — glucides hors fibres et énergie recalculés (UE 1169/2011)"
ING-TECH-PTEDECACAO-000001,raw,main,FDC167568,"Baking chocolate, unsweetened, squares",FAT,Lipides (g/100 g),52.31,g,USDA,0.8,equivalent,Baking chocolate unsweetened squares,"USDA FoodData Central, SR Legacy (04/2018), FDC ID 167568 (CC0 1.0) — glucides hors fibres et énergie recalculés (UE 1169/2011)"
ING-TECH-PTEDECACAO-000001,raw,main,FDC167568,"Baking chocolate, unsweetened, squares",FIB-,Fibres alimentaires (g/100 g),16.6,g,USDA,0.8,equivalent,Baking chocolate unsweetened squares,"USDA FoodData Central, SR Legacy (04/2018), FDC ID 167568 (CC0 1.0) — glucides hors fibres et énergie recalculés (UE 1169/2011)"
ING-TECH-PTEDECACAO-000001,raw,main,FDC167568,"Baking chocolate, unsweetened, squares",SUGAR,Sucres (g/100 g),0.91,g,USDA,0.8,equivalent,Baking chocolate unsweetened squares,"USDA FoodData Central, SR Legacy (04/2018), FDC ID 167568 (CC0 1.0) — glucides hors fibres et énergie recalculés (UE 1169/2011)"
ING-TECH-PTEDECACAO-000001,raw,main,FDC167568,"Baking chocolate, unsweetened, squares",SUCS,Saccharose (g/100 g),0.91,g,USDA,0.8,equivalent,Baking chocolate unsweetened squares,"USDA FoodData Central, SR Legacy (04/2018), FDC ID 167568 (CC0 1.0) — glucides hors fibres et énergie recalculés (UE 1169/2011)"
ING-TECH-PTEDECACAO-000001,raw,main,FDC167568,"Baking chocolate, unsweetened, squares",GLUS,Glucose (g/100 g),0.0,g,USDA,0.8,equivalent,Baking chocolate unsweetened squares,"USDA FoodData Central, SR Legacy (04/2018), FDC ID 167568 (CC0 1.0) — glucides hors fibres et énergie recalculés (UE 1169/2011)"
ING-TECH-PTEDECACAO-000001,raw,main,FDC167568,"Baking chocolate, unsweetened, squares",FRUS,Fructose (g/100 g),0.0,g,USDA,0.8,equivalent,Baking chocolate unsweetened squares,"USDA FoodData Central, SR Legacy (04/2018), FDC ID 167568 (CC0 1.0) — glucides hors fibres et énergie recalculés (UE 1169/2011)"
ING-TECH-PTEDECACAO-000001,raw,main,FDC167568,"Baking chocolate, unsweetened, squares",LACS,Lactose (g/100 g),0.0,g,USDA,0.8,equivalent,Baking chocolate unsweetened squares,"USDA FoodData Central, SR Legacy (04/2018), FDC ID 167568 (CC0 1.0) — glucides hors fibres et énergie recalculés (UE 1169/2011)"
ING-TECH-PTEDECACAO-000001,raw,main,FDC167568,"Baking chocolate, unsweetened, squares",MALS,Maltose (g/100 g),0.0,g,USDA,0.8,equivalent,Baking chocolate unsweetened squares,"USDA FoodData Central, SR Legacy (04/2018), FDC ID 167568 (CC0 1.0) — glucides hors fibres et énergie recalculés (UE 1169/2011)"
ING-TECH-PTEDECACAO-000001,raw,main,FDC167568,"Baking chocolate, unsweetened, squares",GALS,Galactose (g/100 g),0.0,g,USDA,0.8,equivalent,Baking chocolate unsweetened squares,"USDA FoodData Central, SR Legacy (04/2018), FDC ID 167568 (CC0 1.0) — glucides hors fibres et énergie recalculés (UE 1169/2011)"
ING-TECH-PTEDECACAO-000001,raw,main,FDC167568,"Baking chocolate, unsweetened, squares",ALC,Alcool (éthanol) (g/100 g),0.0,g,USDA,0.8,equivalent,Baking chocolate unsweetened squares,"USDA FoodData Central, SR Legacy (04/2018), FDC ID 167568 (CC0 1.0) — glucides hors fibres et énergie recalculés (UE 1169/2011)"
ING-TECH-PTEDECACAO-000001,raw,main,FDC167568,"Baking chocolate, unsweetened, squares",FASAT,AG saturés (g/100 g),32.277,g,USDA,0.8,equivalent,Baking chocolate unsweetened squares,"USDA FoodData Central, SR Legacy (04/2018), FDC ID 167568 (CC0 1.0) — glucides hors fibres et énergie recalculés (UE 1169/2011)"
ING-TECH-PTEDECACAO-000001,raw,main,FDC167568,"Baking chocolate, unsweetened, squares",FAMS,AG monoinsaturés (g/100 g),16.068,g,USDA,0.8,equivalent,Baking chocolate unsweetened squares,"USDA FoodData Central, SR Legacy (04/2018), FDC ID 167568 (CC0 1.0) — glucides hors fibres et énergie recalculés (UE 1169/2011)"
ING-TECH-PTEDECACAO-000001,raw,main,FDC167568,"Baking chocolate, unsweetened, squares",FAPU,AG polyinsaturés (g/100 g),1.551,g,USDA,0.8,equivalent,Baking chocolate unsweetened squares,"USDA FoodData Central, SR Legacy (04/2018), FDC ID 167568 (CC0 1.0) — glucides hors fibres et énergie recalculés (UE 1169/2011)"
ING-TECH-PTEDECACAO-000001,raw,main,FDC167568,"Baking chocolate, unsweetened, squares",CHOL-,Cholestérol (mg/100 g),2.0,mg,USDA,0.8,equivalent,Baking chocolate unsweetened squares,"USDA FoodData Central, SR Legacy (04/2018), FDC ID 167568 (CC0 1.0) — glucides hors fibres et énergie recalculés (UE 1169/2011)"
ING-TECH-PTEDECACAO-000001,raw,main,FDC167568,"Baking chocolate, unsweetened, squares",NA,Sodium (mg/100 g),24.0,mg,USDA,0.8,equivalent,Baking chocolate unsweetened squares,"USDA FoodData Central, SR Legacy (04/2018), FDC ID 167568 (CC0 1.0) — glucides hors fibres et énergie recalculés (UE 1169/2011)"
ING-TECH-PTEDECACAO-000001,raw,main,FDC167568,"Baking chocolate, unsweetened, squares",CA,Calcium (mg/100 g),101.0,mg,USDA,0.8,equivalent,Baking chocolate unsweetened squares,"USDA FoodData Central, SR Legacy (04/2018), FDC ID 167568 (CC0 1.0) — glucides hors fibres et énergie recalculés (UE 1169/2011)"
ING-TECH-PTEDECACAO-000001,raw,main,FDC167568,"Baking chocolate, unsweetened, squares",FE,Fer (mg/100 g),17.4,mg,USDA,0.8,equivalent,Baking chocolate unsweetened squares,"USDA FoodData Central, SR Legacy (04/2018), FDC ID 167568 (CC0 1.0) — glucides hors fibres et énergie recalculés (UE 1169/2011)"
ING-TECH-PTEDECACAO-000001,raw,main,FDC167568,"Baking chocolate, unsweetened, squares",MG,Magnésium (mg/100 g),327.0,mg,USDA,0.8,equivalent,Baking chocolate unsweetened squares,"USDA FoodData Central, SR Legacy (04/2018), FDC ID 167568 (CC0 1.0) — glucides hors fibres et énergie recalculés (UE 1169/2011)"
ING-TECH-PTEDECACAO-000001,raw,main,FDC167568,"Baking chocolate, unsweetened, squares",P,Phosphore (mg/100 g),400.0,mg,USDA,0.8,equivalent,Baking chocolate unsweetened squares,"USDA FoodData Central, SR Legacy (04/2018), FDC ID 167568 (CC0 1.0) — glucides hors fibres et énergie recalculés (UE 1169/2011)"
ING-TECH-PTEDECACAO-000001,raw,main,FDC167568,"Baking chocolate, unsweetened, squares",K,Potassium (mg/100 g),830.0,mg,USDA,0.8,equivalent,Baking chocolate unsweetened squares,"USDA FoodData Central, SR Legacy (04/2018), FDC ID 167568 (CC0 1.0) — glucides hors fibres et énergie recalculés (UE 1169/2011)"
ING-TECH-PTEDECACAO-000001,raw,main,FDC167568,"Baking chocolate, unsweetened, squares",ZN,Zinc (mg/100 g),9.63,mg,USDA,0.8,equivalent,Baking chocolate unsweetened squares,"USDA FoodData Central, SR Legacy (04/2018), FDC ID 167568 (CC0 1.0) — glucides hors fibres et énergie recalculés (UE 1169/2011)"
ING-TECH-PTEDECACAO-000001,raw,main,FDC167568,"Baking chocolate, unsweetened, squares",CU,Cuivre (mg/100 g),3.233,mg,USDA,0.8,equivalent,Baking chocolate unsweetened squares,"USDA FoodData Central, SR Legacy (04/2018), FDC ID 167568 (CC0 1.0) — glucides hors fibres et énergie recalculés (UE 1169/2011)"
ING-TECH-PTEDECACAO-000001,raw,main,FDC167568,"Baking chocolate, unsweetened, squares",MN,Manganèse (mg/100 g),4.167,mg,USDA,0.8,equivalent,Baking chocolate unsweetened squares,"USDA FoodData Central, SR Legacy (04/2018), FDC ID 167568 (CC0 1.0) — glucides hors fibres et énergie recalculés (UE 1169/2011)"
ING-TECH-PTEDECACAO-000001,raw,main,FDC167568,"Baking chocolate, unsweetened, squares",SE,Sélénium (µg/100 g),8.1,µg,USDA,0.8,equivalent,Baking chocolate unsweetened squares,"USDA FoodData Central, SR Legacy (04/2018), FDC ID 167568 (CC0 1.0) — glucides hors fibres et énergie recalculés (UE 1169/2011)"
ING-TECH-PTEDECACAO-000001,raw,main,FDC167568,"Baking chocolate, unsweetened, squares",RAE,"Activité vitaminique A, équivalents rétinol (µg/100 g)",0.0,µg,USDA,0.8,equivalent,Baking chocolate unsweetened squares,"USDA FoodData Central, SR Legacy (04/2018), FDC ID 167568 (CC0 1.0) — glucides hors fibres et énergie recalculés (UE 1169/2011)"
ING-TECH-PTEDECACAO-000001,raw,main,FDC167568,"Baking chocolate, unsweetened, squares",RETOL,Rétinol (µg/100 g),0.0,µg,USDA,0.8,equivalent,Baking chocolate unsweetened squares,"USDA FoodData Central, SR Legacy (04/2018), FDC ID 167568 (CC0 1.0) — glucides hors fibres et énergie recalculés (UE 1169/2011)"
ING-TECH-PTEDECACAO-000001,raw,main,FDC167568,"Baking chocolate, unsweetened, squares",CARTB,Beta-Carotène (µg/100 g),0.0,µg,USDA,0.8,equivalent,Baking chocolate unsweetened squares,"USDA FoodData Central, SR Legacy (04/2018), FDC ID 167568 (CC0 1.0) — glucides hors fibres et énergie recalculés (UE 1169/2011)"
ING-TECH-PTEDECACAO-000001,raw,main,FDC167568,"Baking chocolate, unsweetened, squares",VITD-,Vitamine D (µg/100 g),0.0,µg,USDA,0.8,equivalent,Baking chocolate unsweetened squares,"USDA FoodData Central, SR Legacy (04/2018), FDC ID 167568 (CC0 1.0) — glucides hors fibres et énergie recalculés (UE 1169/2011)"
ING-TECH-PTEDECACAO-000001,raw,main,FDC167568,"Baking chocolate, unsweetened, squares",VITC,Vitamine C (mg/100 g),0.0,mg,USDA,0.8,equivalent,Baking chocolate unsweetened squares,"USDA FoodData Central, SR Legacy (04/2018), FDC ID 167568 (CC0 1.0) — glucides hors fibres et énergie recalculés (UE 1169/2011)"
ING-TECH-PTEDECACAO-000001,raw,main,FDC167568,"Baking chocolate, unsweetened, squares",THIA,Vitamine B1 ou Thiamine (mg/100 g),0.147,mg,USDA,0.8,equivalent,Baking chocolate unsweetened squares,"USDA FoodData Central, SR Legacy (04/2018), FDC ID 167568 (CC0 1.0) — glucides hors fibres et énergie recalculés (UE 1169/2011)"
ING-TECH-PTEDECACAO-000001,raw,main,FDC167568,"Baking chocolate, unsweetened, squares",RIBF,Vitamine B2 ou Riboflavine (mg/100 g),0.1,mg,USDA,0.8,equivalent,Baking chocolate unsweetened squares,"USDA FoodData Central, SR Legacy (04/2018), FDC ID 167568 (CC0 1.0) — glucides hors fibres et énergie recalculés (UE 1169/2011)"
ING-TECH-PTEDECACAO-000001,raw,main,FDC167568,"Baking chocolate, unsweetened, squares",NIA,Vitamine B3 ou PP ou Niacine (mg/100 g),1.355,mg,USDA,0.8,equivalent,Baking chocolate unsweetened squares,"USDA FoodData Central, SR Legacy (04/2018), FDC ID 167568 (CC0 1.0) — glucides hors fibres et énergie recalculés (UE 1169/2011)"
ING-TECH-PTEDECACAO-000001,raw,main,FDC167568,"Baking chocolate, unsweetened, squares",PANTAC,Vitamine B5 ou Acide pantothénique (mg/100 g),0.168,mg,USDA,0.8,equivalent,Baking chocolate unsweetened squares,"USDA FoodData Central, SR Legacy (04/2018), FDC ID 167568 (CC0 1.0) — glucides hors fibres et énergie recalculés (UE 1169/2011)"
ING-TECH-PTEDECACAO-000001,raw,main,FDC167568,"Baking chocolate, unsweetened, squares",VITB6-,Vitamine B6 (mg/100 g),0.027,mg,USDA,0.8,equivalent,Baking chocolate unsweetened squares,"USDA FoodData Central, SR Legacy (04/2018), FDC ID 167568 (CC0 1.0) — glucides hors fibres et énergie recalculés (UE 1169/2011)"
ING-TECH-PTEDECACAO-000001,raw,main,FDC167568,"Baking chocolate, unsweetened, squares",VITB12,Vitamine B12 (µg/100 g),0.0,µg,USDA,0.8,equivalent,Baking chocolate unsweetened squares,"USDA FoodData Central, SR Legacy (04/2018), FDC ID 167568 (CC0 1.0) — glucides hors fibres et énergie recalculés (UE 1169/2011)"
ING-TECH-PTEDECACAO-000001,raw,main,FDC167568,"Baking chocolate, unsweetened, squares",FOL,Vitamine B9 ou Folates totaux (µg/100 g),28.0,µg,USDA,0.8,equivalent,Baking chocolate unsweetened squares,"USDA FoodData Central, SR Legacy (04/2018), FDC ID 167568 (CC0 1.0) — glucides hors fibres et énergie recalculés (UE 1169/2011)"
ING-TECH-PTEDECACAO-000001,raw,main,FDC167568,"Baking chocolate, unsweetened, squares",FOLAC,Acide folique (enrichissement) (µg/100 g),0.0,µg,USDA,0.8,equivalent,Baking chocolate unsweetened squares,"USDA FoodData Central, SR Legacy (04/2018), FDC ID 167568 (CC0 1.0) — glucides hors fibres et énergie recalculés (UE 1169/2011)"
ING-TECH-PTEDECACAO-000001,raw,main,FDC167568,"Baking chocolate, unsweetened, squares",FOLFD,Folates intrinsèques (µg/100 g),28.0,µg,USDA,0.8,equivalent,Baking chocolate unsweetened squares,"USDA FoodData Central, SR Legacy (04/2018), FDC ID 167568 (CC0 1.0) — glucides hors fibres et énergie recalculés (UE 1169/2011)"
ING-TECH-PTEDECACAO-000001,raw,main,FDC167568,"Baking chocolate, unsweetened, squares",FOLDFE,"Vitamine B9 ou Folates totaux, équivalents folates alimentaires, DFE (µg/100 g)",28.0,µg,USDA,0.8,equivalent,Baking chocolate unsweetened squares,"USDA FoodData Central, SR Legacy (04/2018), FDC ID 167568 (CC0 1.0) — glucides hors fibres et énergie recalculés (UE 1169/2011)"
ING-TECH-PTEDECACAO-000001,raw,main,FDC167568,"Baking chocolate, unsweetened, squares",TOCPHA,Alpha-tocophérol (vitamine E) (mg/100 g),0.4,mg,USDA,0.8,equivalent,Baking chocolate unsweetened squares,"USDA FoodData Central, SR Legacy (04/2018), FDC ID 167568 (CC0 1.0) — glucides hors fibres et énergie recalculés (UE 1169/2011)"
ING-TECH-PTEDECACAO-000001,raw,main,FDC167568,"Baking chocolate, unsweetened, squares",VITK1,Vitamine K1 (µg/100 g),9.7,µg,USDA,0.8,equivalent,Baking chocolate unsweetened squares,"USDA FoodData Central, SR Legacy (04/2018), FDC ID 167568 (CC0 1.0) — glucides hors fibres et énergie recalculés (UE 1169/2011)"
ING-TECH-PTEDECACAO-000001,raw,main,FDC167568,"Baking chocolate, unsweetened, squares",CHOAVL,Glucides (g/100 g),11.82,g,USDA,0.8,equivalent,Baking chocolate unsweetened squares,"USDA FoodData Central, SR Legacy (04/2018), FDC ID 167568 (CC0 1.0) — glucides hors fibres et énergie recalculés (UE 1169/2011)"
ING-TECH-PTEDECACAO-000001,raw,main,FDC167568,"Baking chocolate, unsweetened, squares",SALT,Sel chlorure de sodium (g/100 g),0.06,g,USDA,0.8,equivalent,Baking chocolate unsweetened squares,"USDA FoodData Central, SR Legacy (04/2018), FDC ID 167568 (CC0 1.0) — glucides hors fibres et énergie recalculés (UE 1169/2011)"
ING-TECH-PTEDECACAO-000001,raw,main,FDC167568,"Baking chocolate, unsweetened, squares",ENERCKCAL,"Energie, Règlement UE N° 1169/2011 (kcal/100 g)",608.55,kcal,USDA,0.8,equivalent,Baking chocolate unsweetened squares,"USDA FoodData Central, SR Legacy (04/2018), FDC ID 167568 (CC0 1.0) — glucides hors fibres et énergie recalculés (UE 1169/2011)"
ING-TECH-PTEDECACAO-000001,raw,main,FDC167568,"Baking chocolate, unsweetened, squares",ENERC,"Energie, Règlement UE N° 1169/2011 (kJ/100 g)",2512.65,kJ,USDA,0.8,equivalent,Baking chocolate unsweetened squares,"USDA FoodData Central, SR Legacy (04/2018), FDC ID 167568 (CC0 1.0) — glucides hors fibres et énergie recalculés (UE 1169/2011)"
ING-TECH-CHOCOLATNOIR-000003,raw,main,FDC167568,"Baking chocolate, unsweetened, squares",WATER,Eau (g/100 g),1.34,g,USDA,0.8,equivalent,Baking chocolate unsweetened squares (chocolat 100 %),"USDA FoodData Central, SR Legacy (04/2018), FDC ID 167568 (CC0 1.0) — glucides hors fibres et énergie recalculés (UE 1169/2011)"
ING-TECH-CHOCOLATNOIR-000003,raw,main,FDC167568,"Baking chocolate, unsweetened, squares",ASH,Cendres (g/100 g),3.6,g,USDA,0.8,equivalent,Baking chocolate unsweetened squares (chocolat 100 %),"USDA FoodData Central, SR Legacy (04/2018), FDC ID 167568 (CC0 1.0) — glucides hors fibres et énergie recalculés (UE 1169/2011)"
ING-TECH-CHOCOLATNOIR-000003,raw,main,FDC167568,"Baking chocolate, unsweetened, squares",PROCNT,"Protéines, N x 6.25 (g/100 g)",14.32,g,USDA,0.8,equivalent,Baking chocolate unsweetened squares (chocolat 100 %),"USDA FoodData Central, SR Legacy (04/2018), FDC ID 167568 (CC0 1.0) — glucides hors fibres et énergie recalculés (UE 1169/2011)"
ING-TECH-CHOCOLATNOIR-000003,raw,main,FDC167568,"Baking chocolate, unsweetened, squares",FAT,Lipides (g/100 g),52.31,g,USDA,0.8,equivalent,Baking chocolate unsweetened squares (chocolat 100 %),"USDA FoodData Central, SR Legacy (04/2018), FDC ID 167568 (CC0 1.0) — glucides hors fibres et énergie recalculés (UE 1169/2011)"
ING-TECH-CHOCOLATNOIR-000003,raw,main,FDC167568,"Baking chocolate, unsweetened, squares",FIB-,Fibres alimentaires (g/100 g),16.6,g,USDA,0.8,equivalent,Baking chocolate unsweetened squares (chocolat 100 %),"USDA FoodData Central, SR Legacy (04/2018), FDC ID 167568 (CC0 1.0) — glucides hors fibres et énergie recalculés (UE 1169/2011)"
ING-TECH-CHOCOLATNOIR-000003,raw,main,FDC167568,"Baking chocolate, unsweetened, squares",SUGAR,Sucres (g/100 g),0.91,g,USDA,0.8,equivalent,Baking chocolate unsweetened squares (chocolat 100 %),"USDA FoodData Central, SR Legacy (04/2018), FDC ID 167568 (CC0 1.0) — glucides hors fibres et énergie recalculés (UE 1169/2011)"
ING-TECH-CHOCOLATNOIR-000003,raw,main,FDC167568,"Baking chocolate, unsweetened, squares",SUCS,Saccharose (g/100 g),0.91,g,USDA,0.8,equivalent,Baking chocolate unsweetened squares (chocolat 100 %),"USDA FoodData Central, SR Legacy (04/2018), FDC ID 167568 (CC0 1.0) — glucides hors fibres et énergie recalculés (UE 1169/2011)"
ING-TECH-CHOCOLATNOIR-000003,raw,main,FDC167568,"Baking chocolate, unsweetened, squares",GLUS,Glucose (g/100 g),0.0,g,USDA,0.8,equivalent,Baking chocolate unsweetened squares (chocolat 100 %),"USDA FoodData Central, SR Legacy (04/2018), FDC ID 167568 (CC0 1.0) — glucides hors fibres et énergie recalculés (UE 1169/2011)"
ING-TECH-CHOCOLATNOIR-000003,raw,main,FDC167568,"Baking chocolate, unsweetened, squares",FRUS,Fructose (g/100 g),0.0,g,USDA,0.8,equivalent,Baking chocolate unsweetened squares (chocolat 100 %),"USDA FoodData Central, SR Legacy (04/2018), FDC ID 167568 (CC0 1.0) — glucides hors fibres et énergie recalculés (UE 1169/2011)"
ING-TECH-CHOCOLATNOIR-000003,raw,main,FDC167568,"Baking chocolate, unsweetened, squares",LACS,Lactose (g/100 g),0.0,g,USDA,0.8,equivalent,Baking chocolate unsweetened squares (chocolat 100 %),"USDA FoodData Central, SR Legacy (04/2018), FDC ID 167568 (CC0 1.0) — glucides hors fibres et énergie recalculés (UE 1169/2011)"
ING-TECH-CHOCOLATNOIR-000003,raw,main,FDC167568,"Baking chocolate, unsweetened, squares",MALS,Maltose (g/100 g),0.0,g,USDA,0.8,equivalent,Baking chocolate unsweetened squares (chocolat 100 %),"USDA FoodData Central, SR Legacy (04/2018), FDC ID 167568 (CC0 1.0) — glucides hors fibres et énergie recalculés (UE 1169/2011)"
ING-TECH-CHOCOLATNOIR-000003,raw,main,FDC167568,"Baking chocolate, unsweetened, squares",GALS,Galactose (g/100 g),0.0,g,USDA,0.8,equivalent,Baking chocolate unsweetened squares (chocolat 100 %),"USDA FoodData Central, SR Legacy (04/2018), FDC ID 167568 (CC0 1.0) — glucides hors fibres et énergie recalculés (UE 1169/2011)"
ING-TECH-CHOCOLATNOIR-000003,raw,main,FDC167568,"Baking chocolate, unsweetened, squares",ALC,Alcool (éthanol) (g/100 g),0.0,g,USDA,0.8,equivalent,Baking chocolate unsweetened squares (chocolat 100 %),"USDA FoodData Central, SR Legacy (04/2018), FDC ID 167568 (CC0 1.0) — glucides hors fibres et énergie recalculés (UE 1169/2011)"
ING-TECH-CHOCOLATNOIR-000003,raw,main,FDC167568,"Baking chocolate, unsweetened, squares",FASAT,AG saturés (g/100 g),32.277,g,USDA,0.8,equivalent,Baking chocolate unsweetened squares (chocolat 100 %),"USDA FoodData Central, SR Legacy (04/2018), FDC ID 167568 (CC0 1.0) — glucides hors fibres et énergie recalculés (UE 1169/2011)"
ING-TECH-CHOCOLATNOIR-000003,raw,main,FDC167568,"Baking chocolate, unsweetened, squares",FAMS,AG monoinsaturés (g/100 g),16.068,g,USDA,0.8,equivalent,Baking chocolate unsweetened squares (chocolat 100 %),"USDA FoodData Central, SR Legacy (04/2018), FDC ID 167568 (CC0 1.0) — glucides hors fibres et énergie recalculés (UE 1169/2011)"
ING-TECH-CHOCOLATNOIR-000003,raw,main,FDC167568,"Baking chocolate, unsweetened, squares",FAPU,AG polyinsaturés (g/100 g),1.551,g,USDA,0.8,equivalent,Baking chocolate unsweetened squares (chocolat 100 %),"USDA FoodData Central, SR Legacy (04/2018), FDC ID 167568 (CC0 1.0) — glucides hors fibres et énergie recalculés (UE 1169/2011)"
ING-TECH-CHOCOLATNOIR-000003,raw,main,FDC167568,"Baking chocolate, unsweetened, squares",CHOL-,Cholestérol (mg/100 g),2.0,mg,USDA,0.8,equivalent,Baking chocolate unsweetened squares (chocolat 100 %),"USDA FoodData Central, SR Legacy (04/2018), FDC ID 167568 (CC0 1.0) — glucides hors fibres et énergie recalculés (UE 1169/2011)"
ING-TECH-CHOCOLATNOIR-000003,raw,main,FDC167568,"Baking chocolate, unsweetened, squares",NA,Sodium (mg/100 g),24.0,mg,USDA,0.8,equivalent,Baking chocolate unsweetened squares (chocolat 100 %),"USDA FoodData Central, SR Legacy (04/2018), FDC ID 167568 (CC0 1.0) — glucides hors fibres et énergie recalculés (UE 1169/2011)"
ING-TECH-CHOCOLATNOIR-000003,raw,main,FDC167568,"Baking chocolate, unsweetened, squares",CA,Calcium (mg/100 g),101.0,mg,USDA,0.8,equivalent,Baking chocolate unsweetened squares (chocolat 100 %),"USDA FoodData Central, SR Legacy (04/2018), FDC ID 167568 (CC0 1.0) — glucides hors fibres et énergie recalculés (UE 1169/2011)"
ING-TECH-CHOCOLATNOIR-000003,raw,main,FDC167568,"Baking chocolate, unsweetened, squares",FE,Fer (mg/100 g),17.4,mg,USDA,0.8,equivalent,Baking chocolate unsweetened squares (chocolat 100 %),"USDA FoodData Central, SR Legacy (04/2018), FDC ID 167568 (CC0 1.0) — glucides hors fibres et énergie recalculés (UE 1169/2011)"
ING-TECH-CHOCOLATNOIR-000003,raw,main,FDC167568,"Baking chocolate, unsweetened, squares",MG,Magnésium (mg/100 g),327.0,mg,USDA,0.8,equivalent,Baking chocolate unsweetened squares (chocolat 100 %),"USDA FoodData Central, SR Legacy (04/2018), FDC ID 167568 (CC0 1.0) — glucides hors fibres et énergie recalculés (UE 1169/2011)"
ING-TECH-CHOCOLATNOIR-000003,raw,main,FDC167568,"Baking chocolate, unsweetened, squares",P,Phosphore (mg/100 g),400.0,mg,USDA,0.8,equivalent,Baking chocolate unsweetened squares (chocolat 100 %),"USDA FoodData Central, SR Legacy (04/2018), FDC ID 167568 (CC0 1.0) — glucides hors fibres et énergie recalculés (UE 1169/2011)"
ING-TECH-CHOCOLATNOIR-000003,raw,main,FDC167568,"Baking chocolate, unsweetened, squares",K,Potassium (mg/100 g),830.0,mg,USDA,0.8,equivalent,Baking chocolate unsweetened squares (chocolat 100 %),"USDA FoodData Central, SR Legacy (04/2018), FDC ID 167568 (CC0 1.0) — glucides hors fibres et énergie recalculés (UE 1169/2011)"
ING-TECH-CHOCOLATNOIR-000003,raw,main,FDC167568,"Baking chocolate, unsweetened, squares",ZN,Zinc (mg/100 g),9.63,mg,USDA,0.8,equivalent,Baking chocolate unsweetened squares (chocolat 100 %),"USDA FoodData Central, SR Legacy (04/2018), FDC ID 167568 (CC0 1.0) — glucides hors fibres et énergie recalculés (UE 1169/2011)"
ING-TECH-CHOCOLATNOIR-000003,raw,main,FDC167568,"Baking chocolate, unsweetened, squares",CU,Cuivre (mg/100 g),3.233,mg,USDA,0.8,equivalent,Baking chocolate unsweetened squares (chocolat 100 %),"USDA FoodData Central, SR Legacy (04/2018), FDC ID 167568 (CC0 1.0) — glucides hors fibres et énergie recalculés (UE 1169/2011)"
ING-TECH-CHOCOLATNOIR-000003,raw,main,FDC167568,"Baking chocolate, unsweetened, squares",MN,Manganèse (mg/100 g),4.167,mg,USDA,0.8,equivalent,Baking chocolate unsweetened squares (chocolat 100 %),"USDA FoodData Central, SR Legacy (04/2018), FDC ID 167568 (CC0 1.0) — glucides hors fibres et énergie recalculés (UE 1169/2011)"
ING-TECH-CHOCOLATNOIR-000003,raw,main,FDC167568,"Baking chocolate, unsweetened, squares",SE,Sélénium (µg/100 g),8.1,µg,USDA,0.8,equivalent,Baking chocolate unsweetened squares (chocolat 100 %),"USDA FoodData Central, SR Legacy (04/2018), FDC ID 167568 (CC0 1.0) — glucides hors fibres et énergie recalculés (UE 1169/2011)"
ING-TECH-CHOCOLATNOIR-000003,raw,main,FDC167568,"Baking chocolate, unsweetened, squares",RAE,"Activité vitaminique A, équivalents rétinol (µg/100 g)",0.0,µg,USDA,0.8,equivalent,Baking chocolate unsweetened squares (chocolat 100 %),"USDA FoodData Central, SR Legacy (04/2018), FDC ID 167568 (CC0 1.0) — glucides hors fibres et énergie recalculés (UE 1169/2011)"
ING-TECH-CHOCOLATNOIR-000003,raw,main,FDC167568,"Baking chocolate, unsweetened, squares",RETOL,Rétinol (µg/100 g),0.0,µg,USDA,0.8,equivalent,Baking chocolate unsweetened squares (chocolat 100 %),"USDA FoodData Central, SR Legacy (04/2018), FDC ID 167568 (CC0 1.0) — glucides hors fibres et énergie recalculés (UE 1169/2011)"
ING-TECH-CHOCOLATNOIR-000003,raw,main,FDC167568,"Baking chocolate, unsweetened, squares",CARTB,Beta-Carotène (µg/100 g),0.0,µg,USDA,0.8,equivalent,Baking chocolate unsweetened squares (chocolat 100 %),"USDA FoodData Central, SR Legacy (04/2018), FDC ID 167568 (CC0 1.0) — glucides hors fibres et énergie recalculés (UE 1169/2011)"
ING-TECH-CHOCOLATNOIR-000003,raw,main,FDC167568,"Baking chocolate, unsweetened, squares",VITD-,Vitamine D (µg/100 g),0.0,µg,USDA,0.8,equivalent,Baking chocolate unsweetened squares (chocolat 100 %),"USDA FoodData Central, SR Legacy (04/2018), FDC ID 167568 (CC0 1.0) — glucides hors fibres et énergie recalculés (UE 1169/2011)"
ING-TECH-CHOCOLATNOIR-000003,raw,main,FDC167568,"Baking chocolate, unsweetened, squares",VITC,Vitamine C (mg/100 g),0.0,mg,USDA,0.8,equivalent,Baking chocolate unsweetened squares (chocolat 100 %),"USDA FoodData Central, SR Legacy (04/2018), FDC ID 167568 (CC0 1.0) — glucides hors fibres et énergie recalculés (UE 1169/2011)"
ING-TECH-CHOCOLATNOIR-000003,raw,main,FDC167568,"Baking chocolate, unsweetened, squares",THIA,Vitamine B1 ou Thiamine (mg/100 g),0.147,mg,USDA,0.8,equivalent,Baking chocolate unsweetened squares (chocolat 100 %),"USDA FoodData Central, SR Legacy (04/2018), FDC ID 167568 (CC0 1.0) — glucides hors fibres et énergie recalculés (UE 1169/2011)"
ING-TECH-CHOCOLATNOIR-000003,raw,main,FDC167568,"Baking chocolate, unsweetened, squares",RIBF,Vitamine B2 ou Riboflavine (mg/100 g),0.1,mg,USDA,0.8,equivalent,Baking chocolate unsweetened squares (chocolat 100 %),"USDA FoodData Central, SR Legacy (04/2018), FDC ID 167568 (CC0 1.0) — glucides hors fibres et énergie recalculés (UE 1169/2011)"
ING-TECH-CHOCOLATNOIR-000003,raw,main,FDC167568,"Baking chocolate, unsweetened, squares",NIA,Vitamine B3 ou PP ou Niacine (mg/100 g),1.355,mg,USDA,0.8,equivalent,Baking chocolate unsweetened squares (chocolat 100 %),"USDA FoodData Central, SR Legacy (04/2018), FDC ID 167568 (CC0 1.0) — glucides hors fibres et énergie recalculés (UE 1169/2011)"
ING-TECH-CHOCOLATNOIR-000003,raw,main,FDC167568,"Baking chocolate, unsweetened, squares",PANTAC,Vitamine B5 ou Acide pantothénique (mg/100 g),0.168,mg,USDA,0.8,equivalent,Baking chocolate unsweetened squares (chocolat 100 %),"USDA FoodData Central, SR Legacy (04/2018), FDC ID 167568 (CC0 1.0) — glucides hors fibres et énergie recalculés (UE 1169/2011)"
ING-TECH-CHOCOLATNOIR-000003,raw,main,FDC167568,"Baking chocolate, unsweetened, squares",VITB6-,Vitamine B6 (mg/100 g),0.027,mg,USDA,0.8,equivalent,Baking chocolate unsweetened squares (chocolat 100 %),"USDA FoodData Central, SR Legacy (04/2018), FDC ID 167568 (CC0 1.0) — glucides hors fibres et énergie recalculés (UE 1169/2011)"
ING-TECH-CHOCOLATNOIR-000003,raw,main,FDC167568,"Baking chocolate, unsweetened, squares",VITB12,Vitamine B12 (µg/100 g),0.0,µg,USDA,0.8,equivalent,Baking chocolate unsweetened squares (chocolat 100 %),"USDA FoodData Central, SR Legacy (04/2018), FDC ID 167568 (CC0 1.0) — glucides hors fibres et énergie recalculés (UE 1169/2011)"
ING-TECH-CHOCOLATNOIR-000003,raw,main,FDC167568,"Baking chocolate, unsweetened, squares",FOL,Vitamine B9 ou Folates totaux (µg/100 g),28.0,µg,USDA,0.8,equivalent,Baking chocolate unsweetened squares (chocolat 100 %),"USDA FoodData Central, SR Legacy (04/2018), FDC ID 167568 (CC0 1.0) — glucides hors fibres et énergie recalculés (UE 1169/2011)"
ING-TECH-CHOCOLATNOIR-000003,raw,main,FDC167568,"Baking chocolate, unsweetened, squares",FOLAC,Acide folique (enrichissement) (µg/100 g),0.0,µg,USDA,0.8,equivalent,Baking chocolate unsweetened squares (chocolat 100 %),"USDA FoodData Central, SR Legacy (04/2018), FDC ID 167568 (CC0 1.0) — glucides hors fibres et énergie recalculés (UE 1169/2011)"
ING-TECH-CHOCOLATNOIR-000003,raw,main,FDC167568,"Baking chocolate, unsweetened, squares",FOLFD,Folates intrinsèques (µg/100 g),28.0,µg,USDA,0.8,equivalent,Baking chocolate unsweetened squares (chocolat 100 %),"USDA FoodData Central, SR Legacy (04/2018), FDC ID 167568 (CC0 1.0) — glucides hors fibres et énergie recalculés (UE 1169/2011)"
ING-TECH-CHOCOLATNOIR-000003,raw,main,FDC167568,"Baking chocolate, unsweetened, squares",FOLDFE,"Vitamine B9 ou Folates totaux, équivalents folates alimentaires, DFE (µg/100 g)",28.0,µg,USDA,0.8,equivalent,Baking chocolate unsweetened squares (chocolat 100 %),"USDA FoodData Central, SR Legacy (04/2018), FDC ID 167568 (CC0 1.0) — glucides hors fibres et énergie recalculés (UE 1169/2011)"
ING-TECH-CHOCOLATNOIR-000003,raw,main,FDC167568,"Baking chocolate, unsweetened, squares",TOCPHA,Alpha-tocophérol (vitamine E) (mg/100 g),0.4,mg,USDA,0.8,equivalent,Baking chocolate unsweetened squares (chocolat 100 %),"USDA FoodData Central, SR Legacy (04/2018), FDC ID 167568 (CC0 1.0) — glucides hors fibres et énergie recalculés (UE 1169/2011)"
ING-TECH-CHOCOLATNOIR-000003,raw,main,FDC167568,"Baking chocolate, unsweetened, squares",VITK1,Vitamine K1 (µg/100 g),9.7,µg,USDA,0.8,equivalent,Baking chocolate unsweetened squares (chocolat 100 %),"USDA FoodData Central, SR Legacy (04/2018), FDC ID 167568 (CC0 1.0) — glucides hors fibres et énergie recalculés (UE 1169/2011)"
ING-TECH-CHOCOLATNOIR-000003,raw,main,FDC167568,"Baking chocolate, unsweetened, squares",CHOAVL,Glucides (g/100 g),11.82,g,USDA,0.8,equivalent,Baking chocolate unsweetened squares (chocolat 100 %),"USDA FoodData Central, SR Legacy (04/2018), FDC ID 167568 (CC0 1.0) — glucides hors fibres et énergie recalculés (UE 1169/2011)"
ING-TECH-CHOCOLATNOIR-000003,raw,main,FDC167568,"Baking chocolate, unsweetened, squares",SALT,Sel chlorure de sodium (g/100 g),0.06,g,USDA,0.8,equivalent,Baking chocolate unsweetened squares (chocolat 100 %),"USDA FoodData Central, SR Legacy (04/2018), FDC ID 167568 (CC0 1.0) — glucides hors fibres et énergie recalculés (UE 1169/2011)"
ING-TECH-CHOCOLATNOIR-000003,raw,main,FDC167568,"Baking chocolate, unsweetened, squares",ENERCKCAL,"Energie, Règlement UE N° 1169/2011 (kcal/100 g)",608.55,kcal,USDA,0.8,equivalent,Baking chocolate unsweetened squares (chocolat 100 %),"USDA FoodData Central, SR Legacy (04/2018), FDC ID 167568 (CC0 1.0) — glucides hors fibres et énergie recalculés (UE 1169/2011)"
ING-TECH-CHOCOLATNOIR-000003,raw,main,FDC167568,"Baking chocolate, unsweetened, squares",ENERC,"Energie, Règlement UE N° 1169/2011 (kJ/100 g)",2512.65,kJ,USDA,0.8,equivalent,Baking chocolate unsweetened squares (chocolat 100 %),"USDA FoodData Central, SR Legacy (04/2018), FDC ID 167568 (CC0 1.0) — glucides hors fibres et énergie recalculés (UE 1169/2011)"
ING-TECH-PECTINEHM-000001,raw,main,FDC168821,"Pectin, unsweetened, dry mix",WATER,Eau (g/100 g),8.7,g,USDA,0.8,proxy,pectine sèche USDA (sans distinction HM/LM),"USDA FoodData Central, SR Legacy (04/2018), FDC ID 168821 (CC0 1.0) — glucides hors fibres et énergie recalculés (UE 1169/2011)"
ING-TECH-PECTINEHM-000001,raw,main,FDC168821,"Pectin, unsweetened, dry mix",ASH,Cendres (g/100 g),0.3,g,USDA,0.8,proxy,pectine sèche USDA (sans distinction HM/LM),"USDA FoodData Central, SR Legacy (04/2018), FDC ID 168821 (CC0 1.0) — glucides hors fibres et énergie recalculés (UE 1169/2011)"
ING-TECH-PECTINEHM-000001,raw,main,FDC168821,"Pectin, unsweetened, dry mix",PROCNT,"Protéines, N x 6.25 (g/100 g)",0.3,g,USDA,0.8,proxy,pectine sèche USDA (sans distinction HM/LM),"USDA FoodData Central, SR Legacy (04/2018), FDC ID 168821 (CC0 1.0) — glucides hors fibres et énergie recalculés (UE 1169/2011)"
ING-TECH-PECTINEHM-000001,raw,main,FDC168821,"Pectin, unsweetened, dry mix",FAT,Lipides (g/100 g),0.3,g,USDA,0.8,proxy,pectine sèche USDA (sans distinction HM/LM),"USDA FoodData Central, SR Legacy (04/2018), FDC ID 168821 (CC0 1.0) — glucides hors fibres et énergie recalculés (UE 1169/2011)"
ING-TECH-PECTINEHM-000001,raw,main,FDC168821,"Pectin, unsweetened, dry mix",FIB-,Fibres alimentaires (g/100 g),8.6,g,USDA,0.8,proxy,pectine sèche USDA (sans distinction HM/LM),"USDA FoodData Central, SR Legacy (04/2018), FDC ID 168821 (CC0 1.0) — glucides hors fibres et énergie recalculés (UE 1169/2011)"
ING-TECH-PECTINEHM-000001,raw,main,FDC168821,"Pectin, unsweetened, dry mix",ALC,Alcool (éthanol) (g/100 g),0.0,g,USDA,0.8,proxy,pectine sèche USDA (sans distinction HM/LM),"USDA FoodData Central, SR Legacy (04/2018), FDC ID 168821 (CC0 1.0) — glucides hors fibres et énergie recalculés (UE 1169/2011)"
ING-TECH-PECTINEHM-000001,raw,main,FDC168821,"Pectin, unsweetened, dry mix",FASAT,AG saturés (g/100 g),0.05,g,USDA,0.8,proxy,pectine sèche USDA (sans distinction HM/LM),"USDA FoodData Central, SR Legacy (04/2018), FDC ID 168821 (CC0 1.0) — glucides hors fibres et énergie recalculés (UE 1169/2011)"
ING-TECH-PECTINEHM-000001,raw,main,FDC168821,"Pectin, unsweetened, dry mix",FAMS,AG monoinsaturés (g/100 g),0.01,g,USDA,0.8,proxy,pectine sèche USDA (sans distinction HM/LM),"USDA FoodData Central, SR Legacy (04/2018), FDC ID 168821 (CC0 1.0) — glucides hors fibres et énergie recalculés (UE 1169/2011)"
ING-TECH-PECTINEHM-000001,raw,main,FDC168821,"Pectin, unsweetened, dry mix",FAPU,AG polyinsaturés (g/100 g),0.09,g,USDA,0.8,proxy,pectine sèche USDA (sans distinction HM/LM),"USDA FoodData Central, SR Legacy (04/2018), FDC ID 168821 (CC0 1.0) — glucides hors fibres et énergie recalculés (UE 1169/2011)"
ING-TECH-PECTINEHM-000001,raw,main,FDC168821,"Pectin, unsweetened, dry mix",CHOL-,Cholestérol (mg/100 g),0.0,mg,USDA,0.8,proxy,pectine sèche USDA (sans distinction HM/LM),"USDA FoodData Central, SR Legacy (04/2018), FDC ID 168821 (CC0 1.0) — glucides hors fibres et énergie recalculés (UE 1169/2011)"
ING-TECH-PECTINEHM-000001,raw,main,FDC168821,"Pectin, unsweetened, dry mix",NA,Sodium (mg/100 g),200.0,mg,USDA,0.8,proxy,pectine sèche USDA (sans distinction HM/LM),"USDA FoodData Central, SR Legacy (04/2018), FDC ID 168821 (CC0 1.0) — glucides hors fibres et énergie recalculés (UE 1169/2011)"
ING-TECH-PECTINEHM-000001,raw,main,FDC168821,"Pectin, unsweetened, dry mix",CA,Calcium (mg/100 g),7.0,mg,USDA,0.8,proxy,pectine sèche USDA (sans distinction HM/LM),"USDA FoodData Central, SR Legacy (04/2018), FDC ID 168821 (CC0 1.0) — glucides hors fibres et énergie recalculés (UE 1169/2011)"
ING-TECH-PECTINEHM-000001,raw,main,FDC168821,"Pectin, unsweetened, dry mix",FE,Fer (mg/100 g),2.71,mg,USDA,0.8,proxy,pectine sèche USDA (sans distinction HM/LM),"USDA FoodData Central, SR Legacy (04/2018), FDC ID 168821 (CC0 1.0) — glucides hors fibres et énergie recalculés (UE 1169/2011)"
ING-TECH-PECTINEHM-000001,raw,main,FDC168821,"Pectin, unsweetened, dry mix",MG,Magnésium (mg/100 g),1.0,mg,USDA,0.8,proxy,pectine sèche USDA (sans distinction HM/LM),"USDA FoodData Central, SR Legacy (04/2018), FDC ID 168821 (CC0 1.0) — glucides hors fibres et énergie recalculés (UE 1169/2011)"
ING-TECH-PECTINEHM-000001,raw,main,FDC168821,"Pectin, unsweetened, dry mix",P,Phosphore (mg/100 g),2.0,mg,USDA,0.8,proxy,pectine sèche USDA (sans distinction HM/LM),"USDA FoodData Central, SR Legacy (04/2018), FDC ID 168821 (CC0 1.0) — glucides hors fibres et énergie recalculés (UE 1169/2011)"
ING-TECH-PECTINEHM-000001,raw,main,FDC168821,"Pectin, unsweetened, dry mix",K,Potassium (mg/100 g),7.0,mg,USDA,0.8,proxy,pectine sèche USDA (sans distinction HM/LM),"USDA FoodData Central, SR Legacy (04/2018), FDC ID 168821 (CC0 1.0) — glucides hors fibres et énergie recalculés (UE 1169/2011)"
ING-TECH-PECTINEHM-000001,raw,main,FDC168821,"Pectin, unsweetened, dry mix",ZN,Zinc (mg/100 g),0.47,mg,USDA,0.8,proxy,pectine sèche USDA (sans distinction HM/LM),"USDA FoodData Central, SR Legacy (04/2018), FDC ID 168821 (CC0 1.0) — glucides hors fibres et énergie recalculés (UE 1169/2011)"
ING-TECH-PECTINEHM-000001,raw,main,FDC168821,"Pectin, unsweetened, dry mix",CU,Cuivre (mg/100 g),0.42,mg,USDA,0.8,proxy,pectine sèche USDA (sans distinction HM/LM),"USDA FoodData Central, SR Legacy (04/2018), FDC ID 168821 (CC0 1.0) — glucides hors fibres et énergie recalculés (UE 1169/2011)"
ING-TECH-PECTINEHM-000001,raw,main,FDC168821,"Pectin, unsweetened, dry mix",MN,Manganèse (mg/100 g),0.07,mg,USDA,0.8,proxy,pectine sèche USDA (sans distinction HM/LM),"USDA FoodData Central, SR Legacy (04/2018), FDC ID 168821 (CC0 1.0) — glucides hors fibres et énergie recalculés (UE 1169/2011)"
ING-TECH-PECTINEHM-000001,raw,main,FDC168821,"Pectin, unsweetened, dry mix",SE,Sélénium (µg/100 g),0.0,µg,USDA,0.8,proxy,pectine sèche USDA (sans distinction HM/LM),"USDA FoodData Central, SR Legacy (04/2018), FDC ID 168821 (CC0 1.0) — glucides hors fibres et énergie recalculés (UE 1169/2011)"
ING-TECH-PECTINEHM-000001,raw,main,FDC168821,"Pectin, unsweetened, dry mix",RAE,"Activité vitaminique A, équivalents rétinol (µg/100 g)",0.0,µg,USDA,0.8,proxy,pectine sèche USDA (sans distinction HM/LM),"USDA FoodData Central, SR Legacy (04/2018), FDC ID 168821 (CC0 1.0) — glucides hors fibres et énergie recalculés (UE 1169/2011)"
ING-TECH-PECTINEHM-000001,raw,main,FDC168821,"Pectin, unsweetened, dry mix",RETOL,Rétinol (µg/100 g),0.0,µg,USDA,0.8,proxy,pectine sèche USDA (sans distinction HM/LM),"USDA FoodData Central, SR Legacy (04/2018), FDC ID 168821 (CC0 1.0) — glucides hors fibres et énergie recalculés (UE 1169/2011)"
ING-TECH-PECTINEHM-000001,raw,main,FDC168821,"Pectin, unsweetened, dry mix",VITC,Vitamine C (mg/100 g),0.0,mg,USDA,0.8,proxy,pectine sèche USDA (sans distinction HM/LM),"USDA FoodData Central, SR Legacy (04/2018), FDC ID 168821 (CC0 1.0) — glucides hors fibres et énergie recalculés (UE 1169/2011)"
ING-TECH-PECTINEHM-000001,raw,main,FDC168821,"Pectin, unsweetened, dry mix",THIA,Vitamine B1 ou Thiamine (mg/100 g),0.008,mg,USDA,0.8,proxy,pectine sèche USDA (sans distinction HM/LM),"USDA FoodData Central, SR Legacy (04/2018), FDC ID 168821 (CC0 1.0) — glucides hors fibres et énergie recalculés (UE 1169/2011)"
ING-TECH-PECTINEHM-000001,raw,main,FDC168821,"Pectin, unsweetened, dry mix",RIBF,Vitamine B2 ou Riboflavine (mg/100 g),0.06,mg,USDA,0.8,proxy,pectine sèche USDA (sans distinction HM/LM),"USDA FoodData Central, SR Legacy (04/2018), FDC ID 168821 (CC0 1.0) — glucides hors fibres et énergie recalculés (UE 1169/2011)"
ING-TECH-PECTINEHM-000001,raw,main,FDC168821,"Pectin, unsweetened, dry mix",NIA,Vitamine B3 ou PP ou Niacine (mg/100 g),0.005,mg,USDA,0.8,proxy,pectine sèche USDA (sans distinction HM/LM),"USDA FoodData Central, SR Legacy (04/2018), FDC ID 168821 (CC0 1.0) — glucides hors fibres et énergie recalculés (UE 1169/2011)"
ING-TECH-PECTINEHM-000001,raw,main,FDC168821,"Pectin, unsweetened, dry mix",PANTAC,Vitamine B5 ou Acide pantothénique (mg/100 g),0.11,mg,USDA,0.8,proxy,pectine sèche USDA (sans distinction HM/LM),"USDA FoodData Central, SR Legacy (04/2018), FDC ID 168821 (CC0 1.0) — glucides hors fibres et énergie recalculés (UE 1169/2011)"
ING-TECH-PECTINEHM-000001,raw,main,FDC168821,"Pectin, unsweetened, dry mix",VITB6-,Vitamine B6 (mg/100 g),0.01,mg,USDA,0.8,proxy,pectine sèche USDA (sans distinction HM/LM),"USDA FoodData Central, SR Legacy (04/2018), FDC ID 168821 (CC0 1.0) — glucides hors fibres et énergie recalculés (UE 1169/2011)"
ING-TECH-PECTINEHM-000001,raw,main,FDC168821,"Pectin, unsweetened, dry mix",VITB12,Vitamine B12 (µg/100 g),0.0,µg,USDA,0.8,proxy,pectine sèche USDA (sans distinction HM/LM),"USDA FoodData Central, SR Legacy (04/2018), FDC ID 168821 (CC0 1.0) — glucides hors fibres et énergie recalculés (UE 1169/2011)"
ING-TECH-PECTINEHM-000001,raw,main,FDC168821,"Pectin, unsweetened, dry mix",FOL,Vitamine B9 ou Folates totaux (µg/100 g),1.0,µg,USDA,0.8,proxy,pectine sèche USDA (sans distinction HM/LM),"USDA FoodData Central, SR Legacy (04/2018), FDC ID 168821 (CC0 1.0) — glucides hors fibres et énergie recalculés (UE 1169/2011)"
ING-TECH-PECTINEHM-000001,raw,main,FDC168821,"Pectin, unsweetened, dry mix",FOLAC,Acide folique (enrichissement) (µg/100 g),0.0,µg,USDA,0.8,proxy,pectine sèche USDA (sans distinction HM/LM),"USDA FoodData Central, SR Legacy (04/2018), FDC ID 168821 (CC0 1.0) — glucides hors fibres et énergie recalculés (UE 1169/2011)"
ING-TECH-PECTINEHM-000001,raw,main,FDC168821,"Pectin, unsweetened, dry mix",FOLFD,Folates intrinsèques (µg/100 g),1.0,µg,USDA,0.8,proxy,pectine sèche USDA (sans distinction HM/LM),"USDA FoodData Central, SR Legacy (04/2018), FDC ID 168821 (CC0 1.0) — glucides hors fibres et énergie recalculés (UE 1169/2011)"
ING-TECH-PECTINEHM-000001,raw,main,FDC168821,"Pectin, unsweetened, dry mix",FOLDFE,"Vitamine B9 ou Folates totaux, équivalents folates alimentaires, DFE (µg/100 g)",1.0,µg,USDA,0.8,proxy,pectine sèche USDA (sans distinction HM/LM),"USDA FoodData Central, SR Legacy (04/2018), FDC ID 168821 (CC0 1.0) — glucides hors fibres et énergie recalculés (UE 1169/2011)"
ING-TECH-PECTINEHM-000001,raw,main,FDC168821,"Pectin, unsweetened, dry mix",CHOAVL,Glucides (g/100 g),81.8,g,USDA,0.8,proxy,pectine sèche USDA (sans distinction HM/LM),"USDA FoodData Central, SR Legacy (04/2018), FDC ID 168821 (CC0 1.0) — glucides hors fibres et énergie recalculés (UE 1169/2011)"
ING-TECH-PECTINEHM-000001,raw,main,FDC168821,"Pectin, unsweetened, dry mix",SALT,Sel chlorure de sodium (g/100 g),0.5,g,USDA,0.8,proxy,pectine sèche USDA (sans distinction HM/LM),"USDA FoodData Central, SR Legacy (04/2018), FDC ID 168821 (CC0 1.0) — glucides hors fibres et énergie recalculés (UE 1169/2011)"
ING-TECH-PECTINEHM-000001,raw,main,FDC168821,"Pectin, unsweetened, dry mix",ENERCKCAL,"Energie, Règlement UE N° 1169/2011 (kcal/100 g)",348.3,kcal,USDA,0.8,proxy,pectine sèche USDA (sans distinction HM/LM),"USDA FoodData Central, SR Legacy (04/2018), FDC ID 168821 (CC0 1.0) — glucides hors fibres et énergie recalculés (UE 1169/2011)"
ING-TECH-PECTINEHM-000001,raw,main,FDC168821,"Pectin, unsweetened, dry mix",ENERC,"Energie, Règlement UE N° 1169/2011 (kJ/100 g)",1475.6,kJ,USDA,0.8,proxy,pectine sèche USDA (sans distinction HM/LM),"USDA FoodData Central, SR Legacy (04/2018), FDC ID 168821 (CC0 1.0) — glucides hors fibres et énergie recalculés (UE 1169/2011)"
ING-TECH-PECTINELM-000001,raw,main,FDC168821,"Pectin, unsweetened, dry mix",WATER,Eau (g/100 g),8.7,g,USDA,0.8,proxy,pectine sèche USDA (sans distinction HM/LM),"USDA FoodData Central, SR Legacy (04/2018), FDC ID 168821 (CC0 1.0) — glucides hors fibres et énergie recalculés (UE 1169/2011)"
ING-TECH-PECTINELM-000001,raw,main,FDC168821,"Pectin, unsweetened, dry mix",ASH,Cendres (g/100 g),0.3,g,USDA,0.8,proxy,pectine sèche USDA (sans distinction HM/LM),"USDA FoodData Central, SR Legacy (04/2018), FDC ID 168821 (CC0 1.0) — glucides hors fibres et énergie recalculés (UE 1169/2011)"
ING-TECH-PECTINELM-000001,raw,main,FDC168821,"Pectin, unsweetened, dry mix",PROCNT,"Protéines, N x 6.25 (g/100 g)",0.3,g,USDA,0.8,proxy,pectine sèche USDA (sans distinction HM/LM),"USDA FoodData Central, SR Legacy (04/2018), FDC ID 168821 (CC0 1.0) — glucides hors fibres et énergie recalculés (UE 1169/2011)"
ING-TECH-PECTINELM-000001,raw,main,FDC168821,"Pectin, unsweetened, dry mix",FAT,Lipides (g/100 g),0.3,g,USDA,0.8,proxy,pectine sèche USDA (sans distinction HM/LM),"USDA FoodData Central, SR Legacy (04/2018), FDC ID 168821 (CC0 1.0) — glucides hors fibres et énergie recalculés (UE 1169/2011)"
ING-TECH-PECTINELM-000001,raw,main,FDC168821,"Pectin, unsweetened, dry mix",FIB-,Fibres alimentaires (g/100 g),8.6,g,USDA,0.8,proxy,pectine sèche USDA (sans distinction HM/LM),"USDA FoodData Central, SR Legacy (04/2018), FDC ID 168821 (CC0 1.0) — glucides hors fibres et énergie recalculés (UE 1169/2011)"
ING-TECH-PECTINELM-000001,raw,main,FDC168821,"Pectin, unsweetened, dry mix",ALC,Alcool (éthanol) (g/100 g),0.0,g,USDA,0.8,proxy,pectine sèche USDA (sans distinction HM/LM),"USDA FoodData Central, SR Legacy (04/2018), FDC ID 168821 (CC0 1.0) — glucides hors fibres et énergie recalculés (UE 1169/2011)"
ING-TECH-PECTINELM-000001,raw,main,FDC168821,"Pectin, unsweetened, dry mix",FASAT,AG saturés (g/100 g),0.05,g,USDA,0.8,proxy,pectine sèche USDA (sans distinction HM/LM),"USDA FoodData Central, SR Legacy (04/2018), FDC ID 168821 (CC0 1.0) — glucides hors fibres et énergie recalculés (UE 1169/2011)"
ING-TECH-PECTINELM-000001,raw,main,FDC168821,"Pectin, unsweetened, dry mix",FAMS,AG monoinsaturés (g/100 g),0.01,g,USDA,0.8,proxy,pectine sèche USDA (sans distinction HM/LM),"USDA FoodData Central, SR Legacy (04/2018), FDC ID 168821 (CC0 1.0) — glucides hors fibres et énergie recalculés (UE 1169/2011)"
ING-TECH-PECTINELM-000001,raw,main,FDC168821,"Pectin, unsweetened, dry mix",FAPU,AG polyinsaturés (g/100 g),0.09,g,USDA,0.8,proxy,pectine sèche USDA (sans distinction HM/LM),"USDA FoodData Central, SR Legacy (04/2018), FDC ID 168821 (CC0 1.0) — glucides hors fibres et énergie recalculés (UE 1169/2011)"
ING-TECH-PECTINELM-000001,raw,main,FDC168821,"Pectin, unsweetened, dry mix",CHOL-,Cholestérol (mg/100 g),0.0,mg,USDA,0.8,proxy,pectine sèche USDA (sans distinction HM/LM),"USDA FoodData Central, SR Legacy (04/2018), FDC ID 168821 (CC0 1.0) — glucides hors fibres et énergie recalculés (UE 1169/2011)"
ING-TECH-PECTINELM-000001,raw,main,FDC168821,"Pectin, unsweetened, dry mix",NA,Sodium (mg/100 g),200.0,mg,USDA,0.8,proxy,pectine sèche USDA (sans distinction HM/LM),"USDA FoodData Central, SR Legacy (04/2018), FDC ID 168821 (CC0 1.0) — glucides hors fibres et énergie recalculés (UE 1169/2011)"
ING-TECH-PECTINELM-000001,raw,main,FDC168821,"Pectin, unsweetened, dry mix",CA,Calcium (mg/100 g),7.0,mg,USDA,0.8,proxy,pectine sèche USDA (sans distinction HM/LM),"USDA FoodData Central, SR Legacy (04/2018), FDC ID 168821 (CC0 1.0) — glucides hors fibres et énergie recalculés (UE 1169/2011)"
ING-TECH-PECTINELM-000001,raw,main,FDC168821,"Pectin, unsweetened, dry mix",FE,Fer (mg/100 g),2.71,mg,USDA,0.8,proxy,pectine sèche USDA (sans distinction HM/LM),"USDA FoodData Central, SR Legacy (04/2018), FDC ID 168821 (CC0 1.0) — glucides hors fibres et énergie recalculés (UE 1169/2011)"
ING-TECH-PECTINELM-000001,raw,main,FDC168821,"Pectin, unsweetened, dry mix",MG,Magnésium (mg/100 g),1.0,mg,USDA,0.8,proxy,pectine sèche USDA (sans distinction HM/LM),"USDA FoodData Central, SR Legacy (04/2018), FDC ID 168821 (CC0 1.0) — glucides hors fibres et énergie recalculés (UE 1169/2011)"
ING-TECH-PECTINELM-000001,raw,main,FDC168821,"Pectin, unsweetened, dry mix",P,Phosphore (mg/100 g),2.0,mg,USDA,0.8,proxy,pectine sèche USDA (sans distinction HM/LM),"USDA FoodData Central, SR Legacy (04/2018), FDC ID 168821 (CC0 1.0) — glucides hors fibres et énergie recalculés (UE 1169/2011)"
ING-TECH-PECTINELM-000001,raw,main,FDC168821,"Pectin, unsweetened, dry mix",K,Potassium (mg/100 g),7.0,mg,USDA,0.8,proxy,pectine sèche USDA (sans distinction HM/LM),"USDA FoodData Central, SR Legacy (04/2018), FDC ID 168821 (CC0 1.0) — glucides hors fibres et énergie recalculés (UE 1169/2011)"
ING-TECH-PECTINELM-000001,raw,main,FDC168821,"Pectin, unsweetened, dry mix",ZN,Zinc (mg/100 g),0.47,mg,USDA,0.8,proxy,pectine sèche USDA (sans distinction HM/LM),"USDA FoodData Central, SR Legacy (04/2018), FDC ID 168821 (CC0 1.0) — glucides hors fibres et énergie recalculés (UE 1169/2011)"
ING-TECH-PECTINELM-000001,raw,main,FDC168821,"Pectin, unsweetened, dry mix",CU,Cuivre (mg/100 g),0.42,mg,USDA,0.8,proxy,pectine sèche USDA (sans distinction HM/LM),"USDA FoodData Central, SR Legacy (04/2018), FDC ID 168821 (CC0 1.0) — glucides hors fibres et énergie recalculés (UE 1169/2011)"
ING-TECH-PECTINELM-000001,raw,main,FDC168821,"Pectin, unsweetened, dry mix",MN,Manganèse (mg/100 g),0.07,mg,USDA,0.8,proxy,pectine sèche USDA (sans distinction HM/LM),"USDA FoodData Central, SR Legacy (04/2018), FDC ID 168821 (CC0 1.0) — glucides hors fibres et énergie recalculés (UE 1169/2011)"
ING-TECH-PECTINELM-000001,raw,main,FDC168821,"Pectin, unsweetened, dry mix",SE,Sélénium (µg/100 g),0.0,µg,USDA,0.8,proxy,pectine sèche USDA (sans distinction HM/LM),"USDA FoodData Central, SR Legacy (04/2018), FDC ID 168821 (CC0 1.0) — glucides hors fibres et énergie recalculés (UE 1169/2011)"
ING-TECH-PECTINELM-000001,raw,main,FDC168821,"Pectin, unsweetened, dry mix",RAE,"Activité vitaminique A, équivalents rétinol (µg/100 g)",0.0,µg,USDA,0.8,proxy,pectine sèche USDA (sans distinction HM/LM),"USDA FoodData Central, SR Legacy (04/2018), FDC ID 168821 (CC0 1.0) — glucides hors fibres et énergie recalculés (UE 1169/2011)"
ING-TECH-PECTINELM-000001,raw,main,FDC168821,"Pectin, unsweetened, dry mix",RETOL,Rétinol (µg/100 g),0.0,µg,USDA,0.8,proxy,pectine sèche USDA (sans distinction HM/LM),"USDA FoodData Central, SR Legacy (04/2018), FDC ID 168821 (CC0 1.0) — glucides hors fibres et énergie recalculés (UE 1169/2011)"
ING-TECH-PECTINELM-000001,raw,main,FDC168821,"Pectin, unsweetened, dry mix",VITC,Vitamine C (mg/100 g),0.0,mg,USDA,0.8,proxy,pectine sèche USDA (sans distinction HM/LM),"USDA FoodData Central, SR Legacy (04/2018), FDC ID 168821 (CC0 1.0) — glucides hors fibres et énergie recalculés (UE 1169/2011)"
ING-TECH-PECTINELM-000001,raw,main,FDC168821,"Pectin, unsweetened, dry mix",THIA,Vitamine B1 ou Thiamine (mg/100 g),0.008,mg,USDA,0.8,proxy,pectine sèche USDA (sans distinction HM/LM),"USDA FoodData Central, SR Legacy (04/2018), FDC ID 168821 (CC0 1.0) — glucides hors fibres et énergie recalculés (UE 1169/2011)"
ING-TECH-PECTINELM-000001,raw,main,FDC168821,"Pectin, unsweetened, dry mix",RIBF,Vitamine B2 ou Riboflavine (mg/100 g),0.06,mg,USDA,0.8,proxy,pectine sèche USDA (sans distinction HM/LM),"USDA FoodData Central, SR Legacy (04/2018), FDC ID 168821 (CC0 1.0) — glucides hors fibres et énergie recalculés (UE 1169/2011)"
ING-TECH-PECTINELM-000001,raw,main,FDC168821,"Pectin, unsweetened, dry mix",NIA,Vitamine B3 ou PP ou Niacine (mg/100 g),0.005,mg,USDA,0.8,proxy,pectine sèche USDA (sans distinction HM/LM),"USDA FoodData Central, SR Legacy (04/2018), FDC ID 168821 (CC0 1.0) — glucides hors fibres et énergie recalculés (UE 1169/2011)"
ING-TECH-PECTINELM-000001,raw,main,FDC168821,"Pectin, unsweetened, dry mix",PANTAC,Vitamine B5 ou Acide pantothénique (mg/100 g),0.11,mg,USDA,0.8,proxy,pectine sèche USDA (sans distinction HM/LM),"USDA FoodData Central, SR Legacy (04/2018), FDC ID 168821 (CC0 1.0) — glucides hors fibres et énergie recalculés (UE 1169/2011)"
ING-TECH-PECTINELM-000001,raw,main,FDC168821,"Pectin, unsweetened, dry mix",VITB6-,Vitamine B6 (mg/100 g),0.01,mg,USDA,0.8,proxy,pectine sèche USDA (sans distinction HM/LM),"USDA FoodData Central, SR Legacy (04/2018), FDC ID 168821 (CC0 1.0) — glucides hors fibres et énergie recalculés (UE 1169/2011)"
ING-TECH-PECTINELM-000001,raw,main,FDC168821,"Pectin, unsweetened, dry mix",VITB12,Vitamine B12 (µg/100 g),0.0,µg,USDA,0.8,proxy,pectine sèche USDA (sans distinction HM/LM),"USDA FoodData Central, SR Legacy (04/2018), FDC ID 168821 (CC0 1.0) — glucides hors fibres et énergie recalculés (UE 1169/2011)"
ING-TECH-PECTINELM-000001,raw,main,FDC168821,"Pectin, unsweetened, dry mix",FOL,Vitamine B9 ou Folates totaux (µg/100 g),1.0,µg,USDA,0.8,proxy,pectine sèche USDA (sans distinction HM/LM),"USDA FoodData Central, SR Legacy (04/2018), FDC ID 168821 (CC0 1.0) — glucides hors fibres et énergie recalculés (UE 1169/2011)"
ING-TECH-PECTINELM-000001,raw,main,FDC168821,"Pectin, unsweetened, dry mix",FOLAC,Acide folique (enrichissement) (µg/100 g),0.0,µg,USDA,0.8,proxy,pectine sèche USDA (sans distinction HM/LM),"USDA FoodData Central, SR Legacy (04/2018), FDC ID 168821 (CC0 1.0) — glucides hors fibres et énergie recalculés (UE 1169/2011)"
ING-TECH-PECTINELM-000001,raw,main,FDC168821,"Pectin, unsweetened, dry mix",FOLFD,Folates intrinsèques (µg/100 g),1.0,µg,USDA,0.8,proxy,pectine sèche USDA (sans distinction HM/LM),"USDA FoodData Central, SR Legacy (04/2018), FDC ID 168821 (CC0 1.0) — glucides hors fibres et énergie recalculés (UE 1169/2011)"
ING-TECH-PECTINELM-000001,raw,main,FDC168821,"Pectin, unsweetened, dry mix",FOLDFE,"Vitamine B9 ou Folates totaux, équivalents folates alimentaires, DFE (µg/100 g)",1.0,µg,USDA,0.8,proxy,pectine sèche USDA (sans distinction HM/LM),"USDA FoodData Central, SR Legacy (04/2018), FDC ID 168821 (CC0 1.0) — glucides hors fibres et énergie recalculés (UE 1169/2011)"
ING-TECH-PECTINELM-000001,raw,main,FDC168821,"Pectin, unsweetened, dry mix",CHOAVL,Glucides (g/100 g),81.8,g,USDA,0.8,proxy,pectine sèche USDA (sans distinction HM/LM),"USDA FoodData Central, SR Legacy (04/2018), FDC ID 168821 (CC0 1.0) — glucides hors fibres et énergie recalculés (UE 1169/2011)"
ING-TECH-PECTINELM-000001,raw,main,FDC168821,"Pectin, unsweetened, dry mix",SALT,Sel chlorure de sodium (g/100 g),0.5,g,USDA,0.8,proxy,pectine sèche USDA (sans distinction HM/LM),"USDA FoodData Central, SR Legacy (04/2018), FDC ID 168821 (CC0 1.0) — glucides hors fibres et énergie recalculés (UE 1169/2011)"
ING-TECH-PECTINELM-000001,raw,main,FDC168821,"Pectin, unsweetened, dry mix",ENERCKCAL,"Energie, Règlement UE N° 1169/2011 (kcal/100 g)",348.3,kcal,USDA,0.8,proxy,pectine sèche USDA (sans distinction HM/LM),"USDA FoodData Central, SR Legacy (04/2018), FDC ID 168821 (CC0 1.0) — glucides hors fibres et énergie recalculés (UE 1169/2011)"
ING-TECH-PECTINELM-000001,raw,main,FDC168821,"Pectin, unsweetened, dry mix",ENERC,"Energie, Règlement UE N° 1169/2011 (kJ/100 g)",1475.6,kJ,USDA,0.8,proxy,pectine sèche USDA (sans distinction HM/LM),"USDA FoodData Central, SR Legacy (04/2018), FDC ID 168821 (CC0 1.0) — glucides hors fibres et énergie recalculés (UE 1169/2011)"
ING-TECH-CARRAGHNANEK-000001,raw,main,FDC169045,"Gums, seed gums (includes locust bean, guar)",WATER,Eau (g/100 g),15.0,g,USDA,0.8,proxy,gommes de graines USDA (hydrocolloïde à forte teneur en fibres),"USDA FoodData Central, SR Legacy (04/2018), FDC ID 169045 (CC0 1.0) — glucides hors fibres et énergie recalculés (UE 1169/2011)"
ING-TECH-CARRAGHNANEK-000001,raw,main,FDC169045,"Gums, seed gums (includes locust bean, guar)",ASH,Cendres (g/100 g),2.6,g,USDA,0.8,proxy,gommes de graines USDA (hydrocolloïde à forte teneur en fibres),"USDA FoodData Central, SR Legacy (04/2018), FDC ID 169045 (CC0 1.0) — glucides hors fibres et énergie recalculés (UE 1169/2011)"
ING-TECH-CARRAGHNANEK-000001,raw,main,FDC169045,"Gums, seed gums (includes locust bean, guar)",PROCNT,"Protéines, N x 6.25 (g/100 g)",4.6,g,USDA,0.8,proxy,gommes de graines USDA (hydrocolloïde à forte teneur en fibres),"USDA FoodData Central, SR Legacy (04/2018), FDC ID 169045 (CC0 1.0) — glucides hors fibres et énergie recalculés (UE 1169/2011)"
ING-TECH-CARRAGHNANEK-000001,raw,main,FDC169045,"Gums, seed gums (includes locust bean, guar)",FAT,Lipides (g/100 g),0.5,g,USDA,0.8,proxy,gommes de graines USDA (hydrocolloïde à forte teneur en fibres),"USDA FoodData Central, SR Legacy (04/2018), FDC ID 169045 (CC0 1.0) — glucides hors fibres et énergie recalculés (UE 1169/2011)"
ING-TECH-CARRAGHNANEK-000001,raw,main,FDC169045,"Gums, seed gums (includes locust bean, guar)",FIB-,Fibres alimentaires (g/100 g),77.3,g,USDA,0.8,proxy,gommes de graines USDA (hydrocolloïde à forte teneur en fibres),"USDA FoodData Central, SR Legacy (04/2018), FDC ID 169045 (CC0 1.0) — glucides hors fibres et énergie recalculés (UE 1169/2011)"
ING-TECH-CARRAGHNANEK-000001,raw,main,FDC169045,"Gums, seed gums (includes locust bean, guar)",SUGAR,Sucres (g/100 g),0.0,g,USDA,0.8,proxy,gommes de graines USDA (hydrocolloïde à forte teneur en fibres),"USDA FoodData Central, SR Legacy (04/2018), FDC ID 169045 (CC0 1.0) — glucides hors fibres et énergie recalculés (UE 1169/2011)"
ING-TECH-CARRAGHNANEK-000001,raw,main,FDC169045,"Gums, seed gums (includes locust bean, guar)",ALC,Alcool (éthanol) (g/100 g),0.0,g,USDA,0.8,proxy,gommes de graines USDA (hydrocolloïde à forte teneur en fibres),"USDA FoodData Central, SR Legacy (04/2018), FDC ID 169045 (CC0 1.0) — glucides hors fibres et énergie recalculés (UE 1169/2011)"
ING-TECH-CARRAGHNANEK-000001,raw,main,FDC169045,"Gums, seed gums (includes locust bean, guar)",FASAT,AG saturés (g/100 g),0.06,g,USDA,0.8,proxy,gommes de graines USDA (hydrocolloïde à forte teneur en fibres),"USDA FoodData Central, SR Legacy (04/2018), FDC ID 169045 (CC0 1.0) — glucides hors fibres et énergie recalculés (UE 1169/2011)"
ING-TECH-CARRAGHNANEK-000001,raw,main,FDC169045,"Gums, seed gums (includes locust bean, guar)",FAMS,AG monoinsaturés (g/100 g),0.22,g,USDA,0.8,proxy,gommes de graines USDA (hydrocolloïde à forte teneur en fibres),"USDA FoodData Central, SR Legacy (04/2018), FDC ID 169045 (CC0 1.0) — glucides hors fibres et énergie recalculés (UE 1169/2011)"
ING-TECH-CARRAGHNANEK-000001,raw,main,FDC169045,"Gums, seed gums (includes locust bean, guar)",FAPU,AG polyinsaturés (g/100 g),0.07,g,USDA,0.8,proxy,gommes de graines USDA (hydrocolloïde à forte teneur en fibres),"USDA FoodData Central, SR Legacy (04/2018), FDC ID 169045 (CC0 1.0) — glucides hors fibres et énergie recalculés (UE 1169/2011)"
ING-TECH-CARRAGHNANEK-000001,raw,main,FDC169045,"Gums, seed gums (includes locust bean, guar)",CHOL-,Cholestérol (mg/100 g),0.0,mg,USDA,0.8,proxy,gommes de graines USDA (hydrocolloïde à forte teneur en fibres),"USDA FoodData Central, SR Legacy (04/2018), FDC ID 169045 (CC0 1.0) — glucides hors fibres et énergie recalculés (UE 1169/2011)"
ING-TECH-CARRAGHNANEK-000001,raw,main,FDC169045,"Gums, seed gums (includes locust bean, guar)",NA,Sodium (mg/100 g),125.0,mg,USDA,0.8,proxy,gommes de graines USDA (hydrocolloïde à forte teneur en fibres),"USDA FoodData Central, SR Legacy (04/2018), FDC ID 169045 (CC0 1.0) — glucides hors fibres et énergie recalculés (UE 1169/2011)"
ING-TECH-CARRAGHNANEK-000001,raw,main,FDC169045,"Gums, seed gums (includes locust bean, guar)",CA,Calcium (mg/100 g),294.0,mg,USDA,0.8,proxy,gommes de graines USDA (hydrocolloïde à forte teneur en fibres),"USDA FoodData Central, SR Legacy (04/2018), FDC ID 169045 (CC0 1.0) — glucides hors fibres et énergie recalculés (UE 1169/2011)"
ING-TECH-CARRAGHNANEK-000001,raw,main,FDC169045,"Gums, seed gums (includes locust bean, guar)",FE,Fer (mg/100 g),0.0,mg,USDA,0.8,proxy,gommes de graines USDA (hydrocolloïde à forte teneur en fibres),"USDA FoodData Central, SR Legacy (04/2018), FDC ID 169045 (CC0 1.0) — glucides hors fibres et énergie recalculés (UE 1169/2011)"
ING-TECH-CARRAGHNANEK-000001,raw,main,FDC169045,"Gums, seed gums (includes locust bean, guar)",MG,Magnésium (mg/100 g),0.0,mg,USDA,0.8,proxy,gommes de graines USDA (hydrocolloïde à forte teneur en fibres),"USDA FoodData Central, SR Legacy (04/2018), FDC ID 169045 (CC0 1.0) — glucides hors fibres et énergie recalculés (UE 1169/2011)"
ING-TECH-CARRAGHNANEK-000001,raw,main,FDC169045,"Gums, seed gums (includes locust bean, guar)",P,Phosphore (mg/100 g),0.0,mg,USDA,0.8,proxy,gommes de graines USDA (hydrocolloïde à forte teneur en fibres),"USDA FoodData Central, SR Legacy (04/2018), FDC ID 169045 (CC0 1.0) — glucides hors fibres et énergie recalculés (UE 1169/2011)"
ING-TECH-CARRAGHNANEK-000001,raw,main,FDC169045,"Gums, seed gums (includes locust bean, guar)",K,Potassium (mg/100 g),0.0,mg,USDA,0.8,proxy,gommes de graines USDA (hydrocolloïde à forte teneur en fibres),"USDA FoodData Central, SR Legacy (04/2018), FDC ID 169045 (CC0 1.0) — glucides hors fibres et énergie recalculés (UE 1169/2011)"
ING-TECH-CARRAGHNANEK-000001,raw,main,FDC169045,"Gums, seed gums (includes locust bean, guar)",ZN,Zinc (mg/100 g),0.0,mg,USDA,0.8,proxy,gommes de graines USDA (hydrocolloïde à forte teneur en fibres),"USDA FoodData Central, SR Legacy (04/2018), FDC ID 169045 (CC0 1.0) — glucides hors fibres et énergie recalculés (UE 1169/2011)"
ING-TECH-CARRAGHNANEK-000001,raw,main,FDC169045,"Gums, seed gums (includes locust bean, guar)",CU,Cuivre (mg/100 g),0.0,mg,USDA,0.8,proxy,gommes de graines USDA (hydrocolloïde à forte teneur en fibres),"USDA FoodData Central, SR Legacy (04/2018), FDC ID 169045 (CC0 1.0) — glucides hors fibres et énergie recalculés (UE 1169/2011)"
ING-TECH-CARRAGHNANEK-000001,raw,main,FDC169045,"Gums, seed gums (includes locust bean, guar)",SE,Sélénium (µg/100 g),0.0,µg,USDA,0.8,proxy,gommes de graines USDA (hydrocolloïde à forte teneur en fibres),"USDA FoodData Central, SR Legacy (04/2018), FDC ID 169045 (CC0 1.0) — glucides hors fibres et énergie recalculés (UE 1169/2011)"
ING-TECH-CARRAGHNANEK-000001,raw,main,FDC169045,"Gums, seed gums (includes locust bean, guar)",RAE,"Activité vitaminique A, équivalents rétinol (µg/100 g)",0.0,µg,USDA,0.8,proxy,gommes de graines USDA (hydrocolloïde à forte teneur en fibres),"USDA FoodData Central, SR Legacy (04/2018), FDC ID 169045 (CC0 1.0) — glucides hors fibres et énergie recalculés (UE 1169/2011)"
ING-TECH-CARRAGHNANEK-000001,raw,main,FDC169045,"Gums, seed gums (includes locust bean, guar)",RETOL,Rétinol (µg/100 g),0.0,µg,USDA,0.8,proxy,gommes de graines USDA (hydrocolloïde à forte teneur en fibres),"USDA FoodData Central, SR Legacy (04/2018), FDC ID 169045 (CC0 1.0) — glucides hors fibres et énergie recalculés (UE 1169/2011)"
ING-TECH-CARRAGHNANEK-000001,raw,main,FDC169045,"Gums, seed gums (includes locust bean, guar)",CARTB,Beta-Carotène (µg/100 g),0.0,µg,USDA,0.8,proxy,gommes de graines USDA (hydrocolloïde à forte teneur en fibres),"USDA FoodData Central, SR Legacy (04/2018), FDC ID 169045 (CC0 1.0) — glucides hors fibres et énergie recalculés (UE 1169/2011)"
ING-TECH-CARRAGHNANEK-000001,raw,main,FDC169045,"Gums, seed gums (includes locust bean, guar)",VITD-,Vitamine D (µg/100 g),0.0,µg,USDA,0.8,proxy,gommes de graines USDA (hydrocolloïde à forte teneur en fibres),"USDA FoodData Central, SR Legacy (04/2018), FDC ID 169045 (CC0 1.0) — glucides hors fibres et énergie recalculés (UE 1169/2011)"
ING-TECH-CARRAGHNANEK-000001,raw,main,FDC169045,"Gums, seed gums (includes locust bean, guar)",VITC,Vitamine C (mg/100 g),0.0,mg,USDA,0.8,proxy,gommes de graines USDA (hydrocolloïde à forte teneur en fibres),"USDA FoodData Central, SR Legacy (04/2018), FDC ID 169045 (CC0 1.0) — glucides hors fibres et énergie recalculés (UE 1169/2011)"
ING-TECH-CARRAGHNANEK-000001,raw,main,FDC169045,"Gums, seed gums (includes locust bean, guar)",THIA,Vitamine B1 ou Thiamine (mg/100 g),0.0,mg,USDA,0.8,proxy,gommes de graines USDA (hydrocolloïde à forte teneur en fibres),"USDA FoodData Central, SR Legacy (04/2018), FDC ID 169045 (CC0 1.0) — glucides hors fibres et énergie recalculés (UE 1169/2011)"
ING-TECH-CARRAGHNANEK-000001,raw,main,FDC169045,"Gums, seed gums (includes locust bean, guar)",RIBF,Vitamine B2 ou Riboflavine (mg/100 g),0.0,mg,USDA,0.8,proxy,gommes de graines USDA (hydrocolloïde à forte teneur en fibres),"USDA FoodData Central, SR Legacy (04/2018), FDC ID 169045 (CC0 1.0) — glucides hors fibres et énergie recalculés (UE 1169/2011)"
ING-TECH-CARRAGHNANEK-000001,raw,main,FDC169045,"Gums, seed gums (includes locust bean, guar)",NIA,Vitamine B3 ou PP ou Niacine (mg/100 g),0.0,mg,USDA,0.8,proxy,gommes de graines USDA (hydrocolloïde à forte teneur en fibres),"USDA FoodData Central, SR Legacy (04/2018), FDC ID 169045 (CC0 1.0) — glucides hors fibres et énergie recalculés (UE 1169/2011)"
ING-TECH-CARRAGHNANEK-000001,raw,main,FDC169045,"Gums, seed gums (includes locust bean, guar)",VITB6-,Vitamine B6 (mg/100 g),0.0,mg,USDA,0.8,proxy,gommes de graines USDA (hydrocolloïde à forte teneur en fibres),"USDA FoodData Central, SR Legacy (04/2018), FDC ID 169045 (CC0 1.0) — glucides hors fibres et énergie recalculés (UE 1169/2011)"
ING-TECH-CARRAGHNANEK-000001,raw,main,FDC169045,"Gums, seed gums (includes locust bean, guar)",VITB12,Vitamine B12 (µg/100 g),0.0,µg,USDA,0.8,proxy,gommes de graines USDA (hydrocolloïde à forte teneur en fibres),"USDA FoodData Central, SR Legacy (04/2018), FDC ID 169045 (CC0 1.0) — glucides hors fibres et énergie recalculés (UE 1169/2011)"
ING-TECH-CARRAGHNANEK-000001,raw,main,FDC169045,"Gums, seed gums (includes locust bean, guar)",FOL,Vitamine B9 ou Folates totaux (µg/100 g),0.0,µg,USDA,0.8,proxy,gommes de graines USDA (hydrocolloïde à forte teneur en fibres),"USDA FoodData Central, SR Legacy (04/2018), FDC ID 169045 (CC0 1.0) — glucides hors fibres et énergie recalculés (UE 1169/2011)"
ING-TECH-CARRAGHNANEK-000001,raw,main,FDC169045,"Gums, seed gums (includes locust bean, guar)",FOLAC,Acide folique (enrichissement) (µg/100 g),0.0,µg,USDA,0.8,proxy,gommes de graines USDA (hydrocolloïde à forte teneur en fibres),"USDA FoodData Central, SR Legacy (04/2018), FDC ID 169045 (CC0 1.0) — glucides hors fibres et énergie recalculés (UE 1169/2011)"
ING-TECH-CARRAGHNANEK-000001,raw,main,FDC169045,"Gums, seed gums (includes locust bean, guar)",FOLFD,Folates intrinsèques (µg/100 g),0.0,µg,USDA,0.8,proxy,gommes de graines USDA (hydrocolloïde à forte teneur en fibres),"USDA FoodData Central, SR Legacy (04/2018), FDC ID 169045 (CC0 1.0) — glucides hors fibres et énergie recalculés (UE 1169/2011)"
ING-TECH-CARRAGHNANEK-000001,raw,main,FDC169045,"Gums, seed gums (includes locust bean, guar)",FOLDFE,"Vitamine B9 ou Folates totaux, équivalents folates alimentaires, DFE (µg/100 g)",0.0,µg,USDA,0.8,proxy,gommes de graines USDA (hydrocolloïde à forte teneur en fibres),"USDA FoodData Central, SR Legacy (04/2018), FDC ID 169045 (CC0 1.0) — glucides hors fibres et énergie recalculés (UE 1169/2011)"
ING-TECH-CARRAGHNANEK-000001,raw,main,FDC169045,"Gums, seed gums (includes locust bean, guar)",TOCPHA,Alpha-tocophérol (vitamine E) (mg/100 g),0.0,mg,USDA,0.8,proxy,gommes de graines USDA (hydrocolloïde à forte teneur en fibres),"USDA FoodData Central, SR Legacy (04/2018), FDC ID 169045 (CC0 1.0) — glucides hors fibres et énergie recalculés (UE 1169/2011)"
ING-TECH-CARRAGHNANEK-000001,raw,main,FDC169045,"Gums, seed gums (includes locust bean, guar)",VITK1,Vitamine K1 (µg/100 g),0.0,µg,USDA,0.8,proxy,gommes de graines USDA (hydrocolloïde à forte teneur en fibres),"USDA FoodData Central, SR Legacy (04/2018), FDC ID 169045 (CC0 1.0) — glucides hors fibres et énergie recalculés (UE 1169/2011)"
ING-TECH-CARRAGHNANEK-000001,raw,main,FDC169045,"Gums, seed gums (includes locust bean, guar)",CHOAVL,Glucides (g/100 g),0.0,g,USDA,0.8,proxy,gommes de graines USDA (hydrocolloïde à forte teneur en fibres),"USDA FoodData Central, SR Legacy (04/2018), FDC ID 169045 (CC0 1.0) — glucides hors fibres et énergie recalculés (UE 1169/2011)"
ING-TECH-CARRAGHNANEK-000001,raw,main,FDC169045,"Gums, seed gums (includes locust bean, guar)",SALT,Sel chlorure de sodium (g/100 g),0.313,g,USDA,0.8,proxy,gommes de graines USDA (hydrocolloïde à forte teneur en fibres),"USDA FoodData Central, SR Legacy (04/2018), FDC ID 169045 (CC0 1.0) — glucides hors fibres et énergie recalculés (UE 1169/2011)"
ING-TECH-CARRAGHNANEK-000001,raw,main,FDC169045,"Gums, seed gums (includes locust bean, guar)",ENERCKCAL,"Energie, Règlement UE N° 1169/2011 (kcal/100 g)",177.5,kcal,USDA,0.8,proxy,gommes de graines USDA (hydrocolloïde à forte teneur en fibres),"USDA FoodData Central, SR Legacy (04/2018), FDC ID 169045 (CC0 1.0) — glucides hors fibres et énergie recalculés (UE 1169/2011)"
ING-TECH-CARRAGHNANEK-000001,raw,main,FDC169045,"Gums, seed gums (includes locust bean, guar)",ENERC,"Energie, Règlement UE N° 1169/2011 (kJ/100 g)",715.1,kJ,USDA,0.8,proxy,gommes de graines USDA (hydrocolloïde à forte teneur en fibres),"USDA FoodData Central, SR Legacy (04/2018), FDC ID 169045 (CC0 1.0) — glucides hors fibres et énergie recalculés (UE 1169/2011)"
ING-TECH-CARRAGHNANEI-000001,raw,main,FDC169045,"Gums, seed gums (includes locust bean, guar)",WATER,Eau (g/100 g),15.0,g,USDA,0.8,proxy,gommes de graines USDA (hydrocolloïde à forte teneur en fibres),"USDA FoodData Central, SR Legacy (04/2018), FDC ID 169045 (CC0 1.0) — glucides hors fibres et énergie recalculés (UE 1169/2011)"
ING-TECH-CARRAGHNANEI-000001,raw,main,FDC169045,"Gums, seed gums (includes locust bean, guar)",ASH,Cendres (g/100 g),2.6,g,USDA,0.8,proxy,gommes de graines USDA (hydrocolloïde à forte teneur en fibres),"USDA FoodData Central, SR Legacy (04/2018), FDC ID 169045 (CC0 1.0) — glucides hors fibres et énergie recalculés (UE 1169/2011)"
ING-TECH-CARRAGHNANEI-000001,raw,main,FDC169045,"Gums, seed gums (includes locust bean, guar)",PROCNT,"Protéines, N x 6.25 (g/100 g)",4.6,g,USDA,0.8,proxy,gommes de graines USDA (hydrocolloïde à forte teneur en fibres),"USDA FoodData Central, SR Legacy (04/2018), FDC ID 169045 (CC0 1.0) — glucides hors fibres et énergie recalculés (UE 1169/2011)"
ING-TECH-CARRAGHNANEI-000001,raw,main,FDC169045,"Gums, seed gums (includes locust bean, guar)",FAT,Lipides (g/100 g),0.5,g,USDA,0.8,proxy,gommes de graines USDA (hydrocolloïde à forte teneur en fibres),"USDA FoodData Central, SR Legacy (04/2018), FDC ID 169045 (CC0 1.0) — glucides hors fibres et énergie recalculés (UE 1169/2011)"
ING-TECH-CARRAGHNANEI-000001,raw,main,FDC169045,"Gums, seed gums (includes locust bean, guar)",FIB-,Fibres alimentaires (g/100 g),77.3,g,USDA,0.8,proxy,gommes de graines USDA (hydrocolloïde à forte teneur en fibres),"USDA FoodData Central, SR Legacy (04/2018), FDC ID 169045 (CC0 1.0) — glucides hors fibres et énergie recalculés (UE 1169/2011)"
ING-TECH-CARRAGHNANEI-000001,raw,main,FDC169045,"Gums, seed gums (includes locust bean, guar)",SUGAR,Sucres (g/100 g),0.0,g,USDA,0.8,proxy,gommes de graines USDA (hydrocolloïde à forte teneur en fibres),"USDA FoodData Central, SR Legacy (04/2018), FDC ID 169045 (CC0 1.0) — glucides hors fibres et énergie recalculés (UE 1169/2011)"
ING-TECH-CARRAGHNANEI-000001,raw,main,FDC169045,"Gums, seed gums (includes locust bean, guar)",ALC,Alcool (éthanol) (g/100 g),0.0,g,USDA,0.8,proxy,gommes de graines USDA (hydrocolloïde à forte teneur en fibres),"USDA FoodData Central, SR Legacy (04/2018), FDC ID 169045 (CC0 1.0) — glucides hors fibres et énergie recalculés (UE 1169/2011)"
ING-TECH-CARRAGHNANEI-000001,raw,main,FDC169045,"Gums, seed gums (includes locust bean, guar)",FASAT,AG saturés (g/100 g),0.06,g,USDA,0.8,proxy,gommes de graines USDA (hydrocolloïde à forte teneur en fibres),"USDA FoodData Central, SR Legacy (04/2018), FDC ID 169045 (CC0 1.0) — glucides hors fibres et énergie recalculés (UE 1169/2011)"
ING-TECH-CARRAGHNANEI-000001,raw,main,FDC169045,"Gums, seed gums (includes locust bean, guar)",FAMS,AG monoinsaturés (g/100 g),0.22,g,USDA,0.8,proxy,gommes de graines USDA (hydrocolloïde à forte teneur en fibres),"USDA FoodData Central, SR Legacy (04/2018), FDC ID 169045 (CC0 1.0) — glucides hors fibres et énergie recalculés (UE 1169/2011)"
ING-TECH-CARRAGHNANEI-000001,raw,main,FDC169045,"Gums, seed gums (includes locust bean, guar)",FAPU,AG polyinsaturés (g/100 g),0.07,g,USDA,0.8,proxy,gommes de graines USDA (hydrocolloïde à forte teneur en fibres),"USDA FoodData Central, SR Legacy (04/2018), FDC ID 169045 (CC0 1.0) — glucides hors fibres et énergie recalculés (UE 1169/2011)"
ING-TECH-CARRAGHNANEI-000001,raw,main,FDC169045,"Gums, seed gums (includes locust bean, guar)",CHOL-,Cholestérol (mg/100 g),0.0,mg,USDA,0.8,proxy,gommes de graines USDA (hydrocolloïde à forte teneur en fibres),"USDA FoodData Central, SR Legacy (04/2018), FDC ID 169045 (CC0 1.0) — glucides hors fibres et énergie recalculés (UE 1169/2011)"
ING-TECH-CARRAGHNANEI-000001,raw,main,FDC169045,"Gums, seed gums (includes locust bean, guar)",NA,Sodium (mg/100 g),125.0,mg,USDA,0.8,proxy,gommes de graines USDA (hydrocolloïde à forte teneur en fibres),"USDA FoodData Central, SR Legacy (04/2018), FDC ID 169045 (CC0 1.0) — glucides hors fibres et énergie recalculés (UE 1169/2011)"
ING-TECH-CARRAGHNANEI-000001,raw,main,FDC169045,"Gums, seed gums (includes locust bean, guar)",CA,Calcium (mg/100 g),294.0,mg,USDA,0.8,proxy,gommes de graines USDA (hydrocolloïde à forte teneur en fibres),"USDA FoodData Central, SR Legacy (04/2018), FDC ID 169045 (CC0 1.0) — glucides hors fibres et énergie recalculés (UE 1169/2011)"
ING-TECH-CARRAGHNANEI-000001,raw,main,FDC169045,"Gums, seed gums (includes locust bean, guar)",FE,Fer (mg/100 g),0.0,mg,USDA,0.8,proxy,gommes de graines USDA (hydrocolloïde à forte teneur en fibres),"USDA FoodData Central, SR Legacy (04/2018), FDC ID 169045 (CC0 1.0) — glucides hors fibres et énergie recalculés (UE 1169/2011)"
ING-TECH-CARRAGHNANEI-000001,raw,main,FDC169045,"Gums, seed gums (includes locust bean, guar)",MG,Magnésium (mg/100 g),0.0,mg,USDA,0.8,proxy,gommes de graines USDA (hydrocolloïde à forte teneur en fibres),"USDA FoodData Central, SR Legacy (04/2018), FDC ID 169045 (CC0 1.0) — glucides hors fibres et énergie recalculés (UE 1169/2011)"
ING-TECH-CARRAGHNANEI-000001,raw,main,FDC169045,"Gums, seed gums (includes locust bean, guar)",P,Phosphore (mg/100 g),0.0,mg,USDA,0.8,proxy,gommes de graines USDA (hydrocolloïde à forte teneur en fibres),"USDA FoodData Central, SR Legacy (04/2018), FDC ID 169045 (CC0 1.0) — glucides hors fibres et énergie recalculés (UE 1169/2011)"
ING-TECH-CARRAGHNANEI-000001,raw,main,FDC169045,"Gums, seed gums (includes locust bean, guar)",K,Potassium (mg/100 g),0.0,mg,USDA,0.8,proxy,gommes de graines USDA (hydrocolloïde à forte teneur en fibres),"USDA FoodData Central, SR Legacy (04/2018), FDC ID 169045 (CC0 1.0) — glucides hors fibres et énergie recalculés (UE 1169/2011)"
ING-TECH-CARRAGHNANEI-000001,raw,main,FDC169045,"Gums, seed gums (includes locust bean, guar)",ZN,Zinc (mg/100 g),0.0,mg,USDA,0.8,proxy,gommes de graines USDA (hydrocolloïde à forte teneur en fibres),"USDA FoodData Central, SR Legacy (04/2018), FDC ID 169045 (CC0 1.0) — glucides hors fibres et énergie recalculés (UE 1169/2011)"
ING-TECH-CARRAGHNANEI-000001,raw,main,FDC169045,"Gums, seed gums (includes locust bean, guar)",CU,Cuivre (mg/100 g),0.0,mg,USDA,0.8,proxy,gommes de graines USDA (hydrocolloïde à forte teneur en fibres),"USDA FoodData Central, SR Legacy (04/2018), FDC ID 169045 (CC0 1.0) — glucides hors fibres et énergie recalculés (UE 1169/2011)"
ING-TECH-CARRAGHNANEI-000001,raw,main,FDC169045,"Gums, seed gums (includes locust bean, guar)",SE,Sélénium (µg/100 g),0.0,µg,USDA,0.8,proxy,gommes de graines USDA (hydrocolloïde à forte teneur en fibres),"USDA FoodData Central, SR Legacy (04/2018), FDC ID 169045 (CC0 1.0) — glucides hors fibres et énergie recalculés (UE 1169/2011)"
ING-TECH-CARRAGHNANEI-000001,raw,main,FDC169045,"Gums, seed gums (includes locust bean, guar)",RAE,"Activité vitaminique A, équivalents rétinol (µg/100 g)",0.0,µg,USDA,0.8,proxy,gommes de graines USDA (hydrocolloïde à forte teneur en fibres),"USDA FoodData Central, SR Legacy (04/2018), FDC ID 169045 (CC0 1.0) — glucides hors fibres et énergie recalculés (UE 1169/2011)"
ING-TECH-CARRAGHNANEI-000001,raw,main,FDC169045,"Gums, seed gums (includes locust bean, guar)",RETOL,Rétinol (µg/100 g),0.0,µg,USDA,0.8,proxy,gommes de graines USDA (hydrocolloïde à forte teneur en fibres),"USDA FoodData Central, SR Legacy (04/2018), FDC ID 169045 (CC0 1.0) — glucides hors fibres et énergie recalculés (UE 1169/2011)"
ING-TECH-CARRAGHNANEI-000001,raw,main,FDC169045,"Gums, seed gums (includes locust bean, guar)",CARTB,Beta-Carotène (µg/100 g),0.0,µg,USDA,0.8,proxy,gommes de graines USDA (hydrocolloïde à forte teneur en fibres),"USDA FoodData Central, SR Legacy (04/2018), FDC ID 169045 (CC0 1.0) — glucides hors fibres et énergie recalculés (UE 1169/2011)"
ING-TECH-CARRAGHNANEI-000001,raw,main,FDC169045,"Gums, seed gums (includes locust bean, guar)",VITD-,Vitamine D (µg/100 g),0.0,µg,USDA,0.8,proxy,gommes de graines USDA (hydrocolloïde à forte teneur en fibres),"USDA FoodData Central, SR Legacy (04/2018), FDC ID 169045 (CC0 1.0) — glucides hors fibres et énergie recalculés (UE 1169/2011)"
ING-TECH-CARRAGHNANEI-000001,raw,main,FDC169045,"Gums, seed gums (includes locust bean, guar)",VITC,Vitamine C (mg/100 g),0.0,mg,USDA,0.8,proxy,gommes de graines USDA (hydrocolloïde à forte teneur en fibres),"USDA FoodData Central, SR Legacy (04/2018), FDC ID 169045 (CC0 1.0) — glucides hors fibres et énergie recalculés (UE 1169/2011)"
ING-TECH-CARRAGHNANEI-000001,raw,main,FDC169045,"Gums, seed gums (includes locust bean, guar)",THIA,Vitamine B1 ou Thiamine (mg/100 g),0.0,mg,USDA,0.8,proxy,gommes de graines USDA (hydrocolloïde à forte teneur en fibres),"USDA FoodData Central, SR Legacy (04/2018), FDC ID 169045 (CC0 1.0) — glucides hors fibres et énergie recalculés (UE 1169/2011)"
ING-TECH-CARRAGHNANEI-000001,raw,main,FDC169045,"Gums, seed gums (includes locust bean, guar)",RIBF,Vitamine B2 ou Riboflavine (mg/100 g),0.0,mg,USDA,0.8,proxy,gommes de graines USDA (hydrocolloïde à forte teneur en fibres),"USDA FoodData Central, SR Legacy (04/2018), FDC ID 169045 (CC0 1.0) — glucides hors fibres et énergie recalculés (UE 1169/2011)"
ING-TECH-CARRAGHNANEI-000001,raw,main,FDC169045,"Gums, seed gums (includes locust bean, guar)",NIA,Vitamine B3 ou PP ou Niacine (mg/100 g),0.0,mg,USDA,0.8,proxy,gommes de graines USDA (hydrocolloïde à forte teneur en fibres),"USDA FoodData Central, SR Legacy (04/2018), FDC ID 169045 (CC0 1.0) — glucides hors fibres et énergie recalculés (UE 1169/2011)"
ING-TECH-CARRAGHNANEI-000001,raw,main,FDC169045,"Gums, seed gums (includes locust bean, guar)",VITB6-,Vitamine B6 (mg/100 g),0.0,mg,USDA,0.8,proxy,gommes de graines USDA (hydrocolloïde à forte teneur en fibres),"USDA FoodData Central, SR Legacy (04/2018), FDC ID 169045 (CC0 1.0) — glucides hors fibres et énergie recalculés (UE 1169/2011)"
ING-TECH-CARRAGHNANEI-000001,raw,main,FDC169045,"Gums, seed gums (includes locust bean, guar)",VITB12,Vitamine B12 (µg/100 g),0.0,µg,USDA,0.8,proxy,gommes de graines USDA (hydrocolloïde à forte teneur en fibres),"USDA FoodData Central, SR Legacy (04/2018), FDC ID 169045 (CC0 1.0) — glucides hors fibres et énergie recalculés (UE 1169/2011)"
ING-TECH-CARRAGHNANEI-000001,raw,main,FDC169045,"Gums, seed gums (includes locust bean, guar)",FOL,Vitamine B9 ou Folates totaux (µg/100 g),0.0,µg,USDA,0.8,proxy,gommes de graines USDA (hydrocolloïde à forte teneur en fibres),"USDA FoodData Central, SR Legacy (04/2018), FDC ID 169045 (CC0 1.0) — glucides hors fibres et énergie recalculés (UE 1169/2011)"
ING-TECH-CARRAGHNANEI-000001,raw,main,FDC169045,"Gums, seed gums (includes locust bean, guar)",FOLAC,Acide folique (enrichissement) (µg/100 g),0.0,µg,USDA,0.8,proxy,gommes de graines USDA (hydrocolloïde à forte teneur en fibres),"USDA FoodData Central, SR Legacy (04/2018), FDC ID 169045 (CC0 1.0) — glucides hors fibres et énergie recalculés (UE 1169/2011)"
ING-TECH-CARRAGHNANEI-000001,raw,main,FDC169045,"Gums, seed gums (includes locust bean, guar)",FOLFD,Folates intrinsèques (µg/100 g),0.0,µg,USDA,0.8,proxy,gommes de graines USDA (hydrocolloïde à forte teneur en fibres),"USDA FoodData Central, SR Legacy (04/2018), FDC ID 169045 (CC0 1.0) — glucides hors fibres et énergie recalculés (UE 1169/2011)"
ING-TECH-CARRAGHNANEI-000001,raw,main,FDC169045,"Gums, seed gums (includes locust bean, guar)",FOLDFE,"Vitamine B9 ou Folates totaux, équivalents folates alimentaires, DFE (µg/100 g)",0.0,µg,USDA,0.8,proxy,gommes de graines USDA (hydrocolloïde à forte teneur en fibres),"USDA FoodData Central, SR Legacy (04/2018), FDC ID 169045 (CC0 1.0) — glucides hors fibres et énergie recalculés (UE 1169/2011)"
ING-TECH-CARRAGHNANEI-000001,raw,main,FDC169045,"Gums, seed gums (includes locust bean, guar)",TOCPHA,Alpha-tocophérol (vitamine E) (mg/100 g),0.0,mg,USDA,0.8,proxy,gommes de graines USDA (hydrocolloïde à forte teneur en fibres),"USDA FoodData Central, SR Legacy (04/2018), FDC ID 169045 (CC0 1.0) — glucides hors fibres et énergie recalculés (UE 1169/2011)"
ING-TECH-CARRAGHNANEI-000001,raw,main,FDC169045,"Gums, seed gums (includes locust bean, guar)",VITK1,Vitamine K1 (µg/100 g),0.0,µg,USDA,0.8,proxy,gommes de graines USDA (hydrocolloïde à forte teneur en fibres),"USDA FoodData Central, SR Legacy (04/2018), FDC ID 169045 (CC0 1.0) — glucides hors fibres et énergie recalculés (UE 1169/2011)"
ING-TECH-CARRAGHNANEI-000001,raw,main,FDC169045,"Gums, seed gums (includes locust bean, guar)",CHOAVL,Glucides (g/100 g),0.0,g,USDA,0.8,proxy,gommes de graines USDA (hydrocolloïde à forte teneur en fibres),"USDA FoodData Central, SR Legacy (04/2018), FDC ID 169045 (CC0 1.0) — glucides hors fibres et énergie recalculés (UE 1169/2011)"
ING-TECH-CARRAGHNANEI-000001,raw,main,FDC169045,"Gums, seed gums (includes locust bean, guar)",SALT,Sel chlorure de sodium (g/100 g),0.313,g,USDA,0.8,proxy,gommes de graines USDA (hydrocolloïde à forte teneur en fibres),"USDA FoodData Central, SR Legacy (04/2018), FDC ID 169045 (CC0 1.0) — glucides hors fibres et énergie recalculés (UE 1169/2011)"
ING-TECH-CARRAGHNANEI-000001,raw,main,FDC169045,"Gums, seed gums (includes locust bean, guar)",ENERCKCAL,"Energie, Règlement UE N° 1169/2011 (kcal/100 g)",177.5,kcal,USDA,0.8,proxy,gommes de graines USDA (hydrocolloïde à forte teneur en fibres),"USDA FoodData Central, SR Legacy (04/2018), FDC ID 169045 (CC0 1.0) — glucides hors fibres et énergie recalculés (UE 1169/2011)"
ING-TECH-CARRAGHNANEI-000001,raw,main,FDC169045,"Gums, seed gums (includes locust bean, guar)",ENERC,"Energie, Règlement UE N° 1169/2011 (kJ/100 g)",715.1,kJ,USDA,0.8,proxy,gommes de graines USDA (hydrocolloïde à forte teneur en fibres),"USDA FoodData Central, SR Legacy (04/2018), FDC ID 169045 (CC0 1.0) — glucides hors fibres et énergie recalculés (UE 1169/2011)"
ING-TECH-CARRAGHNANEL-000001,raw,main,FDC169045,"Gums, seed gums (includes locust bean, guar)",WATER,Eau (g/100 g),15.0,g,USDA,0.8,proxy,gommes de graines USDA (hydrocolloïde à forte teneur en fibres),"USDA FoodData Central, SR Legacy (04/2018), FDC ID 169045 (CC0 1.0) — glucides hors fibres et énergie recalculés (UE 1169/2011)"
ING-TECH-CARRAGHNANEL-000001,raw,main,FDC169045,"Gums, seed gums (includes locust bean, guar)",ASH,Cendres (g/100 g),2.6,g,USDA,0.8,proxy,gommes de graines USDA (hydrocolloïde à forte teneur en fibres),"USDA FoodData Central, SR Legacy (04/2018), FDC ID 169045 (CC0 1.0) — glucides hors fibres et énergie recalculés (UE 1169/2011)"
ING-TECH-CARRAGHNANEL-000001,raw,main,FDC169045,"Gums, seed gums (includes locust bean, guar)",PROCNT,"Protéines, N x 6.25 (g/100 g)",4.6,g,USDA,0.8,proxy,gommes de graines USDA (hydrocolloïde à forte teneur en fibres),"USDA FoodData Central, SR Legacy (04/2018), FDC ID 169045 (CC0 1.0) — glucides hors fibres et énergie recalculés (UE 1169/2011)"
ING-TECH-CARRAGHNANEL-000001,raw,main,FDC169045,"Gums, seed gums (includes locust bean, guar)",FAT,Lipides (g/100 g),0.5,g,USDA,0.8,proxy,gommes de graines USDA (hydrocolloïde à forte teneur en fibres),"USDA FoodData Central, SR Legacy (04/2018), FDC ID 169045 (CC0 1.0) — glucides hors fibres et énergie recalculés (UE 1169/2011)"
ING-TECH-CARRAGHNANEL-000001,raw,main,FDC169045,"Gums, seed gums (includes locust bean, guar)",FIB-,Fibres alimentaires (g/100 g),77.3,g,USDA,0.8,proxy,gommes de graines USDA (hydrocolloïde à forte teneur en fibres),"USDA FoodData Central, SR Legacy (04/2018), FDC ID 169045 (CC0 1.0) — glucides hors fibres et énergie recalculés (UE 1169/2011)"
ING-TECH-CARRAGHNANEL-000001,raw,main,FDC169045,"Gums, seed gums (includes locust bean, guar)",SUGAR,Sucres (g/100 g),0.0,g,USDA,0.8,proxy,gommes de graines USDA (hydrocolloïde à forte teneur en fibres),"USDA FoodData Central, SR Legacy (04/2018), FDC ID 169045 (CC0 1.0) — glucides hors fibres et énergie recalculés (UE 1169/2011)"
ING-TECH-CARRAGHNANEL-000001,raw,main,FDC169045,"Gums, seed gums (includes locust bean, guar)",ALC,Alcool (éthanol) (g/100 g),0.0,g,USDA,0.8,proxy,gommes de graines USDA (hydrocolloïde à forte teneur en fibres),"USDA FoodData Central, SR Legacy (04/2018), FDC ID 169045 (CC0 1.0) — glucides hors fibres et énergie recalculés (UE 1169/2011)"
ING-TECH-CARRAGHNANEL-000001,raw,main,FDC169045,"Gums, seed gums (includes locust bean, guar)",FASAT,AG saturés (g/100 g),0.06,g,USDA,0.8,proxy,gommes de graines USDA (hydrocolloïde à forte teneur en fibres),"USDA FoodData Central, SR Legacy (04/2018), FDC ID 169045 (CC0 1.0) — glucides hors fibres et énergie recalculés (UE 1169/2011)"
ING-TECH-CARRAGHNANEL-000001,raw,main,FDC169045,"Gums, seed gums (includes locust bean, guar)",FAMS,AG monoinsaturés (g/100 g),0.22,g,USDA,0.8,proxy,gommes de graines USDA (hydrocolloïde à forte teneur en fibres),"USDA FoodData Central, SR Legacy (04/2018), FDC ID 169045 (CC0 1.0) — glucides hors fibres et énergie recalculés (UE 1169/2011)"
ING-TECH-CARRAGHNANEL-000001,raw,main,FDC169045,"Gums, seed gums (includes locust bean, guar)",FAPU,AG polyinsaturés (g/100 g),0.07,g,USDA,0.8,proxy,gommes de graines USDA (hydrocolloïde à forte teneur en fibres),"USDA FoodData Central, SR Legacy (04/2018), FDC ID 169045 (CC0 1.0) — glucides hors fibres et énergie recalculés (UE 1169/2011)"
ING-TECH-CARRAGHNANEL-000001,raw,main,FDC169045,"Gums, seed gums (includes locust bean, guar)",CHOL-,Cholestérol (mg/100 g),0.0,mg,USDA,0.8,proxy,gommes de graines USDA (hydrocolloïde à forte teneur en fibres),"USDA FoodData Central, SR Legacy (04/2018), FDC ID 169045 (CC0 1.0) — glucides hors fibres et énergie recalculés (UE 1169/2011)"
ING-TECH-CARRAGHNANEL-000001,raw,main,FDC169045,"Gums, seed gums (includes locust bean, guar)",NA,Sodium (mg/100 g),125.0,mg,USDA,0.8,proxy,gommes de graines USDA (hydrocolloïde à forte teneur en fibres),"USDA FoodData Central, SR Legacy (04/2018), FDC ID 169045 (CC0 1.0) — glucides hors fibres et énergie recalculés (UE 1169/2011)"
ING-TECH-CARRAGHNANEL-000001,raw,main,FDC169045,"Gums, seed gums (includes locust bean, guar)",CA,Calcium (mg/100 g),294.0,mg,USDA,0.8,proxy,gommes de graines USDA (hydrocolloïde à forte teneur en fibres),"USDA FoodData Central, SR Legacy (04/2018), FDC ID 169045 (CC0 1.0) — glucides hors fibres et énergie recalculés (UE 1169/2011)"
ING-TECH-CARRAGHNANEL-000001,raw,main,FDC169045,"Gums, seed gums (includes locust bean, guar)",FE,Fer (mg/100 g),0.0,mg,USDA,0.8,proxy,gommes de graines USDA (hydrocolloïde à forte teneur en fibres),"USDA FoodData Central, SR Legacy (04/2018), FDC ID 169045 (CC0 1.0) — glucides hors fibres et énergie recalculés (UE 1169/2011)"
ING-TECH-CARRAGHNANEL-000001,raw,main,FDC169045,"Gums, seed gums (includes locust bean, guar)",MG,Magnésium (mg/100 g),0.0,mg,USDA,0.8,proxy,gommes de graines USDA (hydrocolloïde à forte teneur en fibres),"USDA FoodData Central, SR Legacy (04/2018), FDC ID 169045 (CC0 1.0) — glucides hors fibres et énergie recalculés (UE 1169/2011)"
ING-TECH-CARRAGHNANEL-000001,raw,main,FDC169045,"Gums, seed gums (includes locust bean, guar)",P,Phosphore (mg/100 g),0.0,mg,USDA,0.8,proxy,gommes de graines USDA (hydrocolloïde à forte teneur en fibres),"USDA FoodData Central, SR Legacy (04/2018), FDC ID 169045 (CC0 1.0) — glucides hors fibres et énergie recalculés (UE 1169/2011)"
ING-TECH-CARRAGHNANEL-000001,raw,main,FDC169045,"Gums, seed gums (includes locust bean, guar)",K,Potassium (mg/100 g),0.0,mg,USDA,0.8,proxy,gommes de graines USDA (hydrocolloïde à forte teneur en fibres),"USDA FoodData Central, SR Legacy (04/2018), FDC ID 169045 (CC0 1.0) — glucides hors fibres et énergie recalculés (UE 1169/2011)"
ING-TECH-CARRAGHNANEL-000001,raw,main,FDC169045,"Gums, seed gums (includes locust bean, guar)",ZN,Zinc (mg/100 g),0.0,mg,USDA,0.8,proxy,gommes de graines USDA (hydrocolloïde à forte teneur en fibres),"USDA FoodData Central, SR Legacy (04/2018), FDC ID 169045 (CC0 1.0) — glucides hors fibres et énergie recalculés (UE 1169/2011)"
ING-TECH-CARRAGHNANEL-000001,raw,main,FDC169045,"Gums, seed gums (includes locust bean, guar)",CU,Cuivre (mg/100 g),0.0,mg,USDA,0.8,proxy,gommes de graines USDA (hydrocolloïde à forte teneur en fibres),"USDA FoodData Central, SR Legacy (04/2018), FDC ID 169045 (CC0 1.0) — glucides hors fibres et énergie recalculés (UE 1169/2011)"
ING-TECH-CARRAGHNANEL-000001,raw,main,FDC169045,"Gums, seed gums (includes locust bean, guar)",SE,Sélénium (µg/100 g),0.0,µg,USDA,0.8,proxy,gommes de graines USDA (hydrocolloïde à forte teneur en fibres),"USDA FoodData Central, SR Legacy (04/2018), FDC ID 169045 (CC0 1.0) — glucides hors fibres et énergie recalculés (UE 1169/2011)"
ING-TECH-CARRAGHNANEL-000001,raw,main,FDC169045,"Gums, seed gums (includes locust bean, guar)",RAE,"Activité vitaminique A, équivalents rétinol (µg/100 g)",0.0,µg,USDA,0.8,proxy,gommes de graines USDA (hydrocolloïde à forte teneur en fibres),"USDA FoodData Central, SR Legacy (04/2018), FDC ID 169045 (CC0 1.0) — glucides hors fibres et énergie recalculés (UE 1169/2011)"
ING-TECH-CARRAGHNANEL-000001,raw,main,FDC169045,"Gums, seed gums (includes locust bean, guar)",RETOL,Rétinol (µg/100 g),0.0,µg,USDA,0.8,proxy,gommes de graines USDA (hydrocolloïde à forte teneur en fibres),"USDA FoodData Central, SR Legacy (04/2018), FDC ID 169045 (CC0 1.0) — glucides hors fibres et énergie recalculés (UE 1169/2011)"
ING-TECH-CARRAGHNANEL-000001,raw,main,FDC169045,"Gums, seed gums (includes locust bean, guar)",CARTB,Beta-Carotène (µg/100 g),0.0,µg,USDA,0.8,proxy,gommes de graines USDA (hydrocolloïde à forte teneur en fibres),"USDA FoodData Central, SR Legacy (04/2018), FDC ID 169045 (CC0 1.0) — glucides hors fibres et énergie recalculés (UE 1169/2011)"
ING-TECH-CARRAGHNANEL-000001,raw,main,FDC169045,"Gums, seed gums (includes locust bean, guar)",VITD-,Vitamine D (µg/100 g),0.0,µg,USDA,0.8,proxy,gommes de graines USDA (hydrocolloïde à forte teneur en fibres),"USDA FoodData Central, SR Legacy (04/2018), FDC ID 169045 (CC0 1.0) — glucides hors fibres et énergie recalculés (UE 1169/2011)"
ING-TECH-CARRAGHNANEL-000001,raw,main,FDC169045,"Gums, seed gums (includes locust bean, guar)",VITC,Vitamine C (mg/100 g),0.0,mg,USDA,0.8,proxy,gommes de graines USDA (hydrocolloïde à forte teneur en fibres),"USDA FoodData Central, SR Legacy (04/2018), FDC ID 169045 (CC0 1.0) — glucides hors fibres et énergie recalculés (UE 1169/2011)"
ING-TECH-CARRAGHNANEL-000001,raw,main,FDC169045,"Gums, seed gums (includes locust bean, guar)",THIA,Vitamine B1 ou Thiamine (mg/100 g),0.0,mg,USDA,0.8,proxy,gommes de graines USDA (hydrocolloïde à forte teneur en fibres),"USDA FoodData Central, SR Legacy (04/2018), FDC ID 169045 (CC0 1.0) — glucides hors fibres et énergie recalculés (UE 1169/2011)"
ING-TECH-CARRAGHNANEL-000001,raw,main,FDC169045,"Gums, seed gums (includes locust bean, guar)",RIBF,Vitamine B2 ou Riboflavine (mg/100 g),0.0,mg,USDA,0.8,proxy,gommes de graines USDA (hydrocolloïde à forte teneur en fibres),"USDA FoodData Central, SR Legacy (04/2018), FDC ID 169045 (CC0 1.0) — glucides hors fibres et énergie recalculés (UE 1169/2011)"
ING-TECH-CARRAGHNANEL-000001,raw,main,FDC169045,"Gums, seed gums (includes locust bean, guar)",NIA,Vitamine B3 ou PP ou Niacine (mg/100 g),0.0,mg,USDA,0.8,proxy,gommes de graines USDA (hydrocolloïde à forte teneur en fibres),"USDA FoodData Central, SR Legacy (04/2018), FDC ID 169045 (CC0 1.0) — glucides hors fibres et énergie recalculés (UE 1169/2011)"
ING-TECH-CARRAGHNANEL-000001,raw,main,FDC169045,"Gums, seed gums (includes locust bean, guar)",VITB6-,Vitamine B6 (mg/100 g),0.0,mg,USDA,0.8,proxy,gommes de graines USDA (hydrocolloïde à forte teneur en fibres),"USDA FoodData Central, SR Legacy (04/2018), FDC ID 169045 (CC0 1.0) — glucides hors fibres et énergie recalculés (UE 1169/2011)"
ING-TECH-CARRAGHNANEL-000001,raw,main,FDC169045,"Gums, seed gums (includes locust bean, guar)",VITB12,Vitamine B12 (µg/100 g),0.0,µg,USDA,0.8,proxy,gommes de graines USDA (hydrocolloïde à forte teneur en fibres),"USDA FoodData Central, SR Legacy (04/2018), FDC ID 169045 (CC0 1.0) — glucides hors fibres et énergie recalculés (UE 1169/2011)"
ING-TECH-CARRAGHNANEL-000001,raw,main,FDC169045,"Gums, seed gums (includes locust bean, guar)",FOL,Vitamine B9 ou Folates totaux (µg/100 g),0.0,µg,USDA,0.8,proxy,gommes de graines USDA (hydrocolloïde à forte teneur en fibres),"USDA FoodData Central, SR Legacy (04/2018), FDC ID 169045 (CC0 1.0) — glucides hors fibres et énergie recalculés (UE 1169/2011)"
ING-TECH-CARRAGHNANEL-000001,raw,main,FDC169045,"Gums, seed gums (includes locust bean, guar)",FOLAC,Acide folique (enrichissement) (µg/100 g),0.0,µg,USDA,0.8,proxy,gommes de graines USDA (hydrocolloïde à forte teneur en fibres),"USDA FoodData Central, SR Legacy (04/2018), FDC ID 169045 (CC0 1.0) — glucides hors fibres et énergie recalculés (UE 1169/2011)"
ING-TECH-CARRAGHNANEL-000001,raw,main,FDC169045,"Gums, seed gums (includes locust bean, guar)",FOLFD,Folates intrinsèques (µg/100 g),0.0,µg,USDA,0.8,proxy,gommes de graines USDA (hydrocolloïde à forte teneur en fibres),"USDA FoodData Central, SR Legacy (04/2018), FDC ID 169045 (CC0 1.0) — glucides hors fibres et énergie recalculés (UE 1169/2011)"
ING-TECH-CARRAGHNANEL-000001,raw,main,FDC169045,"Gums, seed gums (includes locust bean, guar)",FOLDFE,"Vitamine B9 ou Folates totaux, équivalents folates alimentaires, DFE (µg/100 g)",0.0,µg,USDA,0.8,proxy,gommes de graines USDA (hydrocolloïde à forte teneur en fibres),"USDA FoodData Central, SR Legacy (04/2018), FDC ID 169045 (CC0 1.0) — glucides hors fibres et énergie recalculés (UE 1169/2011)"
ING-TECH-CARRAGHNANEL-000001,raw,main,FDC169045,"Gums, seed gums (includes locust bean, guar)",TOCPHA,Alpha-tocophérol (vitamine E) (mg/100 g),0.0,mg,USDA,0.8,proxy,gommes de graines USDA (hydrocolloïde à forte teneur en fibres),"USDA FoodData Central, SR Legacy (04/2018), FDC ID 169045 (CC0 1.0) — glucides hors fibres et énergie recalculés (UE 1169/2011)"
ING-TECH-CARRAGHNANEL-000001,raw,main,FDC169045,"Gums, seed gums (includes locust bean, guar)",VITK1,Vitamine K1 (µg/100 g),0.0,µg,USDA,0.8,proxy,gommes de graines USDA (hydrocolloïde à forte teneur en fibres),"USDA FoodData Central, SR Legacy (04/2018), FDC ID 169045 (CC0 1.0) — glucides hors fibres et énergie recalculés (UE 1169/2011)"
ING-TECH-CARRAGHNANEL-000001,raw,main,FDC169045,"Gums, seed gums (includes locust bean, guar)",CHOAVL,Glucides (g/100 g),0.0,g,USDA,0.8,proxy,gommes de graines USDA (hydrocolloïde à forte teneur en fibres),"USDA FoodData Central, SR Legacy (04/2018), FDC ID 169045 (CC0 1.0) — glucides hors fibres et énergie recalculés (UE 1169/2011)"
ING-TECH-CARRAGHNANEL-000001,raw,main,FDC169045,"Gums, seed gums (includes locust bean, guar)",SALT,Sel chlorure de sodium (g/100 g),0.313,g,USDA,0.8,proxy,gommes de graines USDA (hydrocolloïde à forte teneur en fibres),"USDA FoodData Central, SR Legacy (04/2018), FDC ID 169045 (CC0 1.0) — glucides hors fibres et énergie recalculés (UE 1169/2011)"
ING-TECH-CARRAGHNANEL-000001,raw,main,FDC169045,"Gums, seed gums (includes locust bean, guar)",ENERCKCAL,"Energie, Règlement UE N° 1169/2011 (kcal/100 g)",177.5,kcal,USDA,0.8,proxy,gommes de graines USDA (hydrocolloïde à forte teneur en fibres),"USDA FoodData Central, SR Legacy (04/2018), FDC ID 169045 (CC0 1.0) — glucides hors fibres et énergie recalculés (UE 1169/2011)"
ING-TECH-CARRAGHNANEL-000001,raw,main,FDC169045,"Gums, seed gums (includes locust bean, guar)",ENERC,"Energie, Règlement UE N° 1169/2011 (kJ/100 g)",715.1,kJ,USDA,0.8,proxy,gommes de graines USDA (hydrocolloïde à forte teneur en fibres),"USDA FoodData Central, SR Legacy (04/2018), FDC ID 169045 (CC0 1.0) — glucides hors fibres et énergie recalculés (UE 1169/2011)"
ING-TECH-GOMMEXANTHAN-000001,raw,main,FDC169045,"Gums, seed gums (includes locust bean, guar)",WATER,Eau (g/100 g),15.0,g,USDA,0.8,proxy,gommes de graines USDA (hydrocolloïde à forte teneur en fibres),"USDA FoodData Central, SR Legacy (04/2018), FDC ID 169045 (CC0 1.0) — glucides hors fibres et énergie recalculés (UE 1169/2011)"
ING-TECH-GOMMEXANTHAN-000001,raw,main,FDC169045,"Gums, seed gums (includes locust bean, guar)",ASH,Cendres (g/100 g),2.6,g,USDA,0.8,proxy,gommes de graines USDA (hydrocolloïde à forte teneur en fibres),"USDA FoodData Central, SR Legacy (04/2018), FDC ID 169045 (CC0 1.0) — glucides hors fibres et énergie recalculés (UE 1169/2011)"
ING-TECH-GOMMEXANTHAN-000001,raw,main,FDC169045,"Gums, seed gums (includes locust bean, guar)",PROCNT,"Protéines, N x 6.25 (g/100 g)",4.6,g,USDA,0.8,proxy,gommes de graines USDA (hydrocolloïde à forte teneur en fibres),"USDA FoodData Central, SR Legacy (04/2018), FDC ID 169045 (CC0 1.0) — glucides hors fibres et énergie recalculés (UE 1169/2011)"
ING-TECH-GOMMEXANTHAN-000001,raw,main,FDC169045,"Gums, seed gums (includes locust bean, guar)",FAT,Lipides (g/100 g),0.5,g,USDA,0.8,proxy,gommes de graines USDA (hydrocolloïde à forte teneur en fibres),"USDA FoodData Central, SR Legacy (04/2018), FDC ID 169045 (CC0 1.0) — glucides hors fibres et énergie recalculés (UE 1169/2011)"
ING-TECH-GOMMEXANTHAN-000001,raw,main,FDC169045,"Gums, seed gums (includes locust bean, guar)",FIB-,Fibres alimentaires (g/100 g),77.3,g,USDA,0.8,proxy,gommes de graines USDA (hydrocolloïde à forte teneur en fibres),"USDA FoodData Central, SR Legacy (04/2018), FDC ID 169045 (CC0 1.0) — glucides hors fibres et énergie recalculés (UE 1169/2011)"
ING-TECH-GOMMEXANTHAN-000001,raw,main,FDC169045,"Gums, seed gums (includes locust bean, guar)",SUGAR,Sucres (g/100 g),0.0,g,USDA,0.8,proxy,gommes de graines USDA (hydrocolloïde à forte teneur en fibres),"USDA FoodData Central, SR Legacy (04/2018), FDC ID 169045 (CC0 1.0) — glucides hors fibres et énergie recalculés (UE 1169/2011)"
ING-TECH-GOMMEXANTHAN-000001,raw,main,FDC169045,"Gums, seed gums (includes locust bean, guar)",ALC,Alcool (éthanol) (g/100 g),0.0,g,USDA,0.8,proxy,gommes de graines USDA (hydrocolloïde à forte teneur en fibres),"USDA FoodData Central, SR Legacy (04/2018), FDC ID 169045 (CC0 1.0) — glucides hors fibres et énergie recalculés (UE 1169/2011)"
ING-TECH-GOMMEXANTHAN-000001,raw,main,FDC169045,"Gums, seed gums (includes locust bean, guar)",FASAT,AG saturés (g/100 g),0.06,g,USDA,0.8,proxy,gommes de graines USDA (hydrocolloïde à forte teneur en fibres),"USDA FoodData Central, SR Legacy (04/2018), FDC ID 169045 (CC0 1.0) — glucides hors fibres et énergie recalculés (UE 1169/2011)"
ING-TECH-GOMMEXANTHAN-000001,raw,main,FDC169045,"Gums, seed gums (includes locust bean, guar)",FAMS,AG monoinsaturés (g/100 g),0.22,g,USDA,0.8,proxy,gommes de graines USDA (hydrocolloïde à forte teneur en fibres),"USDA FoodData Central, SR Legacy (04/2018), FDC ID 169045 (CC0 1.0) — glucides hors fibres et énergie recalculés (UE 1169/2011)"
ING-TECH-GOMMEXANTHAN-000001,raw,main,FDC169045,"Gums, seed gums (includes locust bean, guar)",FAPU,AG polyinsaturés (g/100 g),0.07,g,USDA,0.8,proxy,gommes de graines USDA (hydrocolloïde à forte teneur en fibres),"USDA FoodData Central, SR Legacy (04/2018), FDC ID 169045 (CC0 1.0) — glucides hors fibres et énergie recalculés (UE 1169/2011)"
ING-TECH-GOMMEXANTHAN-000001,raw,main,FDC169045,"Gums, seed gums (includes locust bean, guar)",CHOL-,Cholestérol (mg/100 g),0.0,mg,USDA,0.8,proxy,gommes de graines USDA (hydrocolloïde à forte teneur en fibres),"USDA FoodData Central, SR Legacy (04/2018), FDC ID 169045 (CC0 1.0) — glucides hors fibres et énergie recalculés (UE 1169/2011)"
ING-TECH-GOMMEXANTHAN-000001,raw,main,FDC169045,"Gums, seed gums (includes locust bean, guar)",NA,Sodium (mg/100 g),125.0,mg,USDA,0.8,proxy,gommes de graines USDA (hydrocolloïde à forte teneur en fibres),"USDA FoodData Central, SR Legacy (04/2018), FDC ID 169045 (CC0 1.0) — glucides hors fibres et énergie recalculés (UE 1169/2011)"
ING-TECH-GOMMEXANTHAN-000001,raw,main,FDC169045,"Gums, seed gums (includes locust bean, guar)",CA,Calcium (mg/100 g),294.0,mg,USDA,0.8,proxy,gommes de graines USDA (hydrocolloïde à forte teneur en fibres),"USDA FoodData Central, SR Legacy (04/2018), FDC ID 169045 (CC0 1.0) — glucides hors fibres et énergie recalculés (UE 1169/2011)"
ING-TECH-GOMMEXANTHAN-000001,raw,main,FDC169045,"Gums, seed gums (includes locust bean, guar)",FE,Fer (mg/100 g),0.0,mg,USDA,0.8,proxy,gommes de graines USDA (hydrocolloïde à forte teneur en fibres),"USDA FoodData Central, SR Legacy (04/2018), FDC ID 169045 (CC0 1.0) — glucides hors fibres et énergie recalculés (UE 1169/2011)"
ING-TECH-GOMMEXANTHAN-000001,raw,main,FDC169045,"Gums, seed gums (includes locust bean, guar)",MG,Magnésium (mg/100 g),0.0,mg,USDA,0.8,proxy,gommes de graines USDA (hydrocolloïde à forte teneur en fibres),"USDA FoodData Central, SR Legacy (04/2018), FDC ID 169045 (CC0 1.0) — glucides hors fibres et énergie recalculés (UE 1169/2011)"
ING-TECH-GOMMEXANTHAN-000001,raw,main,FDC169045,"Gums, seed gums (includes locust bean, guar)",P,Phosphore (mg/100 g),0.0,mg,USDA,0.8,proxy,gommes de graines USDA (hydrocolloïde à forte teneur en fibres),"USDA FoodData Central, SR Legacy (04/2018), FDC ID 169045 (CC0 1.0) — glucides hors fibres et énergie recalculés (UE 1169/2011)"
ING-TECH-GOMMEXANTHAN-000001,raw,main,FDC169045,"Gums, seed gums (includes locust bean, guar)",K,Potassium (mg/100 g),0.0,mg,USDA,0.8,proxy,gommes de graines USDA (hydrocolloïde à forte teneur en fibres),"USDA FoodData Central, SR Legacy (04/2018), FDC ID 169045 (CC0 1.0) — glucides hors fibres et énergie recalculés (UE 1169/2011)"
ING-TECH-GOMMEXANTHAN-000001,raw,main,FDC169045,"Gums, seed gums (includes locust bean, guar)",ZN,Zinc (mg/100 g),0.0,mg,USDA,0.8,proxy,gommes de graines USDA (hydrocolloïde à forte teneur en fibres),"USDA FoodData Central, SR Legacy (04/2018), FDC ID 169045 (CC0 1.0) — glucides hors fibres et énergie recalculés (UE 1169/2011)"
ING-TECH-GOMMEXANTHAN-000001,raw,main,FDC169045,"Gums, seed gums (includes locust bean, guar)",CU,Cuivre (mg/100 g),0.0,mg,USDA,0.8,proxy,gommes de graines USDA (hydrocolloïde à forte teneur en fibres),"USDA FoodData Central, SR Legacy (04/2018), FDC ID 169045 (CC0 1.0) — glucides hors fibres et énergie recalculés (UE 1169/2011)"
ING-TECH-GOMMEXANTHAN-000001,raw,main,FDC169045,"Gums, seed gums (includes locust bean, guar)",SE,Sélénium (µg/100 g),0.0,µg,USDA,0.8,proxy,gommes de graines USDA (hydrocolloïde à forte teneur en fibres),"USDA FoodData Central, SR Legacy (04/2018), FDC ID 169045 (CC0 1.0) — glucides hors fibres et énergie recalculés (UE 1169/2011)"
ING-TECH-GOMMEXANTHAN-000001,raw,main,FDC169045,"Gums, seed gums (includes locust bean, guar)",RAE,"Activité vitaminique A, équivalents rétinol (µg/100 g)",0.0,µg,USDA,0.8,proxy,gommes de graines USDA (hydrocolloïde à forte teneur en fibres),"USDA FoodData Central, SR Legacy (04/2018), FDC ID 169045 (CC0 1.0) — glucides hors fibres et énergie recalculés (UE 1169/2011)"
ING-TECH-GOMMEXANTHAN-000001,raw,main,FDC169045,"Gums, seed gums (includes locust bean, guar)",RETOL,Rétinol (µg/100 g),0.0,µg,USDA,0.8,proxy,gommes de graines USDA (hydrocolloïde à forte teneur en fibres),"USDA FoodData Central, SR Legacy (04/2018), FDC ID 169045 (CC0 1.0) — glucides hors fibres et énergie recalculés (UE 1169/2011)"
ING-TECH-GOMMEXANTHAN-000001,raw,main,FDC169045,"Gums, seed gums (includes locust bean, guar)",CARTB,Beta-Carotène (µg/100 g),0.0,µg,USDA,0.8,proxy,gommes de graines USDA (hydrocolloïde à forte teneur en fibres),"USDA FoodData Central, SR Legacy (04/2018), FDC ID 169045 (CC0 1.0) — glucides hors fibres et énergie recalculés (UE 1169/2011)"
ING-TECH-GOMMEXANTHAN-000001,raw,main,FDC169045,"Gums, seed gums (includes locust bean, guar)",VITD-,Vitamine D (µg/100 g),0.0,µg,USDA,0.8,proxy,gommes de graines USDA (hydrocolloïde à forte teneur en fibres),"USDA FoodData Central, SR Legacy (04/2018), FDC ID 169045 (CC0 1.0) — glucides hors fibres et énergie recalculés (UE 1169/2011)"
ING-TECH-GOMMEXANTHAN-000001,raw,main,FDC169045,"Gums, seed gums (includes locust bean, guar)",VITC,Vitamine C (mg/100 g),0.0,mg,USDA,0.8,proxy,gommes de graines USDA (hydrocolloïde à forte teneur en fibres),"USDA FoodData Central, SR Legacy (04/2018), FDC ID 169045 (CC0 1.0) — glucides hors fibres et énergie recalculés (UE 1169/2011)"
ING-TECH-GOMMEXANTHAN-000001,raw,main,FDC169045,"Gums, seed gums (includes locust bean, guar)",THIA,Vitamine B1 ou Thiamine (mg/100 g),0.0,mg,USDA,0.8,proxy,gommes de graines USDA (hydrocolloïde à forte teneur en fibres),"USDA FoodData Central, SR Legacy (04/2018), FDC ID 169045 (CC0 1.0) — glucides hors fibres et énergie recalculés (UE 1169/2011)"
ING-TECH-GOMMEXANTHAN-000001,raw,main,FDC169045,"Gums, seed gums (includes locust bean, guar)",RIBF,Vitamine B2 ou Riboflavine (mg/100 g),0.0,mg,USDA,0.8,proxy,gommes de graines USDA (hydrocolloïde à forte teneur en fibres),"USDA FoodData Central, SR Legacy (04/2018), FDC ID 169045 (CC0 1.0) — glucides hors fibres et énergie recalculés (UE 1169/2011)"
ING-TECH-GOMMEXANTHAN-000001,raw,main,FDC169045,"Gums, seed gums (includes locust bean, guar)",NIA,Vitamine B3 ou PP ou Niacine (mg/100 g),0.0,mg,USDA,0.8,proxy,gommes de graines USDA (hydrocolloïde à forte teneur en fibres),"USDA FoodData Central, SR Legacy (04/2018), FDC ID 169045 (CC0 1.0) — glucides hors fibres et énergie recalculés (UE 1169/2011)"
ING-TECH-GOMMEXANTHAN-000001,raw,main,FDC169045,"Gums, seed gums (includes locust bean, guar)",VITB6-,Vitamine B6 (mg/100 g),0.0,mg,USDA,0.8,proxy,gommes de graines USDA (hydrocolloïde à forte teneur en fibres),"USDA FoodData Central, SR Legacy (04/2018), FDC ID 169045 (CC0 1.0) — glucides hors fibres et énergie recalculés (UE 1169/2011)"
ING-TECH-GOMMEXANTHAN-000001,raw,main,FDC169045,"Gums, seed gums (includes locust bean, guar)",VITB12,Vitamine B12 (µg/100 g),0.0,µg,USDA,0.8,proxy,gommes de graines USDA (hydrocolloïde à forte teneur en fibres),"USDA FoodData Central, SR Legacy (04/2018), FDC ID 169045 (CC0 1.0) — glucides hors fibres et énergie recalculés (UE 1169/2011)"
ING-TECH-GOMMEXANTHAN-000001,raw,main,FDC169045,"Gums, seed gums (includes locust bean, guar)",FOL,Vitamine B9 ou Folates totaux (µg/100 g),0.0,µg,USDA,0.8,proxy,gommes de graines USDA (hydrocolloïde à forte teneur en fibres),"USDA FoodData Central, SR Legacy (04/2018), FDC ID 169045 (CC0 1.0) — glucides hors fibres et énergie recalculés (UE 1169/2011)"
ING-TECH-GOMMEXANTHAN-000001,raw,main,FDC169045,"Gums, seed gums (includes locust bean, guar)",FOLAC,Acide folique (enrichissement) (µg/100 g),0.0,µg,USDA,0.8,proxy,gommes de graines USDA (hydrocolloïde à forte teneur en fibres),"USDA FoodData Central, SR Legacy (04/2018), FDC ID 169045 (CC0 1.0) — glucides hors fibres et énergie recalculés (UE 1169/2011)"
ING-TECH-GOMMEXANTHAN-000001,raw,main,FDC169045,"Gums, seed gums (includes locust bean, guar)",FOLFD,Folates intrinsèques (µg/100 g),0.0,µg,USDA,0.8,proxy,gommes de graines USDA (hydrocolloïde à forte teneur en fibres),"USDA FoodData Central, SR Legacy (04/2018), FDC ID 169045 (CC0 1.0) — glucides hors fibres et énergie recalculés (UE 1169/2011)"
ING-TECH-GOMMEXANTHAN-000001,raw,main,FDC169045,"Gums, seed gums (includes locust bean, guar)",FOLDFE,"Vitamine B9 ou Folates totaux, équivalents folates alimentaires, DFE (µg/100 g)",0.0,µg,USDA,0.8,proxy,gommes de graines USDA (hydrocolloïde à forte teneur en fibres),"USDA FoodData Central, SR Legacy (04/2018), FDC ID 169045 (CC0 1.0) — glucides hors fibres et énergie recalculés (UE 1169/2011)"
ING-TECH-GOMMEXANTHAN-000001,raw,main,FDC169045,"Gums, seed gums (includes locust bean, guar)",TOCPHA,Alpha-tocophérol (vitamine E) (mg/100 g),0.0,mg,USDA,0.8,proxy,gommes de graines USDA (hydrocolloïde à forte teneur en fibres),"USDA FoodData Central, SR Legacy (04/2018), FDC ID 169045 (CC0 1.0) — glucides hors fibres et énergie recalculés (UE 1169/2011)"
ING-TECH-GOMMEXANTHAN-000001,raw,main,FDC169045,"Gums, seed gums (includes locust bean, guar)",VITK1,Vitamine K1 (µg/100 g),0.0,µg,USDA,0.8,proxy,gommes de graines USDA (hydrocolloïde à forte teneur en fibres),"USDA FoodData Central, SR Legacy (04/2018), FDC ID 169045 (CC0 1.0) — glucides hors fibres et énergie recalculés (UE 1169/2011)"
ING-TECH-GOMMEXANTHAN-000001,raw,main,FDC169045,"Gums, seed gums (includes locust bean, guar)",CHOAVL,Glucides (g/100 g),0.0,g,USDA,0.8,proxy,gommes de graines USDA (hydrocolloïde à forte teneur en fibres),"USDA FoodData Central, SR Legacy (04/2018), FDC ID 169045 (CC0 1.0) — glucides hors fibres et énergie recalculés (UE 1169/2011)"
ING-TECH-GOMMEXANTHAN-000001,raw,main,FDC169045,"Gums, seed gums (includes locust bean, guar)",SALT,Sel chlorure de sodium (g/100 g),0.313,g,USDA,0.8,proxy,gommes de graines USDA (hydrocolloïde à forte teneur en fibres),"USDA FoodData Central, SR Legacy (04/2018), FDC ID 169045 (CC0 1.0) — glucides hors fibres et énergie recalculés (UE 1169/2011)"
ING-TECH-GOMMEXANTHAN-000001,raw,main,FDC169045,"Gums, seed gums (includes locust bean, guar)",ENERCKCAL,"Energie, Règlement UE N° 1169/2011 (kcal/100 g)",177.5,kcal,USDA,0.8,proxy,gommes de graines USDA (hydrocolloïde à forte teneur en fibres),"USDA FoodData Central, SR Legacy (04/2018), FDC ID 169045 (CC0 1.0) — glucides hors fibres et énergie recalculés (UE 1169/2011)"
ING-TECH-GOMMEXANTHAN-000001,raw,main,FDC169045,"Gums, seed gums (includes locust bean, guar)",ENERC,"Energie, Règlement UE N° 1169/2011 (kJ/100 g)",715.1,kJ,USDA,0.8,proxy,gommes de graines USDA (hydrocolloïde à forte teneur en fibres),"USDA FoodData Central, SR Legacy (04/2018), FDC ID 169045 (CC0 1.0) — glucides hors fibres et énergie recalculés (UE 1169/2011)"
ING-TECH-GOMMEGUAR-000001,raw,main,FDC169045,"Gums, seed gums (includes locust bean, guar)",WATER,Eau (g/100 g),15.0,g,USDA,0.8,equivalent,Gums seed gums (includes locust bean and guar),"USDA FoodData Central, SR Legacy (04/2018), FDC ID 169045 (CC0 1.0) — glucides hors fibres et énergie recalculés (UE 1169/2011)"
ING-TECH-GOMMEGUAR-000001,raw,main,FDC169045,"Gums, seed gums (includes locust bean, guar)",ASH,Cendres (g/100 g),2.6,g,USDA,0.8,equivalent,Gums seed gums (includes locust bean and guar),"USDA FoodData Central, SR Legacy (04/2018), FDC ID 169045 (CC0 1.0) — glucides hors fibres et énergie recalculés (UE 1169/2011)"
ING-TECH-GOMMEGUAR-000001,raw,main,FDC169045,"Gums, seed gums (includes locust bean, guar)",PROCNT,"Protéines, N x 6.25 (g/100 g)",4.6,g,USDA,0.8,equivalent,Gums seed gums (includes locust bean and guar),"USDA FoodData Central, SR Legacy (04/2018), FDC ID 169045 (CC0 1.0) — glucides hors fibres et énergie recalculés (UE 1169/2011)"
ING-TECH-GOMMEGUAR-000001,raw,main,FDC169045,"Gums, seed gums (includes locust bean, guar)",FAT,Lipides (g/100 g),0.5,g,USDA,0.8,equivalent,Gums seed gums (includes locust bean and guar),"USDA FoodData Central, SR Legacy (04/2018), FDC ID 169045 (CC0 1.0) — glucides hors fibres et énergie recalculés (UE 1169/2011)"
ING-TECH-GOMMEGUAR-000001,raw,main,FDC169045,"Gums, seed gums (includes locust bean, guar)",FIB-,Fibres alimentaires (g/100 g),77.3,g,USDA,0.8,equivalent,Gums seed gums (includes locust bean and guar),"USDA FoodData Central, SR Legacy (04/2018), FDC ID 169045 (CC0 1.0) — glucides hors fibres et énergie recalculés (UE 1169/2011)"
ING-TECH-GOMMEGUAR-000001,raw,main,FDC169045,"Gums, seed gums (includes locust bean, guar)",SUGAR,Sucres (g/100 g),0.0,g,USDA,0.8,equivalent,Gums seed gums (includes locust bean and guar),"USDA FoodData Central, SR Legacy (04/2018), FDC ID 169045 (CC0 1.0) — glucides hors fibres et énergie recalculés (UE 1169/2011)"
ING-TECH-GOMMEGUAR-000001,raw,main,FDC169045,"Gums, seed gums (includes locust bean, guar)",ALC,Alcool (éthanol) (g/100 g),0.0,g,USDA,0.8,equivalent,Gums seed gums (includes locust bean and guar),"USDA FoodData Central, SR Legacy (04/2018), FDC ID 169045 (CC0 1.0) — glucides hors fibres et énergie recalculés (UE 1169/2011)"
ING-TECH-GOMMEGUAR-000001,raw,main,FDC169045,"Gums, seed gums (includes locust bean, guar)",FASAT,AG saturés (g/100 g),0.06,g,USDA,0.8,equivalent,Gums seed gums (includes locust bean and guar),"USDA FoodData Central, SR Legacy (04/2018), FDC ID 169045 (CC0 1.0) — glucides hors fibres et énergie recalculés (UE 1169/2011)"
ING-TECH-GOMMEGUAR-000001,raw,main,FDC169045,"Gums, seed gums (includes locust bean, guar)",FAMS,AG monoinsaturés (g/100 g),0.22,g,USDA,0.8,equivalent,Gums seed gums (includes locust bean and guar),"USDA FoodData Central, SR Legacy (04/2018), FDC ID 169045 (CC0 1.0) — glucides hors fibres et énergie recalculés (UE 1169/2011)"
ING-TECH-GOMMEGUAR-000001,raw,main,FDC169045,"Gums, seed gums (includes locust bean, guar)",FAPU,AG polyinsaturés (g/100 g),0.07,g,USDA,0.8,equivalent,Gums seed gums (includes locust bean and guar),"USDA FoodData Central, SR Legacy (04/2018), FDC ID 169045 (CC0 1.0) — glucides hors fibres et énergie recalculés (UE 1169/2011)"
ING-TECH-GOMMEGUAR-000001,raw,main,FDC169045,"Gums, seed gums (includes locust bean, guar)",CHOL-,Cholestérol (mg/100 g),0.0,mg,USDA,0.8,equivalent,Gums seed gums (includes locust bean and guar),"USDA FoodData Central, SR Legacy (04/2018), FDC ID 169045 (CC0 1.0) — glucides hors fibres et énergie recalculés (UE 1169/2011)"
ING-TECH-GOMMEGUAR-000001,raw,main,FDC169045,"Gums, seed gums (includes locust bean, guar)",NA,Sodium (mg/100 g),125.0,mg,USDA,0.8,equivalent,Gums seed gums (includes locust bean and guar),"USDA FoodData Central, SR Legacy (04/2018), FDC ID 169045 (CC0 1.0) — glucides hors fibres et énergie recalculés (UE 1169/2011)"
ING-TECH-GOMMEGUAR-000001,raw,main,FDC169045,"Gums, seed gums (includes locust bean, guar)",CA,Calcium (mg/100 g),294.0,mg,USDA,0.8,equivalent,Gums seed gums (includes locust bean and guar),"USDA FoodData Central, SR Legacy (04/2018), FDC ID 169045 (CC0 1.0) — glucides hors fibres et énergie recalculés (UE 1169/2011)"
ING-TECH-GOMMEGUAR-000001,raw,main,FDC169045,"Gums, seed gums (includes locust bean, guar)",FE,Fer (mg/100 g),0.0,mg,USDA,0.8,equivalent,Gums seed gums (includes locust bean and guar),"USDA FoodData Central, SR Legacy (04/2018), FDC ID 169045 (CC0 1.0) — glucides hors fibres et énergie recalculés (UE 1169/2011)"
ING-TECH-GOMMEGUAR-000001,raw,main,FDC169045,"Gums, seed gums (includes locust bean, guar)",MG,Magnésium (mg/100 g),0.0,mg,USDA,0.8,equivalent,Gums seed gums (includes locust bean and guar),"USDA FoodData Central, SR Legacy (04/2018), FDC ID 169045 (CC0 1.0) — glucides hors fibres et énergie recalculés (UE 1169/2011)"
ING-TECH-GOMMEGUAR-000001,raw,main,FDC169045,"Gums, seed gums (includes locust bean, guar)",P,Phosphore (mg/100 g),0.0,mg,USDA,0.8,equivalent,Gums seed gums (includes locust bean and guar),"USDA FoodData Central, SR Legacy (04/2018), FDC ID 169045 (CC0 1.0) — glucides hors fibres et énergie recalculés (UE 1169/2011)"
ING-TECH-GOMMEGUAR-000001,raw,main,FDC169045,"Gums, seed gums (includes locust bean, guar)",K,Potassium (mg/100 g),0.0,mg,USDA,0.8,equivalent,Gums seed gums (includes locust bean and guar),"USDA FoodData Central, SR Legacy (04/2018), FDC ID 169045 (CC0 1.0) — glucides hors fibres et énergie recalculés (UE 1169/2011)"
ING-TECH-GOMMEGUAR-000001,raw,main,FDC169045,"Gums, seed gums (includes locust bean, guar)",ZN,Zinc (mg/100 g),0.0,mg,USDA,0.8,equivalent,Gums seed gums (includes locust bean and guar),"USDA FoodData Central, SR Legacy (04/2018), FDC ID 169045 (CC0 1.0) — glucides hors fibres et énergie recalculés (UE 1169/2011)"
ING-TECH-GOMMEGUAR-000001,raw,main,FDC169045,"Gums, seed gums (includes locust bean, guar)",CU,Cuivre (mg/100 g),0.0,mg,USDA,0.8,equivalent,Gums seed gums (includes locust bean and guar),"USDA FoodData Central, SR Legacy (04/2018), FDC ID 169045 (CC0 1.0) — glucides hors fibres et énergie recalculés (UE 1169/2011)"
ING-TECH-GOMMEGUAR-000001,raw,main,FDC169045,"Gums, seed gums (includes locust bean, guar)",SE,Sélénium (µg/100 g),0.0,µg,USDA,0.8,equivalent,Gums seed gums (includes locust bean and guar),"USDA FoodData Central, SR Legacy (04/2018), FDC ID 169045 (CC0 1.0) — glucides hors fibres et énergie recalculés (UE 1169/2011)"
ING-TECH-GOMMEGUAR-000001,raw,main,FDC169045,"Gums, seed gums (includes locust bean, guar)",RAE,"Activité vitaminique A, équivalents rétinol (µg/100 g)",0.0,µg,USDA,0.8,equivalent,Gums seed gums (includes locust bean and guar),"USDA FoodData Central, SR Legacy (04/2018), FDC ID 169045 (CC0 1.0) — glucides hors fibres et énergie recalculés (UE 1169/2011)"
ING-TECH-GOMMEGUAR-000001,raw,main,FDC169045,"Gums, seed gums (includes locust bean, guar)",RETOL,Rétinol (µg/100 g),0.0,µg,USDA,0.8,equivalent,Gums seed gums (includes locust bean and guar),"USDA FoodData Central, SR Legacy (04/2018), FDC ID 169045 (CC0 1.0) — glucides hors fibres et énergie recalculés (UE 1169/2011)"
ING-TECH-GOMMEGUAR-000001,raw,main,FDC169045,"Gums, seed gums (includes locust bean, guar)",CARTB,Beta-Carotène (µg/100 g),0.0,µg,USDA,0.8,equivalent,Gums seed gums (includes locust bean and guar),"USDA FoodData Central, SR Legacy (04/2018), FDC ID 169045 (CC0 1.0) — glucides hors fibres et énergie recalculés (UE 1169/2011)"
ING-TECH-GOMMEGUAR-000001,raw,main,FDC169045,"Gums, seed gums (includes locust bean, guar)",VITD-,Vitamine D (µg/100 g),0.0,µg,USDA,0.8,equivalent,Gums seed gums (includes locust bean and guar),"USDA FoodData Central, SR Legacy (04/2018), FDC ID 169045 (CC0 1.0) — glucides hors fibres et énergie recalculés (UE 1169/2011)"
ING-TECH-GOMMEGUAR-000001,raw,main,FDC169045,"Gums, seed gums (includes locust bean, guar)",VITC,Vitamine C (mg/100 g),0.0,mg,USDA,0.8,equivalent,Gums seed gums (includes locust bean and guar),"USDA FoodData Central, SR Legacy (04/2018), FDC ID 169045 (CC0 1.0) — glucides hors fibres et énergie recalculés (UE 1169/2011)"
ING-TECH-GOMMEGUAR-000001,raw,main,FDC169045,"Gums, seed gums (includes locust bean, guar)",THIA,Vitamine B1 ou Thiamine (mg/100 g),0.0,mg,USDA,0.8,equivalent,Gums seed gums (includes locust bean and guar),"USDA FoodData Central, SR Legacy (04/2018), FDC ID 169045 (CC0 1.0) — glucides hors fibres et énergie recalculés (UE 1169/2011)"
ING-TECH-GOMMEGUAR-000001,raw,main,FDC169045,"Gums, seed gums (includes locust bean, guar)",RIBF,Vitamine B2 ou Riboflavine (mg/100 g),0.0,mg,USDA,0.8,equivalent,Gums seed gums (includes locust bean and guar),"USDA FoodData Central, SR Legacy (04/2018), FDC ID 169045 (CC0 1.0) — glucides hors fibres et énergie recalculés (UE 1169/2011)"
ING-TECH-GOMMEGUAR-000001,raw,main,FDC169045,"Gums, seed gums (includes locust bean, guar)",NIA,Vitamine B3 ou PP ou Niacine (mg/100 g),0.0,mg,USDA,0.8,equivalent,Gums seed gums (includes locust bean and guar),"USDA FoodData Central, SR Legacy (04/2018), FDC ID 169045 (CC0 1.0) — glucides hors fibres et énergie recalculés (UE 1169/2011)"
ING-TECH-GOMMEGUAR-000001,raw,main,FDC169045,"Gums, seed gums (includes locust bean, guar)",VITB6-,Vitamine B6 (mg/100 g),0.0,mg,USDA,0.8,equivalent,Gums seed gums (includes locust bean and guar),"USDA FoodData Central, SR Legacy (04/2018), FDC ID 169045 (CC0 1.0) — glucides hors fibres et énergie recalculés (UE 1169/2011)"
ING-TECH-GOMMEGUAR-000001,raw,main,FDC169045,"Gums, seed gums (includes locust bean, guar)",VITB12,Vitamine B12 (µg/100 g),0.0,µg,USDA,0.8,equivalent,Gums seed gums (includes locust bean and guar),"USDA FoodData Central, SR Legacy (04/2018), FDC ID 169045 (CC0 1.0) — glucides hors fibres et énergie recalculés (UE 1169/2011)"
ING-TECH-GOMMEGUAR-000001,raw,main,FDC169045,"Gums, seed gums (includes locust bean, guar)",FOL,Vitamine B9 ou Folates totaux (µg/100 g),0.0,µg,USDA,0.8,equivalent,Gums seed gums (includes locust bean and guar),"USDA FoodData Central, SR Legacy (04/2018), FDC ID 169045 (CC0 1.0) — glucides hors fibres et énergie recalculés (UE 1169/2011)"
ING-TECH-GOMMEGUAR-000001,raw,main,FDC169045,"Gums, seed gums (includes locust bean, guar)",FOLAC,Acide folique (enrichissement) (µg/100 g),0.0,µg,USDA,0.8,equivalent,Gums seed gums (includes locust bean and guar),"USDA FoodData Central, SR Legacy (04/2018), FDC ID 169045 (CC0 1.0) — glucides hors fibres et énergie recalculés (UE 1169/2011)"
ING-TECH-GOMMEGUAR-000001,raw,main,FDC169045,"Gums, seed gums (includes locust bean, guar)",FOLFD,Folates intrinsèques (µg/100 g),0.0,µg,USDA,0.8,equivalent,Gums seed gums (includes locust bean and guar),"USDA FoodData Central, SR Legacy (04/2018), FDC ID 169045 (CC0 1.0) — glucides hors fibres et énergie recalculés (UE 1169/2011)"
ING-TECH-GOMMEGUAR-000001,raw,main,FDC169045,"Gums, seed gums (includes locust bean, guar)",FOLDFE,"Vitamine B9 ou Folates totaux, équivalents folates alimentaires, DFE (µg/100 g)",0.0,µg,USDA,0.8,equivalent,Gums seed gums (includes locust bean and guar),"USDA FoodData Central, SR Legacy (04/2018), FDC ID 169045 (CC0 1.0) — glucides hors fibres et énergie recalculés (UE 1169/2011)"
ING-TECH-GOMMEGUAR-000001,raw,main,FDC169045,"Gums, seed gums (includes locust bean, guar)",TOCPHA,Alpha-tocophérol (vitamine E) (mg/100 g),0.0,mg,USDA,0.8,equivalent,Gums seed gums (includes locust bean and guar),"USDA FoodData Central, SR Legacy (04/2018), FDC ID 169045 (CC0 1.0) — glucides hors fibres et énergie recalculés (UE 1169/2011)"
ING-TECH-GOMMEGUAR-000001,raw,main,FDC169045,"Gums, seed gums (includes locust bean, guar)",VITK1,Vitamine K1 (µg/100 g),0.0,µg,USDA,0.8,equivalent,Gums seed gums (includes locust bean and guar),"USDA FoodData Central, SR Legacy (04/2018), FDC ID 169045 (CC0 1.0) — glucides hors fibres et énergie recalculés (UE 1169/2011)"
ING-TECH-GOMMEGUAR-000001,raw,main,FDC169045,"Gums, seed gums (includes locust bean, guar)",CHOAVL,Glucides (g/100 g),0.0,g,USDA,0.8,equivalent,Gums seed gums (includes locust bean and guar),"USDA FoodData Central, SR Legacy (04/2018), FDC ID 169045 (CC0 1.0) — glucides hors fibres et énergie recalculés (UE 1169/2011)"
ING-TECH-GOMMEGUAR-000001,raw,main,FDC169045,"Gums, seed gums (includes locust bean, guar)",SALT,Sel chlorure de sodium (g/100 g),0.313,g,USDA,0.8,equivalent,Gums seed gums (includes locust bean and guar),"USDA FoodData Central, SR Legacy (04/2018), FDC ID 169045 (CC0 1.0) — glucides hors fibres et énergie recalculés (UE 1169/2011)"
ING-TECH-GOMMEGUAR-000001,raw,main,FDC169045,"Gums, seed gums (includes locust bean, guar)",ENERCKCAL,"Energie, Règlement UE N° 1169/2011 (kcal/100 g)",177.5,kcal,USDA,0.8,equivalent,Gums seed gums (includes locust bean and guar),"USDA FoodData Central, SR Legacy (04/2018), FDC ID 169045 (CC0 1.0) — glucides hors fibres et énergie recalculés (UE 1169/2011)"
ING-TECH-GOMMEGUAR-000001,raw,main,FDC169045,"Gums, seed gums (includes locust bean, guar)",ENERC,"Energie, Règlement UE N° 1169/2011 (kJ/100 g)",715.1,kJ,USDA,0.8,equivalent,Gums seed gums (includes locust bean and guar),"USDA FoodData Central, SR Legacy (04/2018), FDC ID 169045 (CC0 1.0) — glucides hors fibres et énergie recalculés (UE 1169/2011)"
ING-TECH-GOMMEARABIQU-000001,raw,main,FDC169045,"Gums, seed gums (includes locust bean, guar)",WATER,Eau (g/100 g),15.0,g,USDA,0.8,proxy,gommes de graines USDA (hydrocolloïde à forte teneur en fibres),"USDA FoodData Central, SR Legacy (04/2018), FDC ID 169045 (CC0 1.0) — glucides hors fibres et énergie recalculés (UE 1169/2011)"
ING-TECH-GOMMEARABIQU-000001,raw,main,FDC169045,"Gums, seed gums (includes locust bean, guar)",ASH,Cendres (g/100 g),2.6,g,USDA,0.8,proxy,gommes de graines USDA (hydrocolloïde à forte teneur en fibres),"USDA FoodData Central, SR Legacy (04/2018), FDC ID 169045 (CC0 1.0) — glucides hors fibres et énergie recalculés (UE 1169/2011)"
ING-TECH-GOMMEARABIQU-000001,raw,main,FDC169045,"Gums, seed gums (includes locust bean, guar)",PROCNT,"Protéines, N x 6.25 (g/100 g)",4.6,g,USDA,0.8,proxy,gommes de graines USDA (hydrocolloïde à forte teneur en fibres),"USDA FoodData Central, SR Legacy (04/2018), FDC ID 169045 (CC0 1.0) — glucides hors fibres et énergie recalculés (UE 1169/2011)"
ING-TECH-GOMMEARABIQU-000001,raw,main,FDC169045,"Gums, seed gums (includes locust bean, guar)",FAT,Lipides (g/100 g),0.5,g,USDA,0.8,proxy,gommes de graines USDA (hydrocolloïde à forte teneur en fibres),"USDA FoodData Central, SR Legacy (04/2018), FDC ID 169045 (CC0 1.0) — glucides hors fibres et énergie recalculés (UE 1169/2011)"
ING-TECH-GOMMEARABIQU-000001,raw,main,FDC169045,"Gums, seed gums (includes locust bean, guar)",FIB-,Fibres alimentaires (g/100 g),77.3,g,USDA,0.8,proxy,gommes de graines USDA (hydrocolloïde à forte teneur en fibres),"USDA FoodData Central, SR Legacy (04/2018), FDC ID 169045 (CC0 1.0) — glucides hors fibres et énergie recalculés (UE 1169/2011)"
ING-TECH-GOMMEARABIQU-000001,raw,main,FDC169045,"Gums, seed gums (includes locust bean, guar)",SUGAR,Sucres (g/100 g),0.0,g,USDA,0.8,proxy,gommes de graines USDA (hydrocolloïde à forte teneur en fibres),"USDA FoodData Central, SR Legacy (04/2018), FDC ID 169045 (CC0 1.0) — glucides hors fibres et énergie recalculés (UE 1169/2011)"
ING-TECH-GOMMEARABIQU-000001,raw,main,FDC169045,"Gums, seed gums (includes locust bean, guar)",ALC,Alcool (éthanol) (g/100 g),0.0,g,USDA,0.8,proxy,gommes de graines USDA (hydrocolloïde à forte teneur en fibres),"USDA FoodData Central, SR Legacy (04/2018), FDC ID 169045 (CC0 1.0) — glucides hors fibres et énergie recalculés (UE 1169/2011)"
ING-TECH-GOMMEARABIQU-000001,raw,main,FDC169045,"Gums, seed gums (includes locust bean, guar)",FASAT,AG saturés (g/100 g),0.06,g,USDA,0.8,proxy,gommes de graines USDA (hydrocolloïde à forte teneur en fibres),"USDA FoodData Central, SR Legacy (04/2018), FDC ID 169045 (CC0 1.0) — glucides hors fibres et énergie recalculés (UE 1169/2011)"
ING-TECH-GOMMEARABIQU-000001,raw,main,FDC169045,"Gums, seed gums (includes locust bean, guar)",FAMS,AG monoinsaturés (g/100 g),0.22,g,USDA,0.8,proxy,gommes de graines USDA (hydrocolloïde à forte teneur en fibres),"USDA FoodData Central, SR Legacy (04/2018), FDC ID 169045 (CC0 1.0) — glucides hors fibres et énergie recalculés (UE 1169/2011)"
ING-TECH-GOMMEARABIQU-000001,raw,main,FDC169045,"Gums, seed gums (includes locust bean, guar)",FAPU,AG polyinsaturés (g/100 g),0.07,g,USDA,0.8,proxy,gommes de graines USDA (hydrocolloïde à forte teneur en fibres),"USDA FoodData Central, SR Legacy (04/2018), FDC ID 169045 (CC0 1.0) — glucides hors fibres et énergie recalculés (UE 1169/2011)"
ING-TECH-GOMMEARABIQU-000001,raw,main,FDC169045,"Gums, seed gums (includes locust bean, guar)",CHOL-,Cholestérol (mg/100 g),0.0,mg,USDA,0.8,proxy,gommes de graines USDA (hydrocolloïde à forte teneur en fibres),"USDA FoodData Central, SR Legacy (04/2018), FDC ID 169045 (CC0 1.0) — glucides hors fibres et énergie recalculés (UE 1169/2011)"
ING-TECH-GOMMEARABIQU-000001,raw,main,FDC169045,"Gums, seed gums (includes locust bean, guar)",NA,Sodium (mg/100 g),125.0,mg,USDA,0.8,proxy,gommes de graines USDA (hydrocolloïde à forte teneur en fibres),"USDA FoodData Central, SR Legacy (04/2018), FDC ID 169045 (CC0 1.0) — glucides hors fibres et énergie recalculés (UE 1169/2011)"
ING-TECH-GOMMEARABIQU-000001,raw,main,FDC169045,"Gums, seed gums (includes locust bean, guar)",CA,Calcium (mg/100 g),294.0,mg,USDA,0.8,proxy,gommes de graines USDA (hydrocolloïde à forte teneur en fibres),"USDA FoodData Central, SR Legacy (04/2018), FDC ID 169045 (CC0 1.0) — glucides hors fibres et énergie recalculés (UE 1169/2011)"
ING-TECH-GOMMEARABIQU-000001,raw,main,FDC169045,"Gums, seed gums (includes locust bean, guar)",FE,Fer (mg/100 g),0.0,mg,USDA,0.8,proxy,gommes de graines USDA (hydrocolloïde à forte teneur en fibres),"USDA FoodData Central, SR Legacy (04/2018), FDC ID 169045 (CC0 1.0) — glucides hors fibres et énergie recalculés (UE 1169/2011)"
ING-TECH-GOMMEARABIQU-000001,raw,main,FDC169045,"Gums, seed gums (includes locust bean, guar)",MG,Magnésium (mg/100 g),0.0,mg,USDA,0.8,proxy,gommes de graines USDA (hydrocolloïde à forte teneur en fibres),"USDA FoodData Central, SR Legacy (04/2018), FDC ID 169045 (CC0 1.0) — glucides hors fibres et énergie recalculés (UE 1169/2011)"
ING-TECH-GOMMEARABIQU-000001,raw,main,FDC169045,"Gums, seed gums (includes locust bean, guar)",P,Phosphore (mg/100 g),0.0,mg,USDA,0.8,proxy,gommes de graines USDA (hydrocolloïde à forte teneur en fibres),"USDA FoodData Central, SR Legacy (04/2018), FDC ID 169045 (CC0 1.0) — glucides hors fibres et énergie recalculés (UE 1169/2011)"
ING-TECH-GOMMEARABIQU-000001,raw,main,FDC169045,"Gums, seed gums (includes locust bean, guar)",K,Potassium (mg/100 g),0.0,mg,USDA,0.8,proxy,gommes de graines USDA (hydrocolloïde à forte teneur en fibres),"USDA FoodData Central, SR Legacy (04/2018), FDC ID 169045 (CC0 1.0) — glucides hors fibres et énergie recalculés (UE 1169/2011)"
ING-TECH-GOMMEARABIQU-000001,raw,main,FDC169045,"Gums, seed gums (includes locust bean, guar)",ZN,Zinc (mg/100 g),0.0,mg,USDA,0.8,proxy,gommes de graines USDA (hydrocolloïde à forte teneur en fibres),"USDA FoodData Central, SR Legacy (04/2018), FDC ID 169045 (CC0 1.0) — glucides hors fibres et énergie recalculés (UE 1169/2011)"
ING-TECH-GOMMEARABIQU-000001,raw,main,FDC169045,"Gums, seed gums (includes locust bean, guar)",CU,Cuivre (mg/100 g),0.0,mg,USDA,0.8,proxy,gommes de graines USDA (hydrocolloïde à forte teneur en fibres),"USDA FoodData Central, SR Legacy (04/2018), FDC ID 169045 (CC0 1.0) — glucides hors fibres et énergie recalculés (UE 1169/2011)"
ING-TECH-GOMMEARABIQU-000001,raw,main,FDC169045,"Gums, seed gums (includes locust bean, guar)",SE,Sélénium (µg/100 g),0.0,µg,USDA,0.8,proxy,gommes de graines USDA (hydrocolloïde à forte teneur en fibres),"USDA FoodData Central, SR Legacy (04/2018), FDC ID 169045 (CC0 1.0) — glucides hors fibres et énergie recalculés (UE 1169/2011)"
ING-TECH-GOMMEARABIQU-000001,raw,main,FDC169045,"Gums, seed gums (includes locust bean, guar)",RAE,"Activité vitaminique A, équivalents rétinol (µg/100 g)",0.0,µg,USDA,0.8,proxy,gommes de graines USDA (hydrocolloïde à forte teneur en fibres),"USDA FoodData Central, SR Legacy (04/2018), FDC ID 169045 (CC0 1.0) — glucides hors fibres et énergie recalculés (UE 1169/2011)"
ING-TECH-GOMMEARABIQU-000001,raw,main,FDC169045,"Gums, seed gums (includes locust bean, guar)",RETOL,Rétinol (µg/100 g),0.0,µg,USDA,0.8,proxy,gommes de graines USDA (hydrocolloïde à forte teneur en fibres),"USDA FoodData Central, SR Legacy (04/2018), FDC ID 169045 (CC0 1.0) — glucides hors fibres et énergie recalculés (UE 1169/2011)"
ING-TECH-GOMMEARABIQU-000001,raw,main,FDC169045,"Gums, seed gums (includes locust bean, guar)",CARTB,Beta-Carotène (µg/100 g),0.0,µg,USDA,0.8,proxy,gommes de graines USDA (hydrocolloïde à forte teneur en fibres),"USDA FoodData Central, SR Legacy (04/2018), FDC ID 169045 (CC0 1.0) — glucides hors fibres et énergie recalculés (UE 1169/2011)"
ING-TECH-GOMMEARABIQU-000001,raw,main,FDC169045,"Gums, seed gums (includes locust bean, guar)",VITD-,Vitamine D (µg/100 g),0.0,µg,USDA,0.8,proxy,gommes de graines USDA (hydrocolloïde à forte teneur en fibres),"USDA FoodData Central, SR Legacy (04/2018), FDC ID 169045 (CC0 1.0) — glucides hors fibres et énergie recalculés (UE 1169/2011)"
ING-TECH-GOMMEARABIQU-000001,raw,main,FDC169045,"Gums, seed gums (includes locust bean, guar)",VITC,Vitamine C (mg/100 g),0.0,mg,USDA,0.8,proxy,gommes de graines USDA (hydrocolloïde à forte teneur en fibres),"USDA FoodData Central, SR Legacy (04/2018), FDC ID 169045 (CC0 1.0) — glucides hors fibres et énergie recalculés (UE 1169/2011)"
ING-TECH-GOMMEARABIQU-000001,raw,main,FDC169045,"Gums, seed gums (includes locust bean, guar)",THIA,Vitamine B1 ou Thiamine (mg/100 g),0.0,mg,USDA,0.8,proxy,gommes de graines USDA (hydrocolloïde à forte teneur en fibres),"USDA FoodData Central, SR Legacy (04/2018), FDC ID 169045 (CC0 1.0) — glucides hors fibres et énergie recalculés (UE 1169/2011)"
ING-TECH-GOMMEARABIQU-000001,raw,main,FDC169045,"Gums, seed gums (includes locust bean, guar)",RIBF,Vitamine B2 ou Riboflavine (mg/100 g),0.0,mg,USDA,0.8,proxy,gommes de graines USDA (hydrocolloïde à forte teneur en fibres),"USDA FoodData Central, SR Legacy (04/2018), FDC ID 169045 (CC0 1.0) — glucides hors fibres et énergie recalculés (UE 1169/2011)"
ING-TECH-GOMMEARABIQU-000001,raw,main,FDC169045,"Gums, seed gums (includes locust bean, guar)",NIA,Vitamine B3 ou PP ou Niacine (mg/100 g),0.0,mg,USDA,0.8,proxy,gommes de graines USDA (hydrocolloïde à forte teneur en fibres),"USDA FoodData Central, SR Legacy (04/2018), FDC ID 169045 (CC0 1.0) — glucides hors fibres et énergie recalculés (UE 1169/2011)"
ING-TECH-GOMMEARABIQU-000001,raw,main,FDC169045,"Gums, seed gums (includes locust bean, guar)",VITB6-,Vitamine B6 (mg/100 g),0.0,mg,USDA,0.8,proxy,gommes de graines USDA (hydrocolloïde à forte teneur en fibres),"USDA FoodData Central, SR Legacy (04/2018), FDC ID 169045 (CC0 1.0) — glucides hors fibres et énergie recalculés (UE 1169/2011)"
ING-TECH-GOMMEARABIQU-000001,raw,main,FDC169045,"Gums, seed gums (includes locust bean, guar)",VITB12,Vitamine B12 (µg/100 g),0.0,µg,USDA,0.8,proxy,gommes de graines USDA (hydrocolloïde à forte teneur en fibres),"USDA FoodData Central, SR Legacy (04/2018), FDC ID 169045 (CC0 1.0) — glucides hors fibres et énergie recalculés (UE 1169/2011)"
ING-TECH-GOMMEARABIQU-000001,raw,main,FDC169045,"Gums, seed gums (includes locust bean, guar)",FOL,Vitamine B9 ou Folates totaux (µg/100 g),0.0,µg,USDA,0.8,proxy,gommes de graines USDA (hydrocolloïde à forte teneur en fibres),"USDA FoodData Central, SR Legacy (04/2018), FDC ID 169045 (CC0 1.0) — glucides hors fibres et énergie recalculés (UE 1169/2011)"
ING-TECH-GOMMEARABIQU-000001,raw,main,FDC169045,"Gums, seed gums (includes locust bean, guar)",FOLAC,Acide folique (enrichissement) (µg/100 g),0.0,µg,USDA,0.8,proxy,gommes de graines USDA (hydrocolloïde à forte teneur en fibres),"USDA FoodData Central, SR Legacy (04/2018), FDC ID 169045 (CC0 1.0) — glucides hors fibres et énergie recalculés (UE 1169/2011)"
ING-TECH-GOMMEARABIQU-000001,raw,main,FDC169045,"Gums, seed gums (includes locust bean, guar)",FOLFD,Folates intrinsèques (µg/100 g),0.0,µg,USDA,0.8,proxy,gommes de graines USDA (hydrocolloïde à forte teneur en fibres),"USDA FoodData Central, SR Legacy (04/2018), FDC ID 169045 (CC0 1.0) — glucides hors fibres et énergie recalculés (UE 1169/2011)"
ING-TECH-GOMMEARABIQU-000001,raw,main,FDC169045,"Gums, seed gums (includes locust bean, guar)",FOLDFE,"Vitamine B9 ou Folates totaux, équivalents folates alimentaires, DFE (µg/100 g)",0.0,µg,USDA,0.8,proxy,gommes de graines USDA (hydrocolloïde à forte teneur en fibres),"USDA FoodData Central, SR Legacy (04/2018), FDC ID 169045 (CC0 1.0) — glucides hors fibres et énergie recalculés (UE 1169/2011)"
ING-TECH-GOMMEARABIQU-000001,raw,main,FDC169045,"Gums, seed gums (includes locust bean, guar)",TOCPHA,Alpha-tocophérol (vitamine E) (mg/100 g),0.0,mg,USDA,0.8,proxy,gommes de graines USDA (hydrocolloïde à forte teneur en fibres),"USDA FoodData Central, SR Legacy (04/2018), FDC ID 169045 (CC0 1.0) — glucides hors fibres et énergie recalculés (UE 1169/2011)"
ING-TECH-GOMMEARABIQU-000001,raw,main,FDC169045,"Gums, seed gums (includes locust bean, guar)",VITK1,Vitamine K1 (µg/100 g),0.0,µg,USDA,0.8,proxy,gommes de graines USDA (hydrocolloïde à forte teneur en fibres),"USDA FoodData Central, SR Legacy (04/2018), FDC ID 169045 (CC0 1.0) — glucides hors fibres et énergie recalculés (UE 1169/2011)"
ING-TECH-GOMMEARABIQU-000001,raw,main,FDC169045,"Gums, seed gums (includes locust bean, guar)",CHOAVL,Glucides (g/100 g),0.0,g,USDA,0.8,proxy,gommes de graines USDA (hydrocolloïde à forte teneur en fibres),"USDA FoodData Central, SR Legacy (04/2018), FDC ID 169045 (CC0 1.0) — glucides hors fibres et énergie recalculés (UE 1169/2011)"
ING-TECH-GOMMEARABIQU-000001,raw,main,FDC169045,"Gums, seed gums (includes locust bean, guar)",SALT,Sel chlorure de sodium (g/100 g),0.313,g,USDA,0.8,proxy,gommes de graines USDA (hydrocolloïde à forte teneur en fibres),"USDA FoodData Central, SR Legacy (04/2018), FDC ID 169045 (CC0 1.0) — glucides hors fibres et énergie recalculés (UE 1169/2011)"
ING-TECH-GOMMEARABIQU-000001,raw,main,FDC169045,"Gums, seed gums (includes locust bean, guar)",ENERCKCAL,"Energie, Règlement UE N° 1169/2011 (kcal/100 g)",177.5,kcal,USDA,0.8,proxy,gommes de graines USDA (hydrocolloïde à forte teneur en fibres),"USDA FoodData Central, SR Legacy (04/2018), FDC ID 169045 (CC0 1.0) — glucides hors fibres et énergie recalculés (UE 1169/2011)"
ING-TECH-GOMMEARABIQU-000001,raw,main,FDC169045,"Gums, seed gums (includes locust bean, guar)",ENERC,"Energie, Règlement UE N° 1169/2011 (kJ/100 g)",715.1,kJ,USDA,0.8,proxy,gommes de graines USDA (hydrocolloïde à forte teneur en fibres),"USDA FoodData Central, SR Legacy (04/2018), FDC ID 169045 (CC0 1.0) — glucides hors fibres et énergie recalculés (UE 1169/2011)"
ING-TECH-GOMMEDECAROU-000001,raw,main,FDC169045,"Gums, seed gums (includes locust bean, guar)",WATER,Eau (g/100 g),15.0,g,USDA,0.8,equivalent,Gums seed gums (includes locust bean and guar),"USDA FoodData Central, SR Legacy (04/2018), FDC ID 169045 (CC0 1.0) — glucides hors fibres et énergie recalculés (UE 1169/2011)"
ING-TECH-GOMMEDECAROU-000001,raw,main,FDC169045,"Gums, seed gums (includes locust bean, guar)",ASH,Cendres (g/100 g),2.6,g,USDA,0.8,equivalent,Gums seed gums (includes locust bean and guar),"USDA FoodData Central, SR Legacy (04/2018), FDC ID 169045 (CC0 1.0) — glucides hors fibres et énergie recalculés (UE 1169/2011)"
ING-TECH-GOMMEDECAROU-000001,raw,main,FDC169045,"Gums, seed gums (includes locust bean, guar)",PROCNT,"Protéines, N x 6.25 (g/100 g)",4.6,g,USDA,0.8,equivalent,Gums seed gums (includes locust bean and guar),"USDA FoodData Central, SR Legacy (04/2018), FDC ID 169045 (CC0 1.0) — glucides hors fibres et énergie recalculés (UE 1169/2011)"
ING-TECH-GOMMEDECAROU-000001,raw,main,FDC169045,"Gums, seed gums (includes locust bean, guar)",FAT,Lipides (g/100 g),0.5,g,USDA,0.8,equivalent,Gums seed gums (includes locust bean and guar),"USDA FoodData Central, SR Legacy (04/2018), FDC ID 169045 (CC0 1.0) — glucides hors fibres et énergie recalculés (UE 1169/2011)"
ING-TECH-GOMMEDECAROU-000001,raw,main,FDC169045,"Gums, seed gums (includes locust bean, guar)",FIB-,Fibres alimentaires (g/100 g),77.3,g,USDA,0.8,equivalent,Gums seed gums (includes locust bean and guar),"USDA FoodData Central, SR Legacy (04/2018), FDC ID 169045 (CC0 1.0) — glucides hors fibres et énergie recalculés (UE 1169/2011)"
ING-TECH-GOMMEDECAROU-000001,raw,main,FDC169045,"Gums, seed gums (includes locust bean, guar)",SUGAR,Sucres (g/100 g),0.0,g,USDA,0.8,equivalent,Gums seed gums (includes locust bean and guar),"USDA FoodData Central, SR Legacy (04/2018), FDC ID 169045 (CC0 1.0) — glucides hors fibres et énergie recalculés (UE 1169/2011)"
ING-TECH-GOMMEDECAROU-000001,raw,main,FDC169045,"Gums, seed gums (includes locust bean, guar)",ALC,Alcool (éthanol) (g/100 g),0.0,g,USDA,0.8,equivalent,Gums seed gums (includes locust bean and guar),"USDA FoodData Central, SR Legacy (04/2018), FDC ID 169045 (CC0 1.0) — glucides hors fibres et énergie recalculés (UE 1169/2011)"
ING-TECH-GOMMEDECAROU-000001,raw,main,FDC169045,"Gums, seed gums (includes locust bean, guar)",FASAT,AG saturés (g/100 g),0.06,g,USDA,0.8,equivalent,Gums seed gums (includes locust bean and guar),"USDA FoodData Central, SR Legacy (04/2018), FDC ID 169045 (CC0 1.0) — glucides hors fibres et énergie recalculés (UE 1169/2011)"
ING-TECH-GOMMEDECAROU-000001,raw,main,FDC169045,"Gums, seed gums (includes locust bean, guar)",FAMS,AG monoinsaturés (g/100 g),0.22,g,USDA,0.8,equivalent,Gums seed gums (includes locust bean and guar),"USDA FoodData Central, SR Legacy (04/2018), FDC ID 169045 (CC0 1.0) — glucides hors fibres et énergie recalculés (UE 1169/2011)"
ING-TECH-GOMMEDECAROU-000001,raw,main,FDC169045,"Gums, seed gums (includes locust bean, guar)",FAPU,AG polyinsaturés (g/100 g),0.07,g,USDA,0.8,equivalent,Gums seed gums (includes locust bean and guar),"USDA FoodData Central, SR Legacy (04/2018), FDC ID 169045 (CC0 1.0) — glucides hors fibres et énergie recalculés (UE 1169/2011)"
ING-TECH-GOMMEDECAROU-000001,raw,main,FDC169045,"Gums, seed gums (includes locust bean, guar)",CHOL-,Cholestérol (mg/100 g),0.0,mg,USDA,0.8,equivalent,Gums seed gums (includes locust bean and guar),"USDA FoodData Central, SR Legacy (04/2018), FDC ID 169045 (CC0 1.0) — glucides hors fibres et énergie recalculés (UE 1169/2011)"
ING-TECH-GOMMEDECAROU-000001,raw,main,FDC169045,"Gums, seed gums (includes locust bean, guar)",NA,Sodium (mg/100 g),125.0,mg,USDA,0.8,equivalent,Gums seed gums (includes locust bean and guar),"USDA FoodData Central, SR Legacy (04/2018), FDC ID 169045 (CC0 1.0) — glucides hors fibres et énergie recalculés (UE 1169/2011)"
ING-TECH-GOMMEDECAROU-000001,raw,main,FDC169045,"Gums, seed gums (includes locust bean, guar)",CA,Calcium (mg/100 g),294.0,mg,USDA,0.8,equivalent,Gums seed gums (includes locust bean and guar),"USDA FoodData Central, SR Legacy (04/2018), FDC ID 169045 (CC0 1.0) — glucides hors fibres et énergie recalculés (UE 1169/2011)"
ING-TECH-GOMMEDECAROU-000001,raw,main,FDC169045,"Gums, seed gums (includes locust bean, guar)",FE,Fer (mg/100 g),0.0,mg,USDA,0.8,equivalent,Gums seed gums (includes locust bean and guar),"USDA FoodData Central, SR Legacy (04/2018), FDC ID 169045 (CC0 1.0) — glucides hors fibres et énergie recalculés (UE 1169/2011)"
ING-TECH-GOMMEDECAROU-000001,raw,main,FDC169045,"Gums, seed gums (includes locust bean, guar)",MG,Magnésium (mg/100 g),0.0,mg,USDA,0.8,equivalent,Gums seed gums (includes locust bean and guar),"USDA FoodData Central, SR Legacy (04/2018), FDC ID 169045 (CC0 1.0) — glucides hors fibres et énergie recalculés (UE 1169/2011)"
ING-TECH-GOMMEDECAROU-000001,raw,main,FDC169045,"Gums, seed gums (includes locust bean, guar)",P,Phosphore (mg/100 g),0.0,mg,USDA,0.8,equivalent,Gums seed gums (includes locust bean and guar),"USDA FoodData Central, SR Legacy (04/2018), FDC ID 169045 (CC0 1.0) — glucides hors fibres et énergie recalculés (UE 1169/2011)"
ING-TECH-GOMMEDECAROU-000001,raw,main,FDC169045,"Gums, seed gums (includes locust bean, guar)",K,Potassium (mg/100 g),0.0,mg,USDA,0.8,equivalent,Gums seed gums (includes locust bean and guar),"USDA FoodData Central, SR Legacy (04/2018), FDC ID 169045 (CC0 1.0) — glucides hors fibres et énergie recalculés (UE 1169/2011)"
ING-TECH-GOMMEDECAROU-000001,raw,main,FDC169045,"Gums, seed gums (includes locust bean, guar)",ZN,Zinc (mg/100 g),0.0,mg,USDA,0.8,equivalent,Gums seed gums (includes locust bean and guar),"USDA FoodData Central, SR Legacy (04/2018), FDC ID 169045 (CC0 1.0) — glucides hors fibres et énergie recalculés (UE 1169/2011)"
ING-TECH-GOMMEDECAROU-000001,raw,main,FDC169045,"Gums, seed gums (includes locust bean, guar)",CU,Cuivre (mg/100 g),0.0,mg,USDA,0.8,equivalent,Gums seed gums (includes locust bean and guar),"USDA FoodData Central, SR Legacy (04/2018), FDC ID 169045 (CC0 1.0) — glucides hors fibres et énergie recalculés (UE 1169/2011)"
ING-TECH-GOMMEDECAROU-000001,raw,main,FDC169045,"Gums, seed gums (includes locust bean, guar)",SE,Sélénium (µg/100 g),0.0,µg,USDA,0.8,equivalent,Gums seed gums (includes locust bean and guar),"USDA FoodData Central, SR Legacy (04/2018), FDC ID 169045 (CC0 1.0) — glucides hors fibres et énergie recalculés (UE 1169/2011)"
ING-TECH-GOMMEDECAROU-000001,raw,main,FDC169045,"Gums, seed gums (includes locust bean, guar)",RAE,"Activité vitaminique A, équivalents rétinol (µg/100 g)",0.0,µg,USDA,0.8,equivalent,Gums seed gums (includes locust bean and guar),"USDA FoodData Central, SR Legacy (04/2018), FDC ID 169045 (CC0 1.0) — glucides hors fibres et énergie recalculés (UE 1169/2011)"
ING-TECH-GOMMEDECAROU-000001,raw,main,FDC169045,"Gums, seed gums (includes locust bean, guar)",RETOL,Rétinol (µg/100 g),0.0,µg,USDA,0.8,equivalent,Gums seed gums (includes locust bean and guar),"USDA FoodData Central, SR Legacy (04/2018), FDC ID 169045 (CC0 1.0) — glucides hors fibres et énergie recalculés (UE 1169/2011)"
ING-TECH-GOMMEDECAROU-000001,raw,main,FDC169045,"Gums, seed gums (includes locust bean, guar)",CARTB,Beta-Carotène (µg/100 g),0.0,µg,USDA,0.8,equivalent,Gums seed gums (includes locust bean and guar),"USDA FoodData Central, SR Legacy (04/2018), FDC ID 169045 (CC0 1.0) — glucides hors fibres et énergie recalculés (UE 1169/2011)"
ING-TECH-GOMMEDECAROU-000001,raw,main,FDC169045,"Gums, seed gums (includes locust bean, guar)",VITD-,Vitamine D (µg/100 g),0.0,µg,USDA,0.8,equivalent,Gums seed gums (includes locust bean and guar),"USDA FoodData Central, SR Legacy (04/2018), FDC ID 169045 (CC0 1.0) — glucides hors fibres et énergie recalculés (UE 1169/2011)"
ING-TECH-GOMMEDECAROU-000001,raw,main,FDC169045,"Gums, seed gums (includes locust bean, guar)",VITC,Vitamine C (mg/100 g),0.0,mg,USDA,0.8,equivalent,Gums seed gums (includes locust bean and guar),"USDA FoodData Central, SR Legacy (04/2018), FDC ID 169045 (CC0 1.0) — glucides hors fibres et énergie recalculés (UE 1169/2011)"
ING-TECH-GOMMEDECAROU-000001,raw,main,FDC169045,"Gums, seed gums (includes locust bean, guar)",THIA,Vitamine B1 ou Thiamine (mg/100 g),0.0,mg,USDA,0.8,equivalent,Gums seed gums (includes locust bean and guar),"USDA FoodData Central, SR Legacy (04/2018), FDC ID 169045 (CC0 1.0) — glucides hors fibres et énergie recalculés (UE 1169/2011)"
ING-TECH-GOMMEDECAROU-000001,raw,main,FDC169045,"Gums, seed gums (includes locust bean, guar)",RIBF,Vitamine B2 ou Riboflavine (mg/100 g),0.0,mg,USDA,0.8,equivalent,Gums seed gums (includes locust bean and guar),"USDA FoodData Central, SR Legacy (04/2018), FDC ID 169045 (CC0 1.0) — glucides hors fibres et énergie recalculés (UE 1169/2011)"
ING-TECH-GOMMEDECAROU-000001,raw,main,FDC169045,"Gums, seed gums (includes locust bean, guar)",NIA,Vitamine B3 ou PP ou Niacine (mg/100 g),0.0,mg,USDA,0.8,equivalent,Gums seed gums (includes locust bean and guar),"USDA FoodData Central, SR Legacy (04/2018), FDC ID 169045 (CC0 1.0) — glucides hors fibres et énergie recalculés (UE 1169/2011)"
ING-TECH-GOMMEDECAROU-000001,raw,main,FDC169045,"Gums, seed gums (includes locust bean, guar)",VITB6-,Vitamine B6 (mg/100 g),0.0,mg,USDA,0.8,equivalent,Gums seed gums (includes locust bean and guar),"USDA FoodData Central, SR Legacy (04/2018), FDC ID 169045 (CC0 1.0) — glucides hors fibres et énergie recalculés (UE 1169/2011)"
ING-TECH-GOMMEDECAROU-000001,raw,main,FDC169045,"Gums, seed gums (includes locust bean, guar)",VITB12,Vitamine B12 (µg/100 g),0.0,µg,USDA,0.8,equivalent,Gums seed gums (includes locust bean and guar),"USDA FoodData Central, SR Legacy (04/2018), FDC ID 169045 (CC0 1.0) — glucides hors fibres et énergie recalculés (UE 1169/2011)"
ING-TECH-GOMMEDECAROU-000001,raw,main,FDC169045,"Gums, seed gums (includes locust bean, guar)",FOL,Vitamine B9 ou Folates totaux (µg/100 g),0.0,µg,USDA,0.8,equivalent,Gums seed gums (includes locust bean and guar),"USDA FoodData Central, SR Legacy (04/2018), FDC ID 169045 (CC0 1.0) — glucides hors fibres et énergie recalculés (UE 1169/2011)"
ING-TECH-GOMMEDECAROU-000001,raw,main,FDC169045,"Gums, seed gums (includes locust bean, guar)",FOLAC,Acide folique (enrichissement) (µg/100 g),0.0,µg,USDA,0.8,equivalent,Gums seed gums (includes locust bean and guar),"USDA FoodData Central, SR Legacy (04/2018), FDC ID 169045 (CC0 1.0) — glucides hors fibres et énergie recalculés (UE 1169/2011)"
ING-TECH-GOMMEDECAROU-000001,raw,main,FDC169045,"Gums, seed gums (includes locust bean, guar)",FOLFD,Folates intrinsèques (µg/100 g),0.0,µg,USDA,0.8,equivalent,Gums seed gums (includes locust bean and guar),"USDA FoodData Central, SR Legacy (04/2018), FDC ID 169045 (CC0 1.0) — glucides hors fibres et énergie recalculés (UE 1169/2011)"
ING-TECH-GOMMEDECAROU-000001,raw,main,FDC169045,"Gums, seed gums (includes locust bean, guar)",FOLDFE,"Vitamine B9 ou Folates totaux, équivalents folates alimentaires, DFE (µg/100 g)",0.0,µg,USDA,0.8,equivalent,Gums seed gums (includes locust bean and guar),"USDA FoodData Central, SR Legacy (04/2018), FDC ID 169045 (CC0 1.0) — glucides hors fibres et énergie recalculés (UE 1169/2011)"
ING-TECH-GOMMEDECAROU-000001,raw,main,FDC169045,"Gums, seed gums (includes locust bean, guar)",TOCPHA,Alpha-tocophérol (vitamine E) (mg/100 g),0.0,mg,USDA,0.8,equivalent,Gums seed gums (includes locust bean and guar),"USDA FoodData Central, SR Legacy (04/2018), FDC ID 169045 (CC0 1.0) — glucides hors fibres et énergie recalculés (UE 1169/2011)"
ING-TECH-GOMMEDECAROU-000001,raw,main,FDC169045,"Gums, seed gums (includes locust bean, guar)",VITK1,Vitamine K1 (µg/100 g),0.0,µg,USDA,0.8,equivalent,Gums seed gums (includes locust bean and guar),"USDA FoodData Central, SR Legacy (04/2018), FDC ID 169045 (CC0 1.0) — glucides hors fibres et énergie recalculés (UE 1169/2011)"
ING-TECH-GOMMEDECAROU-000001,raw,main,FDC169045,"Gums, seed gums (includes locust bean, guar)",CHOAVL,Glucides (g/100 g),0.0,g,USDA,0.8,equivalent,Gums seed gums (includes locust bean and guar),"USDA FoodData Central, SR Legacy (04/2018), FDC ID 169045 (CC0 1.0) — glucides hors fibres et énergie recalculés (UE 1169/2011)"
ING-TECH-GOMMEDECAROU-000001,raw,main,FDC169045,"Gums, seed gums (includes locust bean, guar)",SALT,Sel chlorure de sodium (g/100 g),0.313,g,USDA,0.8,equivalent,Gums seed gums (includes locust bean and guar),"USDA FoodData Central, SR Legacy (04/2018), FDC ID 169045 (CC0 1.0) — glucides hors fibres et énergie recalculés (UE 1169/2011)"
ING-TECH-GOMMEDECAROU-000001,raw,main,FDC169045,"Gums, seed gums (includes locust bean, guar)",ENERCKCAL,"Energie, Règlement UE N° 1169/2011 (kcal/100 g)",177.5,kcal,USDA,0.8,equivalent,Gums seed gums (includes locust bean and guar),"USDA FoodData Central, SR Legacy (04/2018), FDC ID 169045 (CC0 1.0) — glucides hors fibres et énergie recalculés (UE 1169/2011)"
ING-TECH-GOMMEDECAROU-000001,raw,main,FDC169045,"Gums, seed gums (includes locust bean, guar)",ENERC,"Energie, Règlement UE N° 1169/2011 (kJ/100 g)",715.1,kJ,USDA,0.8,equivalent,Gums seed gums (includes locust bean and guar),"USDA FoodData Central, SR Legacy (04/2018), FDC ID 169045 (CC0 1.0) — glucides hors fibres et énergie recalculés (UE 1169/2011)"
ING-TECH-CRMEDETARTRE-000001,raw,main,FDC175041,"Leavening agents, cream of tartar",WATER,Eau (g/100 g),1.7,g,USDA,0.8,equivalent,Leavening agents cream of tartar,"USDA FoodData Central, SR Legacy (04/2018), FDC ID 175041 (CC0 1.0) — glucides hors fibres et énergie recalculés (UE 1169/2011)"
ING-TECH-CRMEDETARTRE-000001,raw,main,FDC175041,"Leavening agents, cream of tartar",ASH,Cendres (g/100 g),36.8,g,USDA,0.8,equivalent,Leavening agents cream of tartar,"USDA FoodData Central, SR Legacy (04/2018), FDC ID 175041 (CC0 1.0) — glucides hors fibres et énergie recalculés (UE 1169/2011)"
ING-TECH-CRMEDETARTRE-000001,raw,main,FDC175041,"Leavening agents, cream of tartar",PROCNT,"Protéines, N x 6.25 (g/100 g)",0.0,g,USDA,0.8,equivalent,Leavening agents cream of tartar,"USDA FoodData Central, SR Legacy (04/2018), FDC ID 175041 (CC0 1.0) — glucides hors fibres et énergie recalculés (UE 1169/2011)"
ING-TECH-CRMEDETARTRE-000001,raw,main,FDC175041,"Leavening agents, cream of tartar",FAT,Lipides (g/100 g),0.0,g,USDA,0.8,equivalent,Leavening agents cream of tartar,"USDA FoodData Central, SR Legacy (04/2018), FDC ID 175041 (CC0 1.0) — glucides hors fibres et énergie recalculés (UE 1169/2011)"
ING-TECH-CRMEDETARTRE-000001,raw,main,FDC175041,"Leavening agents, cream of tartar",FIB-,Fibres alimentaires (g/100 g),0.2,g,USDA,0.8,equivalent,Leavening agents cream of tartar,"USDA FoodData Central, SR Legacy (04/2018), FDC ID 175041 (CC0 1.0) — glucides hors fibres et énergie recalculés (UE 1169/2011)"
ING-TECH-CRMEDETARTRE-000001,raw,main,FDC175041,"Leavening agents, cream of tartar",SUGAR,Sucres (g/100 g),0.0,g,USDA,0.8,equivalent,Leavening agents cream of tartar,"USDA FoodData Central, SR Legacy (04/2018), FDC ID 175041 (CC0 1.0) — glucides hors fibres et énergie recalculés (UE 1169/2011)"
ING-TECH-CRMEDETARTRE-000001,raw,main,FDC175041,"Leavening agents, cream of tartar",ALC,Alcool (éthanol) (g/100 g),0.0,g,USDA,0.8,equivalent,Leavening agents cream of tartar,"USDA FoodData Central, SR Legacy (04/2018), FDC ID 175041 (CC0 1.0) — glucides hors fibres et énergie recalculés (UE 1169/2011)"
ING-TECH-CRMEDETARTRE-000001,raw,main,FDC175041,"Leavening agents, cream of tartar",FASAT,AG saturés (g/100 g),0.0,g,USDA,0.8,equivalent,Leavening agents cream of tartar,"USDA FoodData Central, SR Legacy (04/2018), FDC ID 175041 (CC0 1.0) — glucides hors fibres et énergie recalculés (UE 1169/2011)"
ING-TECH-CRMEDETARTRE-000001,raw,main,FDC175041,"Leavening agents, cream of tartar",FAMS,AG monoinsaturés (g/100 g),0.0,g,USDA,0.8,equivalent,Leavening agents cream of tartar,"USDA FoodData Central, SR Legacy (04/2018), FDC ID 175041 (CC0 1.0) — glucides hors fibres et énergie recalculés (UE 1169/2011)"
ING-TECH-CRMEDETARTRE-000001,raw,main,FDC175041,"Leavening agents, cream of tartar",FAPU,AG polyinsaturés (g/100 g),0.0,g,USDA,0.8,equivalent,Leavening agents cream of tartar,"USDA FoodData Central, SR Legacy (04/2018), FDC ID 175041 (CC0 1.0) — glucides hors fibres et énergie recalculés (UE 1169/2011)"
ING-TECH-CRMEDETARTRE-000001,raw,main,FDC175041,"Leavening agents, cream of tartar",CHOL-,Cholestérol (mg/100 g),0.0,mg,USDA,0.8,equivalent,Leavening agents cream of tartar,"USDA FoodData Central, SR Legacy (04/2018), FDC ID 175041 (CC0 1.0) — glucides hors fibres et énergie recalculés (UE 1169/2011)"
ING-TECH-CRMEDETARTRE-000001,raw,main,FDC175041,"Leavening agents, cream of tartar",NA,Sodium (mg/100 g),52.0,mg,USDA,0.8,equivalent,Leavening agents cream of tartar,"USDA FoodData Central, SR Legacy (04/2018), FDC ID 175041 (CC0 1.0) — glucides hors fibres et énergie recalculés (UE 1169/2011)"
ING-TECH-CRMEDETARTRE-000001,raw,main,FDC175041,"Leavening agents, cream of tartar",CA,Calcium (mg/100 g),8.0,mg,USDA,0.8,equivalent,Leavening agents cream of tartar,"USDA FoodData Central, SR Legacy (04/2018), FDC ID 175041 (CC0 1.0) — glucides hors fibres et énergie recalculés (UE 1169/2011)"
ING-TECH-CRMEDETARTRE-000001,raw,main,FDC175041,"Leavening agents, cream of tartar",FE,Fer (mg/100 g),3.72,mg,USDA,0.8,equivalent,Leavening agents cream of tartar,"USDA FoodData Central, SR Legacy (04/2018), FDC ID 175041 (CC0 1.0) — glucides hors fibres et énergie recalculés (UE 1169/2011)"
ING-TECH-CRMEDETARTRE-000001,raw,main,FDC175041,"Leavening agents, cream of tartar",MG,Magnésium (mg/100 g),2.0,mg,USDA,0.8,equivalent,Leavening agents cream of tartar,"USDA FoodData Central, SR Legacy (04/2018), FDC ID 175041 (CC0 1.0) — glucides hors fibres et énergie recalculés (UE 1169/2011)"
ING-TECH-CRMEDETARTRE-000001,raw,main,FDC175041,"Leavening agents, cream of tartar",P,Phosphore (mg/100 g),5.0,mg,USDA,0.8,equivalent,Leavening agents cream of tartar,"USDA FoodData Central, SR Legacy (04/2018), FDC ID 175041 (CC0 1.0) — glucides hors fibres et énergie recalculés (UE 1169/2011)"
ING-TECH-CRMEDETARTRE-000001,raw,main,FDC175041,"Leavening agents, cream of tartar",K,Potassium (mg/100 g),16500.0,mg,USDA,0.8,equivalent,Leavening agents cream of tartar,"USDA FoodData Central, SR Legacy (04/2018), FDC ID 175041 (CC0 1.0) — glucides hors fibres et énergie recalculés (UE 1169/2011)"
ING-TECH-CRMEDETARTRE-000001,raw,main,FDC175041,"Leavening agents, cream of tartar",ZN,Zinc (mg/100 g),0.42,mg,USDA,0.8,equivalent,Leavening agents cream of tartar,"USDA FoodData Central, SR Legacy (04/2018), FDC ID 175041 (CC0 1.0) — glucides hors fibres et énergie recalculés (UE 1169/2011)"
ING-TECH-CRMEDETARTRE-000001,raw,main,FDC175041,"Leavening agents, cream of tartar",CU,Cuivre (mg/100 g),0.195,mg,USDA,0.8,equivalent,Leavening agents cream of tartar,"USDA FoodData Central, SR Legacy (04/2018), FDC ID 175041 (CC0 1.0) — glucides hors fibres et énergie recalculés (UE 1169/2011)"
ING-TECH-CRMEDETARTRE-000001,raw,main,FDC175041,"Leavening agents, cream of tartar",MN,Manganèse (mg/100 g),0.205,mg,USDA,0.8,equivalent,Leavening agents cream of tartar,"USDA FoodData Central, SR Legacy (04/2018), FDC ID 175041 (CC0 1.0) — glucides hors fibres et énergie recalculés (UE 1169/2011)"
ING-TECH-CRMEDETARTRE-000001,raw,main,FDC175041,"Leavening agents, cream of tartar",SE,Sélénium (µg/100 g),0.2,µg,USDA,0.8,equivalent,Leavening agents cream of tartar,"USDA FoodData Central, SR Legacy (04/2018), FDC ID 175041 (CC0 1.0) — glucides hors fibres et énergie recalculés (UE 1169/2011)"
ING-TECH-CRMEDETARTRE-000001,raw,main,FDC175041,"Leavening agents, cream of tartar",RAE,"Activité vitaminique A, équivalents rétinol (µg/100 g)",0.0,µg,USDA,0.8,equivalent,Leavening agents cream of tartar,"USDA FoodData Central, SR Legacy (04/2018), FDC ID 175041 (CC0 1.0) — glucides hors fibres et énergie recalculés (UE 1169/2011)"
ING-TECH-CRMEDETARTRE-000001,raw,main,FDC175041,"Leavening agents, cream of tartar",RETOL,Rétinol (µg/100 g),0.0,µg,USDA,0.8,equivalent,Leavening agents cream of tartar,"USDA FoodData Central, SR Legacy (04/2018), FDC ID 175041 (CC0 1.0) — glucides hors fibres et énergie recalculés (UE 1169/2011)"
ING-TECH-CRMEDETARTRE-000001,raw,main,FDC175041,"Leavening agents, cream of tartar",CARTB,Beta-Carotène (µg/100 g),0.0,µg,USDA,0.8,equivalent,Leavening agents cream of tartar,"USDA FoodData Central, SR Legacy (04/2018), FDC ID 175041 (CC0 1.0) — glucides hors fibres et énergie recalculés (UE 1169/2011)"
ING-TECH-CRMEDETARTRE-000001,raw,main,FDC175041,"Leavening agents, cream of tartar",VITD-,Vitamine D (µg/100 g),0.0,µg,USDA,0.8,equivalent,Leavening agents cream of tartar,"USDA FoodData Central, SR Legacy (04/2018), FDC ID 175041 (CC0 1.0) — glucides hors fibres et énergie recalculés (UE 1169/2011)"
ING-TECH-CRMEDETARTRE-000001,raw,main,FDC175041,"Leavening agents, cream of tartar",VITC,Vitamine C (mg/100 g),0.0,mg,USDA,0.8,equivalent,Leavening agents cream of tartar,"USDA FoodData Central, SR Legacy (04/2018), FDC ID 175041 (CC0 1.0) — glucides hors fibres et énergie recalculés (UE 1169/2011)"
ING-TECH-CRMEDETARTRE-000001,raw,main,FDC175041,"Leavening agents, cream of tartar",THIA,Vitamine B1 ou Thiamine (mg/100 g),0.0,mg,USDA,0.8,equivalent,Leavening agents cream of tartar,"USDA FoodData Central, SR Legacy (04/2018), FDC ID 175041 (CC0 1.0) — glucides hors fibres et énergie recalculés (UE 1169/2011)"
ING-TECH-CRMEDETARTRE-000001,raw,main,FDC175041,"Leavening agents, cream of tartar",RIBF,Vitamine B2 ou Riboflavine (mg/100 g),0.0,mg,USDA,0.8,equivalent,Leavening agents cream of tartar,"USDA FoodData Central, SR Legacy (04/2018), FDC ID 175041 (CC0 1.0) — glucides hors fibres et énergie recalculés (UE 1169/2011)"
ING-TECH-CRMEDETARTRE-000001,raw,main,FDC175041,"Leavening agents, cream of tartar",NIA,Vitamine B3 ou PP ou Niacine (mg/100 g),0.0,mg,USDA,0.8,equivalent,Leavening agents cream of tartar,"USDA FoodData Central, SR Legacy (04/2018), FDC ID 175041 (CC0 1.0) — glucides hors fibres et énergie recalculés (UE 1169/2011)"
ING-TECH-CRMEDETARTRE-000001,raw,main,FDC175041,"Leavening agents, cream of tartar",PANTAC,Vitamine B5 ou Acide pantothénique (mg/100 g),0.0,mg,USDA,0.8,equivalent,Leavening agents cream of tartar,"USDA FoodData Central, SR Legacy (04/2018), FDC ID 175041 (CC0 1.0) — glucides hors fibres et énergie recalculés (UE 1169/2011)"
ING-TECH-CRMEDETARTRE-000001,raw,main,FDC175041,"Leavening agents, cream of tartar",VITB6-,Vitamine B6 (mg/100 g),0.0,mg,USDA,0.8,equivalent,Leavening agents cream of tartar,"USDA FoodData Central, SR Legacy (04/2018), FDC ID 175041 (CC0 1.0) — glucides hors fibres et énergie recalculés (UE 1169/2011)"
ING-TECH-CRMEDETARTRE-000001,raw,main,FDC175041,"Leavening agents, cream of tartar",VITB12,Vitamine B12 (µg/100 g),0.0,µg,USDA,0.8,equivalent,Leavening agents cream of tartar,"USDA FoodData Central, SR Legacy (04/2018), FDC ID 175041 (CC0 1.0) — glucides hors fibres et énergie recalculés (UE 1169/2011)"
ING-TECH-CRMEDETARTRE-000001,raw,main,FDC175041,"Leavening agents, cream of tartar",FOL,Vitamine B9 ou Folates totaux (µg/100 g),0.0,µg,USDA,0.8,equivalent,Leavening agents cream of tartar,"USDA FoodData Central, SR Legacy (04/2018), FDC ID 175041 (CC0 1.0) — glucides hors fibres et énergie recalculés (UE 1169/2011)"
ING-TECH-CRMEDETARTRE-000001,raw,main,FDC175041,"Leavening agents, cream of tartar",FOLAC,Acide folique (enrichissement) (µg/100 g),0.0,µg,USDA,0.8,equivalent,Leavening agents cream of tartar,"USDA FoodData Central, SR Legacy (04/2018), FDC ID 175041 (CC0 1.0) — glucides hors fibres et énergie recalculés (UE 1169/2011)"
ING-TECH-CRMEDETARTRE-000001,raw,main,FDC175041,"Leavening agents, cream of tartar",FOLFD,Folates intrinsèques (µg/100 g),0.0,µg,USDA,0.8,equivalent,Leavening agents cream of tartar,"USDA FoodData Central, SR Legacy (04/2018), FDC ID 175041 (CC0 1.0) — glucides hors fibres et énergie recalculés (UE 1169/2011)"
ING-TECH-CRMEDETARTRE-000001,raw,main,FDC175041,"Leavening agents, cream of tartar",FOLDFE,"Vitamine B9 ou Folates totaux, équivalents folates alimentaires, DFE (µg/100 g)",0.0,µg,USDA,0.8,equivalent,Leavening agents cream of tartar,"USDA FoodData Central, SR Legacy (04/2018), FDC ID 175041 (CC0 1.0) — glucides hors fibres et énergie recalculés (UE 1169/2011)"
ING-TECH-CRMEDETARTRE-000001,raw,main,FDC175041,"Leavening agents, cream of tartar",TOCPHA,Alpha-tocophérol (vitamine E) (mg/100 g),0.0,mg,USDA,0.8,equivalent,Leavening agents cream of tartar,"USDA FoodData Central, SR Legacy (04/2018), FDC ID 175041 (CC0 1.0) — glucides hors fibres et énergie recalculés (UE 1169/2011)"
ING-TECH-CRMEDETARTRE-000001,raw,main,FDC175041,"Leavening agents, cream of tartar",VITK1,Vitamine K1 (µg/100 g),0.0,µg,USDA,0.8,equivalent,Leavening agents cream of tartar,"USDA FoodData Central, SR Legacy (04/2018), FDC ID 175041 (CC0 1.0) — glucides hors fibres et énergie recalculés (UE 1169/2011)"
ING-TECH-CRMEDETARTRE-000001,raw,main,FDC175041,"Leavening agents, cream of tartar",CHOAVL,Glucides (g/100 g),61.3,g,USDA,0.8,equivalent,Leavening agents cream of tartar,"USDA FoodData Central, SR Legacy (04/2018), FDC ID 175041 (CC0 1.0) — glucides hors fibres et énergie recalculés (UE 1169/2011)"
ING-TECH-CRMEDETARTRE-000001,raw,main,FDC175041,"Leavening agents, cream of tartar",SALT,Sel chlorure de sodium (g/100 g),0.13,g,USDA,0.8,equivalent,Leavening agents cream of tartar,"USDA FoodData Central, SR Legacy (04/2018), FDC ID 175041 (CC0 1.0) — glucides hors fibres et énergie recalculés (UE 1169/2011)"
ING-TECH-CRMEDETARTRE-000001,raw,main,FDC175041,"Leavening agents, cream of tartar",ENERCKCAL,"Energie, Règlement UE N° 1169/2011 (kcal/100 g)",245.6,kcal,USDA,0.8,equivalent,Leavening agents cream of tartar,"USDA FoodData Central, SR Legacy (04/2018), FDC ID 175041 (CC0 1.0) — glucides hors fibres et énergie recalculés (UE 1169/2011)"
ING-TECH-CRMEDETARTRE-000001,raw,main,FDC175041,"Leavening agents, cream of tartar",ENERC,"Energie, Règlement UE N° 1169/2011 (kJ/100 g)",1043.7,kJ,USDA,0.8,equivalent,Leavening agents cream of tartar,"USDA FoodData Central, SR Legacy (04/2018), FDC ID 175041 (CC0 1.0) — glucides hors fibres et énergie recalculés (UE 1169/2011)"
ING-TECH-ARMENATURELD-000001,raw,main,FDC173471,Vanilla extract,WATER,Eau (g/100 g),52.58,g,USDA,0.8,equivalent,Vanilla extract,"USDA FoodData Central, SR Legacy (04/2018), FDC ID 173471 (CC0 1.0) — glucides hors fibres et énergie recalculés (UE 1169/2011)"
ING-TECH-ARMENATURELD-000001,raw,main,FDC173471,Vanilla extract,ASH,Cendres (g/100 g),0.26,g,USDA,0.8,equivalent,Vanilla extract,"USDA FoodData Central, SR Legacy (04/2018), FDC ID 173471 (CC0 1.0) — glucides hors fibres et énergie recalculés (UE 1169/2011)"
ING-TECH-ARMENATURELD-000001,raw,main,FDC173471,Vanilla extract,PROCNT,"Protéines, N x 6.25 (g/100 g)",0.06,g,USDA,0.8,equivalent,Vanilla extract,"USDA FoodData Central, SR Legacy (04/2018), FDC ID 173471 (CC0 1.0) — glucides hors fibres et énergie recalculés (UE 1169/2011)"
ING-TECH-ARMENATURELD-000001,raw,main,FDC173471,Vanilla extract,FAT,Lipides (g/100 g),0.06,g,USDA,0.8,equivalent,Vanilla extract,"USDA FoodData Central, SR Legacy (04/2018), FDC ID 173471 (CC0 1.0) — glucides hors fibres et énergie recalculés (UE 1169/2011)"
ING-TECH-ARMENATURELD-000001,raw,main,FDC173471,Vanilla extract,FIB-,Fibres alimentaires (g/100 g),0.0,g,USDA,0.8,equivalent,Vanilla extract,"USDA FoodData Central, SR Legacy (04/2018), FDC ID 173471 (CC0 1.0) — glucides hors fibres et énergie recalculés (UE 1169/2011)"
ING-TECH-ARMENATURELD-000001,raw,main,FDC173471,Vanilla extract,SUGAR,Sucres (g/100 g),12.65,g,USDA,0.8,equivalent,Vanilla extract,"USDA FoodData Central, SR Legacy (04/2018), FDC ID 173471 (CC0 1.0) — glucides hors fibres et énergie recalculés (UE 1169/2011)"
ING-TECH-ARMENATURELD-000001,raw,main,FDC173471,Vanilla extract,ALC,Alcool (éthanol) (g/100 g),34.4,g,USDA,0.8,equivalent,Vanilla extract,"USDA FoodData Central, SR Legacy (04/2018), FDC ID 173471 (CC0 1.0) — glucides hors fibres et énergie recalculés (UE 1169/2011)"
ING-TECH-ARMENATURELD-000001,raw,main,FDC173471,Vanilla extract,FASAT,AG saturés (g/100 g),0.01,g,USDA,0.8,equivalent,Vanilla extract,"USDA FoodData Central, SR Legacy (04/2018), FDC ID 173471 (CC0 1.0) — glucides hors fibres et énergie recalculés (UE 1169/2011)"
ING-TECH-ARMENATURELD-000001,raw,main,FDC173471,Vanilla extract,FAMS,AG monoinsaturés (g/100 g),0.01,g,USDA,0.8,equivalent,Vanilla extract,"USDA FoodData Central, SR Legacy (04/2018), FDC ID 173471 (CC0 1.0) — glucides hors fibres et énergie recalculés (UE 1169/2011)"
ING-TECH-ARMENATURELD-000001,raw,main,FDC173471,Vanilla extract,FAPU,AG polyinsaturés (g/100 g),0.004,g,USDA,0.8,equivalent,Vanilla extract,"USDA FoodData Central, SR Legacy (04/2018), FDC ID 173471 (CC0 1.0) — glucides hors fibres et énergie recalculés (UE 1169/2011)"
ING-TECH-ARMENATURELD-000001,raw,main,FDC173471,Vanilla extract,CHOL-,Cholestérol (mg/100 g),0.0,mg,USDA,0.8,equivalent,Vanilla extract,"USDA FoodData Central, SR Legacy (04/2018), FDC ID 173471 (CC0 1.0) — glucides hors fibres et énergie recalculés (UE 1169/2011)"
ING-TECH-ARMENATURELD-000001,raw,main,FDC173471,Vanilla extract,NA,Sodium (mg/100 g),9.0,mg,USDA,0.8,equivalent,Vanilla extract,"USDA FoodData Central, SR Legacy (04/2018), FDC ID 173471 (CC0 1.0) — glucides hors fibres et énergie recalculés (UE 1169/2011)"
ING-TECH-ARMENATURELD-000001,raw,main,FDC173471,Vanilla extract,CA,Calcium (mg/100 g),11.0,mg,USDA,0.8,equivalent,Vanilla extract,"USDA FoodData Central, SR Legacy (04/2018), FDC ID 173471 (CC0 1.0) — glucides hors fibres et énergie recalculés (UE 1169/2011)"
ING-TECH-ARMENATURELD-000001,raw,main,FDC173471,Vanilla extract,FE,Fer (mg/100 g),0.12,mg,USDA,0.8,equivalent,Vanilla extract,"USDA FoodData Central, SR Legacy (04/2018), FDC ID 173471 (CC0 1.0) — glucides hors fibres et énergie recalculés (UE 1169/2011)"
ING-TECH-ARMENATURELD-000001,raw,main,FDC173471,Vanilla extract,MG,Magnésium (mg/100 g),12.0,mg,USDA,0.8,equivalent,Vanilla extract,"USDA FoodData Central, SR Legacy (04/2018), FDC ID 173471 (CC0 1.0) — glucides hors fibres et énergie recalculés (UE 1169/2011)"
ING-TECH-ARMENATURELD-000001,raw,main,FDC173471,Vanilla extract,P,Phosphore (mg/100 g),6.0,mg,USDA,0.8,equivalent,Vanilla extract,"USDA FoodData Central, SR Legacy (04/2018), FDC ID 173471 (CC0 1.0) — glucides hors fibres et énergie recalculés (UE 1169/2011)"
ING-TECH-ARMENATURELD-000001,raw,main,FDC173471,Vanilla extract,K,Potassium (mg/100 g),148.0,mg,USDA,0.8,equivalent,Vanilla extract,"USDA FoodData Central, SR Legacy (04/2018), FDC ID 173471 (CC0 1.0) — glucides hors fibres et énergie recalculés (UE 1169/2011)"
ING-TECH-ARMENATURELD-000001,raw,main,FDC173471,Vanilla extract,ZN,Zinc (mg/100 g),0.11,mg,USDA,0.8,equivalent,Vanilla extract,"USDA FoodData Central, SR Legacy (04/2018), FDC ID 173471 (CC0 1.0) — glucides hors fibres et énergie recalculés (UE 1169/2011)"
ING-TECH-ARMENATURELD-000001,raw,main,FDC173471,Vanilla extract,CU,Cuivre (mg/100 g),0.072,mg,USDA,0.8,equivalent,Vanilla extract,"USDA FoodData Central, SR Legacy (04/2018), FDC ID 173471 (CC0 1.0) — glucides hors fibres et énergie recalculés (UE 1169/2011)"
ING-TECH-ARMENATURELD-000001,raw,main,FDC173471,Vanilla extract,MN,Manganèse (mg/100 g),0.23,mg,USDA,0.8,equivalent,Vanilla extract,"USDA FoodData Central, SR Legacy (04/2018), FDC ID 173471 (CC0 1.0) — glucides hors fibres et énergie recalculés (UE 1169/2011)"
ING-TECH-ARMENATURELD-000001,raw,main,FDC173471,Vanilla extract,SE,Sélénium (µg/100 g),0.0,µg,USDA,0.8,equivalent,Vanilla extract,"USDA FoodData Central, SR Legacy (04/2018), FDC ID 173471 (CC0 1.0) — glucides hors fibres et énergie recalculés (UE 1169/2011)"
ING-TECH-ARMENATURELD-000001,raw,main,FDC173471,Vanilla extract,RAE,"Activité vitaminique A, équivalents rétinol (µg/100 g)",0.0,µg,USDA,0.8,equivalent,Vanilla extract,"USDA FoodData Central, SR Legacy (04/2018), FDC ID 173471 (CC0 1.0) — glucides hors fibres et énergie recalculés (UE 1169/2011)"
ING-TECH-ARMENATURELD-000001,raw,main,FDC173471,Vanilla extract,RETOL,Rétinol (µg/100 g),0.0,µg,USDA,0.8,equivalent,Vanilla extract,"USDA FoodData Central, SR Legacy (04/2018), FDC ID 173471 (CC0 1.0) — glucides hors fibres et énergie recalculés (UE 1169/2011)"
ING-TECH-ARMENATURELD-000001,raw,main,FDC173471,Vanilla extract,CARTB,Beta-Carotène (µg/100 g),0.0,µg,USDA,0.8,equivalent,Vanilla extract,"USDA FoodData Central, SR Legacy (04/2018), FDC ID 173471 (CC0 1.0) — glucides hors fibres et énergie recalculés (UE 1169/2011)"
ING-TECH-ARMENATURELD-000001,raw,main,FDC173471,Vanilla extract,VITD-,Vitamine D (µg/100 g),0.0,µg,USDA,0.8,equivalent,Vanilla extract,"USDA FoodData Central, SR Legacy (04/2018), FDC ID 173471 (CC0 1.0) — glucides hors fibres et énergie recalculés (UE 1169/2011)"
ING-TECH-ARMENATURELD-000001,raw,main,FDC173471,Vanilla extract,VITC,Vitamine C (mg/100 g),0.0,mg,USDA,0.8,equivalent,Vanilla extract,"USDA FoodData Central, SR Legacy (04/2018), FDC ID 173471 (CC0 1.0) — glucides hors fibres et énergie recalculés (UE 1169/2011)"
ING-TECH-ARMENATURELD-000001,raw,main,FDC173471,Vanilla extract,THIA,Vitamine B1 ou Thiamine (mg/100 g),0.011,mg,USDA,0.8,equivalent,Vanilla extract,"USDA FoodData Central, SR Legacy (04/2018), FDC ID 173471 (CC0 1.0) — glucides hors fibres et énergie recalculés (UE 1169/2011)"
ING-TECH-ARMENATURELD-000001,raw,main,FDC173471,Vanilla extract,RIBF,Vitamine B2 ou Riboflavine (mg/100 g),0.095,mg,USDA,0.8,equivalent,Vanilla extract,"USDA FoodData Central, SR Legacy (04/2018), FDC ID 173471 (CC0 1.0) — glucides hors fibres et énergie recalculés (UE 1169/2011)"
ING-TECH-ARMENATURELD-000001,raw,main,FDC173471,Vanilla extract,NIA,Vitamine B3 ou PP ou Niacine (mg/100 g),0.425,mg,USDA,0.8,equivalent,Vanilla extract,"USDA FoodData Central, SR Legacy (04/2018), FDC ID 173471 (CC0 1.0) — glucides hors fibres et énergie recalculés (UE 1169/2011)"
ING-TECH-ARMENATURELD-000001,raw,main,FDC173471,Vanilla extract,PANTAC,Vitamine B5 ou Acide pantothénique (mg/100 g),0.035,mg,USDA,0.8,equivalent,Vanilla extract,"USDA FoodData Central, SR Legacy (04/2018), FDC ID 173471 (CC0 1.0) — glucides hors fibres et énergie recalculés (UE 1169/2011)"
ING-TECH-ARMENATURELD-000001,raw,main,FDC173471,Vanilla extract,VITB6-,Vitamine B6 (mg/100 g),0.026,mg,USDA,0.8,equivalent,Vanilla extract,"USDA FoodData Central, SR Legacy (04/2018), FDC ID 173471 (CC0 1.0) — glucides hors fibres et énergie recalculés (UE 1169/2011)"
ING-TECH-ARMENATURELD-000001,raw,main,FDC173471,Vanilla extract,VITB12,Vitamine B12 (µg/100 g),0.0,µg,USDA,0.8,equivalent,Vanilla extract,"USDA FoodData Central, SR Legacy (04/2018), FDC ID 173471 (CC0 1.0) — glucides hors fibres et énergie recalculés (UE 1169/2011)"
ING-TECH-ARMENATURELD-000001,raw,main,FDC173471,Vanilla extract,FOL,Vitamine B9 ou Folates totaux (µg/100 g),0.0,µg,USDA,0.8,equivalent,Vanilla extract,"USDA FoodData Central, SR Legacy (04/2018), FDC ID 173471 (CC0 1.0) — glucides hors fibres et énergie recalculés (UE 1169/2011)"
ING-TECH-ARMENATURELD-000001,raw,main,FDC173471,Vanilla extract,FOLAC,Acide folique (enrichissement) (µg/100 g),0.0,µg,USDA,0.8,equivalent,Vanilla extract,"USDA FoodData Central, SR Legacy (04/2018), FDC ID 173471 (CC0 1.0) — glucides hors fibres et énergie recalculés (UE 1169/2011)"
ING-TECH-ARMENATURELD-000001,raw,main,FDC173471,Vanilla extract,FOLFD,Folates intrinsèques (µg/100 g),0.0,µg,USDA,0.8,equivalent,Vanilla extract,"USDA FoodData Central, SR Legacy (04/2018), FDC ID 173471 (CC0 1.0) — glucides hors fibres et énergie recalculés (UE 1169/2011)"
ING-TECH-ARMENATURELD-000001,raw,main,FDC173471,Vanilla extract,FOLDFE,"Vitamine B9 ou Folates totaux, équivalents folates alimentaires, DFE (µg/100 g)",0.0,µg,USDA,0.8,equivalent,Vanilla extract,"USDA FoodData Central, SR Legacy (04/2018), FDC ID 173471 (CC0 1.0) — glucides hors fibres et énergie recalculés (UE 1169/2011)"
ING-TECH-ARMENATURELD-000001,raw,main,FDC173471,Vanilla extract,TOCPHA,Alpha-tocophérol (vitamine E) (mg/100 g),0.0,mg,USDA,0.8,equivalent,Vanilla extract,"USDA FoodData Central, SR Legacy (04/2018), FDC ID 173471 (CC0 1.0) — glucides hors fibres et énergie recalculés (UE 1169/2011)"
ING-TECH-ARMENATURELD-000001,raw,main,FDC173471,Vanilla extract,VITK1,Vitamine K1 (µg/100 g),0.0,µg,USDA,0.8,equivalent,Vanilla extract,"USDA FoodData Central, SR Legacy (04/2018), FDC ID 173471 (CC0 1.0) — glucides hors fibres et énergie recalculés (UE 1169/2011)"
ING-TECH-ARMENATURELD-000001,raw,main,FDC173471,Vanilla extract,CHOAVL,Glucides (g/100 g),12.65,g,USDA,0.8,equivalent,Vanilla extract,"USDA FoodData Central, SR Legacy (04/2018), FDC ID 173471 (CC0 1.0) — glucides hors fibres et énergie recalculés (UE 1169/2011)"
ING-TECH-ARMENATURELD-000001,raw,main,FDC173471,Vanilla extract,SALT,Sel chlorure de sodium (g/100 g),0.022,g,USDA,0.8,equivalent,Vanilla extract,"USDA FoodData Central, SR Legacy (04/2018), FDC ID 173471 (CC0 1.0) — glucides hors fibres et énergie recalculés (UE 1169/2011)"
ING-TECH-ARMENATURELD-000001,raw,main,FDC173471,Vanilla extract,ENERCKCAL,"Energie, Règlement UE N° 1169/2011 (kcal/100 g)",292.18,kcal,USDA,0.8,equivalent,Vanilla extract,"USDA FoodData Central, SR Legacy (04/2018), FDC ID 173471 (CC0 1.0) — glucides hors fibres et énergie recalculés (UE 1169/2011)"
ING-TECH-ARMENATURELD-000001,raw,main,FDC173471,Vanilla extract,ENERC,"Energie, Règlement UE N° 1169/2011 (kJ/100 g)",1215.89,kJ,USDA,0.8,equivalent,Vanilla extract,"USDA FoodData Central, SR Legacy (04/2018), FDC ID 173471 (CC0 1.0) — glucides hors fibres et énergie recalculés (UE 1169/2011)"
ING-COND-NATTO-000001,raw,main,FDC172443,Natto,WATER,Eau (g/100 g),55.02,g,USDA,0.8,equivalent,Natto,"USDA FoodData Central, SR Legacy (04/2018), FDC ID 172443 (CC0 1.0) — glucides hors fibres et énergie recalculés (UE 1169/2011)"
ING-COND-NATTO-000001,raw,main,FDC172443,Natto,ASH,Cendres (g/100 g),1.9,g,USDA,0.8,equivalent,Natto,"USDA FoodData Central, SR Legacy (04/2018), FDC ID 172443 (CC0 1.0) — glucides hors fibres et énergie recalculés (UE 1169/2011)"
ING-COND-NATTO-000001,raw,main,FDC172443,Natto,PROCNT,"Protéines, N x 6.25 (g/100 g)",19.4,g,USDA,0.8,equivalent,Natto,"USDA FoodData Central, SR Legacy (04/2018), FDC ID 172443 (CC0 1.0) — glucides hors fibres et énergie recalculés (UE 1169/2011)"
ING-COND-NATTO-000001,raw,main,FDC172443,Natto,FAT,Lipides (g/100 g),11.0,g,USDA,0.8,equivalent,Natto,"USDA FoodData Central, SR Legacy (04/2018), FDC ID 172443 (CC0 1.0) — glucides hors fibres et énergie recalculés (UE 1169/2011)"
ING-COND-NATTO-000001,raw,main,FDC172443,Natto,FIB-,Fibres alimentaires (g/100 g),5.4,g,USDA,0.8,equivalent,Natto,"USDA FoodData Central, SR Legacy (04/2018), FDC ID 172443 (CC0 1.0) — glucides hors fibres et énergie recalculés (UE 1169/2011)"
ING-COND-NATTO-000001,raw,main,FDC172443,Natto,SUGAR,Sucres (g/100 g),4.89,g,USDA,0.8,equivalent,Natto,"USDA FoodData Central, SR Legacy (04/2018), FDC ID 172443 (CC0 1.0) — glucides hors fibres et énergie recalculés (UE 1169/2011)"
ING-COND-NATTO-000001,raw,main,FDC172443,Natto,ALC,Alcool (éthanol) (g/100 g),0.0,g,USDA,0.8,equivalent,Natto,"USDA FoodData Central, SR Legacy (04/2018), FDC ID 172443 (CC0 1.0) — glucides hors fibres et énergie recalculés (UE 1169/2011)"
ING-COND-NATTO-000001,raw,main,FDC172443,Natto,FASAT,AG saturés (g/100 g),1.591,g,USDA,0.8,equivalent,Natto,"USDA FoodData Central, SR Legacy (04/2018), FDC ID 172443 (CC0 1.0) — glucides hors fibres et énergie recalculés (UE 1169/2011)"
ING-COND-NATTO-000001,raw,main,FDC172443,Natto,FAMS,AG monoinsaturés (g/100 g),2.43,g,USDA,0.8,equivalent,Natto,"USDA FoodData Central, SR Legacy (04/2018), FDC ID 172443 (CC0 1.0) — glucides hors fibres et énergie recalculés (UE 1169/2011)"
ING-COND-NATTO-000001,raw,main,FDC172443,Natto,FAPU,AG polyinsaturés (g/100 g),6.21,g,USDA,0.8,equivalent,Natto,"USDA FoodData Central, SR Legacy (04/2018), FDC ID 172443 (CC0 1.0) — glucides hors fibres et énergie recalculés (UE 1169/2011)"
ING-COND-NATTO-000001,raw,main,FDC172443,Natto,CHOL-,Cholestérol (mg/100 g),0.0,mg,USDA,0.8,equivalent,Natto,"USDA FoodData Central, SR Legacy (04/2018), FDC ID 172443 (CC0 1.0) — glucides hors fibres et énergie recalculés (UE 1169/2011)"
ING-COND-NATTO-000001,raw,main,FDC172443,Natto,NA,Sodium (mg/100 g),7.0,mg,USDA,0.8,equivalent,Natto,"USDA FoodData Central, SR Legacy (04/2018), FDC ID 172443 (CC0 1.0) — glucides hors fibres et énergie recalculés (UE 1169/2011)"
ING-COND-NATTO-000001,raw,main,FDC172443,Natto,CA,Calcium (mg/100 g),217.0,mg,USDA,0.8,equivalent,Natto,"USDA FoodData Central, SR Legacy (04/2018), FDC ID 172443 (CC0 1.0) — glucides hors fibres et énergie recalculés (UE 1169/2011)"
ING-COND-NATTO-000001,raw,main,FDC172443,Natto,FE,Fer (mg/100 g),8.6,mg,USDA,0.8,equivalent,Natto,"USDA FoodData Central, SR Legacy (04/2018), FDC ID 172443 (CC0 1.0) — glucides hors fibres et énergie recalculés (UE 1169/2011)"
ING-COND-NATTO-000001,raw,main,FDC172443,Natto,MG,Magnésium (mg/100 g),115.0,mg,USDA,0.8,equivalent,Natto,"USDA FoodData Central, SR Legacy (04/2018), FDC ID 172443 (CC0 1.0) — glucides hors fibres et énergie recalculés (UE 1169/2011)"
ING-COND-NATTO-000001,raw,main,FDC172443,Natto,P,Phosphore (mg/100 g),174.0,mg,USDA,0.8,equivalent,Natto,"USDA FoodData Central, SR Legacy (04/2018), FDC ID 172443 (CC0 1.0) — glucides hors fibres et énergie recalculés (UE 1169/2011)"
ING-COND-NATTO-000001,raw,main,FDC172443,Natto,K,Potassium (mg/100 g),729.0,mg,USDA,0.8,equivalent,Natto,"USDA FoodData Central, SR Legacy (04/2018), FDC ID 172443 (CC0 1.0) — glucides hors fibres et énergie recalculés (UE 1169/2011)"
ING-COND-NATTO-000001,raw,main,FDC172443,Natto,ZN,Zinc (mg/100 g),3.03,mg,USDA,0.8,equivalent,Natto,"USDA FoodData Central, SR Legacy (04/2018), FDC ID 172443 (CC0 1.0) — glucides hors fibres et énergie recalculés (UE 1169/2011)"
ING-COND-NATTO-000001,raw,main,FDC172443,Natto,CU,Cuivre (mg/100 g),0.667,mg,USDA,0.8,equivalent,Natto,"USDA FoodData Central, SR Legacy (04/2018), FDC ID 172443 (CC0 1.0) — glucides hors fibres et énergie recalculés (UE 1169/2011)"
ING-COND-NATTO-000001,raw,main,FDC172443,Natto,MN,Manganèse (mg/100 g),1.528,mg,USDA,0.8,equivalent,Natto,"USDA FoodData Central, SR Legacy (04/2018), FDC ID 172443 (CC0 1.0) — glucides hors fibres et énergie recalculés (UE 1169/2011)"
ING-COND-NATTO-000001,raw,main,FDC172443,Natto,SE,Sélénium (µg/100 g),8.8,µg,USDA,0.8,equivalent,Natto,"USDA FoodData Central, SR Legacy (04/2018), FDC ID 172443 (CC0 1.0) — glucides hors fibres et énergie recalculés (UE 1169/2011)"
ING-COND-NATTO-000001,raw,main,FDC172443,Natto,RAE,"Activité vitaminique A, équivalents rétinol (µg/100 g)",0.0,µg,USDA,0.8,equivalent,Natto,"USDA FoodData Central, SR Legacy (04/2018), FDC ID 172443 (CC0 1.0) — glucides hors fibres et énergie recalculés (UE 1169/2011)"
ING-COND-NATTO-000001,raw,main,FDC172443,Natto,RETOL,Rétinol (µg/100 g),0.0,µg,USDA,0.8,equivalent,Natto,"USDA FoodData Central, SR Legacy (04/2018), FDC ID 172443 (CC0 1.0) — glucides hors fibres et énergie recalculés (UE 1169/2011)"
ING-COND-NATTO-000001,raw,main,FDC172443,Natto,CARTB,Beta-Carotène (µg/100 g),0.0,µg,USDA,0.8,equivalent,Natto,"USDA FoodData Central, SR Legacy (04/2018), FDC ID 172443 (CC0 1.0) — glucides hors fibres et énergie recalculés (UE 1169/2011)"
ING-COND-NATTO-000001,raw,main,FDC172443,Natto,VITD-,Vitamine D (µg/100 g),0.0,µg,USDA,0.8,equivalent,Natto,"USDA FoodData Central, SR Legacy (04/2018), FDC ID 172443 (CC0 1.0) — glucides hors fibres et énergie recalculés (UE 1169/2011)"
ING-COND-NATTO-000001,raw,main,FDC172443,Natto,VITC,Vitamine C (mg/100 g),13.0,mg,USDA,0.8,equivalent,Natto,"USDA FoodData Central, SR Legacy (04/2018), FDC ID 172443 (CC0 1.0) — glucides hors fibres et énergie recalculés (UE 1169/2011)"
ING-COND-NATTO-000001,raw,main,FDC172443,Natto,THIA,Vitamine B1 ou Thiamine (mg/100 g),0.16,mg,USDA,0.8,equivalent,Natto,"USDA FoodData Central, SR Legacy (04/2018), FDC ID 172443 (CC0 1.0) — glucides hors fibres et énergie recalculés (UE 1169/2011)"
ING-COND-NATTO-000001,raw,main,FDC172443,Natto,RIBF,Vitamine B2 ou Riboflavine (mg/100 g),0.19,mg,USDA,0.8,equivalent,Natto,"USDA FoodData Central, SR Legacy (04/2018), FDC ID 172443 (CC0 1.0) — glucides hors fibres et énergie recalculés (UE 1169/2011)"
ING-COND-NATTO-000001,raw,main,FDC172443,Natto,NIA,Vitamine B3 ou PP ou Niacine (mg/100 g),0.0,mg,USDA,0.8,equivalent,Natto,"USDA FoodData Central, SR Legacy (04/2018), FDC ID 172443 (CC0 1.0) — glucides hors fibres et énergie recalculés (UE 1169/2011)"
ING-COND-NATTO-000001,raw,main,FDC172443,Natto,PANTAC,Vitamine B5 ou Acide pantothénique (mg/100 g),0.215,mg,USDA,0.8,equivalent,Natto,"USDA FoodData Central, SR Legacy (04/2018), FDC ID 172443 (CC0 1.0) — glucides hors fibres et énergie recalculés (UE 1169/2011)"
ING-COND-NATTO-000001,raw,main,FDC172443,Natto,VITB6-,Vitamine B6 (mg/100 g),0.13,mg,USDA,0.8,equivalent,Natto,"USDA FoodData Central, SR Legacy (04/2018), FDC ID 172443 (CC0 1.0) — glucides hors fibres et énergie recalculés (UE 1169/2011)"
ING-COND-NATTO-000001,raw,main,FDC172443,Natto,VITB12,Vitamine B12 (µg/100 g),0.0,µg,USDA,0.8,equivalent,Natto,"USDA FoodData Central, SR Legacy (04/2018), FDC ID 172443 (CC0 1.0) — glucides hors fibres et énergie recalculés (UE 1169/2011)"
ING-COND-NATTO-000001,raw,main,FDC172443,Natto,FOL,Vitamine B9 ou Folates totaux (µg/100 g),8.0,µg,USDA,0.8,equivalent,Natto,"USDA FoodData Central, SR Legacy (04/2018), FDC ID 172443 (CC0 1.0) — glucides hors fibres et énergie recalculés (UE 1169/2011)"
ING-COND-NATTO-000001,raw,main,FDC172443,Natto,FOLAC,Acide folique (enrichissement) (µg/100 g),0.0,µg,USDA,0.8,equivalent,Natto,"USDA FoodData Central, SR Legacy (04/2018), FDC ID 172443 (CC0 1.0) — glucides hors fibres et énergie recalculés (UE 1169/2011)"
ING-COND-NATTO-000001,raw,main,FDC172443,Natto,FOLFD,Folates intrinsèques (µg/100 g),8.0,µg,USDA,0.8,equivalent,Natto,"USDA FoodData Central, SR Legacy (04/2018), FDC ID 172443 (CC0 1.0) — glucides hors fibres et énergie recalculés (UE 1169/2011)"
ING-COND-NATTO-000001,raw,main,FDC172443,Natto,FOLDFE,"Vitamine B9 ou Folates totaux, équivalents folates alimentaires, DFE (µg/100 g)",8.0,µg,USDA,0.8,equivalent,Natto,"USDA FoodData Central, SR Legacy (04/2018), FDC ID 172443 (CC0 1.0) — glucides hors fibres et énergie recalculés (UE 1169/2011)"
ING-COND-NATTO-000001,raw,main,FDC172443,Natto,TOCPHA,Alpha-tocophérol (vitamine E) (mg/100 g),0.01,mg,USDA,0.8,equivalent,Natto,"USDA FoodData Central, SR Legacy (04/2018), FDC ID 172443 (CC0 1.0) — glucides hors fibres et énergie recalculés (UE 1169/2011)"
ING-COND-NATTO-000001,raw,main,FDC172443,Natto,VITK1,Vitamine K1 (µg/100 g),23.1,µg,USDA,0.8,equivalent,Natto,"USDA FoodData Central, SR Legacy (04/2018), FDC ID 172443 (CC0 1.0) — glucides hors fibres et énergie recalculés (UE 1169/2011)"
ING-COND-NATTO-000001,raw,main,FDC172443,Natto,CHOAVL,Glucides (g/100 g),7.28,g,USDA,0.8,equivalent,Natto,"USDA FoodData Central, SR Legacy (04/2018), FDC ID 172443 (CC0 1.0) — glucides hors fibres et énergie recalculés (UE 1169/2011)"
ING-COND-NATTO-000001,raw,main,FDC172443,Natto,SALT,Sel chlorure de sodium (g/100 g),0.018,g,USDA,0.8,equivalent,Natto,"USDA FoodData Central, SR Legacy (04/2018), FDC ID 172443 (CC0 1.0) — glucides hors fibres et énergie recalculés (UE 1169/2011)"
ING-COND-NATTO-000001,raw,main,FDC172443,Natto,ENERCKCAL,"Energie, Règlement UE N° 1169/2011 (kcal/100 g)",216.52,kcal,USDA,0.8,equivalent,Natto,"USDA FoodData Central, SR Legacy (04/2018), FDC ID 172443 (CC0 1.0) — glucides hors fibres et énergie recalculés (UE 1169/2011)"
ING-COND-NATTO-000001,raw,main,FDC172443,Natto,ENERC,"Energie, Règlement UE N° 1169/2011 (kJ/100 g)",903.76,kJ,USDA,0.8,equivalent,Natto,"USDA FoodData Central, SR Legacy (04/2018), FDC ID 172443 (CC0 1.0) — glucides hors fibres et énergie recalculés (UE 1169/2011)"
ING-COND-SAUCEHOISIN-000001,raw,main,FDC172886,"Sauce, hoisin, ready-to-serve",WATER,Eau (g/100 g),44.23,g,USDA,0.8,equivalent,Sauce hoisin ready-to-serve,"USDA FoodData Central, SR Legacy (04/2018), FDC ID 172886 (CC0 1.0) — glucides hors fibres et énergie recalculés (UE 1169/2011)"
ING-COND-SAUCEHOISIN-000001,raw,main,FDC172886,"Sauce, hoisin, ready-to-serve",ASH,Cendres (g/100 g),4.98,g,USDA,0.8,equivalent,Sauce hoisin ready-to-serve,"USDA FoodData Central, SR Legacy (04/2018), FDC ID 172886 (CC0 1.0) — glucides hors fibres et énergie recalculés (UE 1169/2011)"
ING-COND-SAUCEHOISIN-000001,raw,main,FDC172886,"Sauce, hoisin, ready-to-serve",PROCNT,"Protéines, N x 6.25 (g/100 g)",3.31,g,USDA,0.8,equivalent,Sauce hoisin ready-to-serve,"USDA FoodData Central, SR Legacy (04/2018), FDC ID 172886 (CC0 1.0) — glucides hors fibres et énergie recalculés (UE 1169/2011)"
ING-COND-SAUCEHOISIN-000001,raw,main,FDC172886,"Sauce, hoisin, ready-to-serve",FAT,Lipides (g/100 g),3.39,g,USDA,0.8,equivalent,Sauce hoisin ready-to-serve,"USDA FoodData Central, SR Legacy (04/2018), FDC ID 172886 (CC0 1.0) — glucides hors fibres et énergie recalculés (UE 1169/2011)"
ING-COND-SAUCEHOISIN-000001,raw,main,FDC172886,"Sauce, hoisin, ready-to-serve",FIB-,Fibres alimentaires (g/100 g),2.8,g,USDA,0.8,equivalent,Sauce hoisin ready-to-serve,"USDA FoodData Central, SR Legacy (04/2018), FDC ID 172886 (CC0 1.0) — glucides hors fibres et énergie recalculés (UE 1169/2011)"
ING-COND-SAUCEHOISIN-000001,raw,main,FDC172886,"Sauce, hoisin, ready-to-serve",SUGAR,Sucres (g/100 g),27.26,g,USDA,0.8,equivalent,Sauce hoisin ready-to-serve,"USDA FoodData Central, SR Legacy (04/2018), FDC ID 172886 (CC0 1.0) — glucides hors fibres et énergie recalculés (UE 1169/2011)"
ING-COND-SAUCEHOISIN-000001,raw,main,FDC172886,"Sauce, hoisin, ready-to-serve",ALC,Alcool (éthanol) (g/100 g),0.0,g,USDA,0.8,equivalent,Sauce hoisin ready-to-serve,"USDA FoodData Central, SR Legacy (04/2018), FDC ID 172886 (CC0 1.0) — glucides hors fibres et énergie recalculés (UE 1169/2011)"
ING-COND-SAUCEHOISIN-000001,raw,main,FDC172886,"Sauce, hoisin, ready-to-serve",FASAT,AG saturés (g/100 g),0.568,g,USDA,0.8,equivalent,Sauce hoisin ready-to-serve,"USDA FoodData Central, SR Legacy (04/2018), FDC ID 172886 (CC0 1.0) — glucides hors fibres et énergie recalculés (UE 1169/2011)"
ING-COND-SAUCEHOISIN-000001,raw,main,FDC172886,"Sauce, hoisin, ready-to-serve",FAMS,AG monoinsaturés (g/100 g),0.963,g,USDA,0.8,equivalent,Sauce hoisin ready-to-serve,"USDA FoodData Central, SR Legacy (04/2018), FDC ID 172886 (CC0 1.0) — glucides hors fibres et énergie recalculés (UE 1169/2011)"
ING-COND-SAUCEHOISIN-000001,raw,main,FDC172886,"Sauce, hoisin, ready-to-serve",FAPU,AG polyinsaturés (g/100 g),1.698,g,USDA,0.8,equivalent,Sauce hoisin ready-to-serve,"USDA FoodData Central, SR Legacy (04/2018), FDC ID 172886 (CC0 1.0) — glucides hors fibres et énergie recalculés (UE 1169/2011)"
ING-COND-SAUCEHOISIN-000001,raw,main,FDC172886,"Sauce, hoisin, ready-to-serve",CHOL-,Cholestérol (mg/100 g),3.0,mg,USDA,0.8,equivalent,Sauce hoisin ready-to-serve,"USDA FoodData Central, SR Legacy (04/2018), FDC ID 172886 (CC0 1.0) — glucides hors fibres et énergie recalculés (UE 1169/2011)"
ING-COND-SAUCEHOISIN-000001,raw,main,FDC172886,"Sauce, hoisin, ready-to-serve",NA,Sodium (mg/100 g),1615.0,mg,USDA,0.8,equivalent,Sauce hoisin ready-to-serve,"USDA FoodData Central, SR Legacy (04/2018), FDC ID 172886 (CC0 1.0) — glucides hors fibres et énergie recalculés (UE 1169/2011)"
ING-COND-SAUCEHOISIN-000001,raw,main,FDC172886,"Sauce, hoisin, ready-to-serve",CA,Calcium (mg/100 g),32.0,mg,USDA,0.8,equivalent,Sauce hoisin ready-to-serve,"USDA FoodData Central, SR Legacy (04/2018), FDC ID 172886 (CC0 1.0) — glucides hors fibres et énergie recalculés (UE 1169/2011)"
ING-COND-SAUCEHOISIN-000001,raw,main,FDC172886,"Sauce, hoisin, ready-to-serve",FE,Fer (mg/100 g),1.01,mg,USDA,0.8,equivalent,Sauce hoisin ready-to-serve,"USDA FoodData Central, SR Legacy (04/2018), FDC ID 172886 (CC0 1.0) — glucides hors fibres et énergie recalculés (UE 1169/2011)"
ING-COND-SAUCEHOISIN-000001,raw,main,FDC172886,"Sauce, hoisin, ready-to-serve",MG,Magnésium (mg/100 g),24.0,mg,USDA,0.8,equivalent,Sauce hoisin ready-to-serve,"USDA FoodData Central, SR Legacy (04/2018), FDC ID 172886 (CC0 1.0) — glucides hors fibres et énergie recalculés (UE 1169/2011)"
ING-COND-SAUCEHOISIN-000001,raw,main,FDC172886,"Sauce, hoisin, ready-to-serve",P,Phosphore (mg/100 g),38.0,mg,USDA,0.8,equivalent,Sauce hoisin ready-to-serve,"USDA FoodData Central, SR Legacy (04/2018), FDC ID 172886 (CC0 1.0) — glucides hors fibres et énergie recalculés (UE 1169/2011)"
ING-COND-SAUCEHOISIN-000001,raw,main,FDC172886,"Sauce, hoisin, ready-to-serve",K,Potassium (mg/100 g),119.0,mg,USDA,0.8,equivalent,Sauce hoisin ready-to-serve,"USDA FoodData Central, SR Legacy (04/2018), FDC ID 172886 (CC0 1.0) — glucides hors fibres et énergie recalculés (UE 1169/2011)"
ING-COND-SAUCEHOISIN-000001,raw,main,FDC172886,"Sauce, hoisin, ready-to-serve",ZN,Zinc (mg/100 g),0.32,mg,USDA,0.8,equivalent,Sauce hoisin ready-to-serve,"USDA FoodData Central, SR Legacy (04/2018), FDC ID 172886 (CC0 1.0) — glucides hors fibres et énergie recalculés (UE 1169/2011)"
ING-COND-SAUCEHOISIN-000001,raw,main,FDC172886,"Sauce, hoisin, ready-to-serve",CU,Cuivre (mg/100 g),0.128,mg,USDA,0.8,equivalent,Sauce hoisin ready-to-serve,"USDA FoodData Central, SR Legacy (04/2018), FDC ID 172886 (CC0 1.0) — glucides hors fibres et énergie recalculés (UE 1169/2011)"
ING-COND-SAUCEHOISIN-000001,raw,main,FDC172886,"Sauce, hoisin, ready-to-serve",MN,Manganèse (mg/100 g),0.254,mg,USDA,0.8,equivalent,Sauce hoisin ready-to-serve,"USDA FoodData Central, SR Legacy (04/2018), FDC ID 172886 (CC0 1.0) — glucides hors fibres et énergie recalculés (UE 1169/2011)"
ING-COND-SAUCEHOISIN-000001,raw,main,FDC172886,"Sauce, hoisin, ready-to-serve",SE,Sélénium (µg/100 g),1.8,µg,USDA,0.8,equivalent,Sauce hoisin ready-to-serve,"USDA FoodData Central, SR Legacy (04/2018), FDC ID 172886 (CC0 1.0) — glucides hors fibres et énergie recalculés (UE 1169/2011)"
ING-COND-SAUCEHOISIN-000001,raw,main,FDC172886,"Sauce, hoisin, ready-to-serve",RAE,"Activité vitaminique A, équivalents rétinol (µg/100 g)",0.0,µg,USDA,0.8,equivalent,Sauce hoisin ready-to-serve,"USDA FoodData Central, SR Legacy (04/2018), FDC ID 172886 (CC0 1.0) — glucides hors fibres et énergie recalculés (UE 1169/2011)"
ING-COND-SAUCEHOISIN-000001,raw,main,FDC172886,"Sauce, hoisin, ready-to-serve",RETOL,Rétinol (µg/100 g),0.0,µg,USDA,0.8,equivalent,Sauce hoisin ready-to-serve,"USDA FoodData Central, SR Legacy (04/2018), FDC ID 172886 (CC0 1.0) — glucides hors fibres et énergie recalculés (UE 1169/2011)"
ING-COND-SAUCEHOISIN-000001,raw,main,FDC172886,"Sauce, hoisin, ready-to-serve",CARTB,Beta-Carotène (µg/100 g),4.0,µg,USDA,0.8,equivalent,Sauce hoisin ready-to-serve,"USDA FoodData Central, SR Legacy (04/2018), FDC ID 172886 (CC0 1.0) — glucides hors fibres et énergie recalculés (UE 1169/2011)"
ING-COND-SAUCEHOISIN-000001,raw,main,FDC172886,"Sauce, hoisin, ready-to-serve",VITD-,Vitamine D (µg/100 g),0.0,µg,USDA,0.8,equivalent,Sauce hoisin ready-to-serve,"USDA FoodData Central, SR Legacy (04/2018), FDC ID 172886 (CC0 1.0) — glucides hors fibres et énergie recalculés (UE 1169/2011)"
ING-COND-SAUCEHOISIN-000001,raw,main,FDC172886,"Sauce, hoisin, ready-to-serve",VITC,Vitamine C (mg/100 g),0.4,mg,USDA,0.8,equivalent,Sauce hoisin ready-to-serve,"USDA FoodData Central, SR Legacy (04/2018), FDC ID 172886 (CC0 1.0) — glucides hors fibres et énergie recalculés (UE 1169/2011)"
ING-COND-SAUCEHOISIN-000001,raw,main,FDC172886,"Sauce, hoisin, ready-to-serve",THIA,Vitamine B1 ou Thiamine (mg/100 g),0.004,mg,USDA,0.8,equivalent,Sauce hoisin ready-to-serve,"USDA FoodData Central, SR Legacy (04/2018), FDC ID 172886 (CC0 1.0) — glucides hors fibres et énergie recalculés (UE 1169/2011)"
ING-COND-SAUCEHOISIN-000001,raw,main,FDC172886,"Sauce, hoisin, ready-to-serve",RIBF,Vitamine B2 ou Riboflavine (mg/100 g),0.217,mg,USDA,0.8,equivalent,Sauce hoisin ready-to-serve,"USDA FoodData Central, SR Legacy (04/2018), FDC ID 172886 (CC0 1.0) — glucides hors fibres et énergie recalculés (UE 1169/2011)"
ING-COND-SAUCEHOISIN-000001,raw,main,FDC172886,"Sauce, hoisin, ready-to-serve",NIA,Vitamine B3 ou PP ou Niacine (mg/100 g),1.17,mg,USDA,0.8,equivalent,Sauce hoisin ready-to-serve,"USDA FoodData Central, SR Legacy (04/2018), FDC ID 172886 (CC0 1.0) — glucides hors fibres et énergie recalculés (UE 1169/2011)"
ING-COND-SAUCEHOISIN-000001,raw,main,FDC172886,"Sauce, hoisin, ready-to-serve",PANTAC,Vitamine B5 ou Acide pantothénique (mg/100 g),0.068,mg,USDA,0.8,equivalent,Sauce hoisin ready-to-serve,"USDA FoodData Central, SR Legacy (04/2018), FDC ID 172886 (CC0 1.0) — glucides hors fibres et énergie recalculés (UE 1169/2011)"
ING-COND-SAUCEHOISIN-000001,raw,main,FDC172886,"Sauce, hoisin, ready-to-serve",VITB6-,Vitamine B6 (mg/100 g),0.062,mg,USDA,0.8,equivalent,Sauce hoisin ready-to-serve,"USDA FoodData Central, SR Legacy (04/2018), FDC ID 172886 (CC0 1.0) — glucides hors fibres et énergie recalculés (UE 1169/2011)"
ING-COND-SAUCEHOISIN-000001,raw,main,FDC172886,"Sauce, hoisin, ready-to-serve",VITB12,Vitamine B12 (µg/100 g),0.0,µg,USDA,0.8,equivalent,Sauce hoisin ready-to-serve,"USDA FoodData Central, SR Legacy (04/2018), FDC ID 172886 (CC0 1.0) — glucides hors fibres et énergie recalculés (UE 1169/2011)"
ING-COND-SAUCEHOISIN-000001,raw,main,FDC172886,"Sauce, hoisin, ready-to-serve",FOL,Vitamine B9 ou Folates totaux (µg/100 g),23.0,µg,USDA,0.8,equivalent,Sauce hoisin ready-to-serve,"USDA FoodData Central, SR Legacy (04/2018), FDC ID 172886 (CC0 1.0) — glucides hors fibres et énergie recalculés (UE 1169/2011)"
ING-COND-SAUCEHOISIN-000001,raw,main,FDC172886,"Sauce, hoisin, ready-to-serve",FOLAC,Acide folique (enrichissement) (µg/100 g),0.0,µg,USDA,0.8,equivalent,Sauce hoisin ready-to-serve,"USDA FoodData Central, SR Legacy (04/2018), FDC ID 172886 (CC0 1.0) — glucides hors fibres et énergie recalculés (UE 1169/2011)"
ING-COND-SAUCEHOISIN-000001,raw,main,FDC172886,"Sauce, hoisin, ready-to-serve",FOLFD,Folates intrinsèques (µg/100 g),23.0,µg,USDA,0.8,equivalent,Sauce hoisin ready-to-serve,"USDA FoodData Central, SR Legacy (04/2018), FDC ID 172886 (CC0 1.0) — glucides hors fibres et énergie recalculés (UE 1169/2011)"
ING-COND-SAUCEHOISIN-000001,raw,main,FDC172886,"Sauce, hoisin, ready-to-serve",FOLDFE,"Vitamine B9 ou Folates totaux, équivalents folates alimentaires, DFE (µg/100 g)",23.0,µg,USDA,0.8,equivalent,Sauce hoisin ready-to-serve,"USDA FoodData Central, SR Legacy (04/2018), FDC ID 172886 (CC0 1.0) — glucides hors fibres et énergie recalculés (UE 1169/2011)"
ING-COND-SAUCEHOISIN-000001,raw,main,FDC172886,"Sauce, hoisin, ready-to-serve",TOCPHA,Alpha-tocophérol (vitamine E) (mg/100 g),0.28,mg,USDA,0.8,equivalent,Sauce hoisin ready-to-serve,"USDA FoodData Central, SR Legacy (04/2018), FDC ID 172886 (CC0 1.0) — glucides hors fibres et énergie recalculés (UE 1169/2011)"
ING-COND-SAUCEHOISIN-000001,raw,main,FDC172886,"Sauce, hoisin, ready-to-serve",VITK1,Vitamine K1 (µg/100 g),0.5,µg,USDA,0.8,equivalent,Sauce hoisin ready-to-serve,"USDA FoodData Central, SR Legacy (04/2018), FDC ID 172886 (CC0 1.0) — glucides hors fibres et énergie recalculés (UE 1169/2011)"
ING-COND-SAUCEHOISIN-000001,raw,main,FDC172886,"Sauce, hoisin, ready-to-serve",CHOAVL,Glucides (g/100 g),41.28,g,USDA,0.8,equivalent,Sauce hoisin ready-to-serve,"USDA FoodData Central, SR Legacy (04/2018), FDC ID 172886 (CC0 1.0) — glucides hors fibres et énergie recalculés (UE 1169/2011)"
ING-COND-SAUCEHOISIN-000001,raw,main,FDC172886,"Sauce, hoisin, ready-to-serve",SALT,Sel chlorure de sodium (g/100 g),4.037,g,USDA,0.8,equivalent,Sauce hoisin ready-to-serve,"USDA FoodData Central, SR Legacy (04/2018), FDC ID 172886 (CC0 1.0) — glucides hors fibres et énergie recalculés (UE 1169/2011)"
ING-COND-SAUCEHOISIN-000001,raw,main,FDC172886,"Sauce, hoisin, ready-to-serve",ENERCKCAL,"Energie, Règlement UE N° 1169/2011 (kcal/100 g)",214.47,kcal,USDA,0.8,equivalent,Sauce hoisin ready-to-serve,"USDA FoodData Central, SR Legacy (04/2018), FDC ID 172886 (CC0 1.0) — glucides hors fibres et énergie recalculés (UE 1169/2011)"
ING-COND-SAUCEHOISIN-000001,raw,main,FDC172886,"Sauce, hoisin, ready-to-serve",ENERC,"Energie, Règlement UE N° 1169/2011 (kJ/100 g)",905.86,kJ,USDA,0.8,equivalent,Sauce hoisin ready-to-serve,"USDA FoodData Central, SR Legacy (04/2018), FDC ID 172886 (CC0 1.0) — glucides hors fibres et énergie recalculés (UE 1169/2011)"
ING-COND-SAUCESRIRACH-000001,raw,main,FDC171186,"Sauce, hot chile, sriracha",WATER,Eau (g/100 g),71.84,g,USDA,0.8,equivalent,Sauce hot chile sriracha,"USDA FoodData Central, SR Legacy (04/2018), FDC ID 171186 (CC0 1.0) — glucides hors fibres et énergie recalculés (UE 1169/2011)"
ING-COND-SAUCESRIRACH-000001,raw,main,FDC171186,"Sauce, hot chile, sriracha",ASH,Cendres (g/100 g),6.14,g,USDA,0.8,equivalent,Sauce hot chile sriracha,"USDA FoodData Central, SR Legacy (04/2018), FDC ID 171186 (CC0 1.0) — glucides hors fibres et énergie recalculés (UE 1169/2011)"
ING-COND-SAUCESRIRACH-000001,raw,main,FDC171186,"Sauce, hot chile, sriracha",PROCNT,"Protéines, N x 6.25 (g/100 g)",1.93,g,USDA,0.8,equivalent,Sauce hot chile sriracha,"USDA FoodData Central, SR Legacy (04/2018), FDC ID 171186 (CC0 1.0) — glucides hors fibres et énergie recalculés (UE 1169/2011)"
ING-COND-SAUCESRIRACH-000001,raw,main,FDC171186,"Sauce, hot chile, sriracha",FAT,Lipides (g/100 g),0.93,g,USDA,0.8,equivalent,Sauce hot chile sriracha,"USDA FoodData Central, SR Legacy (04/2018), FDC ID 171186 (CC0 1.0) — glucides hors fibres et énergie recalculés (UE 1169/2011)"
ING-COND-SAUCESRIRACH-000001,raw,main,FDC171186,"Sauce, hot chile, sriracha",FIB-,Fibres alimentaires (g/100 g),2.2,g,USDA,0.8,equivalent,Sauce hot chile sriracha,"USDA FoodData Central, SR Legacy (04/2018), FDC ID 171186 (CC0 1.0) — glucides hors fibres et énergie recalculés (UE 1169/2011)"
ING-COND-SAUCESRIRACH-000001,raw,main,FDC171186,"Sauce, hot chile, sriracha",SUGAR,Sucres (g/100 g),15.11,g,USDA,0.8,equivalent,Sauce hot chile sriracha,"USDA FoodData Central, SR Legacy (04/2018), FDC ID 171186 (CC0 1.0) — glucides hors fibres et énergie recalculés (UE 1169/2011)"
ING-COND-SAUCESRIRACH-000001,raw,main,FDC171186,"Sauce, hot chile, sriracha",SUCS,Saccharose (g/100 g),0.27,g,USDA,0.8,equivalent,Sauce hot chile sriracha,"USDA FoodData Central, SR Legacy (04/2018), FDC ID 171186 (CC0 1.0) — glucides hors fibres et énergie recalculés (UE 1169/2011)"
ING-COND-SAUCESRIRACH-000001,raw,main,FDC171186,"Sauce, hot chile, sriracha",GLUS,Glucose (g/100 g),6.67,g,USDA,0.8,equivalent,Sauce hot chile sriracha,"USDA FoodData Central, SR Legacy (04/2018), FDC ID 171186 (CC0 1.0) — glucides hors fibres et énergie recalculés (UE 1169/2011)"
ING-COND-SAUCESRIRACH-000001,raw,main,FDC171186,"Sauce, hot chile, sriracha",FRUS,Fructose (g/100 g),8.16,g,USDA,0.8,equivalent,Sauce hot chile sriracha,"USDA FoodData Central, SR Legacy (04/2018), FDC ID 171186 (CC0 1.0) — glucides hors fibres et énergie recalculés (UE 1169/2011)"
ING-COND-SAUCESRIRACH-000001,raw,main,FDC171186,"Sauce, hot chile, sriracha",LACS,Lactose (g/100 g),0.0,g,USDA,0.8,equivalent,Sauce hot chile sriracha,"USDA FoodData Central, SR Legacy (04/2018), FDC ID 171186 (CC0 1.0) — glucides hors fibres et énergie recalculés (UE 1169/2011)"
ING-COND-SAUCESRIRACH-000001,raw,main,FDC171186,"Sauce, hot chile, sriracha",MALS,Maltose (g/100 g),0.0,g,USDA,0.8,equivalent,Sauce hot chile sriracha,"USDA FoodData Central, SR Legacy (04/2018), FDC ID 171186 (CC0 1.0) — glucides hors fibres et énergie recalculés (UE 1169/2011)"
ING-COND-SAUCESRIRACH-000001,raw,main,FDC171186,"Sauce, hot chile, sriracha",GALS,Galactose (g/100 g),0.0,g,USDA,0.8,equivalent,Sauce hot chile sriracha,"USDA FoodData Central, SR Legacy (04/2018), FDC ID 171186 (CC0 1.0) — glucides hors fibres et énergie recalculés (UE 1169/2011)"
ING-COND-SAUCESRIRACH-000001,raw,main,FDC171186,"Sauce, hot chile, sriracha",NA,Sodium (mg/100 g),2124.0,mg,USDA,0.8,equivalent,Sauce hot chile sriracha,"USDA FoodData Central, SR Legacy (04/2018), FDC ID 171186 (CC0 1.0) — glucides hors fibres et énergie recalculés (UE 1169/2011)"
ING-COND-SAUCESRIRACH-000001,raw,main,FDC171186,"Sauce, hot chile, sriracha",CA,Calcium (mg/100 g),18.0,mg,USDA,0.8,equivalent,Sauce hot chile sriracha,"USDA FoodData Central, SR Legacy (04/2018), FDC ID 171186 (CC0 1.0) — glucides hors fibres et énergie recalculés (UE 1169/2011)"
ING-COND-SAUCESRIRACH-000001,raw,main,FDC171186,"Sauce, hot chile, sriracha",FE,Fer (mg/100 g),1.64,mg,USDA,0.8,equivalent,Sauce hot chile sriracha,"USDA FoodData Central, SR Legacy (04/2018), FDC ID 171186 (CC0 1.0) — glucides hors fibres et énergie recalculés (UE 1169/2011)"
ING-COND-SAUCESRIRACH-000001,raw,main,FDC171186,"Sauce, hot chile, sriracha",MG,Magnésium (mg/100 g),16.0,mg,USDA,0.8,equivalent,Sauce hot chile sriracha,"USDA FoodData Central, SR Legacy (04/2018), FDC ID 171186 (CC0 1.0) — glucides hors fibres et énergie recalculés (UE 1169/2011)"
ING-COND-SAUCESRIRACH-000001,raw,main,FDC171186,"Sauce, hot chile, sriracha",P,Phosphore (mg/100 g),46.0,mg,USDA,0.8,equivalent,Sauce hot chile sriracha,"USDA FoodData Central, SR Legacy (04/2018), FDC ID 171186 (CC0 1.0) — glucides hors fibres et énergie recalculés (UE 1169/2011)"
ING-COND-SAUCESRIRACH-000001,raw,main,FDC171186,"Sauce, hot chile, sriracha",K,Potassium (mg/100 g),321.0,mg,USDA,0.8,equivalent,Sauce hot chile sriracha,"USDA FoodData Central, SR Legacy (04/2018), FDC ID 171186 (CC0 1.0) — glucides hors fibres et énergie recalculés (UE 1169/2011)"
ING-COND-SAUCESRIRACH-000001,raw,main,FDC171186,"Sauce, hot chile, sriracha",ZN,Zinc (mg/100 g),0.24,mg,USDA,0.8,equivalent,Sauce hot chile sriracha,"USDA FoodData Central, SR Legacy (04/2018), FDC ID 171186 (CC0 1.0) — glucides hors fibres et énergie recalculés (UE 1169/2011)"
ING-COND-SAUCESRIRACH-000001,raw,main,FDC171186,"Sauce, hot chile, sriracha",CU,Cuivre (mg/100 g),0.06,mg,USDA,0.8,equivalent,Sauce hot chile sriracha,"USDA FoodData Central, SR Legacy (04/2018), FDC ID 171186 (CC0 1.0) — glucides hors fibres et énergie recalculés (UE 1169/2011)"
ING-COND-SAUCESRIRACH-000001,raw,main,FDC171186,"Sauce, hot chile, sriracha",MN,Manganèse (mg/100 g),0.146,mg,USDA,0.8,equivalent,Sauce hot chile sriracha,"USDA FoodData Central, SR Legacy (04/2018), FDC ID 171186 (CC0 1.0) — glucides hors fibres et énergie recalculés (UE 1169/2011)"
ING-COND-SAUCESRIRACH-000001,raw,main,FDC171186,"Sauce, hot chile, sriracha",SE,Sélénium (µg/100 g),0.4,µg,USDA,0.8,equivalent,Sauce hot chile sriracha,"USDA FoodData Central, SR Legacy (04/2018), FDC ID 171186 (CC0 1.0) — glucides hors fibres et énergie recalculés (UE 1169/2011)"
ING-COND-SAUCESRIRACH-000001,raw,main,FDC171186,"Sauce, hot chile, sriracha",RAE,"Activité vitaminique A, équivalents rétinol (µg/100 g)",129.0,µg,USDA,0.8,equivalent,Sauce hot chile sriracha,"USDA FoodData Central, SR Legacy (04/2018), FDC ID 171186 (CC0 1.0) — glucides hors fibres et énergie recalculés (UE 1169/2011)"
ING-COND-SAUCESRIRACH-000001,raw,main,FDC171186,"Sauce, hot chile, sriracha",CARTB,Beta-Carotène (µg/100 g),1261.0,µg,USDA,0.8,equivalent,Sauce hot chile sriracha,"USDA FoodData Central, SR Legacy (04/2018), FDC ID 171186 (CC0 1.0) — glucides hors fibres et énergie recalculés (UE 1169/2011)"
ING-COND-SAUCESRIRACH-000001,raw,main,FDC171186,"Sauce, hot chile, sriracha",VITC,Vitamine C (mg/100 g),26.9,mg,USDA,0.8,equivalent,Sauce hot chile sriracha,"USDA FoodData Central, SR Legacy (04/2018), FDC ID 171186 (CC0 1.0) — glucides hors fibres et énergie recalculés (UE 1169/2011)"
ING-COND-SAUCESRIRACH-000001,raw,main,FDC171186,"Sauce, hot chile, sriracha",THIA,Vitamine B1 ou Thiamine (mg/100 g),0.077,mg,USDA,0.8,equivalent,Sauce hot chile sriracha,"USDA FoodData Central, SR Legacy (04/2018), FDC ID 171186 (CC0 1.0) — glucides hors fibres et énergie recalculés (UE 1169/2011)"
ING-COND-SAUCESRIRACH-000001,raw,main,FDC171186,"Sauce, hot chile, sriracha",RIBF,Vitamine B2 ou Riboflavine (mg/100 g),0.222,mg,USDA,0.8,equivalent,Sauce hot chile sriracha,"USDA FoodData Central, SR Legacy (04/2018), FDC ID 171186 (CC0 1.0) — glucides hors fibres et énergie recalculés (UE 1169/2011)"
ING-COND-SAUCESRIRACH-000001,raw,main,FDC171186,"Sauce, hot chile, sriracha",NIA,Vitamine B3 ou PP ou Niacine (mg/100 g),1.248,mg,USDA,0.8,equivalent,Sauce hot chile sriracha,"USDA FoodData Central, SR Legacy (04/2018), FDC ID 171186 (CC0 1.0) — glucides hors fibres et énergie recalculés (UE 1169/2011)"
ING-COND-SAUCESRIRACH-000001,raw,main,FDC171186,"Sauce, hot chile, sriracha",PANTAC,Vitamine B5 ou Acide pantothénique (mg/100 g),0.38,mg,USDA,0.8,equivalent,Sauce hot chile sriracha,"USDA FoodData Central, SR Legacy (04/2018), FDC ID 171186 (CC0 1.0) — glucides hors fibres et énergie recalculés (UE 1169/2011)"
ING-COND-SAUCESRIRACH-000001,raw,main,FDC171186,"Sauce, hot chile, sriracha",VITB6-,Vitamine B6 (mg/100 g),0.455,mg,USDA,0.8,equivalent,Sauce hot chile sriracha,"USDA FoodData Central, SR Legacy (04/2018), FDC ID 171186 (CC0 1.0) — glucides hors fibres et énergie recalculés (UE 1169/2011)"
ING-COND-SAUCESRIRACH-000001,raw,main,FDC171186,"Sauce, hot chile, sriracha",FOL,Vitamine B9 ou Folates totaux (µg/100 g),22.0,µg,USDA,0.8,equivalent,Sauce hot chile sriracha,"USDA FoodData Central, SR Legacy (04/2018), FDC ID 171186 (CC0 1.0) — glucides hors fibres et énergie recalculés (UE 1169/2011)"
ING-COND-SAUCESRIRACH-000001,raw,main,FDC171186,"Sauce, hot chile, sriracha",FOLFD,Folates intrinsèques (µg/100 g),22.0,µg,USDA,0.8,equivalent,Sauce hot chile sriracha,"USDA FoodData Central, SR Legacy (04/2018), FDC ID 171186 (CC0 1.0) — glucides hors fibres et énergie recalculés (UE 1169/2011)"
ING-COND-SAUCESRIRACH-000001,raw,main,FDC171186,"Sauce, hot chile, sriracha",TOCPHA,Alpha-tocophérol (vitamine E) (mg/100 g),4.8,mg,USDA,0.8,equivalent,Sauce hot chile sriracha,"USDA FoodData Central, SR Legacy (04/2018), FDC ID 171186 (CC0 1.0) — glucides hors fibres et énergie recalculés (UE 1169/2011)"
ING-COND-SAUCESRIRACH-000001,raw,main,FDC171186,"Sauce, hot chile, sriracha",VITK1,Vitamine K1 (µg/100 g),10.9,µg,USDA,0.8,equivalent,Sauce hot chile sriracha,"USDA FoodData Central, SR Legacy (04/2018), FDC ID 171186 (CC0 1.0) — glucides hors fibres et énergie recalculés (UE 1169/2011)"
ING-COND-SAUCESRIRACH-000001,raw,main,FDC171186,"Sauce, hot chile, sriracha",CHOAVL,Glucides (g/100 g),16.96,g,USDA,0.8,equivalent,Sauce hot chile sriracha,"USDA FoodData Central, SR Legacy (04/2018), FDC ID 171186 (CC0 1.0) — glucides hors fibres et énergie recalculés (UE 1169/2011)"
ING-COND-SAUCESRIRACH-000001,raw,main,FDC171186,"Sauce, hot chile, sriracha",SALT,Sel chlorure de sodium (g/100 g),5.31,g,USDA,0.8,equivalent,Sauce hot chile sriracha,"USDA FoodData Central, SR Legacy (04/2018), FDC ID 171186 (CC0 1.0) — glucides hors fibres et énergie recalculés (UE 1169/2011)"
ING-COND-SAUCESRIRACH-000001,raw,main,FDC171186,"Sauce, hot chile, sriracha",ENERCKCAL,"Energie, Règlement UE N° 1169/2011 (kcal/100 g)",88.33,kcal,USDA,0.8,equivalent,Sauce hot chile sriracha,"USDA FoodData Central, SR Legacy (04/2018), FDC ID 171186 (CC0 1.0) — glucides hors fibres et énergie recalculés (UE 1169/2011)"
ING-COND-SAUCESRIRACH-000001,raw,main,FDC171186,"Sauce, hot chile, sriracha",ENERC,"Energie, Règlement UE N° 1169/2011 (kJ/100 g)",373.14,kJ,USDA,0.8,equivalent,Sauce hot chile sriracha,"USDA FoodData Central, SR Legacy (04/2018), FDC ID 171186 (CC0 1.0) — glucides hors fibres et énergie recalculés (UE 1169/2011)"
ING-COND-SRIRACHA-000001,raw,main,FDC171186,"Sauce, hot chile, sriracha",WATER,Eau (g/100 g),71.84,g,USDA,0.8,equivalent,Sauce hot chile sriracha,"USDA FoodData Central, SR Legacy (04/2018), FDC ID 171186 (CC0 1.0) — glucides hors fibres et énergie recalculés (UE 1169/2011)"
ING-COND-SRIRACHA-000001,raw,main,FDC171186,"Sauce, hot chile, sriracha",ASH,Cendres (g/100 g),6.14,g,USDA,0.8,equivalent,Sauce hot chile sriracha,"USDA FoodData Central, SR Legacy (04/2018), FDC ID 171186 (CC0 1.0) — glucides hors fibres et énergie recalculés (UE 1169/2011)"
ING-COND-SRIRACHA-000001,raw,main,FDC171186,"Sauce, hot chile, sriracha",PROCNT,"Protéines, N x 6.25 (g/100 g)",1.93,g,USDA,0.8,equivalent,Sauce hot chile sriracha,"USDA FoodData Central, SR Legacy (04/2018), FDC ID 171186 (CC0 1.0) — glucides hors fibres et énergie recalculés (UE 1169/2011)"
ING-COND-SRIRACHA-000001,raw,main,FDC171186,"Sauce, hot chile, sriracha",FAT,Lipides (g/100 g),0.93,g,USDA,0.8,equivalent,Sauce hot chile sriracha,"USDA FoodData Central, SR Legacy (04/2018), FDC ID 171186 (CC0 1.0) — glucides hors fibres et énergie recalculés (UE 1169/2011)"
ING-COND-SRIRACHA-000001,raw,main,FDC171186,"Sauce, hot chile, sriracha",FIB-,Fibres alimentaires (g/100 g),2.2,g,USDA,0.8,equivalent,Sauce hot chile sriracha,"USDA FoodData Central, SR Legacy (04/2018), FDC ID 171186 (CC0 1.0) — glucides hors fibres et énergie recalculés (UE 1169/2011)"
ING-COND-SRIRACHA-000001,raw,main,FDC171186,"Sauce, hot chile, sriracha",SUGAR,Sucres (g/100 g),15.11,g,USDA,0.8,equivalent,Sauce hot chile sriracha,"USDA FoodData Central, SR Legacy (04/2018), FDC ID 171186 (CC0 1.0) — glucides hors fibres et énergie recalculés (UE 1169/2011)"
ING-COND-SRIRACHA-000001,raw,main,FDC171186,"Sauce, hot chile, sriracha",SUCS,Saccharose (g/100 g),0.27,g,USDA,0.8,equivalent,Sauce hot chile sriracha,"USDA FoodData Central, SR Legacy (04/2018), FDC ID 171186 (CC0 1.0) — glucides hors fibres et énergie recalculés (UE 1169/2011)"
ING-COND-SRIRACHA-000001,raw,main,FDC171186,"Sauce, hot chile, sriracha",GLUS,Glucose (g/100 g),6.67,g,USDA,0.8,equivalent,Sauce hot chile sriracha,"USDA FoodData Central, SR Legacy (04/2018), FDC ID 171186 (CC0 1.0) — glucides hors fibres et énergie recalculés (UE 1169/2011)"
ING-COND-SRIRACHA-000001,raw,main,FDC171186,"Sauce, hot chile, sriracha",FRUS,Fructose (g/100 g),8.16,g,USDA,0.8,equivalent,Sauce hot chile sriracha,"USDA FoodData Central, SR Legacy (04/2018), FDC ID 171186 (CC0 1.0) — glucides hors fibres et énergie recalculés (UE 1169/2011)"
ING-COND-SRIRACHA-000001,raw,main,FDC171186,"Sauce, hot chile, sriracha",LACS,Lactose (g/100 g),0.0,g,USDA,0.8,equivalent,Sauce hot chile sriracha,"USDA FoodData Central, SR Legacy (04/2018), FDC ID 171186 (CC0 1.0) — glucides hors fibres et énergie recalculés (UE 1169/2011)"
ING-COND-SRIRACHA-000001,raw,main,FDC171186,"Sauce, hot chile, sriracha",MALS,Maltose (g/100 g),0.0,g,USDA,0.8,equivalent,Sauce hot chile sriracha,"USDA FoodData Central, SR Legacy (04/2018), FDC ID 171186 (CC0 1.0) — glucides hors fibres et énergie recalculés (UE 1169/2011)"
ING-COND-SRIRACHA-000001,raw,main,FDC171186,"Sauce, hot chile, sriracha",GALS,Galactose (g/100 g),0.0,g,USDA,0.8,equivalent,Sauce hot chile sriracha,"USDA FoodData Central, SR Legacy (04/2018), FDC ID 171186 (CC0 1.0) — glucides hors fibres et énergie recalculés (UE 1169/2011)"
ING-COND-SRIRACHA-000001,raw,main,FDC171186,"Sauce, hot chile, sriracha",NA,Sodium (mg/100 g),2124.0,mg,USDA,0.8,equivalent,Sauce hot chile sriracha,"USDA FoodData Central, SR Legacy (04/2018), FDC ID 171186 (CC0 1.0) — glucides hors fibres et énergie recalculés (UE 1169/2011)"
ING-COND-SRIRACHA-000001,raw,main,FDC171186,"Sauce, hot chile, sriracha",CA,Calcium (mg/100 g),18.0,mg,USDA,0.8,equivalent,Sauce hot chile sriracha,"USDA FoodData Central, SR Legacy (04/2018), FDC ID 171186 (CC0 1.0) — glucides hors fibres et énergie recalculés (UE 1169/2011)"
ING-COND-SRIRACHA-000001,raw,main,FDC171186,"Sauce, hot chile, sriracha",FE,Fer (mg/100 g),1.64,mg,USDA,0.8,equivalent,Sauce hot chile sriracha,"USDA FoodData Central, SR Legacy (04/2018), FDC ID 171186 (CC0 1.0) — glucides hors fibres et énergie recalculés (UE 1169/2011)"
ING-COND-SRIRACHA-000001,raw,main,FDC171186,"Sauce, hot chile, sriracha",MG,Magnésium (mg/100 g),16.0,mg,USDA,0.8,equivalent,Sauce hot chile sriracha,"USDA FoodData Central, SR Legacy (04/2018), FDC ID 171186 (CC0 1.0) — glucides hors fibres et énergie recalculés (UE 1169/2011)"
ING-COND-SRIRACHA-000001,raw,main,FDC171186,"Sauce, hot chile, sriracha",P,Phosphore (mg/100 g),46.0,mg,USDA,0.8,equivalent,Sauce hot chile sriracha,"USDA FoodData Central, SR Legacy (04/2018), FDC ID 171186 (CC0 1.0) — glucides hors fibres et énergie recalculés (UE 1169/2011)"
ING-COND-SRIRACHA-000001,raw,main,FDC171186,"Sauce, hot chile, sriracha",K,Potassium (mg/100 g),321.0,mg,USDA,0.8,equivalent,Sauce hot chile sriracha,"USDA FoodData Central, SR Legacy (04/2018), FDC ID 171186 (CC0 1.0) — glucides hors fibres et énergie recalculés (UE 1169/2011)"
ING-COND-SRIRACHA-000001,raw,main,FDC171186,"Sauce, hot chile, sriracha",ZN,Zinc (mg/100 g),0.24,mg,USDA,0.8,equivalent,Sauce hot chile sriracha,"USDA FoodData Central, SR Legacy (04/2018), FDC ID 171186 (CC0 1.0) — glucides hors fibres et énergie recalculés (UE 1169/2011)"
ING-COND-SRIRACHA-000001,raw,main,FDC171186,"Sauce, hot chile, sriracha",CU,Cuivre (mg/100 g),0.06,mg,USDA,0.8,equivalent,Sauce hot chile sriracha,"USDA FoodData Central, SR Legacy (04/2018), FDC ID 171186 (CC0 1.0) — glucides hors fibres et énergie recalculés (UE 1169/2011)"
ING-COND-SRIRACHA-000001,raw,main,FDC171186,"Sauce, hot chile, sriracha",MN,Manganèse (mg/100 g),0.146,mg,USDA,0.8,equivalent,Sauce hot chile sriracha,"USDA FoodData Central, SR Legacy (04/2018), FDC ID 171186 (CC0 1.0) — glucides hors fibres et énergie recalculés (UE 1169/2011)"
ING-COND-SRIRACHA-000001,raw,main,FDC171186,"Sauce, hot chile, sriracha",SE,Sélénium (µg/100 g),0.4,µg,USDA,0.8,equivalent,Sauce hot chile sriracha,"USDA FoodData Central, SR Legacy (04/2018), FDC ID 171186 (CC0 1.0) — glucides hors fibres et énergie recalculés (UE 1169/2011)"
ING-COND-SRIRACHA-000001,raw,main,FDC171186,"Sauce, hot chile, sriracha",RAE,"Activité vitaminique A, équivalents rétinol (µg/100 g)",129.0,µg,USDA,0.8,equivalent,Sauce hot chile sriracha,"USDA FoodData Central, SR Legacy (04/2018), FDC ID 171186 (CC0 1.0) — glucides hors fibres et énergie recalculés (UE 1169/2011)"
ING-COND-SRIRACHA-000001,raw,main,FDC171186,"Sauce, hot chile, sriracha",CARTB,Beta-Carotène (µg/100 g),1261.0,µg,USDA,0.8,equivalent,Sauce hot chile sriracha,"USDA FoodData Central, SR Legacy (04/2018), FDC ID 171186 (CC0 1.0) — glucides hors fibres et énergie recalculés (UE 1169/2011)"
ING-COND-SRIRACHA-000001,raw,main,FDC171186,"Sauce, hot chile, sriracha",VITC,Vitamine C (mg/100 g),26.9,mg,USDA,0.8,equivalent,Sauce hot chile sriracha,"USDA FoodData Central, SR Legacy (04/2018), FDC ID 171186 (CC0 1.0) — glucides hors fibres et énergie recalculés (UE 1169/2011)"
ING-COND-SRIRACHA-000001,raw,main,FDC171186,"Sauce, hot chile, sriracha",THIA,Vitamine B1 ou Thiamine (mg/100 g),0.077,mg,USDA,0.8,equivalent,Sauce hot chile sriracha,"USDA FoodData Central, SR Legacy (04/2018), FDC ID 171186 (CC0 1.0) — glucides hors fibres et énergie recalculés (UE 1169/2011)"
ING-COND-SRIRACHA-000001,raw,main,FDC171186,"Sauce, hot chile, sriracha",RIBF,Vitamine B2 ou Riboflavine (mg/100 g),0.222,mg,USDA,0.8,equivalent,Sauce hot chile sriracha,"USDA FoodData Central, SR Legacy (04/2018), FDC ID 171186 (CC0 1.0) — glucides hors fibres et énergie recalculés (UE 1169/2011)"
ING-COND-SRIRACHA-000001,raw,main,FDC171186,"Sauce, hot chile, sriracha",NIA,Vitamine B3 ou PP ou Niacine (mg/100 g),1.248,mg,USDA,0.8,equivalent,Sauce hot chile sriracha,"USDA FoodData Central, SR Legacy (04/2018), FDC ID 171186 (CC0 1.0) — glucides hors fibres et énergie recalculés (UE 1169/2011)"
ING-COND-SRIRACHA-000001,raw,main,FDC171186,"Sauce, hot chile, sriracha",PANTAC,Vitamine B5 ou Acide pantothénique (mg/100 g),0.38,mg,USDA,0.8,equivalent,Sauce hot chile sriracha,"USDA FoodData Central, SR Legacy (04/2018), FDC ID 171186 (CC0 1.0) — glucides hors fibres et énergie recalculés (UE 1169/2011)"
ING-COND-SRIRACHA-000001,raw,main,FDC171186,"Sauce, hot chile, sriracha",VITB6-,Vitamine B6 (mg/100 g),0.455,mg,USDA,0.8,equivalent,Sauce hot chile sriracha,"USDA FoodData Central, SR Legacy (04/2018), FDC ID 171186 (CC0 1.0) — glucides hors fibres et énergie recalculés (UE 1169/2011)"
ING-COND-SRIRACHA-000001,raw,main,FDC171186,"Sauce, hot chile, sriracha",FOL,Vitamine B9 ou Folates totaux (µg/100 g),22.0,µg,USDA,0.8,equivalent,Sauce hot chile sriracha,"USDA FoodData Central, SR Legacy (04/2018), FDC ID 171186 (CC0 1.0) — glucides hors fibres et énergie recalculés (UE 1169/2011)"
ING-COND-SRIRACHA-000001,raw,main,FDC171186,"Sauce, hot chile, sriracha",FOLFD,Folates intrinsèques (µg/100 g),22.0,µg,USDA,0.8,equivalent,Sauce hot chile sriracha,"USDA FoodData Central, SR Legacy (04/2018), FDC ID 171186 (CC0 1.0) — glucides hors fibres et énergie recalculés (UE 1169/2011)"
ING-COND-SRIRACHA-000001,raw,main,FDC171186,"Sauce, hot chile, sriracha",TOCPHA,Alpha-tocophérol (vitamine E) (mg/100 g),4.8,mg,USDA,0.8,equivalent,Sauce hot chile sriracha,"USDA FoodData Central, SR Legacy (04/2018), FDC ID 171186 (CC0 1.0) — glucides hors fibres et énergie recalculés (UE 1169/2011)"
ING-COND-SRIRACHA-000001,raw,main,FDC171186,"Sauce, hot chile, sriracha",VITK1,Vitamine K1 (µg/100 g),10.9,µg,USDA,0.8,equivalent,Sauce hot chile sriracha,"USDA FoodData Central, SR Legacy (04/2018), FDC ID 171186 (CC0 1.0) — glucides hors fibres et énergie recalculés (UE 1169/2011)"
ING-COND-SRIRACHA-000001,raw,main,FDC171186,"Sauce, hot chile, sriracha",CHOAVL,Glucides (g/100 g),16.96,g,USDA,0.8,equivalent,Sauce hot chile sriracha,"USDA FoodData Central, SR Legacy (04/2018), FDC ID 171186 (CC0 1.0) — glucides hors fibres et énergie recalculés (UE 1169/2011)"
ING-COND-SRIRACHA-000001,raw,main,FDC171186,"Sauce, hot chile, sriracha",SALT,Sel chlorure de sodium (g/100 g),5.31,g,USDA,0.8,equivalent,Sauce hot chile sriracha,"USDA FoodData Central, SR Legacy (04/2018), FDC ID 171186 (CC0 1.0) — glucides hors fibres et énergie recalculés (UE 1169/2011)"
ING-COND-SRIRACHA-000001,raw,main,FDC171186,"Sauce, hot chile, sriracha",ENERCKCAL,"Energie, Règlement UE N° 1169/2011 (kcal/100 g)",88.33,kcal,USDA,0.8,equivalent,Sauce hot chile sriracha,"USDA FoodData Central, SR Legacy (04/2018), FDC ID 171186 (CC0 1.0) — glucides hors fibres et énergie recalculés (UE 1169/2011)"
ING-COND-SRIRACHA-000001,raw,main,FDC171186,"Sauce, hot chile, sriracha",ENERC,"Energie, Règlement UE N° 1169/2011 (kJ/100 g)",373.14,kJ,USDA,0.8,equivalent,Sauce hot chile sriracha,"USDA FoodData Central, SR Legacy (04/2018), FDC ID 171186 (CC0 1.0) — glucides hors fibres et énergie recalculés (UE 1169/2011)"
ING-COND-DASHI-000001,raw,main,FDC171606,Fish broth,WATER,Eau (g/100 g),96.0,g,USDA,0.8,proxy,bouillon de poisson USDA (le dashi est un bouillon de bonite et de kombu),"USDA FoodData Central, SR Legacy (04/2018), FDC ID 171606 (CC0 1.0) — glucides hors fibres et énergie recalculés (UE 1169/2011)"
ING-COND-DASHI-000001,raw,main,FDC171606,Fish broth,ASH,Cendres (g/100 g),0.97,g,USDA,0.8,proxy,bouillon de poisson USDA (le dashi est un bouillon de bonite et de kombu),"USDA FoodData Central, SR Legacy (04/2018), FDC ID 171606 (CC0 1.0) — glucides hors fibres et énergie recalculés (UE 1169/2011)"
ING-COND-DASHI-000001,raw,main,FDC171606,Fish broth,PROCNT,"Protéines, N x 6.25 (g/100 g)",2.0,g,USDA,0.8,proxy,bouillon de poisson USDA (le dashi est un bouillon de bonite et de kombu),"USDA FoodData Central, SR Legacy (04/2018), FDC ID 171606 (CC0 1.0) — glucides hors fibres et énergie recalculés (UE 1169/2011)"
ING-COND-DASHI-000001,raw,main,FDC171606,Fish broth,FAT,Lipides (g/100 g),0.6,g,USDA,0.8,proxy,bouillon de poisson USDA (le dashi est un bouillon de bonite et de kombu),"USDA FoodData Central, SR Legacy (04/2018), FDC ID 171606 (CC0 1.0) — glucides hors fibres et énergie recalculés (UE 1169/2011)"
ING-COND-DASHI-000001,raw,main,FDC171606,Fish broth,FIB-,Fibres alimentaires (g/100 g),0.0,g,USDA,0.8,proxy,bouillon de poisson USDA (le dashi est un bouillon de bonite et de kombu),"USDA FoodData Central, SR Legacy (04/2018), FDC ID 171606 (CC0 1.0) — glucides hors fibres et énergie recalculés (UE 1169/2011)"
ING-COND-DASHI-000001,raw,main,FDC171606,Fish broth,SUGAR,Sucres (g/100 g),0.09,g,USDA,0.8,proxy,bouillon de poisson USDA (le dashi est un bouillon de bonite et de kombu),"USDA FoodData Central, SR Legacy (04/2018), FDC ID 171606 (CC0 1.0) — glucides hors fibres et énergie recalculés (UE 1169/2011)"
ING-COND-DASHI-000001,raw,main,FDC171606,Fish broth,ALC,Alcool (éthanol) (g/100 g),0.0,g,USDA,0.8,proxy,bouillon de poisson USDA (le dashi est un bouillon de bonite et de kombu),"USDA FoodData Central, SR Legacy (04/2018), FDC ID 171606 (CC0 1.0) — glucides hors fibres et énergie recalculés (UE 1169/2011)"
ING-COND-DASHI-000001,raw,main,FDC171606,Fish broth,FASAT,AG saturés (g/100 g),0.133,g,USDA,0.8,proxy,bouillon de poisson USDA (le dashi est un bouillon de bonite et de kombu),"USDA FoodData Central, SR Legacy (04/2018), FDC ID 171606 (CC0 1.0) — glucides hors fibres et énergie recalculés (UE 1169/2011)"
ING-COND-DASHI-000001,raw,main,FDC171606,Fish broth,FAMS,AG monoinsaturés (g/100 g),0.108,g,USDA,0.8,proxy,bouillon de poisson USDA (le dashi est un bouillon de bonite et de kombu),"USDA FoodData Central, SR Legacy (04/2018), FDC ID 171606 (CC0 1.0) — glucides hors fibres et énergie recalculés (UE 1169/2011)"
ING-COND-DASHI-000001,raw,main,FDC171606,Fish broth,FAPU,AG polyinsaturés (g/100 g),0.245,g,USDA,0.8,proxy,bouillon de poisson USDA (le dashi est un bouillon de bonite et de kombu),"USDA FoodData Central, SR Legacy (04/2018), FDC ID 171606 (CC0 1.0) — glucides hors fibres et énergie recalculés (UE 1169/2011)"
ING-COND-DASHI-000001,raw,main,FDC171606,Fish broth,CHOL-,Cholestérol (mg/100 g),0.0,mg,USDA,0.8,proxy,bouillon de poisson USDA (le dashi est un bouillon de bonite et de kombu),"USDA FoodData Central, SR Legacy (04/2018), FDC ID 171606 (CC0 1.0) — glucides hors fibres et énergie recalculés (UE 1169/2011)"
ING-COND-DASHI-000001,raw,main,FDC171606,Fish broth,NA,Sodium (mg/100 g),200.0,mg,USDA,0.8,proxy,bouillon de poisson USDA (le dashi est un bouillon de bonite et de kombu),"USDA FoodData Central, SR Legacy (04/2018), FDC ID 171606 (CC0 1.0) — glucides hors fibres et énergie recalculés (UE 1169/2011)"
ING-COND-DASHI-000001,raw,main,FDC171606,Fish broth,CA,Calcium (mg/100 g),30.0,mg,USDA,0.8,proxy,bouillon de poisson USDA (le dashi est un bouillon de bonite et de kombu),"USDA FoodData Central, SR Legacy (04/2018), FDC ID 171606 (CC0 1.0) — glucides hors fibres et énergie recalculés (UE 1169/2011)"
ING-COND-DASHI-000001,raw,main,FDC171606,Fish broth,FE,Fer (mg/100 g),0.21,mg,USDA,0.8,proxy,bouillon de poisson USDA (le dashi est un bouillon de bonite et de kombu),"USDA FoodData Central, SR Legacy (04/2018), FDC ID 171606 (CC0 1.0) — glucides hors fibres et énergie recalculés (UE 1169/2011)"
ING-COND-DASHI-000001,raw,main,FDC171606,Fish broth,MG,Magnésium (mg/100 g),1.0,mg,USDA,0.8,proxy,bouillon de poisson USDA (le dashi est un bouillon de bonite et de kombu),"USDA FoodData Central, SR Legacy (04/2018), FDC ID 171606 (CC0 1.0) — glucides hors fibres et énergie recalculés (UE 1169/2011)"
ING-COND-DASHI-000001,raw,main,FDC171606,Fish broth,P,Phosphore (mg/100 g),30.0,mg,USDA,0.8,proxy,bouillon de poisson USDA (le dashi est un bouillon de bonite et de kombu),"USDA FoodData Central, SR Legacy (04/2018), FDC ID 171606 (CC0 1.0) — glucides hors fibres et énergie recalculés (UE 1169/2011)"
ING-COND-DASHI-000001,raw,main,FDC171606,Fish broth,K,Potassium (mg/100 g),86.0,mg,USDA,0.8,proxy,bouillon de poisson USDA (le dashi est un bouillon de bonite et de kombu),"USDA FoodData Central, SR Legacy (04/2018), FDC ID 171606 (CC0 1.0) — glucides hors fibres et énergie recalculés (UE 1169/2011)"
ING-COND-DASHI-000001,raw,main,FDC171606,Fish broth,ZN,Zinc (mg/100 g),0.1,mg,USDA,0.8,proxy,bouillon de poisson USDA (le dashi est un bouillon de bonite et de kombu),"USDA FoodData Central, SR Legacy (04/2018), FDC ID 171606 (CC0 1.0) — glucides hors fibres et énergie recalculés (UE 1169/2011)"
ING-COND-DASHI-000001,raw,main,FDC171606,Fish broth,CU,Cuivre (mg/100 g),0.051,mg,USDA,0.8,proxy,bouillon de poisson USDA (le dashi est un bouillon de bonite et de kombu),"USDA FoodData Central, SR Legacy (04/2018), FDC ID 171606 (CC0 1.0) — glucides hors fibres et énergie recalculés (UE 1169/2011)"
ING-COND-DASHI-000001,raw,main,FDC171606,Fish broth,SE,Sélénium (µg/100 g),0.7,µg,USDA,0.8,proxy,bouillon de poisson USDA (le dashi est un bouillon de bonite et de kombu),"USDA FoodData Central, SR Legacy (04/2018), FDC ID 171606 (CC0 1.0) — glucides hors fibres et énergie recalculés (UE 1169/2011)"
ING-COND-DASHI-000001,raw,main,FDC171606,Fish broth,RAE,"Activité vitaminique A, équivalents rétinol (µg/100 g)",1.0,µg,USDA,0.8,proxy,bouillon de poisson USDA (le dashi est un bouillon de bonite et de kombu),"USDA FoodData Central, SR Legacy (04/2018), FDC ID 171606 (CC0 1.0) — glucides hors fibres et énergie recalculés (UE 1169/2011)"
ING-COND-DASHI-000001,raw,main,FDC171606,Fish broth,RETOL,Rétinol (µg/100 g),1.0,µg,USDA,0.8,proxy,bouillon de poisson USDA (le dashi est un bouillon de bonite et de kombu),"USDA FoodData Central, SR Legacy (04/2018), FDC ID 171606 (CC0 1.0) — glucides hors fibres et énergie recalculés (UE 1169/2011)"
ING-COND-DASHI-000001,raw,main,FDC171606,Fish broth,CARTB,Beta-Carotène (µg/100 g),0.0,µg,USDA,0.8,proxy,bouillon de poisson USDA (le dashi est un bouillon de bonite et de kombu),"USDA FoodData Central, SR Legacy (04/2018), FDC ID 171606 (CC0 1.0) — glucides hors fibres et énergie recalculés (UE 1169/2011)"
ING-COND-DASHI-000001,raw,main,FDC171606,Fish broth,VITD-,Vitamine D (µg/100 g),0.0,µg,USDA,0.8,proxy,bouillon de poisson USDA (le dashi est un bouillon de bonite et de kombu),"USDA FoodData Central, SR Legacy (04/2018), FDC ID 171606 (CC0 1.0) — glucides hors fibres et énergie recalculés (UE 1169/2011)"
ING-COND-DASHI-000001,raw,main,FDC171606,Fish broth,VITC,Vitamine C (mg/100 g),0.0,mg,USDA,0.8,proxy,bouillon de poisson USDA (le dashi est un bouillon de bonite et de kombu),"USDA FoodData Central, SR Legacy (04/2018), FDC ID 171606 (CC0 1.0) — glucides hors fibres et énergie recalculés (UE 1169/2011)"
ING-COND-DASHI-000001,raw,main,FDC171606,Fish broth,THIA,Vitamine B1 ou Thiamine (mg/100 g),0.0,mg,USDA,0.8,proxy,bouillon de poisson USDA (le dashi est un bouillon de bonite et de kombu),"USDA FoodData Central, SR Legacy (04/2018), FDC ID 171606 (CC0 1.0) — glucides hors fibres et énergie recalculés (UE 1169/2011)"
ING-COND-DASHI-000001,raw,main,FDC171606,Fish broth,RIBF,Vitamine B2 ou Riboflavine (mg/100 g),0.03,mg,USDA,0.8,proxy,bouillon de poisson USDA (le dashi est un bouillon de bonite et de kombu),"USDA FoodData Central, SR Legacy (04/2018), FDC ID 171606 (CC0 1.0) — glucides hors fibres et énergie recalculés (UE 1169/2011)"
ING-COND-DASHI-000001,raw,main,FDC171606,Fish broth,NIA,Vitamine B3 ou PP ou Niacine (mg/100 g),1.37,mg,USDA,0.8,proxy,bouillon de poisson USDA (le dashi est un bouillon de bonite et de kombu),"USDA FoodData Central, SR Legacy (04/2018), FDC ID 171606 (CC0 1.0) — glucides hors fibres et énergie recalculés (UE 1169/2011)"
ING-COND-DASHI-000001,raw,main,FDC171606,Fish broth,VITB6-,Vitamine B6 (mg/100 g),0.01,mg,USDA,0.8,proxy,bouillon de poisson USDA (le dashi est un bouillon de bonite et de kombu),"USDA FoodData Central, SR Legacy (04/2018), FDC ID 171606 (CC0 1.0) — glucides hors fibres et énergie recalculés (UE 1169/2011)"
ING-COND-DASHI-000001,raw,main,FDC171606,Fish broth,VITB12,Vitamine B12 (µg/100 g),0.1,µg,USDA,0.8,proxy,bouillon de poisson USDA (le dashi est un bouillon de bonite et de kombu),"USDA FoodData Central, SR Legacy (04/2018), FDC ID 171606 (CC0 1.0) — glucides hors fibres et énergie recalculés (UE 1169/2011)"
ING-COND-DASHI-000001,raw,main,FDC171606,Fish broth,FOL,Vitamine B9 ou Folates totaux (µg/100 g),4.0,µg,USDA,0.8,proxy,bouillon de poisson USDA (le dashi est un bouillon de bonite et de kombu),"USDA FoodData Central, SR Legacy (04/2018), FDC ID 171606 (CC0 1.0) — glucides hors fibres et énergie recalculés (UE 1169/2011)"
ING-COND-DASHI-000001,raw,main,FDC171606,Fish broth,FOLAC,Acide folique (enrichissement) (µg/100 g),0.0,µg,USDA,0.8,proxy,bouillon de poisson USDA (le dashi est un bouillon de bonite et de kombu),"USDA FoodData Central, SR Legacy (04/2018), FDC ID 171606 (CC0 1.0) — glucides hors fibres et énergie recalculés (UE 1169/2011)"
ING-COND-DASHI-000001,raw,main,FDC171606,Fish broth,FOLFD,Folates intrinsèques (µg/100 g),4.0,µg,USDA,0.8,proxy,bouillon de poisson USDA (le dashi est un bouillon de bonite et de kombu),"USDA FoodData Central, SR Legacy (04/2018), FDC ID 171606 (CC0 1.0) — glucides hors fibres et énergie recalculés (UE 1169/2011)"
ING-COND-DASHI-000001,raw,main,FDC171606,Fish broth,FOLDFE,"Vitamine B9 ou Folates totaux, équivalents folates alimentaires, DFE (µg/100 g)",4.0,µg,USDA,0.8,proxy,bouillon de poisson USDA (le dashi est un bouillon de bonite et de kombu),"USDA FoodData Central, SR Legacy (04/2018), FDC ID 171606 (CC0 1.0) — glucides hors fibres et énergie recalculés (UE 1169/2011)"
ING-COND-DASHI-000001,raw,main,FDC171606,Fish broth,TOCPHA,Alpha-tocophérol (vitamine E) (mg/100 g),0.15,mg,USDA,0.8,proxy,bouillon de poisson USDA (le dashi est un bouillon de bonite et de kombu),"USDA FoodData Central, SR Legacy (04/2018), FDC ID 171606 (CC0 1.0) — glucides hors fibres et énergie recalculés (UE 1169/2011)"
ING-COND-DASHI-000001,raw,main,FDC171606,Fish broth,VITK1,Vitamine K1 (µg/100 g),0.2,µg,USDA,0.8,proxy,bouillon de poisson USDA (le dashi est un bouillon de bonite et de kombu),"USDA FoodData Central, SR Legacy (04/2018), FDC ID 171606 (CC0 1.0) — glucides hors fibres et énergie recalculés (UE 1169/2011)"
ING-COND-DASHI-000001,raw,main,FDC171606,Fish broth,CHOAVL,Glucides (g/100 g),0.4,g,USDA,0.8,proxy,bouillon de poisson USDA (le dashi est un bouillon de bonite et de kombu),"USDA FoodData Central, SR Legacy (04/2018), FDC ID 171606 (CC0 1.0) — glucides hors fibres et énergie recalculés (UE 1169/2011)"
ING-COND-DASHI-000001,raw,main,FDC171606,Fish broth,SALT,Sel chlorure de sodium (g/100 g),0.5,g,USDA,0.8,proxy,bouillon de poisson USDA (le dashi est un bouillon de bonite et de kombu),"USDA FoodData Central, SR Legacy (04/2018), FDC ID 171606 (CC0 1.0) — glucides hors fibres et énergie recalculés (UE 1169/2011)"
ING-COND-DASHI-000001,raw,main,FDC171606,Fish broth,ENERCKCAL,"Energie, Règlement UE N° 1169/2011 (kcal/100 g)",15.0,kcal,USDA,0.8,proxy,bouillon de poisson USDA (le dashi est un bouillon de bonite et de kombu),"USDA FoodData Central, SR Legacy (04/2018), FDC ID 171606 (CC0 1.0) — glucides hors fibres et énergie recalculés (UE 1169/2011)"
ING-COND-DASHI-000001,raw,main,FDC171606,Fish broth,ENERC,"Energie, Règlement UE N° 1169/2011 (kJ/100 g)",63.0,kJ,USDA,0.8,proxy,bouillon de poisson USDA (le dashi est un bouillon de bonite et de kombu),"USDA FoodData Central, SR Legacy (04/2018), FDC ID 171606 (CC0 1.0) — glucides hors fibres et énergie recalculés (UE 1169/2011)"
ING-TECH-BOUILLONDASH-000001,raw,main,FDC171606,Fish broth,WATER,Eau (g/100 g),96.0,g,USDA,0.8,proxy,bouillon de poisson USDA (le dashi est un bouillon de bonite et de kombu),"USDA FoodData Central, SR Legacy (04/2018), FDC ID 171606 (CC0 1.0) — glucides hors fibres et énergie recalculés (UE 1169/2011)"
ING-TECH-BOUILLONDASH-000001,raw,main,FDC171606,Fish broth,ASH,Cendres (g/100 g),0.97,g,USDA,0.8,proxy,bouillon de poisson USDA (le dashi est un bouillon de bonite et de kombu),"USDA FoodData Central, SR Legacy (04/2018), FDC ID 171606 (CC0 1.0) — glucides hors fibres et énergie recalculés (UE 1169/2011)"
ING-TECH-BOUILLONDASH-000001,raw,main,FDC171606,Fish broth,PROCNT,"Protéines, N x 6.25 (g/100 g)",2.0,g,USDA,0.8,proxy,bouillon de poisson USDA (le dashi est un bouillon de bonite et de kombu),"USDA FoodData Central, SR Legacy (04/2018), FDC ID 171606 (CC0 1.0) — glucides hors fibres et énergie recalculés (UE 1169/2011)"
ING-TECH-BOUILLONDASH-000001,raw,main,FDC171606,Fish broth,FAT,Lipides (g/100 g),0.6,g,USDA,0.8,proxy,bouillon de poisson USDA (le dashi est un bouillon de bonite et de kombu),"USDA FoodData Central, SR Legacy (04/2018), FDC ID 171606 (CC0 1.0) — glucides hors fibres et énergie recalculés (UE 1169/2011)"
ING-TECH-BOUILLONDASH-000001,raw,main,FDC171606,Fish broth,FIB-,Fibres alimentaires (g/100 g),0.0,g,USDA,0.8,proxy,bouillon de poisson USDA (le dashi est un bouillon de bonite et de kombu),"USDA FoodData Central, SR Legacy (04/2018), FDC ID 171606 (CC0 1.0) — glucides hors fibres et énergie recalculés (UE 1169/2011)"
ING-TECH-BOUILLONDASH-000001,raw,main,FDC171606,Fish broth,SUGAR,Sucres (g/100 g),0.09,g,USDA,0.8,proxy,bouillon de poisson USDA (le dashi est un bouillon de bonite et de kombu),"USDA FoodData Central, SR Legacy (04/2018), FDC ID 171606 (CC0 1.0) — glucides hors fibres et énergie recalculés (UE 1169/2011)"
ING-TECH-BOUILLONDASH-000001,raw,main,FDC171606,Fish broth,ALC,Alcool (éthanol) (g/100 g),0.0,g,USDA,0.8,proxy,bouillon de poisson USDA (le dashi est un bouillon de bonite et de kombu),"USDA FoodData Central, SR Legacy (04/2018), FDC ID 171606 (CC0 1.0) — glucides hors fibres et énergie recalculés (UE 1169/2011)"
ING-TECH-BOUILLONDASH-000001,raw,main,FDC171606,Fish broth,FASAT,AG saturés (g/100 g),0.133,g,USDA,0.8,proxy,bouillon de poisson USDA (le dashi est un bouillon de bonite et de kombu),"USDA FoodData Central, SR Legacy (04/2018), FDC ID 171606 (CC0 1.0) — glucides hors fibres et énergie recalculés (UE 1169/2011)"
ING-TECH-BOUILLONDASH-000001,raw,main,FDC171606,Fish broth,FAMS,AG monoinsaturés (g/100 g),0.108,g,USDA,0.8,proxy,bouillon de poisson USDA (le dashi est un bouillon de bonite et de kombu),"USDA FoodData Central, SR Legacy (04/2018), FDC ID 171606 (CC0 1.0) — glucides hors fibres et énergie recalculés (UE 1169/2011)"
ING-TECH-BOUILLONDASH-000001,raw,main,FDC171606,Fish broth,FAPU,AG polyinsaturés (g/100 g),0.245,g,USDA,0.8,proxy,bouillon de poisson USDA (le dashi est un bouillon de bonite et de kombu),"USDA FoodData Central, SR Legacy (04/2018), FDC ID 171606 (CC0 1.0) — glucides hors fibres et énergie recalculés (UE 1169/2011)"
ING-TECH-BOUILLONDASH-000001,raw,main,FDC171606,Fish broth,CHOL-,Cholestérol (mg/100 g),0.0,mg,USDA,0.8,proxy,bouillon de poisson USDA (le dashi est un bouillon de bonite et de kombu),"USDA FoodData Central, SR Legacy (04/2018), FDC ID 171606 (CC0 1.0) — glucides hors fibres et énergie recalculés (UE 1169/2011)"
ING-TECH-BOUILLONDASH-000001,raw,main,FDC171606,Fish broth,NA,Sodium (mg/100 g),200.0,mg,USDA,0.8,proxy,bouillon de poisson USDA (le dashi est un bouillon de bonite et de kombu),"USDA FoodData Central, SR Legacy (04/2018), FDC ID 171606 (CC0 1.0) — glucides hors fibres et énergie recalculés (UE 1169/2011)"
ING-TECH-BOUILLONDASH-000001,raw,main,FDC171606,Fish broth,CA,Calcium (mg/100 g),30.0,mg,USDA,0.8,proxy,bouillon de poisson USDA (le dashi est un bouillon de bonite et de kombu),"USDA FoodData Central, SR Legacy (04/2018), FDC ID 171606 (CC0 1.0) — glucides hors fibres et énergie recalculés (UE 1169/2011)"
ING-TECH-BOUILLONDASH-000001,raw,main,FDC171606,Fish broth,FE,Fer (mg/100 g),0.21,mg,USDA,0.8,proxy,bouillon de poisson USDA (le dashi est un bouillon de bonite et de kombu),"USDA FoodData Central, SR Legacy (04/2018), FDC ID 171606 (CC0 1.0) — glucides hors fibres et énergie recalculés (UE 1169/2011)"
ING-TECH-BOUILLONDASH-000001,raw,main,FDC171606,Fish broth,MG,Magnésium (mg/100 g),1.0,mg,USDA,0.8,proxy,bouillon de poisson USDA (le dashi est un bouillon de bonite et de kombu),"USDA FoodData Central, SR Legacy (04/2018), FDC ID 171606 (CC0 1.0) — glucides hors fibres et énergie recalculés (UE 1169/2011)"
ING-TECH-BOUILLONDASH-000001,raw,main,FDC171606,Fish broth,P,Phosphore (mg/100 g),30.0,mg,USDA,0.8,proxy,bouillon de poisson USDA (le dashi est un bouillon de bonite et de kombu),"USDA FoodData Central, SR Legacy (04/2018), FDC ID 171606 (CC0 1.0) — glucides hors fibres et énergie recalculés (UE 1169/2011)"
ING-TECH-BOUILLONDASH-000001,raw,main,FDC171606,Fish broth,K,Potassium (mg/100 g),86.0,mg,USDA,0.8,proxy,bouillon de poisson USDA (le dashi est un bouillon de bonite et de kombu),"USDA FoodData Central, SR Legacy (04/2018), FDC ID 171606 (CC0 1.0) — glucides hors fibres et énergie recalculés (UE 1169/2011)"
ING-TECH-BOUILLONDASH-000001,raw,main,FDC171606,Fish broth,ZN,Zinc (mg/100 g),0.1,mg,USDA,0.8,proxy,bouillon de poisson USDA (le dashi est un bouillon de bonite et de kombu),"USDA FoodData Central, SR Legacy (04/2018), FDC ID 171606 (CC0 1.0) — glucides hors fibres et énergie recalculés (UE 1169/2011)"
ING-TECH-BOUILLONDASH-000001,raw,main,FDC171606,Fish broth,CU,Cuivre (mg/100 g),0.051,mg,USDA,0.8,proxy,bouillon de poisson USDA (le dashi est un bouillon de bonite et de kombu),"USDA FoodData Central, SR Legacy (04/2018), FDC ID 171606 (CC0 1.0) — glucides hors fibres et énergie recalculés (UE 1169/2011)"
ING-TECH-BOUILLONDASH-000001,raw,main,FDC171606,Fish broth,SE,Sélénium (µg/100 g),0.7,µg,USDA,0.8,proxy,bouillon de poisson USDA (le dashi est un bouillon de bonite et de kombu),"USDA FoodData Central, SR Legacy (04/2018), FDC ID 171606 (CC0 1.0) — glucides hors fibres et énergie recalculés (UE 1169/2011)"
ING-TECH-BOUILLONDASH-000001,raw,main,FDC171606,Fish broth,RAE,"Activité vitaminique A, équivalents rétinol (µg/100 g)",1.0,µg,USDA,0.8,proxy,bouillon de poisson USDA (le dashi est un bouillon de bonite et de kombu),"USDA FoodData Central, SR Legacy (04/2018), FDC ID 171606 (CC0 1.0) — glucides hors fibres et énergie recalculés (UE 1169/2011)"
ING-TECH-BOUILLONDASH-000001,raw,main,FDC171606,Fish broth,RETOL,Rétinol (µg/100 g),1.0,µg,USDA,0.8,proxy,bouillon de poisson USDA (le dashi est un bouillon de bonite et de kombu),"USDA FoodData Central, SR Legacy (04/2018), FDC ID 171606 (CC0 1.0) — glucides hors fibres et énergie recalculés (UE 1169/2011)"
ING-TECH-BOUILLONDASH-000001,raw,main,FDC171606,Fish broth,CARTB,Beta-Carotène (µg/100 g),0.0,µg,USDA,0.8,proxy,bouillon de poisson USDA (le dashi est un bouillon de bonite et de kombu),"USDA FoodData Central, SR Legacy (04/2018), FDC ID 171606 (CC0 1.0) — glucides hors fibres et énergie recalculés (UE 1169/2011)"
ING-TECH-BOUILLONDASH-000001,raw,main,FDC171606,Fish broth,VITD-,Vitamine D (µg/100 g),0.0,µg,USDA,0.8,proxy,bouillon de poisson USDA (le dashi est un bouillon de bonite et de kombu),"USDA FoodData Central, SR Legacy (04/2018), FDC ID 171606 (CC0 1.0) — glucides hors fibres et énergie recalculés (UE 1169/2011)"
ING-TECH-BOUILLONDASH-000001,raw,main,FDC171606,Fish broth,VITC,Vitamine C (mg/100 g),0.0,mg,USDA,0.8,proxy,bouillon de poisson USDA (le dashi est un bouillon de bonite et de kombu),"USDA FoodData Central, SR Legacy (04/2018), FDC ID 171606 (CC0 1.0) — glucides hors fibres et énergie recalculés (UE 1169/2011)"
ING-TECH-BOUILLONDASH-000001,raw,main,FDC171606,Fish broth,THIA,Vitamine B1 ou Thiamine (mg/100 g),0.0,mg,USDA,0.8,proxy,bouillon de poisson USDA (le dashi est un bouillon de bonite et de kombu),"USDA FoodData Central, SR Legacy (04/2018), FDC ID 171606 (CC0 1.0) — glucides hors fibres et énergie recalculés (UE 1169/2011)"
ING-TECH-BOUILLONDASH-000001,raw,main,FDC171606,Fish broth,RIBF,Vitamine B2 ou Riboflavine (mg/100 g),0.03,mg,USDA,0.8,proxy,bouillon de poisson USDA (le dashi est un bouillon de bonite et de kombu),"USDA FoodData Central, SR Legacy (04/2018), FDC ID 171606 (CC0 1.0) — glucides hors fibres et énergie recalculés (UE 1169/2011)"
ING-TECH-BOUILLONDASH-000001,raw,main,FDC171606,Fish broth,NIA,Vitamine B3 ou PP ou Niacine (mg/100 g),1.37,mg,USDA,0.8,proxy,bouillon de poisson USDA (le dashi est un bouillon de bonite et de kombu),"USDA FoodData Central, SR Legacy (04/2018), FDC ID 171606 (CC0 1.0) — glucides hors fibres et énergie recalculés (UE 1169/2011)"
ING-TECH-BOUILLONDASH-000001,raw,main,FDC171606,Fish broth,VITB6-,Vitamine B6 (mg/100 g),0.01,mg,USDA,0.8,proxy,bouillon de poisson USDA (le dashi est un bouillon de bonite et de kombu),"USDA FoodData Central, SR Legacy (04/2018), FDC ID 171606 (CC0 1.0) — glucides hors fibres et énergie recalculés (UE 1169/2011)"
ING-TECH-BOUILLONDASH-000001,raw,main,FDC171606,Fish broth,VITB12,Vitamine B12 (µg/100 g),0.1,µg,USDA,0.8,proxy,bouillon de poisson USDA (le dashi est un bouillon de bonite et de kombu),"USDA FoodData Central, SR Legacy (04/2018), FDC ID 171606 (CC0 1.0) — glucides hors fibres et énergie recalculés (UE 1169/2011)"
ING-TECH-BOUILLONDASH-000001,raw,main,FDC171606,Fish broth,FOL,Vitamine B9 ou Folates totaux (µg/100 g),4.0,µg,USDA,0.8,proxy,bouillon de poisson USDA (le dashi est un bouillon de bonite et de kombu),"USDA FoodData Central, SR Legacy (04/2018), FDC ID 171606 (CC0 1.0) — glucides hors fibres et énergie recalculés (UE 1169/2011)"
ING-TECH-BOUILLONDASH-000001,raw,main,FDC171606,Fish broth,FOLAC,Acide folique (enrichissement) (µg/100 g),0.0,µg,USDA,0.8,proxy,bouillon de poisson USDA (le dashi est un bouillon de bonite et de kombu),"USDA FoodData Central, SR Legacy (04/2018), FDC ID 171606 (CC0 1.0) — glucides hors fibres et énergie recalculés (UE 1169/2011)"
ING-TECH-BOUILLONDASH-000001,raw,main,FDC171606,Fish broth,FOLFD,Folates intrinsèques (µg/100 g),4.0,µg,USDA,0.8,proxy,bouillon de poisson USDA (le dashi est un bouillon de bonite et de kombu),"USDA FoodData Central, SR Legacy (04/2018), FDC ID 171606 (CC0 1.0) — glucides hors fibres et énergie recalculés (UE 1169/2011)"
ING-TECH-BOUILLONDASH-000001,raw,main,FDC171606,Fish broth,FOLDFE,"Vitamine B9 ou Folates totaux, équivalents folates alimentaires, DFE (µg/100 g)",4.0,µg,USDA,0.8,proxy,bouillon de poisson USDA (le dashi est un bouillon de bonite et de kombu),"USDA FoodData Central, SR Legacy (04/2018), FDC ID 171606 (CC0 1.0) — glucides hors fibres et énergie recalculés (UE 1169/2011)"
ING-TECH-BOUILLONDASH-000001,raw,main,FDC171606,Fish broth,TOCPHA,Alpha-tocophérol (vitamine E) (mg/100 g),0.15,mg,USDA,0.8,proxy,bouillon de poisson USDA (le dashi est un bouillon de bonite et de kombu),"USDA FoodData Central, SR Legacy (04/2018), FDC ID 171606 (CC0 1.0) — glucides hors fibres et énergie recalculés (UE 1169/2011)"
ING-TECH-BOUILLONDASH-000001,raw,main,FDC171606,Fish broth,VITK1,Vitamine K1 (µg/100 g),0.2,µg,USDA,0.8,proxy,bouillon de poisson USDA (le dashi est un bouillon de bonite et de kombu),"USDA FoodData Central, SR Legacy (04/2018), FDC ID 171606 (CC0 1.0) — glucides hors fibres et énergie recalculés (UE 1169/2011)"
ING-TECH-BOUILLONDASH-000001,raw,main,FDC171606,Fish broth,CHOAVL,Glucides (g/100 g),0.4,g,USDA,0.8,proxy,bouillon de poisson USDA (le dashi est un bouillon de bonite et de kombu),"USDA FoodData Central, SR Legacy (04/2018), FDC ID 171606 (CC0 1.0) — glucides hors fibres et énergie recalculés (UE 1169/2011)"
ING-TECH-BOUILLONDASH-000001,raw,main,FDC171606,Fish broth,SALT,Sel chlorure de sodium (g/100 g),0.5,g,USDA,0.8,proxy,bouillon de poisson USDA (le dashi est un bouillon de bonite et de kombu),"USDA FoodData Central, SR Legacy (04/2018), FDC ID 171606 (CC0 1.0) — glucides hors fibres et énergie recalculés (UE 1169/2011)"
ING-TECH-BOUILLONDASH-000001,raw,main,FDC171606,Fish broth,ENERCKCAL,"Energie, Règlement UE N° 1169/2011 (kcal/100 g)",15.0,kcal,USDA,0.8,proxy,bouillon de poisson USDA (le dashi est un bouillon de bonite et de kombu),"USDA FoodData Central, SR Legacy (04/2018), FDC ID 171606 (CC0 1.0) — glucides hors fibres et énergie recalculés (UE 1169/2011)"
ING-TECH-BOUILLONDASH-000001,raw,main,FDC171606,Fish broth,ENERC,"Energie, Règlement UE N° 1169/2011 (kJ/100 g)",63.0,kJ,USDA,0.8,proxy,bouillon de poisson USDA (le dashi est un bouillon de bonite et de kombu),"USDA FoodData Central, SR Legacy (04/2018), FDC ID 171606 (CC0 1.0) — glucides hors fibres et énergie recalculés (UE 1169/2011)"
ING-FERMENT-PICKLEDECHOU-000001,raw,main,FDC169279,"Sauerkraut, canned, solids and liquids",WATER,Eau (g/100 g),92.52,g,USDA,0.8,equivalent,Sauerkraut canned solids and liquids,"USDA FoodData Central, SR Legacy (04/2018), FDC ID 169279 (CC0 1.0) — glucides hors fibres et énergie recalculés (UE 1169/2011)"
ING-FERMENT-PICKLEDECHOU-000001,raw,main,FDC169279,"Sauerkraut, canned, solids and liquids",ASH,Cendres (g/100 g),2.15,g,USDA,0.8,equivalent,Sauerkraut canned solids and liquids,"USDA FoodData Central, SR Legacy (04/2018), FDC ID 169279 (CC0 1.0) — glucides hors fibres et énergie recalculés (UE 1169/2011)"
ING-FERMENT-PICKLEDECHOU-000001,raw,main,FDC169279,"Sauerkraut, canned, solids and liquids",PROCNT,"Protéines, N x 6.25 (g/100 g)",0.91,g,USDA,0.8,equivalent,Sauerkraut canned solids and liquids,"USDA FoodData Central, SR Legacy (04/2018), FDC ID 169279 (CC0 1.0) — glucides hors fibres et énergie recalculés (UE 1169/2011)"
ING-FERMENT-PICKLEDECHOU-000001,raw,main,FDC169279,"Sauerkraut, canned, solids and liquids",FAT,Lipides (g/100 g),0.14,g,USDA,0.8,equivalent,Sauerkraut canned solids and liquids,"USDA FoodData Central, SR Legacy (04/2018), FDC ID 169279 (CC0 1.0) — glucides hors fibres et énergie recalculés (UE 1169/2011)"
ING-FERMENT-PICKLEDECHOU-000001,raw,main,FDC169279,"Sauerkraut, canned, solids and liquids",FIB-,Fibres alimentaires (g/100 g),2.9,g,USDA,0.8,equivalent,Sauerkraut canned solids and liquids,"USDA FoodData Central, SR Legacy (04/2018), FDC ID 169279 (CC0 1.0) — glucides hors fibres et énergie recalculés (UE 1169/2011)"
ING-FERMENT-PICKLEDECHOU-000001,raw,main,FDC169279,"Sauerkraut, canned, solids and liquids",SUGAR,Sucres (g/100 g),1.78,g,USDA,0.8,equivalent,Sauerkraut canned solids and liquids,"USDA FoodData Central, SR Legacy (04/2018), FDC ID 169279 (CC0 1.0) — glucides hors fibres et énergie recalculés (UE 1169/2011)"
ING-FERMENT-PICKLEDECHOU-000001,raw,main,FDC169279,"Sauerkraut, canned, solids and liquids",GLUS,Glucose (g/100 g),0.14,g,USDA,0.8,equivalent,Sauerkraut canned solids and liquids,"USDA FoodData Central, SR Legacy (04/2018), FDC ID 169279 (CC0 1.0) — glucides hors fibres et énergie recalculés (UE 1169/2011)"
ING-FERMENT-PICKLEDECHOU-000001,raw,main,FDC169279,"Sauerkraut, canned, solids and liquids",FRUS,Fructose (g/100 g),0.04,g,USDA,0.8,equivalent,Sauerkraut canned solids and liquids,"USDA FoodData Central, SR Legacy (04/2018), FDC ID 169279 (CC0 1.0) — glucides hors fibres et énergie recalculés (UE 1169/2011)"
ING-FERMENT-PICKLEDECHOU-000001,raw,main,FDC169279,"Sauerkraut, canned, solids and liquids",ALC,Alcool (éthanol) (g/100 g),0.0,g,USDA,0.8,equivalent,Sauerkraut canned solids and liquids,"USDA FoodData Central, SR Legacy (04/2018), FDC ID 169279 (CC0 1.0) — glucides hors fibres et énergie recalculés (UE 1169/2011)"
ING-FERMENT-PICKLEDECHOU-000001,raw,main,FDC169279,"Sauerkraut, canned, solids and liquids",FASAT,AG saturés (g/100 g),0.034,g,USDA,0.8,equivalent,Sauerkraut canned solids and liquids,"USDA FoodData Central, SR Legacy (04/2018), FDC ID 169279 (CC0 1.0) — glucides hors fibres et énergie recalculés (UE 1169/2011)"
ING-FERMENT-PICKLEDECHOU-000001,raw,main,FDC169279,"Sauerkraut, canned, solids and liquids",FAMS,AG monoinsaturés (g/100 g),0.013,g,USDA,0.8,equivalent,Sauerkraut canned solids and liquids,"USDA FoodData Central, SR Legacy (04/2018), FDC ID 169279 (CC0 1.0) — glucides hors fibres et énergie recalculés (UE 1169/2011)"
ING-FERMENT-PICKLEDECHOU-000001,raw,main,FDC169279,"Sauerkraut, canned, solids and liquids",FAPU,AG polyinsaturés (g/100 g),0.067,g,USDA,0.8,equivalent,Sauerkraut canned solids and liquids,"USDA FoodData Central, SR Legacy (04/2018), FDC ID 169279 (CC0 1.0) — glucides hors fibres et énergie recalculés (UE 1169/2011)"
ING-FERMENT-PICKLEDECHOU-000001,raw,main,FDC169279,"Sauerkraut, canned, solids and liquids",CHOL-,Cholestérol (mg/100 g),0.0,mg,USDA,0.8,equivalent,Sauerkraut canned solids and liquids,"USDA FoodData Central, SR Legacy (04/2018), FDC ID 169279 (CC0 1.0) — glucides hors fibres et énergie recalculés (UE 1169/2011)"
ING-FERMENT-PICKLEDECHOU-000001,raw,main,FDC169279,"Sauerkraut, canned, solids and liquids",NA,Sodium (mg/100 g),661.0,mg,USDA,0.8,equivalent,Sauerkraut canned solids and liquids,"USDA FoodData Central, SR Legacy (04/2018), FDC ID 169279 (CC0 1.0) — glucides hors fibres et énergie recalculés (UE 1169/2011)"
ING-FERMENT-PICKLEDECHOU-000001,raw,main,FDC169279,"Sauerkraut, canned, solids and liquids",CA,Calcium (mg/100 g),30.0,mg,USDA,0.8,equivalent,Sauerkraut canned solids and liquids,"USDA FoodData Central, SR Legacy (04/2018), FDC ID 169279 (CC0 1.0) — glucides hors fibres et énergie recalculés (UE 1169/2011)"
ING-FERMENT-PICKLEDECHOU-000001,raw,main,FDC169279,"Sauerkraut, canned, solids and liquids",FE,Fer (mg/100 g),1.47,mg,USDA,0.8,equivalent,Sauerkraut canned solids and liquids,"USDA FoodData Central, SR Legacy (04/2018), FDC ID 169279 (CC0 1.0) — glucides hors fibres et énergie recalculés (UE 1169/2011)"
ING-FERMENT-PICKLEDECHOU-000001,raw,main,FDC169279,"Sauerkraut, canned, solids and liquids",MG,Magnésium (mg/100 g),13.0,mg,USDA,0.8,equivalent,Sauerkraut canned solids and liquids,"USDA FoodData Central, SR Legacy (04/2018), FDC ID 169279 (CC0 1.0) — glucides hors fibres et énergie recalculés (UE 1169/2011)"
ING-FERMENT-PICKLEDECHOU-000001,raw,main,FDC169279,"Sauerkraut, canned, solids and liquids",P,Phosphore (mg/100 g),20.0,mg,USDA,0.8,equivalent,Sauerkraut canned solids and liquids,"USDA FoodData Central, SR Legacy (04/2018), FDC ID 169279 (CC0 1.0) — glucides hors fibres et énergie recalculés (UE 1169/2011)"
ING-FERMENT-PICKLEDECHOU-000001,raw,main,FDC169279,"Sauerkraut, canned, solids and liquids",K,Potassium (mg/100 g),170.0,mg,USDA,0.8,equivalent,Sauerkraut canned solids and liquids,"USDA FoodData Central, SR Legacy (04/2018), FDC ID 169279 (CC0 1.0) — glucides hors fibres et énergie recalculés (UE 1169/2011)"
ING-FERMENT-PICKLEDECHOU-000001,raw,main,FDC169279,"Sauerkraut, canned, solids and liquids",ZN,Zinc (mg/100 g),0.19,mg,USDA,0.8,equivalent,Sauerkraut canned solids and liquids,"USDA FoodData Central, SR Legacy (04/2018), FDC ID 169279 (CC0 1.0) — glucides hors fibres et énergie recalculés (UE 1169/2011)"
ING-FERMENT-PICKLEDECHOU-000001,raw,main,FDC169279,"Sauerkraut, canned, solids and liquids",CU,Cuivre (mg/100 g),0.096,mg,USDA,0.8,equivalent,Sauerkraut canned solids and liquids,"USDA FoodData Central, SR Legacy (04/2018), FDC ID 169279 (CC0 1.0) — glucides hors fibres et énergie recalculés (UE 1169/2011)"
ING-FERMENT-PICKLEDECHOU-000001,raw,main,FDC169279,"Sauerkraut, canned, solids and liquids",MN,Manganèse (mg/100 g),0.151,mg,USDA,0.8,equivalent,Sauerkraut canned solids and liquids,"USDA FoodData Central, SR Legacy (04/2018), FDC ID 169279 (CC0 1.0) — glucides hors fibres et énergie recalculés (UE 1169/2011)"
ING-FERMENT-PICKLEDECHOU-000001,raw,main,FDC169279,"Sauerkraut, canned, solids and liquids",SE,Sélénium (µg/100 g),0.6,µg,USDA,0.8,equivalent,Sauerkraut canned solids and liquids,"USDA FoodData Central, SR Legacy (04/2018), FDC ID 169279 (CC0 1.0) — glucides hors fibres et énergie recalculés (UE 1169/2011)"
ING-FERMENT-PICKLEDECHOU-000001,raw,main,FDC169279,"Sauerkraut, canned, solids and liquids",RAE,"Activité vitaminique A, équivalents rétinol (µg/100 g)",1.0,µg,USDA,0.8,equivalent,Sauerkraut canned solids and liquids,"USDA FoodData Central, SR Legacy (04/2018), FDC ID 169279 (CC0 1.0) — glucides hors fibres et énergie recalculés (UE 1169/2011)"
ING-FERMENT-PICKLEDECHOU-000001,raw,main,FDC169279,"Sauerkraut, canned, solids and liquids",RETOL,Rétinol (µg/100 g),0.0,µg,USDA,0.8,equivalent,Sauerkraut canned solids and liquids,"USDA FoodData Central, SR Legacy (04/2018), FDC ID 169279 (CC0 1.0) — glucides hors fibres et énergie recalculés (UE 1169/2011)"
ING-FERMENT-PICKLEDECHOU-000001,raw,main,FDC169279,"Sauerkraut, canned, solids and liquids",CARTB,Beta-Carotène (µg/100 g),8.0,µg,USDA,0.8,equivalent,Sauerkraut canned solids and liquids,"USDA FoodData Central, SR Legacy (04/2018), FDC ID 169279 (CC0 1.0) — glucides hors fibres et énergie recalculés (UE 1169/2011)"
ING-FERMENT-PICKLEDECHOU-000001,raw,main,FDC169279,"Sauerkraut, canned, solids and liquids",VITD-,Vitamine D (µg/100 g),0.0,µg,USDA,0.8,equivalent,Sauerkraut canned solids and liquids,"USDA FoodData Central, SR Legacy (04/2018), FDC ID 169279 (CC0 1.0) — glucides hors fibres et énergie recalculés (UE 1169/2011)"
ING-FERMENT-PICKLEDECHOU-000001,raw,main,FDC169279,"Sauerkraut, canned, solids and liquids",VITC,Vitamine C (mg/100 g),14.7,mg,USDA,0.8,equivalent,Sauerkraut canned solids and liquids,"USDA FoodData Central, SR Legacy (04/2018), FDC ID 169279 (CC0 1.0) — glucides hors fibres et énergie recalculés (UE 1169/2011)"
ING-FERMENT-PICKLEDECHOU-000001,raw,main,FDC169279,"Sauerkraut, canned, solids and liquids",THIA,Vitamine B1 ou Thiamine (mg/100 g),0.021,mg,USDA,0.8,equivalent,Sauerkraut canned solids and liquids,"USDA FoodData Central, SR Legacy (04/2018), FDC ID 169279 (CC0 1.0) — glucides hors fibres et énergie recalculés (UE 1169/2011)"
ING-FERMENT-PICKLEDECHOU-000001,raw,main,FDC169279,"Sauerkraut, canned, solids and liquids",RIBF,Vitamine B2 ou Riboflavine (mg/100 g),0.022,mg,USDA,0.8,equivalent,Sauerkraut canned solids and liquids,"USDA FoodData Central, SR Legacy (04/2018), FDC ID 169279 (CC0 1.0) — glucides hors fibres et énergie recalculés (UE 1169/2011)"
ING-FERMENT-PICKLEDECHOU-000001,raw,main,FDC169279,"Sauerkraut, canned, solids and liquids",NIA,Vitamine B3 ou PP ou Niacine (mg/100 g),0.143,mg,USDA,0.8,equivalent,Sauerkraut canned solids and liquids,"USDA FoodData Central, SR Legacy (04/2018), FDC ID 169279 (CC0 1.0) — glucides hors fibres et énergie recalculés (UE 1169/2011)"
ING-FERMENT-PICKLEDECHOU-000001,raw,main,FDC169279,"Sauerkraut, canned, solids and liquids",PANTAC,Vitamine B5 ou Acide pantothénique (mg/100 g),0.093,mg,USDA,0.8,equivalent,Sauerkraut canned solids and liquids,"USDA FoodData Central, SR Legacy (04/2018), FDC ID 169279 (CC0 1.0) — glucides hors fibres et énergie recalculés (UE 1169/2011)"
ING-FERMENT-PICKLEDECHOU-000001,raw,main,FDC169279,"Sauerkraut, canned, solids and liquids",VITB6-,Vitamine B6 (mg/100 g),0.13,mg,USDA,0.8,equivalent,Sauerkraut canned solids and liquids,"USDA FoodData Central, SR Legacy (04/2018), FDC ID 169279 (CC0 1.0) — glucides hors fibres et énergie recalculés (UE 1169/2011)"
ING-FERMENT-PICKLEDECHOU-000001,raw,main,FDC169279,"Sauerkraut, canned, solids and liquids",VITB12,Vitamine B12 (µg/100 g),0.0,µg,USDA,0.8,equivalent,Sauerkraut canned solids and liquids,"USDA FoodData Central, SR Legacy (04/2018), FDC ID 169279 (CC0 1.0) — glucides hors fibres et énergie recalculés (UE 1169/2011)"
ING-FERMENT-PICKLEDECHOU-000001,raw,main,FDC169279,"Sauerkraut, canned, solids and liquids",FOL,Vitamine B9 ou Folates totaux (µg/100 g),24.0,µg,USDA,0.8,equivalent,Sauerkraut canned solids and liquids,"USDA FoodData Central, SR Legacy (04/2018), FDC ID 169279 (CC0 1.0) — glucides hors fibres et énergie recalculés (UE 1169/2011)"
ING-FERMENT-PICKLEDECHOU-000001,raw,main,FDC169279,"Sauerkraut, canned, solids and liquids",FOLAC,Acide folique (enrichissement) (µg/100 g),0.0,µg,USDA,0.8,equivalent,Sauerkraut canned solids and liquids,"USDA FoodData Central, SR Legacy (04/2018), FDC ID 169279 (CC0 1.0) — glucides hors fibres et énergie recalculés (UE 1169/2011)"
ING-FERMENT-PICKLEDECHOU-000001,raw,main,FDC169279,"Sauerkraut, canned, solids and liquids",FOLFD,Folates intrinsèques (µg/100 g),24.0,µg,USDA,0.8,equivalent,Sauerkraut canned solids and liquids,"USDA FoodData Central, SR Legacy (04/2018), FDC ID 169279 (CC0 1.0) — glucides hors fibres et énergie recalculés (UE 1169/2011)"
ING-FERMENT-PICKLEDECHOU-000001,raw,main,FDC169279,"Sauerkraut, canned, solids and liquids",FOLDFE,"Vitamine B9 ou Folates totaux, équivalents folates alimentaires, DFE (µg/100 g)",24.0,µg,USDA,0.8,equivalent,Sauerkraut canned solids and liquids,"USDA FoodData Central, SR Legacy (04/2018), FDC ID 169279 (CC0 1.0) — glucides hors fibres et énergie recalculés (UE 1169/2011)"
ING-FERMENT-PICKLEDECHOU-000001,raw,main,FDC169279,"Sauerkraut, canned, solids and liquids",TOCPHA,Alpha-tocophérol (vitamine E) (mg/100 g),0.14,mg,USDA,0.8,equivalent,Sauerkraut canned solids and liquids,"USDA FoodData Central, SR Legacy (04/2018), FDC ID 169279 (CC0 1.0) — glucides hors fibres et énergie recalculés (UE 1169/2011)"
ING-FERMENT-PICKLEDECHOU-000001,raw,main,FDC169279,"Sauerkraut, canned, solids and liquids",VITK1,Vitamine K1 (µg/100 g),13.0,µg,USDA,0.8,equivalent,Sauerkraut canned solids and liquids,"USDA FoodData Central, SR Legacy (04/2018), FDC ID 169279 (CC0 1.0) — glucides hors fibres et énergie recalculés (UE 1169/2011)"
ING-FERMENT-PICKLEDECHOU-000001,raw,main,FDC169279,"Sauerkraut, canned, solids and liquids",CHOAVL,Glucides (g/100 g),1.38,g,USDA,0.8,equivalent,Sauerkraut canned solids and liquids,"USDA FoodData Central, SR Legacy (04/2018), FDC ID 169279 (CC0 1.0) — glucides hors fibres et énergie recalculés (UE 1169/2011)"
ING-FERMENT-PICKLEDECHOU-000001,raw,main,FDC169279,"Sauerkraut, canned, solids and liquids",SALT,Sel chlorure de sodium (g/100 g),1.653,g,USDA,0.8,equivalent,Sauerkraut canned solids and liquids,"USDA FoodData Central, SR Legacy (04/2018), FDC ID 169279 (CC0 1.0) — glucides hors fibres et énergie recalculés (UE 1169/2011)"
ING-FERMENT-PICKLEDECHOU-000001,raw,main,FDC169279,"Sauerkraut, canned, solids and liquids",ENERCKCAL,"Energie, Règlement UE N° 1169/2011 (kcal/100 g)",16.22,kcal,USDA,0.8,equivalent,Sauerkraut canned solids and liquids,"USDA FoodData Central, SR Legacy (04/2018), FDC ID 169279 (CC0 1.0) — glucides hors fibres et énergie recalculés (UE 1169/2011)"
ING-FERMENT-PICKLEDECHOU-000001,raw,main,FDC169279,"Sauerkraut, canned, solids and liquids",ENERC,"Energie, Règlement UE N° 1169/2011 (kJ/100 g)",67.31,kJ,USDA,0.8,equivalent,Sauerkraut canned solids and liquids,"USDA FoodData Central, SR Legacy (04/2018), FDC ID 169279 (CC0 1.0) — glucides hors fibres et énergie recalculés (UE 1169/2011)"
ING-TECH-LACTOSRUMPET-000001,raw,main,FDC171282,"Whey, sweet, fluid",WATER,Eau (g/100 g),93.12,g,USDA,0.8,equivalent,Whey sweet fluid,"USDA FoodData Central, SR Legacy (04/2018), FDC ID 171282 (CC0 1.0) — glucides hors fibres et énergie recalculés (UE 1169/2011)"
ING-TECH-LACTOSRUMPET-000001,raw,main,FDC171282,"Whey, sweet, fluid",ASH,Cendres (g/100 g),0.53,g,USDA,0.8,equivalent,Whey sweet fluid,"USDA FoodData Central, SR Legacy (04/2018), FDC ID 171282 (CC0 1.0) — glucides hors fibres et énergie recalculés (UE 1169/2011)"
ING-TECH-LACTOSRUMPET-000001,raw,main,FDC171282,"Whey, sweet, fluid",PROCNT,"Protéines, N x 6.25 (g/100 g)",0.85,g,USDA,0.8,equivalent,Whey sweet fluid,"USDA FoodData Central, SR Legacy (04/2018), FDC ID 171282 (CC0 1.0) — glucides hors fibres et énergie recalculés (UE 1169/2011)"
ING-TECH-LACTOSRUMPET-000001,raw,main,FDC171282,"Whey, sweet, fluid",FAT,Lipides (g/100 g),0.36,g,USDA,0.8,equivalent,Whey sweet fluid,"USDA FoodData Central, SR Legacy (04/2018), FDC ID 171282 (CC0 1.0) — glucides hors fibres et énergie recalculés (UE 1169/2011)"
ING-TECH-LACTOSRUMPET-000001,raw,main,FDC171282,"Whey, sweet, fluid",FIB-,Fibres alimentaires (g/100 g),0.0,g,USDA,0.8,equivalent,Whey sweet fluid,"USDA FoodData Central, SR Legacy (04/2018), FDC ID 171282 (CC0 1.0) — glucides hors fibres et énergie recalculés (UE 1169/2011)"
ING-TECH-LACTOSRUMPET-000001,raw,main,FDC171282,"Whey, sweet, fluid",SUGAR,Sucres (g/100 g),5.14,g,USDA,0.8,equivalent,Whey sweet fluid,"USDA FoodData Central, SR Legacy (04/2018), FDC ID 171282 (CC0 1.0) — glucides hors fibres et énergie recalculés (UE 1169/2011)"
ING-TECH-LACTOSRUMPET-000001,raw,main,FDC171282,"Whey, sweet, fluid",ALC,Alcool (éthanol) (g/100 g),0.0,g,USDA,0.8,equivalent,Whey sweet fluid,"USDA FoodData Central, SR Legacy (04/2018), FDC ID 171282 (CC0 1.0) — glucides hors fibres et énergie recalculés (UE 1169/2011)"
ING-TECH-LACTOSRUMPET-000001,raw,main,FDC171282,"Whey, sweet, fluid",FASAT,AG saturés (g/100 g),0.23,g,USDA,0.8,equivalent,Whey sweet fluid,"USDA FoodData Central, SR Legacy (04/2018), FDC ID 171282 (CC0 1.0) — glucides hors fibres et énergie recalculés (UE 1169/2011)"
ING-TECH-LACTOSRUMPET-000001,raw,main,FDC171282,"Whey, sweet, fluid",FAMS,AG monoinsaturés (g/100 g),0.1,g,USDA,0.8,equivalent,Whey sweet fluid,"USDA FoodData Central, SR Legacy (04/2018), FDC ID 171282 (CC0 1.0) — glucides hors fibres et énergie recalculés (UE 1169/2011)"
ING-TECH-LACTOSRUMPET-000001,raw,main,FDC171282,"Whey, sweet, fluid",FAPU,AG polyinsaturés (g/100 g),0.011,g,USDA,0.8,equivalent,Whey sweet fluid,"USDA FoodData Central, SR Legacy (04/2018), FDC ID 171282 (CC0 1.0) — glucides hors fibres et énergie recalculés (UE 1169/2011)"
ING-TECH-LACTOSRUMPET-000001,raw,main,FDC171282,"Whey, sweet, fluid",CHOL-,Cholestérol (mg/100 g),2.0,mg,USDA,0.8,equivalent,Whey sweet fluid,"USDA FoodData Central, SR Legacy (04/2018), FDC ID 171282 (CC0 1.0) — glucides hors fibres et énergie recalculés (UE 1169/2011)"
ING-TECH-LACTOSRUMPET-000001,raw,main,FDC171282,"Whey, sweet, fluid",NA,Sodium (mg/100 g),54.0,mg,USDA,0.8,equivalent,Whey sweet fluid,"USDA FoodData Central, SR Legacy (04/2018), FDC ID 171282 (CC0 1.0) — glucides hors fibres et énergie recalculés (UE 1169/2011)"
ING-TECH-LACTOSRUMPET-000001,raw,main,FDC171282,"Whey, sweet, fluid",CA,Calcium (mg/100 g),47.0,mg,USDA,0.8,equivalent,Whey sweet fluid,"USDA FoodData Central, SR Legacy (04/2018), FDC ID 171282 (CC0 1.0) — glucides hors fibres et énergie recalculés (UE 1169/2011)"
ING-TECH-LACTOSRUMPET-000001,raw,main,FDC171282,"Whey, sweet, fluid",FE,Fer (mg/100 g),0.06,mg,USDA,0.8,equivalent,Whey sweet fluid,"USDA FoodData Central, SR Legacy (04/2018), FDC ID 171282 (CC0 1.0) — glucides hors fibres et énergie recalculés (UE 1169/2011)"
ING-TECH-LACTOSRUMPET-000001,raw,main,FDC171282,"Whey, sweet, fluid",MG,Magnésium (mg/100 g),8.0,mg,USDA,0.8,equivalent,Whey sweet fluid,"USDA FoodData Central, SR Legacy (04/2018), FDC ID 171282 (CC0 1.0) — glucides hors fibres et énergie recalculés (UE 1169/2011)"
ING-TECH-LACTOSRUMPET-000001,raw,main,FDC171282,"Whey, sweet, fluid",P,Phosphore (mg/100 g),46.0,mg,USDA,0.8,equivalent,Whey sweet fluid,"USDA FoodData Central, SR Legacy (04/2018), FDC ID 171282 (CC0 1.0) — glucides hors fibres et énergie recalculés (UE 1169/2011)"
ING-TECH-LACTOSRUMPET-000001,raw,main,FDC171282,"Whey, sweet, fluid",K,Potassium (mg/100 g),161.0,mg,USDA,0.8,equivalent,Whey sweet fluid,"USDA FoodData Central, SR Legacy (04/2018), FDC ID 171282 (CC0 1.0) — glucides hors fibres et énergie recalculés (UE 1169/2011)"
ING-TECH-LACTOSRUMPET-000001,raw,main,FDC171282,"Whey, sweet, fluid",ZN,Zinc (mg/100 g),0.13,mg,USDA,0.8,equivalent,Whey sweet fluid,"USDA FoodData Central, SR Legacy (04/2018), FDC ID 171282 (CC0 1.0) — glucides hors fibres et énergie recalculés (UE 1169/2011)"
ING-TECH-LACTOSRUMPET-000001,raw,main,FDC171282,"Whey, sweet, fluid",CU,Cuivre (mg/100 g),0.004,mg,USDA,0.8,equivalent,Whey sweet fluid,"USDA FoodData Central, SR Legacy (04/2018), FDC ID 171282 (CC0 1.0) — glucides hors fibres et énergie recalculés (UE 1169/2011)"
ING-TECH-LACTOSRUMPET-000001,raw,main,FDC171282,"Whey, sweet, fluid",MN,Manganèse (mg/100 g),0.001,mg,USDA,0.8,equivalent,Whey sweet fluid,"USDA FoodData Central, SR Legacy (04/2018), FDC ID 171282 (CC0 1.0) — glucides hors fibres et énergie recalculés (UE 1169/2011)"
ING-TECH-LACTOSRUMPET-000001,raw,main,FDC171282,"Whey, sweet, fluid",SE,Sélénium (µg/100 g),1.9,µg,USDA,0.8,equivalent,Whey sweet fluid,"USDA FoodData Central, SR Legacy (04/2018), FDC ID 171282 (CC0 1.0) — glucides hors fibres et énergie recalculés (UE 1169/2011)"
ING-TECH-LACTOSRUMPET-000001,raw,main,FDC171282,"Whey, sweet, fluid",RAE,"Activité vitaminique A, équivalents rétinol (µg/100 g)",3.0,µg,USDA,0.8,equivalent,Whey sweet fluid,"USDA FoodData Central, SR Legacy (04/2018), FDC ID 171282 (CC0 1.0) — glucides hors fibres et énergie recalculés (UE 1169/2011)"
ING-TECH-LACTOSRUMPET-000001,raw,main,FDC171282,"Whey, sweet, fluid",RETOL,Rétinol (µg/100 g),3.0,µg,USDA,0.8,equivalent,Whey sweet fluid,"USDA FoodData Central, SR Legacy (04/2018), FDC ID 171282 (CC0 1.0) — glucides hors fibres et énergie recalculés (UE 1169/2011)"
ING-TECH-LACTOSRUMPET-000001,raw,main,FDC171282,"Whey, sweet, fluid",CARTB,Beta-Carotène (µg/100 g),1.0,µg,USDA,0.8,equivalent,Whey sweet fluid,"USDA FoodData Central, SR Legacy (04/2018), FDC ID 171282 (CC0 1.0) — glucides hors fibres et énergie recalculés (UE 1169/2011)"
ING-TECH-LACTOSRUMPET-000001,raw,main,FDC171282,"Whey, sweet, fluid",VITC,Vitamine C (mg/100 g),0.1,mg,USDA,0.8,equivalent,Whey sweet fluid,"USDA FoodData Central, SR Legacy (04/2018), FDC ID 171282 (CC0 1.0) — glucides hors fibres et énergie recalculés (UE 1169/2011)"
ING-TECH-LACTOSRUMPET-000001,raw,main,FDC171282,"Whey, sweet, fluid",THIA,Vitamine B1 ou Thiamine (mg/100 g),0.036,mg,USDA,0.8,equivalent,Whey sweet fluid,"USDA FoodData Central, SR Legacy (04/2018), FDC ID 171282 (CC0 1.0) — glucides hors fibres et énergie recalculés (UE 1169/2011)"
ING-TECH-LACTOSRUMPET-000001,raw,main,FDC171282,"Whey, sweet, fluid",RIBF,Vitamine B2 ou Riboflavine (mg/100 g),0.158,mg,USDA,0.8,equivalent,Whey sweet fluid,"USDA FoodData Central, SR Legacy (04/2018), FDC ID 171282 (CC0 1.0) — glucides hors fibres et énergie recalculés (UE 1169/2011)"
ING-TECH-LACTOSRUMPET-000001,raw,main,FDC171282,"Whey, sweet, fluid",NIA,Vitamine B3 ou PP ou Niacine (mg/100 g),0.074,mg,USDA,0.8,equivalent,Whey sweet fluid,"USDA FoodData Central, SR Legacy (04/2018), FDC ID 171282 (CC0 1.0) — glucides hors fibres et énergie recalculés (UE 1169/2011)"
ING-TECH-LACTOSRUMPET-000001,raw,main,FDC171282,"Whey, sweet, fluid",PANTAC,Vitamine B5 ou Acide pantothénique (mg/100 g),0.383,mg,USDA,0.8,equivalent,Whey sweet fluid,"USDA FoodData Central, SR Legacy (04/2018), FDC ID 171282 (CC0 1.0) — glucides hors fibres et énergie recalculés (UE 1169/2011)"
ING-TECH-LACTOSRUMPET-000001,raw,main,FDC171282,"Whey, sweet, fluid",VITB6-,Vitamine B6 (mg/100 g),0.031,mg,USDA,0.8,equivalent,Whey sweet fluid,"USDA FoodData Central, SR Legacy (04/2018), FDC ID 171282 (CC0 1.0) — glucides hors fibres et énergie recalculés (UE 1169/2011)"
ING-TECH-LACTOSRUMPET-000001,raw,main,FDC171282,"Whey, sweet, fluid",VITB12,Vitamine B12 (µg/100 g),0.28,µg,USDA,0.8,equivalent,Whey sweet fluid,"USDA FoodData Central, SR Legacy (04/2018), FDC ID 171282 (CC0 1.0) — glucides hors fibres et énergie recalculés (UE 1169/2011)"
ING-TECH-LACTOSRUMPET-000001,raw,main,FDC171282,"Whey, sweet, fluid",FOL,Vitamine B9 ou Folates totaux (µg/100 g),1.0,µg,USDA,0.8,equivalent,Whey sweet fluid,"USDA FoodData Central, SR Legacy (04/2018), FDC ID 171282 (CC0 1.0) — glucides hors fibres et énergie recalculés (UE 1169/2011)"
ING-TECH-LACTOSRUMPET-000001,raw,main,FDC171282,"Whey, sweet, fluid",FOLAC,Acide folique (enrichissement) (µg/100 g),0.0,µg,USDA,0.8,equivalent,Whey sweet fluid,"USDA FoodData Central, SR Legacy (04/2018), FDC ID 171282 (CC0 1.0) — glucides hors fibres et énergie recalculés (UE 1169/2011)"
ING-TECH-LACTOSRUMPET-000001,raw,main,FDC171282,"Whey, sweet, fluid",FOLFD,Folates intrinsèques (µg/100 g),1.0,µg,USDA,0.8,equivalent,Whey sweet fluid,"USDA FoodData Central, SR Legacy (04/2018), FDC ID 171282 (CC0 1.0) — glucides hors fibres et énergie recalculés (UE 1169/2011)"
ING-TECH-LACTOSRUMPET-000001,raw,main,FDC171282,"Whey, sweet, fluid",FOLDFE,"Vitamine B9 ou Folates totaux, équivalents folates alimentaires, DFE (µg/100 g)",1.0,µg,USDA,0.8,equivalent,Whey sweet fluid,"USDA FoodData Central, SR Legacy (04/2018), FDC ID 171282 (CC0 1.0) — glucides hors fibres et énergie recalculés (UE 1169/2011)"
ING-TECH-LACTOSRUMPET-000001,raw,main,FDC171282,"Whey, sweet, fluid",TOCPHA,Alpha-tocophérol (vitamine E) (mg/100 g),0.0,mg,USDA,0.8,equivalent,Whey sweet fluid,"USDA FoodData Central, SR Legacy (04/2018), FDC ID 171282 (CC0 1.0) — glucides hors fibres et énergie recalculés (UE 1169/2011)"
ING-TECH-LACTOSRUMPET-000001,raw,main,FDC171282,"Whey, sweet, fluid",VITK1,Vitamine K1 (µg/100 g),0.0,µg,USDA,0.8,equivalent,Whey sweet fluid,"USDA FoodData Central, SR Legacy (04/2018), FDC ID 171282 (CC0 1.0) — glucides hors fibres et énergie recalculés (UE 1169/2011)"
ING-TECH-LACTOSRUMPET-000001,raw,main,FDC171282,"Whey, sweet, fluid",CHOAVL,Glucides (g/100 g),5.14,g,USDA,0.8,equivalent,Whey sweet fluid,"USDA FoodData Central, SR Legacy (04/2018), FDC ID 171282 (CC0 1.0) — glucides hors fibres et énergie recalculés (UE 1169/2011)"
ING-TECH-LACTOSRUMPET-000001,raw,main,FDC171282,"Whey, sweet, fluid",SALT,Sel chlorure de sodium (g/100 g),0.135,g,USDA,0.8,equivalent,Whey sweet fluid,"USDA FoodData Central, SR Legacy (04/2018), FDC ID 171282 (CC0 1.0) — glucides hors fibres et énergie recalculés (UE 1169/2011)"
ING-TECH-LACTOSRUMPET-000001,raw,main,FDC171282,"Whey, sweet, fluid",ENERCKCAL,"Energie, Règlement UE N° 1169/2011 (kcal/100 g)",27.2,kcal,USDA,0.8,equivalent,Whey sweet fluid,"USDA FoodData Central, SR Legacy (04/2018), FDC ID 171282 (CC0 1.0) — glucides hors fibres et énergie recalculés (UE 1169/2011)"
ING-TECH-LACTOSRUMPET-000001,raw,main,FDC171282,"Whey, sweet, fluid",ENERC,"Energie, Règlement UE N° 1169/2011 (kJ/100 g)",115.15,kJ,USDA,0.8,equivalent,Whey sweet fluid,"USDA FoodData Central, SR Legacy (04/2018), FDC ID 171282 (CC0 1.0) — glucides hors fibres et énergie recalculés (UE 1169/2011)"
ING-TECH-SIROPDEMAS-000001,raw,main,FDC168837,"Syrups, corn, light",WATER,Eau (g/100 g),22.81,g,USDA,0.8,equivalent,Syrups corn light,"USDA FoodData Central, SR Legacy (04/2018), FDC ID 168837 (CC0 1.0) — glucides hors fibres et énergie recalculés (UE 1169/2011)"
ING-TECH-SIROPDEMAS-000001,raw,main,FDC168837,"Syrups, corn, light",ASH,Cendres (g/100 g),0.2,g,USDA,0.8,equivalent,Syrups corn light,"USDA FoodData Central, SR Legacy (04/2018), FDC ID 168837 (CC0 1.0) — glucides hors fibres et énergie recalculés (UE 1169/2011)"
ING-TECH-SIROPDEMAS-000001,raw,main,FDC168837,"Syrups, corn, light",PROCNT,"Protéines, N x 6.25 (g/100 g)",0.0,g,USDA,0.8,equivalent,Syrups corn light,"USDA FoodData Central, SR Legacy (04/2018), FDC ID 168837 (CC0 1.0) — glucides hors fibres et énergie recalculés (UE 1169/2011)"
ING-TECH-SIROPDEMAS-000001,raw,main,FDC168837,"Syrups, corn, light",FAT,Lipides (g/100 g),0.2,g,USDA,0.8,equivalent,Syrups corn light,"USDA FoodData Central, SR Legacy (04/2018), FDC ID 168837 (CC0 1.0) — glucides hors fibres et énergie recalculés (UE 1169/2011)"
ING-TECH-SIROPDEMAS-000001,raw,main,FDC168837,"Syrups, corn, light",FIB-,Fibres alimentaires (g/100 g),0.0,g,USDA,0.8,equivalent,Syrups corn light,"USDA FoodData Central, SR Legacy (04/2018), FDC ID 168837 (CC0 1.0) — glucides hors fibres et énergie recalculés (UE 1169/2011)"
ING-TECH-SIROPDEMAS-000001,raw,main,FDC168837,"Syrups, corn, light",SUGAR,Sucres (g/100 g),76.77,g,USDA,0.8,equivalent,Syrups corn light,"USDA FoodData Central, SR Legacy (04/2018), FDC ID 168837 (CC0 1.0) — glucides hors fibres et énergie recalculés (UE 1169/2011)"
ING-TECH-SIROPDEMAS-000001,raw,main,FDC168837,"Syrups, corn, light",ALC,Alcool (éthanol) (g/100 g),0.0,g,USDA,0.8,equivalent,Syrups corn light,"USDA FoodData Central, SR Legacy (04/2018), FDC ID 168837 (CC0 1.0) — glucides hors fibres et énergie recalculés (UE 1169/2011)"
ING-TECH-SIROPDEMAS-000001,raw,main,FDC168837,"Syrups, corn, light",FASAT,AG saturés (g/100 g),0.0,g,USDA,0.8,equivalent,Syrups corn light,"USDA FoodData Central, SR Legacy (04/2018), FDC ID 168837 (CC0 1.0) — glucides hors fibres et énergie recalculés (UE 1169/2011)"
ING-TECH-SIROPDEMAS-000001,raw,main,FDC168837,"Syrups, corn, light",FAMS,AG monoinsaturés (g/100 g),0.0,g,USDA,0.8,equivalent,Syrups corn light,"USDA FoodData Central, SR Legacy (04/2018), FDC ID 168837 (CC0 1.0) — glucides hors fibres et énergie recalculés (UE 1169/2011)"
ING-TECH-SIROPDEMAS-000001,raw,main,FDC168837,"Syrups, corn, light",FAPU,AG polyinsaturés (g/100 g),0.0,g,USDA,0.8,equivalent,Syrups corn light,"USDA FoodData Central, SR Legacy (04/2018), FDC ID 168837 (CC0 1.0) — glucides hors fibres et énergie recalculés (UE 1169/2011)"
ING-TECH-SIROPDEMAS-000001,raw,main,FDC168837,"Syrups, corn, light",CHOL-,Cholestérol (mg/100 g),0.0,mg,USDA,0.8,equivalent,Syrups corn light,"USDA FoodData Central, SR Legacy (04/2018), FDC ID 168837 (CC0 1.0) — glucides hors fibres et énergie recalculés (UE 1169/2011)"
ING-TECH-SIROPDEMAS-000001,raw,main,FDC168837,"Syrups, corn, light",NA,Sodium (mg/100 g),62.0,mg,USDA,0.8,equivalent,Syrups corn light,"USDA FoodData Central, SR Legacy (04/2018), FDC ID 168837 (CC0 1.0) — glucides hors fibres et énergie recalculés (UE 1169/2011)"
ING-TECH-SIROPDEMAS-000001,raw,main,FDC168837,"Syrups, corn, light",CA,Calcium (mg/100 g),13.0,mg,USDA,0.8,equivalent,Syrups corn light,"USDA FoodData Central, SR Legacy (04/2018), FDC ID 168837 (CC0 1.0) — glucides hors fibres et énergie recalculés (UE 1169/2011)"
ING-TECH-SIROPDEMAS-000001,raw,main,FDC168837,"Syrups, corn, light",FE,Fer (mg/100 g),0.0,mg,USDA,0.8,equivalent,Syrups corn light,"USDA FoodData Central, SR Legacy (04/2018), FDC ID 168837 (CC0 1.0) — glucides hors fibres et énergie recalculés (UE 1169/2011)"
ING-TECH-SIROPDEMAS-000001,raw,main,FDC168837,"Syrups, corn, light",MG,Magnésium (mg/100 g),1.0,mg,USDA,0.8,equivalent,Syrups corn light,"USDA FoodData Central, SR Legacy (04/2018), FDC ID 168837 (CC0 1.0) — glucides hors fibres et énergie recalculés (UE 1169/2011)"
ING-TECH-SIROPDEMAS-000001,raw,main,FDC168837,"Syrups, corn, light",P,Phosphore (mg/100 g),0.0,mg,USDA,0.8,equivalent,Syrups corn light,"USDA FoodData Central, SR Legacy (04/2018), FDC ID 168837 (CC0 1.0) — glucides hors fibres et énergie recalculés (UE 1169/2011)"
ING-TECH-SIROPDEMAS-000001,raw,main,FDC168837,"Syrups, corn, light",K,Potassium (mg/100 g),1.0,mg,USDA,0.8,equivalent,Syrups corn light,"USDA FoodData Central, SR Legacy (04/2018), FDC ID 168837 (CC0 1.0) — glucides hors fibres et énergie recalculés (UE 1169/2011)"
ING-TECH-SIROPDEMAS-000001,raw,main,FDC168837,"Syrups, corn, light",ZN,Zinc (mg/100 g),0.44,mg,USDA,0.8,equivalent,Syrups corn light,"USDA FoodData Central, SR Legacy (04/2018), FDC ID 168837 (CC0 1.0) — glucides hors fibres et énergie recalculés (UE 1169/2011)"
ING-TECH-SIROPDEMAS-000001,raw,main,FDC168837,"Syrups, corn, light",CU,Cuivre (mg/100 g),0.0,mg,USDA,0.8,equivalent,Syrups corn light,"USDA FoodData Central, SR Legacy (04/2018), FDC ID 168837 (CC0 1.0) — glucides hors fibres et énergie recalculés (UE 1169/2011)"
ING-TECH-SIROPDEMAS-000001,raw,main,FDC168837,"Syrups, corn, light",MN,Manganèse (mg/100 g),0.0,mg,USDA,0.8,equivalent,Syrups corn light,"USDA FoodData Central, SR Legacy (04/2018), FDC ID 168837 (CC0 1.0) — glucides hors fibres et énergie recalculés (UE 1169/2011)"
ING-TECH-SIROPDEMAS-000001,raw,main,FDC168837,"Syrups, corn, light",SE,Sélénium (µg/100 g),0.7,µg,USDA,0.8,equivalent,Syrups corn light,"USDA FoodData Central, SR Legacy (04/2018), FDC ID 168837 (CC0 1.0) — glucides hors fibres et énergie recalculés (UE 1169/2011)"
ING-TECH-SIROPDEMAS-000001,raw,main,FDC168837,"Syrups, corn, light",RAE,"Activité vitaminique A, équivalents rétinol (µg/100 g)",0.0,µg,USDA,0.8,equivalent,Syrups corn light,"USDA FoodData Central, SR Legacy (04/2018), FDC ID 168837 (CC0 1.0) — glucides hors fibres et énergie recalculés (UE 1169/2011)"
ING-TECH-SIROPDEMAS-000001,raw,main,FDC168837,"Syrups, corn, light",RETOL,Rétinol (µg/100 g),0.0,µg,USDA,0.8,equivalent,Syrups corn light,"USDA FoodData Central, SR Legacy (04/2018), FDC ID 168837 (CC0 1.0) — glucides hors fibres et énergie recalculés (UE 1169/2011)"
ING-TECH-SIROPDEMAS-000001,raw,main,FDC168837,"Syrups, corn, light",CARTB,Beta-Carotène (µg/100 g),0.0,µg,USDA,0.8,equivalent,Syrups corn light,"USDA FoodData Central, SR Legacy (04/2018), FDC ID 168837 (CC0 1.0) — glucides hors fibres et énergie recalculés (UE 1169/2011)"
ING-TECH-SIROPDEMAS-000001,raw,main,FDC168837,"Syrups, corn, light",VITD-,Vitamine D (µg/100 g),0.0,µg,USDA,0.8,equivalent,Syrups corn light,"USDA FoodData Central, SR Legacy (04/2018), FDC ID 168837 (CC0 1.0) — glucides hors fibres et énergie recalculés (UE 1169/2011)"
ING-TECH-SIROPDEMAS-000001,raw,main,FDC168837,"Syrups, corn, light",VITC,Vitamine C (mg/100 g),0.0,mg,USDA,0.8,equivalent,Syrups corn light,"USDA FoodData Central, SR Legacy (04/2018), FDC ID 168837 (CC0 1.0) — glucides hors fibres et énergie recalculés (UE 1169/2011)"
ING-TECH-SIROPDEMAS-000001,raw,main,FDC168837,"Syrups, corn, light",THIA,Vitamine B1 ou Thiamine (mg/100 g),0.059,mg,USDA,0.8,equivalent,Syrups corn light,"USDA FoodData Central, SR Legacy (04/2018), FDC ID 168837 (CC0 1.0) — glucides hors fibres et énergie recalculés (UE 1169/2011)"
ING-TECH-SIROPDEMAS-000001,raw,main,FDC168837,"Syrups, corn, light",RIBF,Vitamine B2 ou Riboflavine (mg/100 g),0.0,mg,USDA,0.8,equivalent,Syrups corn light,"USDA FoodData Central, SR Legacy (04/2018), FDC ID 168837 (CC0 1.0) — glucides hors fibres et énergie recalculés (UE 1169/2011)"
ING-TECH-SIROPDEMAS-000001,raw,main,FDC168837,"Syrups, corn, light",NIA,Vitamine B3 ou PP ou Niacine (mg/100 g),0.0,mg,USDA,0.8,equivalent,Syrups corn light,"USDA FoodData Central, SR Legacy (04/2018), FDC ID 168837 (CC0 1.0) — glucides hors fibres et énergie recalculés (UE 1169/2011)"
ING-TECH-SIROPDEMAS-000001,raw,main,FDC168837,"Syrups, corn, light",PANTAC,Vitamine B5 ou Acide pantothénique (mg/100 g),0.0,mg,USDA,0.8,equivalent,Syrups corn light,"USDA FoodData Central, SR Legacy (04/2018), FDC ID 168837 (CC0 1.0) — glucides hors fibres et énergie recalculés (UE 1169/2011)"
ING-TECH-SIROPDEMAS-000001,raw,main,FDC168837,"Syrups, corn, light",VITB6-,Vitamine B6 (mg/100 g),0.0,mg,USDA,0.8,equivalent,Syrups corn light,"USDA FoodData Central, SR Legacy (04/2018), FDC ID 168837 (CC0 1.0) — glucides hors fibres et énergie recalculés (UE 1169/2011)"
ING-TECH-SIROPDEMAS-000001,raw,main,FDC168837,"Syrups, corn, light",VITB12,Vitamine B12 (µg/100 g),0.0,µg,USDA,0.8,equivalent,Syrups corn light,"USDA FoodData Central, SR Legacy (04/2018), FDC ID 168837 (CC0 1.0) — glucides hors fibres et énergie recalculés (UE 1169/2011)"
ING-TECH-SIROPDEMAS-000001,raw,main,FDC168837,"Syrups, corn, light",FOL,Vitamine B9 ou Folates totaux (µg/100 g),0.0,µg,USDA,0.8,equivalent,Syrups corn light,"USDA FoodData Central, SR Legacy (04/2018), FDC ID 168837 (CC0 1.0) — glucides hors fibres et énergie recalculés (UE 1169/2011)"
ING-TECH-SIROPDEMAS-000001,raw,main,FDC168837,"Syrups, corn, light",FOLAC,Acide folique (enrichissement) (µg/100 g),0.0,µg,USDA,0.8,equivalent,Syrups corn light,"USDA FoodData Central, SR Legacy (04/2018), FDC ID 168837 (CC0 1.0) — glucides hors fibres et énergie recalculés (UE 1169/2011)"
ING-TECH-SIROPDEMAS-000001,raw,main,FDC168837,"Syrups, corn, light",FOLFD,Folates intrinsèques (µg/100 g),0.0,µg,USDA,0.8,equivalent,Syrups corn light,"USDA FoodData Central, SR Legacy (04/2018), FDC ID 168837 (CC0 1.0) — glucides hors fibres et énergie recalculés (UE 1169/2011)"
ING-TECH-SIROPDEMAS-000001,raw,main,FDC168837,"Syrups, corn, light",FOLDFE,"Vitamine B9 ou Folates totaux, équivalents folates alimentaires, DFE (µg/100 g)",0.0,µg,USDA,0.8,equivalent,Syrups corn light,"USDA FoodData Central, SR Legacy (04/2018), FDC ID 168837 (CC0 1.0) — glucides hors fibres et énergie recalculés (UE 1169/2011)"
ING-TECH-SIROPDEMAS-000001,raw,main,FDC168837,"Syrups, corn, light",TOCPHA,Alpha-tocophérol (vitamine E) (mg/100 g),0.0,mg,USDA,0.8,equivalent,Syrups corn light,"USDA FoodData Central, SR Legacy (04/2018), FDC ID 168837 (CC0 1.0) — glucides hors fibres et énergie recalculés (UE 1169/2011)"
ING-TECH-SIROPDEMAS-000001,raw,main,FDC168837,"Syrups, corn, light",VITK1,Vitamine K1 (µg/100 g),0.0,µg,USDA,0.8,equivalent,Syrups corn light,"USDA FoodData Central, SR Legacy (04/2018), FDC ID 168837 (CC0 1.0) — glucides hors fibres et énergie recalculés (UE 1169/2011)"
ING-TECH-SIROPDEMAS-000001,raw,main,FDC168837,"Syrups, corn, light",CHOAVL,Glucides (g/100 g),76.79,g,USDA,0.8,equivalent,Syrups corn light,"USDA FoodData Central, SR Legacy (04/2018), FDC ID 168837 (CC0 1.0) — glucides hors fibres et énergie recalculés (UE 1169/2011)"
ING-TECH-SIROPDEMAS-000001,raw,main,FDC168837,"Syrups, corn, light",SALT,Sel chlorure de sodium (g/100 g),0.155,g,USDA,0.8,equivalent,Syrups corn light,"USDA FoodData Central, SR Legacy (04/2018), FDC ID 168837 (CC0 1.0) — glucides hors fibres et énergie recalculés (UE 1169/2011)"
ING-TECH-SIROPDEMAS-000001,raw,main,FDC168837,"Syrups, corn, light",ENERCKCAL,"Energie, Règlement UE N° 1169/2011 (kcal/100 g)",308.96,kcal,USDA,0.8,equivalent,Syrups corn light,"USDA FoodData Central, SR Legacy (04/2018), FDC ID 168837 (CC0 1.0) — glucides hors fibres et énergie recalculés (UE 1169/2011)"
ING-TECH-SIROPDEMAS-000001,raw,main,FDC168837,"Syrups, corn, light",ENERC,"Energie, Règlement UE N° 1169/2011 (kJ/100 g)",1312.83,kJ,USDA,0.8,equivalent,Syrups corn light,"USDA FoodData Central, SR Legacy (04/2018), FDC ID 168837 (CC0 1.0) — glucides hors fibres et énergie recalculés (UE 1169/2011)"
ING-TECH-SIROPDEMASHA-000001,raw,main,FDC169659,"Syrups, corn, high-fructose",WATER,Eau (g/100 g),24.0,g,USDA,0.8,equivalent,Syrups corn high-fructose,"USDA FoodData Central, SR Legacy (04/2018), FDC ID 169659 (CC0 1.0) — glucides hors fibres et énergie recalculés (UE 1169/2011)"
ING-TECH-SIROPDEMASHA-000001,raw,main,FDC169659,"Syrups, corn, high-fructose",ASH,Cendres (g/100 g),0.0,g,USDA,0.8,equivalent,Syrups corn high-fructose,"USDA FoodData Central, SR Legacy (04/2018), FDC ID 169659 (CC0 1.0) — glucides hors fibres et énergie recalculés (UE 1169/2011)"
ING-TECH-SIROPDEMASHA-000001,raw,main,FDC169659,"Syrups, corn, high-fructose",PROCNT,"Protéines, N x 6.25 (g/100 g)",0.0,g,USDA,0.8,equivalent,Syrups corn high-fructose,"USDA FoodData Central, SR Legacy (04/2018), FDC ID 169659 (CC0 1.0) — glucides hors fibres et énergie recalculés (UE 1169/2011)"
ING-TECH-SIROPDEMASHA-000001,raw,main,FDC169659,"Syrups, corn, high-fructose",FAT,Lipides (g/100 g),0.0,g,USDA,0.8,equivalent,Syrups corn high-fructose,"USDA FoodData Central, SR Legacy (04/2018), FDC ID 169659 (CC0 1.0) — glucides hors fibres et énergie recalculés (UE 1169/2011)"
ING-TECH-SIROPDEMASHA-000001,raw,main,FDC169659,"Syrups, corn, high-fructose",FIB-,Fibres alimentaires (g/100 g),0.0,g,USDA,0.8,equivalent,Syrups corn high-fructose,"USDA FoodData Central, SR Legacy (04/2018), FDC ID 169659 (CC0 1.0) — glucides hors fibres et énergie recalculés (UE 1169/2011)"
ING-TECH-SIROPDEMASHA-000001,raw,main,FDC169659,"Syrups, corn, high-fructose",SUGAR,Sucres (g/100 g),75.65,g,USDA,0.8,equivalent,Syrups corn high-fructose,"USDA FoodData Central, SR Legacy (04/2018), FDC ID 169659 (CC0 1.0) — glucides hors fibres et énergie recalculés (UE 1169/2011)"
ING-TECH-SIROPDEMASHA-000001,raw,main,FDC169659,"Syrups, corn, high-fructose",ALC,Alcool (éthanol) (g/100 g),0.0,g,USDA,0.8,equivalent,Syrups corn high-fructose,"USDA FoodData Central, SR Legacy (04/2018), FDC ID 169659 (CC0 1.0) — glucides hors fibres et énergie recalculés (UE 1169/2011)"
ING-TECH-SIROPDEMASHA-000001,raw,main,FDC169659,"Syrups, corn, high-fructose",FASAT,AG saturés (g/100 g),0.0,g,USDA,0.8,equivalent,Syrups corn high-fructose,"USDA FoodData Central, SR Legacy (04/2018), FDC ID 169659 (CC0 1.0) — glucides hors fibres et énergie recalculés (UE 1169/2011)"
ING-TECH-SIROPDEMASHA-000001,raw,main,FDC169659,"Syrups, corn, high-fructose",FAMS,AG monoinsaturés (g/100 g),0.0,g,USDA,0.8,equivalent,Syrups corn high-fructose,"USDA FoodData Central, SR Legacy (04/2018), FDC ID 169659 (CC0 1.0) — glucides hors fibres et énergie recalculés (UE 1169/2011)"
ING-TECH-SIROPDEMASHA-000001,raw,main,FDC169659,"Syrups, corn, high-fructose",FAPU,AG polyinsaturés (g/100 g),0.0,g,USDA,0.8,equivalent,Syrups corn high-fructose,"USDA FoodData Central, SR Legacy (04/2018), FDC ID 169659 (CC0 1.0) — glucides hors fibres et énergie recalculés (UE 1169/2011)"
ING-TECH-SIROPDEMASHA-000001,raw,main,FDC169659,"Syrups, corn, high-fructose",CHOL-,Cholestérol (mg/100 g),0.0,mg,USDA,0.8,equivalent,Syrups corn high-fructose,"USDA FoodData Central, SR Legacy (04/2018), FDC ID 169659 (CC0 1.0) — glucides hors fibres et énergie recalculés (UE 1169/2011)"
ING-TECH-SIROPDEMASHA-000001,raw,main,FDC169659,"Syrups, corn, high-fructose",NA,Sodium (mg/100 g),2.0,mg,USDA,0.8,equivalent,Syrups corn high-fructose,"USDA FoodData Central, SR Legacy (04/2018), FDC ID 169659 (CC0 1.0) — glucides hors fibres et énergie recalculés (UE 1169/2011)"
ING-TECH-SIROPDEMASHA-000001,raw,main,FDC169659,"Syrups, corn, high-fructose",CA,Calcium (mg/100 g),0.0,mg,USDA,0.8,equivalent,Syrups corn high-fructose,"USDA FoodData Central, SR Legacy (04/2018), FDC ID 169659 (CC0 1.0) — glucides hors fibres et énergie recalculés (UE 1169/2011)"
ING-TECH-SIROPDEMASHA-000001,raw,main,FDC169659,"Syrups, corn, high-fructose",FE,Fer (mg/100 g),0.03,mg,USDA,0.8,equivalent,Syrups corn high-fructose,"USDA FoodData Central, SR Legacy (04/2018), FDC ID 169659 (CC0 1.0) — glucides hors fibres et énergie recalculés (UE 1169/2011)"
ING-TECH-SIROPDEMASHA-000001,raw,main,FDC169659,"Syrups, corn, high-fructose",MG,Magnésium (mg/100 g),0.0,mg,USDA,0.8,equivalent,Syrups corn high-fructose,"USDA FoodData Central, SR Legacy (04/2018), FDC ID 169659 (CC0 1.0) — glucides hors fibres et énergie recalculés (UE 1169/2011)"
ING-TECH-SIROPDEMASHA-000001,raw,main,FDC169659,"Syrups, corn, high-fructose",P,Phosphore (mg/100 g),0.0,mg,USDA,0.8,equivalent,Syrups corn high-fructose,"USDA FoodData Central, SR Legacy (04/2018), FDC ID 169659 (CC0 1.0) — glucides hors fibres et énergie recalculés (UE 1169/2011)"
ING-TECH-SIROPDEMASHA-000001,raw,main,FDC169659,"Syrups, corn, high-fructose",K,Potassium (mg/100 g),0.0,mg,USDA,0.8,equivalent,Syrups corn high-fructose,"USDA FoodData Central, SR Legacy (04/2018), FDC ID 169659 (CC0 1.0) — glucides hors fibres et énergie recalculés (UE 1169/2011)"
ING-TECH-SIROPDEMASHA-000001,raw,main,FDC169659,"Syrups, corn, high-fructose",ZN,Zinc (mg/100 g),0.02,mg,USDA,0.8,equivalent,Syrups corn high-fructose,"USDA FoodData Central, SR Legacy (04/2018), FDC ID 169659 (CC0 1.0) — glucides hors fibres et énergie recalculés (UE 1169/2011)"
ING-TECH-SIROPDEMASHA-000001,raw,main,FDC169659,"Syrups, corn, high-fructose",CU,Cuivre (mg/100 g),0.029,mg,USDA,0.8,equivalent,Syrups corn high-fructose,"USDA FoodData Central, SR Legacy (04/2018), FDC ID 169659 (CC0 1.0) — glucides hors fibres et énergie recalculés (UE 1169/2011)"
ING-TECH-SIROPDEMASHA-000001,raw,main,FDC169659,"Syrups, corn, high-fructose",MN,Manganèse (mg/100 g),0.094,mg,USDA,0.8,equivalent,Syrups corn high-fructose,"USDA FoodData Central, SR Legacy (04/2018), FDC ID 169659 (CC0 1.0) — glucides hors fibres et énergie recalculés (UE 1169/2011)"
ING-TECH-SIROPDEMASHA-000001,raw,main,FDC169659,"Syrups, corn, high-fructose",SE,Sélénium (µg/100 g),0.7,µg,USDA,0.8,equivalent,Syrups corn high-fructose,"USDA FoodData Central, SR Legacy (04/2018), FDC ID 169659 (CC0 1.0) — glucides hors fibres et énergie recalculés (UE 1169/2011)"
ING-TECH-SIROPDEMASHA-000001,raw,main,FDC169659,"Syrups, corn, high-fructose",RAE,"Activité vitaminique A, équivalents rétinol (µg/100 g)",0.0,µg,USDA,0.8,equivalent,Syrups corn high-fructose,"USDA FoodData Central, SR Legacy (04/2018), FDC ID 169659 (CC0 1.0) — glucides hors fibres et énergie recalculés (UE 1169/2011)"
ING-TECH-SIROPDEMASHA-000001,raw,main,FDC169659,"Syrups, corn, high-fructose",RETOL,Rétinol (µg/100 g),0.0,µg,USDA,0.8,equivalent,Syrups corn high-fructose,"USDA FoodData Central, SR Legacy (04/2018), FDC ID 169659 (CC0 1.0) — glucides hors fibres et énergie recalculés (UE 1169/2011)"
ING-TECH-SIROPDEMASHA-000001,raw,main,FDC169659,"Syrups, corn, high-fructose",CARTB,Beta-Carotène (µg/100 g),0.0,µg,USDA,0.8,equivalent,Syrups corn high-fructose,"USDA FoodData Central, SR Legacy (04/2018), FDC ID 169659 (CC0 1.0) — glucides hors fibres et énergie recalculés (UE 1169/2011)"
ING-TECH-SIROPDEMASHA-000001,raw,main,FDC169659,"Syrups, corn, high-fructose",VITD-,Vitamine D (µg/100 g),0.0,µg,USDA,0.8,equivalent,Syrups corn high-fructose,"USDA FoodData Central, SR Legacy (04/2018), FDC ID 169659 (CC0 1.0) — glucides hors fibres et énergie recalculés (UE 1169/2011)"
ING-TECH-SIROPDEMASHA-000001,raw,main,FDC169659,"Syrups, corn, high-fructose",VITC,Vitamine C (mg/100 g),0.0,mg,USDA,0.8,equivalent,Syrups corn high-fructose,"USDA FoodData Central, SR Legacy (04/2018), FDC ID 169659 (CC0 1.0) — glucides hors fibres et énergie recalculés (UE 1169/2011)"
ING-TECH-SIROPDEMASHA-000001,raw,main,FDC169659,"Syrups, corn, high-fructose",THIA,Vitamine B1 ou Thiamine (mg/100 g),0.0,mg,USDA,0.8,equivalent,Syrups corn high-fructose,"USDA FoodData Central, SR Legacy (04/2018), FDC ID 169659 (CC0 1.0) — glucides hors fibres et énergie recalculés (UE 1169/2011)"
ING-TECH-SIROPDEMASHA-000001,raw,main,FDC169659,"Syrups, corn, high-fructose",RIBF,Vitamine B2 ou Riboflavine (mg/100 g),0.019,mg,USDA,0.8,equivalent,Syrups corn high-fructose,"USDA FoodData Central, SR Legacy (04/2018), FDC ID 169659 (CC0 1.0) — glucides hors fibres et énergie recalculés (UE 1169/2011)"
ING-TECH-SIROPDEMASHA-000001,raw,main,FDC169659,"Syrups, corn, high-fructose",NIA,Vitamine B3 ou PP ou Niacine (mg/100 g),0.0,mg,USDA,0.8,equivalent,Syrups corn high-fructose,"USDA FoodData Central, SR Legacy (04/2018), FDC ID 169659 (CC0 1.0) — glucides hors fibres et énergie recalculés (UE 1169/2011)"
ING-TECH-SIROPDEMASHA-000001,raw,main,FDC169659,"Syrups, corn, high-fructose",PANTAC,Vitamine B5 ou Acide pantothénique (mg/100 g),0.011,mg,USDA,0.8,equivalent,Syrups corn high-fructose,"USDA FoodData Central, SR Legacy (04/2018), FDC ID 169659 (CC0 1.0) — glucides hors fibres et énergie recalculés (UE 1169/2011)"
ING-TECH-SIROPDEMASHA-000001,raw,main,FDC169659,"Syrups, corn, high-fructose",VITB6-,Vitamine B6 (mg/100 g),0.0,mg,USDA,0.8,equivalent,Syrups corn high-fructose,"USDA FoodData Central, SR Legacy (04/2018), FDC ID 169659 (CC0 1.0) — glucides hors fibres et énergie recalculés (UE 1169/2011)"
ING-TECH-SIROPDEMASHA-000001,raw,main,FDC169659,"Syrups, corn, high-fructose",VITB12,Vitamine B12 (µg/100 g),0.0,µg,USDA,0.8,equivalent,Syrups corn high-fructose,"USDA FoodData Central, SR Legacy (04/2018), FDC ID 169659 (CC0 1.0) — glucides hors fibres et énergie recalculés (UE 1169/2011)"
ING-TECH-SIROPDEMASHA-000001,raw,main,FDC169659,"Syrups, corn, high-fructose",FOL,Vitamine B9 ou Folates totaux (µg/100 g),0.0,µg,USDA,0.8,equivalent,Syrups corn high-fructose,"USDA FoodData Central, SR Legacy (04/2018), FDC ID 169659 (CC0 1.0) — glucides hors fibres et énergie recalculés (UE 1169/2011)"
ING-TECH-SIROPDEMASHA-000001,raw,main,FDC169659,"Syrups, corn, high-fructose",FOLAC,Acide folique (enrichissement) (µg/100 g),0.0,µg,USDA,0.8,equivalent,Syrups corn high-fructose,"USDA FoodData Central, SR Legacy (04/2018), FDC ID 169659 (CC0 1.0) — glucides hors fibres et énergie recalculés (UE 1169/2011)"
ING-TECH-SIROPDEMASHA-000001,raw,main,FDC169659,"Syrups, corn, high-fructose",FOLFD,Folates intrinsèques (µg/100 g),0.0,µg,USDA,0.8,equivalent,Syrups corn high-fructose,"USDA FoodData Central, SR Legacy (04/2018), FDC ID 169659 (CC0 1.0) — glucides hors fibres et énergie recalculés (UE 1169/2011)"
ING-TECH-SIROPDEMASHA-000001,raw,main,FDC169659,"Syrups, corn, high-fructose",FOLDFE,"Vitamine B9 ou Folates totaux, équivalents folates alimentaires, DFE (µg/100 g)",0.0,µg,USDA,0.8,equivalent,Syrups corn high-fructose,"USDA FoodData Central, SR Legacy (04/2018), FDC ID 169659 (CC0 1.0) — glucides hors fibres et énergie recalculés (UE 1169/2011)"
ING-TECH-SIROPDEMASHA-000001,raw,main,FDC169659,"Syrups, corn, high-fructose",TOCPHA,Alpha-tocophérol (vitamine E) (mg/100 g),0.0,mg,USDA,0.8,equivalent,Syrups corn high-fructose,"USDA FoodData Central, SR Legacy (04/2018), FDC ID 169659 (CC0 1.0) — glucides hors fibres et énergie recalculés (UE 1169/2011)"
ING-TECH-SIROPDEMASHA-000001,raw,main,FDC169659,"Syrups, corn, high-fructose",VITK1,Vitamine K1 (µg/100 g),0.0,µg,USDA,0.8,equivalent,Syrups corn high-fructose,"USDA FoodData Central, SR Legacy (04/2018), FDC ID 169659 (CC0 1.0) — glucides hors fibres et énergie recalculés (UE 1169/2011)"
ING-TECH-SIROPDEMASHA-000001,raw,main,FDC169659,"Syrups, corn, high-fructose",CHOAVL,Glucides (g/100 g),76.0,g,USDA,0.8,equivalent,Syrups corn high-fructose,"USDA FoodData Central, SR Legacy (04/2018), FDC ID 169659 (CC0 1.0) — glucides hors fibres et énergie recalculés (UE 1169/2011)"
ING-TECH-SIROPDEMASHA-000001,raw,main,FDC169659,"Syrups, corn, high-fructose",SALT,Sel chlorure de sodium (g/100 g),0.005,g,USDA,0.8,equivalent,Syrups corn high-fructose,"USDA FoodData Central, SR Legacy (04/2018), FDC ID 169659 (CC0 1.0) — glucides hors fibres et énergie recalculés (UE 1169/2011)"
ING-TECH-SIROPDEMASHA-000001,raw,main,FDC169659,"Syrups, corn, high-fructose",ENERCKCAL,"Energie, Règlement UE N° 1169/2011 (kcal/100 g)",304.0,kcal,USDA,0.8,equivalent,Syrups corn high-fructose,"USDA FoodData Central, SR Legacy (04/2018), FDC ID 169659 (CC0 1.0) — glucides hors fibres et énergie recalculés (UE 1169/2011)"
ING-TECH-SIROPDEMASHA-000001,raw,main,FDC169659,"Syrups, corn, high-fructose",ENERC,"Energie, Règlement UE N° 1169/2011 (kJ/100 g)",1292.0,kJ,USDA,0.8,equivalent,Syrups corn high-fructose,"USDA FoodData Central, SR Legacy (04/2018), FDC ID 169659 (CC0 1.0) — glucides hors fibres et énergie recalculés (UE 1169/2011)"
ING-PLANT-GRAINEDEMOUT-000001,raw,main,FDC170929,"Spices, mustard seed, ground",WATER,Eau (g/100 g),5.27,g,USDA,0.8,equivalent,Spices mustard seed ground,"USDA FoodData Central, SR Legacy (04/2018), FDC ID 170929 (CC0 1.0) — glucides hors fibres et énergie recalculés (UE 1169/2011)"
ING-PLANT-GRAINEDEMOUT-000001,raw,main,FDC170929,"Spices, mustard seed, ground",ASH,Cendres (g/100 g),4.33,g,USDA,0.8,equivalent,Spices mustard seed ground,"USDA FoodData Central, SR Legacy (04/2018), FDC ID 170929 (CC0 1.0) — glucides hors fibres et énergie recalculés (UE 1169/2011)"
ING-PLANT-GRAINEDEMOUT-000001,raw,main,FDC170929,"Spices, mustard seed, ground",PROCNT,"Protéines, N x 6.25 (g/100 g)",26.08,g,USDA,0.8,equivalent,Spices mustard seed ground,"USDA FoodData Central, SR Legacy (04/2018), FDC ID 170929 (CC0 1.0) — glucides hors fibres et énergie recalculés (UE 1169/2011)"
ING-PLANT-GRAINEDEMOUT-000001,raw,main,FDC170929,"Spices, mustard seed, ground",FAT,Lipides (g/100 g),36.24,g,USDA,0.8,equivalent,Spices mustard seed ground,"USDA FoodData Central, SR Legacy (04/2018), FDC ID 170929 (CC0 1.0) — glucides hors fibres et énergie recalculés (UE 1169/2011)"
ING-PLANT-GRAINEDEMOUT-000001,raw,main,FDC170929,"Spices, mustard seed, ground",FIB-,Fibres alimentaires (g/100 g),12.2,g,USDA,0.8,equivalent,Spices mustard seed ground,"USDA FoodData Central, SR Legacy (04/2018), FDC ID 170929 (CC0 1.0) — glucides hors fibres et énergie recalculés (UE 1169/2011)"
ING-PLANT-GRAINEDEMOUT-000001,raw,main,FDC170929,"Spices, mustard seed, ground",SUGAR,Sucres (g/100 g),6.79,g,USDA,0.8,equivalent,Spices mustard seed ground,"USDA FoodData Central, SR Legacy (04/2018), FDC ID 170929 (CC0 1.0) — glucides hors fibres et énergie recalculés (UE 1169/2011)"
ING-PLANT-GRAINEDEMOUT-000001,raw,main,FDC170929,"Spices, mustard seed, ground",SUCS,Saccharose (g/100 g),3.69,g,USDA,0.8,equivalent,Spices mustard seed ground,"USDA FoodData Central, SR Legacy (04/2018), FDC ID 170929 (CC0 1.0) — glucides hors fibres et énergie recalculés (UE 1169/2011)"
ING-PLANT-GRAINEDEMOUT-000001,raw,main,FDC170929,"Spices, mustard seed, ground",GLUS,Glucose (g/100 g),2.88,g,USDA,0.8,equivalent,Spices mustard seed ground,"USDA FoodData Central, SR Legacy (04/2018), FDC ID 170929 (CC0 1.0) — glucides hors fibres et énergie recalculés (UE 1169/2011)"
ING-PLANT-GRAINEDEMOUT-000001,raw,main,FDC170929,"Spices, mustard seed, ground",FRUS,Fructose (g/100 g),0.02,g,USDA,0.8,equivalent,Spices mustard seed ground,"USDA FoodData Central, SR Legacy (04/2018), FDC ID 170929 (CC0 1.0) — glucides hors fibres et énergie recalculés (UE 1169/2011)"
ING-PLANT-GRAINEDEMOUT-000001,raw,main,FDC170929,"Spices, mustard seed, ground",LACS,Lactose (g/100 g),0.0,g,USDA,0.8,equivalent,Spices mustard seed ground,"USDA FoodData Central, SR Legacy (04/2018), FDC ID 170929 (CC0 1.0) — glucides hors fibres et énergie recalculés (UE 1169/2011)"
ING-PLANT-GRAINEDEMOUT-000001,raw,main,FDC170929,"Spices, mustard seed, ground",MALS,Maltose (g/100 g),0.0,g,USDA,0.8,equivalent,Spices mustard seed ground,"USDA FoodData Central, SR Legacy (04/2018), FDC ID 170929 (CC0 1.0) — glucides hors fibres et énergie recalculés (UE 1169/2011)"
ING-PLANT-GRAINEDEMOUT-000001,raw,main,FDC170929,"Spices, mustard seed, ground",GALS,Galactose (g/100 g),0.2,g,USDA,0.8,equivalent,Spices mustard seed ground,"USDA FoodData Central, SR Legacy (04/2018), FDC ID 170929 (CC0 1.0) — glucides hors fibres et énergie recalculés (UE 1169/2011)"
ING-PLANT-GRAINEDEMOUT-000001,raw,main,FDC170929,"Spices, mustard seed, ground",ALC,Alcool (éthanol) (g/100 g),0.0,g,USDA,0.8,equivalent,Spices mustard seed ground,"USDA FoodData Central, SR Legacy (04/2018), FDC ID 170929 (CC0 1.0) — glucides hors fibres et énergie recalculés (UE 1169/2011)"
ING-PLANT-GRAINEDEMOUT-000001,raw,main,FDC170929,"Spices, mustard seed, ground",FASAT,AG saturés (g/100 g),1.989,g,USDA,0.8,equivalent,Spices mustard seed ground,"USDA FoodData Central, SR Legacy (04/2018), FDC ID 170929 (CC0 1.0) — glucides hors fibres et énergie recalculés (UE 1169/2011)"
ING-PLANT-GRAINEDEMOUT-000001,raw,main,FDC170929,"Spices, mustard seed, ground",FAMS,AG monoinsaturés (g/100 g),22.518,g,USDA,0.8,equivalent,Spices mustard seed ground,"USDA FoodData Central, SR Legacy (04/2018), FDC ID 170929 (CC0 1.0) — glucides hors fibres et énergie recalculés (UE 1169/2011)"
ING-PLANT-GRAINEDEMOUT-000001,raw,main,FDC170929,"Spices, mustard seed, ground",FAPU,AG polyinsaturés (g/100 g),10.088,g,USDA,0.8,equivalent,Spices mustard seed ground,"USDA FoodData Central, SR Legacy (04/2018), FDC ID 170929 (CC0 1.0) — glucides hors fibres et énergie recalculés (UE 1169/2011)"
ING-PLANT-GRAINEDEMOUT-000001,raw,main,FDC170929,"Spices, mustard seed, ground",CHOL-,Cholestérol (mg/100 g),0.0,mg,USDA,0.8,equivalent,Spices mustard seed ground,"USDA FoodData Central, SR Legacy (04/2018), FDC ID 170929 (CC0 1.0) — glucides hors fibres et énergie recalculés (UE 1169/2011)"
ING-PLANT-GRAINEDEMOUT-000001,raw,main,FDC170929,"Spices, mustard seed, ground",NA,Sodium (mg/100 g),13.0,mg,USDA,0.8,equivalent,Spices mustard seed ground,"USDA FoodData Central, SR Legacy (04/2018), FDC ID 170929 (CC0 1.0) — glucides hors fibres et énergie recalculés (UE 1169/2011)"
ING-PLANT-GRAINEDEMOUT-000001,raw,main,FDC170929,"Spices, mustard seed, ground",CA,Calcium (mg/100 g),266.0,mg,USDA,0.8,equivalent,Spices mustard seed ground,"USDA FoodData Central, SR Legacy (04/2018), FDC ID 170929 (CC0 1.0) — glucides hors fibres et énergie recalculés (UE 1169/2011)"
ING-PLANT-GRAINEDEMOUT-000001,raw,main,FDC170929,"Spices, mustard seed, ground",FE,Fer (mg/100 g),9.21,mg,USDA,0.8,equivalent,Spices mustard seed ground,"USDA FoodData Central, SR Legacy (04/2018), FDC ID 170929 (CC0 1.0) — glucides hors fibres et énergie recalculés (UE 1169/2011)"
ING-PLANT-GRAINEDEMOUT-000001,raw,main,FDC170929,"Spices, mustard seed, ground",MG,Magnésium (mg/100 g),370.0,mg,USDA,0.8,equivalent,Spices mustard seed ground,"USDA FoodData Central, SR Legacy (04/2018), FDC ID 170929 (CC0 1.0) — glucides hors fibres et énergie recalculés (UE 1169/2011)"
ING-PLANT-GRAINEDEMOUT-000001,raw,main,FDC170929,"Spices, mustard seed, ground",P,Phosphore (mg/100 g),828.0,mg,USDA,0.8,equivalent,Spices mustard seed ground,"USDA FoodData Central, SR Legacy (04/2018), FDC ID 170929 (CC0 1.0) — glucides hors fibres et énergie recalculés (UE 1169/2011)"
ING-PLANT-GRAINEDEMOUT-000001,raw,main,FDC170929,"Spices, mustard seed, ground",K,Potassium (mg/100 g),738.0,mg,USDA,0.8,equivalent,Spices mustard seed ground,"USDA FoodData Central, SR Legacy (04/2018), FDC ID 170929 (CC0 1.0) — glucides hors fibres et énergie recalculés (UE 1169/2011)"
ING-PLANT-GRAINEDEMOUT-000001,raw,main,FDC170929,"Spices, mustard seed, ground",ZN,Zinc (mg/100 g),6.08,mg,USDA,0.8,equivalent,Spices mustard seed ground,"USDA FoodData Central, SR Legacy (04/2018), FDC ID 170929 (CC0 1.0) — glucides hors fibres et énergie recalculés (UE 1169/2011)"
ING-PLANT-GRAINEDEMOUT-000001,raw,main,FDC170929,"Spices, mustard seed, ground",CU,Cuivre (mg/100 g),0.645,mg,USDA,0.8,equivalent,Spices mustard seed ground,"USDA FoodData Central, SR Legacy (04/2018), FDC ID 170929 (CC0 1.0) — glucides hors fibres et énergie recalculés (UE 1169/2011)"
ING-PLANT-GRAINEDEMOUT-000001,raw,main,FDC170929,"Spices, mustard seed, ground",MN,Manganèse (mg/100 g),2.448,mg,USDA,0.8,equivalent,Spices mustard seed ground,"USDA FoodData Central, SR Legacy (04/2018), FDC ID 170929 (CC0 1.0) — glucides hors fibres et énergie recalculés (UE 1169/2011)"
ING-PLANT-GRAINEDEMOUT-000001,raw,main,FDC170929,"Spices, mustard seed, ground",SE,Sélénium (µg/100 g),208.1,µg,USDA,0.8,equivalent,Spices mustard seed ground,"USDA FoodData Central, SR Legacy (04/2018), FDC ID 170929 (CC0 1.0) — glucides hors fibres et énergie recalculés (UE 1169/2011)"
ING-PLANT-GRAINEDEMOUT-000001,raw,main,FDC170929,"Spices, mustard seed, ground",RAE,"Activité vitaminique A, équivalents rétinol (µg/100 g)",2.0,µg,USDA,0.8,equivalent,Spices mustard seed ground,"USDA FoodData Central, SR Legacy (04/2018), FDC ID 170929 (CC0 1.0) — glucides hors fibres et énergie recalculés (UE 1169/2011)"
ING-PLANT-GRAINEDEMOUT-000001,raw,main,FDC170929,"Spices, mustard seed, ground",RETOL,Rétinol (µg/100 g),0.0,µg,USDA,0.8,equivalent,Spices mustard seed ground,"USDA FoodData Central, SR Legacy (04/2018), FDC ID 170929 (CC0 1.0) — glucides hors fibres et énergie recalculés (UE 1169/2011)"
ING-PLANT-GRAINEDEMOUT-000001,raw,main,FDC170929,"Spices, mustard seed, ground",CARTB,Beta-Carotène (µg/100 g),18.0,µg,USDA,0.8,equivalent,Spices mustard seed ground,"USDA FoodData Central, SR Legacy (04/2018), FDC ID 170929 (CC0 1.0) — glucides hors fibres et énergie recalculés (UE 1169/2011)"
ING-PLANT-GRAINEDEMOUT-000001,raw,main,FDC170929,"Spices, mustard seed, ground",VITD-,Vitamine D (µg/100 g),0.0,µg,USDA,0.8,equivalent,Spices mustard seed ground,"USDA FoodData Central, SR Legacy (04/2018), FDC ID 170929 (CC0 1.0) — glucides hors fibres et énergie recalculés (UE 1169/2011)"
ING-PLANT-GRAINEDEMOUT-000001,raw,main,FDC170929,"Spices, mustard seed, ground",VITC,Vitamine C (mg/100 g),7.1,mg,USDA,0.8,equivalent,Spices mustard seed ground,"USDA FoodData Central, SR Legacy (04/2018), FDC ID 170929 (CC0 1.0) — glucides hors fibres et énergie recalculés (UE 1169/2011)"
ING-PLANT-GRAINEDEMOUT-000001,raw,main,FDC170929,"Spices, mustard seed, ground",THIA,Vitamine B1 ou Thiamine (mg/100 g),0.805,mg,USDA,0.8,equivalent,Spices mustard seed ground,"USDA FoodData Central, SR Legacy (04/2018), FDC ID 170929 (CC0 1.0) — glucides hors fibres et énergie recalculés (UE 1169/2011)"
ING-PLANT-GRAINEDEMOUT-000001,raw,main,FDC170929,"Spices, mustard seed, ground",RIBF,Vitamine B2 ou Riboflavine (mg/100 g),0.261,mg,USDA,0.8,equivalent,Spices mustard seed ground,"USDA FoodData Central, SR Legacy (04/2018), FDC ID 170929 (CC0 1.0) — glucides hors fibres et énergie recalculés (UE 1169/2011)"
ING-PLANT-GRAINEDEMOUT-000001,raw,main,FDC170929,"Spices, mustard seed, ground",NIA,Vitamine B3 ou PP ou Niacine (mg/100 g),4.733,mg,USDA,0.8,equivalent,Spices mustard seed ground,"USDA FoodData Central, SR Legacy (04/2018), FDC ID 170929 (CC0 1.0) — glucides hors fibres et énergie recalculés (UE 1169/2011)"
ING-PLANT-GRAINEDEMOUT-000001,raw,main,FDC170929,"Spices, mustard seed, ground",PANTAC,Vitamine B5 ou Acide pantothénique (mg/100 g),0.81,mg,USDA,0.8,equivalent,Spices mustard seed ground,"USDA FoodData Central, SR Legacy (04/2018), FDC ID 170929 (CC0 1.0) — glucides hors fibres et énergie recalculés (UE 1169/2011)"
ING-PLANT-GRAINEDEMOUT-000001,raw,main,FDC170929,"Spices, mustard seed, ground",VITB6-,Vitamine B6 (mg/100 g),0.397,mg,USDA,0.8,equivalent,Spices mustard seed ground,"USDA FoodData Central, SR Legacy (04/2018), FDC ID 170929 (CC0 1.0) — glucides hors fibres et énergie recalculés (UE 1169/2011)"
ING-PLANT-GRAINEDEMOUT-000001,raw,main,FDC170929,"Spices, mustard seed, ground",VITB12,Vitamine B12 (µg/100 g),0.0,µg,USDA,0.8,equivalent,Spices mustard seed ground,"USDA FoodData Central, SR Legacy (04/2018), FDC ID 170929 (CC0 1.0) — glucides hors fibres et énergie recalculés (UE 1169/2011)"
ING-PLANT-GRAINEDEMOUT-000001,raw,main,FDC170929,"Spices, mustard seed, ground",FOL,Vitamine B9 ou Folates totaux (µg/100 g),162.0,µg,USDA,0.8,equivalent,Spices mustard seed ground,"USDA FoodData Central, SR Legacy (04/2018), FDC ID 170929 (CC0 1.0) — glucides hors fibres et énergie recalculés (UE 1169/2011)"
ING-PLANT-GRAINEDEMOUT-000001,raw,main,FDC170929,"Spices, mustard seed, ground",FOLAC,Acide folique (enrichissement) (µg/100 g),0.0,µg,USDA,0.8,equivalent,Spices mustard seed ground,"USDA FoodData Central, SR Legacy (04/2018), FDC ID 170929 (CC0 1.0) — glucides hors fibres et énergie recalculés (UE 1169/2011)"
ING-PLANT-GRAINEDEMOUT-000001,raw,main,FDC170929,"Spices, mustard seed, ground",FOLFD,Folates intrinsèques (µg/100 g),162.0,µg,USDA,0.8,equivalent,Spices mustard seed ground,"USDA FoodData Central, SR Legacy (04/2018), FDC ID 170929 (CC0 1.0) — glucides hors fibres et énergie recalculés (UE 1169/2011)"
ING-PLANT-GRAINEDEMOUT-000001,raw,main,FDC170929,"Spices, mustard seed, ground",FOLDFE,"Vitamine B9 ou Folates totaux, équivalents folates alimentaires, DFE (µg/100 g)",162.0,µg,USDA,0.8,equivalent,Spices mustard seed ground,"USDA FoodData Central, SR Legacy (04/2018), FDC ID 170929 (CC0 1.0) — glucides hors fibres et énergie recalculés (UE 1169/2011)"
ING-PLANT-GRAINEDEMOUT-000001,raw,main,FDC170929,"Spices, mustard seed, ground",TOCPHA,Alpha-tocophérol (vitamine E) (mg/100 g),5.07,mg,USDA,0.8,equivalent,Spices mustard seed ground,"USDA FoodData Central, SR Legacy (04/2018), FDC ID 170929 (CC0 1.0) — glucides hors fibres et énergie recalculés (UE 1169/2011)"
ING-PLANT-GRAINEDEMOUT-000001,raw,main,FDC170929,"Spices, mustard seed, ground",VITK1,Vitamine K1 (µg/100 g),5.4,µg,USDA,0.8,equivalent,Spices mustard seed ground,"USDA FoodData Central, SR Legacy (04/2018), FDC ID 170929 (CC0 1.0) — glucides hors fibres et énergie recalculés (UE 1169/2011)"
ING-PLANT-GRAINEDEMOUT-000001,raw,main,FDC170929,"Spices, mustard seed, ground",CHOAVL,Glucides (g/100 g),15.89,g,USDA,0.8,equivalent,Spices mustard seed ground,"USDA FoodData Central, SR Legacy (04/2018), FDC ID 170929 (CC0 1.0) — glucides hors fibres et énergie recalculés (UE 1169/2011)"
ING-PLANT-GRAINEDEMOUT-000001,raw,main,FDC170929,"Spices, mustard seed, ground",SALT,Sel chlorure de sodium (g/100 g),0.033,g,USDA,0.8,equivalent,Spices mustard seed ground,"USDA FoodData Central, SR Legacy (04/2018), FDC ID 170929 (CC0 1.0) — glucides hors fibres et énergie recalculés (UE 1169/2011)"
ING-PLANT-GRAINEDEMOUT-000001,raw,main,FDC170929,"Spices, mustard seed, ground",ENERCKCAL,"Energie, Règlement UE N° 1169/2011 (kcal/100 g)",518.44,kcal,USDA,0.8,equivalent,Spices mustard seed ground,"USDA FoodData Central, SR Legacy (04/2018), FDC ID 170929 (CC0 1.0) — glucides hors fibres et énergie recalculés (UE 1169/2011)"
ING-PLANT-GRAINEDEMOUT-000001,raw,main,FDC170929,"Spices, mustard seed, ground",ENERC,"Energie, Règlement UE N° 1169/2011 (kJ/100 g)",2151.97,kJ,USDA,0.8,equivalent,Spices mustard seed ground,"USDA FoodData Central, SR Legacy (04/2018), FDC ID 170929 (CC0 1.0) — glucides hors fibres et énergie recalculés (UE 1169/2011)"
ING-TECH-CHOCOLATNOIR-000002,raw,main,FDC170273,"Chocolate, dark, 70-85% cacao solids",WATER,Eau (g/100 g),1.37,g,USDA,0.8,equivalent,Chocolate dark 70-85% cacao solids,"USDA FoodData Central, SR Legacy (04/2018), FDC ID 170273 (CC0 1.0) — glucides hors fibres et énergie recalculés (UE 1169/2011)"
ING-TECH-CHOCOLATNOIR-000002,raw,main,FDC170273,"Chocolate, dark, 70-85% cacao solids",ASH,Cendres (g/100 g),2.32,g,USDA,0.8,equivalent,Chocolate dark 70-85% cacao solids,"USDA FoodData Central, SR Legacy (04/2018), FDC ID 170273 (CC0 1.0) — glucides hors fibres et énergie recalculés (UE 1169/2011)"
ING-TECH-CHOCOLATNOIR-000002,raw,main,FDC170273,"Chocolate, dark, 70-85% cacao solids",PROCNT,"Protéines, N x 6.25 (g/100 g)",7.79,g,USDA,0.8,equivalent,Chocolate dark 70-85% cacao solids,"USDA FoodData Central, SR Legacy (04/2018), FDC ID 170273 (CC0 1.0) — glucides hors fibres et énergie recalculés (UE 1169/2011)"
ING-TECH-CHOCOLATNOIR-000002,raw,main,FDC170273,"Chocolate, dark, 70-85% cacao solids",FAT,Lipides (g/100 g),42.63,g,USDA,0.8,equivalent,Chocolate dark 70-85% cacao solids,"USDA FoodData Central, SR Legacy (04/2018), FDC ID 170273 (CC0 1.0) — glucides hors fibres et énergie recalculés (UE 1169/2011)"
ING-TECH-CHOCOLATNOIR-000002,raw,main,FDC170273,"Chocolate, dark, 70-85% cacao solids",FIB-,Fibres alimentaires (g/100 g),10.9,g,USDA,0.8,equivalent,Chocolate dark 70-85% cacao solids,"USDA FoodData Central, SR Legacy (04/2018), FDC ID 170273 (CC0 1.0) — glucides hors fibres et énergie recalculés (UE 1169/2011)"
ING-TECH-CHOCOLATNOIR-000002,raw,main,FDC170273,"Chocolate, dark, 70-85% cacao solids",SUGAR,Sucres (g/100 g),23.99,g,USDA,0.8,equivalent,Chocolate dark 70-85% cacao solids,"USDA FoodData Central, SR Legacy (04/2018), FDC ID 170273 (CC0 1.0) — glucides hors fibres et énergie recalculés (UE 1169/2011)"
ING-TECH-CHOCOLATNOIR-000002,raw,main,FDC170273,"Chocolate, dark, 70-85% cacao solids",SUCS,Saccharose (g/100 g),23.99,g,USDA,0.8,equivalent,Chocolate dark 70-85% cacao solids,"USDA FoodData Central, SR Legacy (04/2018), FDC ID 170273 (CC0 1.0) — glucides hors fibres et énergie recalculés (UE 1169/2011)"
ING-TECH-CHOCOLATNOIR-000002,raw,main,FDC170273,"Chocolate, dark, 70-85% cacao solids",GLUS,Glucose (g/100 g),0.0,g,USDA,0.8,equivalent,Chocolate dark 70-85% cacao solids,"USDA FoodData Central, SR Legacy (04/2018), FDC ID 170273 (CC0 1.0) — glucides hors fibres et énergie recalculés (UE 1169/2011)"
ING-TECH-CHOCOLATNOIR-000002,raw,main,FDC170273,"Chocolate, dark, 70-85% cacao solids",FRUS,Fructose (g/100 g),0.0,g,USDA,0.8,equivalent,Chocolate dark 70-85% cacao solids,"USDA FoodData Central, SR Legacy (04/2018), FDC ID 170273 (CC0 1.0) — glucides hors fibres et énergie recalculés (UE 1169/2011)"
ING-TECH-CHOCOLATNOIR-000002,raw,main,FDC170273,"Chocolate, dark, 70-85% cacao solids",LACS,Lactose (g/100 g),0.0,g,USDA,0.8,equivalent,Chocolate dark 70-85% cacao solids,"USDA FoodData Central, SR Legacy (04/2018), FDC ID 170273 (CC0 1.0) — glucides hors fibres et énergie recalculés (UE 1169/2011)"
ING-TECH-CHOCOLATNOIR-000002,raw,main,FDC170273,"Chocolate, dark, 70-85% cacao solids",MALS,Maltose (g/100 g),0.0,g,USDA,0.8,equivalent,Chocolate dark 70-85% cacao solids,"USDA FoodData Central, SR Legacy (04/2018), FDC ID 170273 (CC0 1.0) — glucides hors fibres et énergie recalculés (UE 1169/2011)"
ING-TECH-CHOCOLATNOIR-000002,raw,main,FDC170273,"Chocolate, dark, 70-85% cacao solids",GALS,Galactose (g/100 g),0.0,g,USDA,0.8,equivalent,Chocolate dark 70-85% cacao solids,"USDA FoodData Central, SR Legacy (04/2018), FDC ID 170273 (CC0 1.0) — glucides hors fibres et énergie recalculés (UE 1169/2011)"
ING-TECH-CHOCOLATNOIR-000002,raw,main,FDC170273,"Chocolate, dark, 70-85% cacao solids",FASAT,AG saturés (g/100 g),24.489,g,USDA,0.8,equivalent,Chocolate dark 70-85% cacao solids,"USDA FoodData Central, SR Legacy (04/2018), FDC ID 170273 (CC0 1.0) — glucides hors fibres et énergie recalculés (UE 1169/2011)"
ING-TECH-CHOCOLATNOIR-000002,raw,main,FDC170273,"Chocolate, dark, 70-85% cacao solids",FAMS,AG monoinsaturés (g/100 g),12.781,g,USDA,0.8,equivalent,Chocolate dark 70-85% cacao solids,"USDA FoodData Central, SR Legacy (04/2018), FDC ID 170273 (CC0 1.0) — glucides hors fibres et énergie recalculés (UE 1169/2011)"
ING-TECH-CHOCOLATNOIR-000002,raw,main,FDC170273,"Chocolate, dark, 70-85% cacao solids",FAPU,AG polyinsaturés (g/100 g),1.257,g,USDA,0.8,equivalent,Chocolate dark 70-85% cacao solids,"USDA FoodData Central, SR Legacy (04/2018), FDC ID 170273 (CC0 1.0) — glucides hors fibres et énergie recalculés (UE 1169/2011)"
ING-TECH-CHOCOLATNOIR-000002,raw,main,FDC170273,"Chocolate, dark, 70-85% cacao solids",CHOL-,Cholestérol (mg/100 g),3.0,mg,USDA,0.8,equivalent,Chocolate dark 70-85% cacao solids,"USDA FoodData Central, SR Legacy (04/2018), FDC ID 170273 (CC0 1.0) — glucides hors fibres et énergie recalculés (UE 1169/2011)"
ING-TECH-CHOCOLATNOIR-000002,raw,main,FDC170273,"Chocolate, dark, 70-85% cacao solids",NA,Sodium (mg/100 g),20.0,mg,USDA,0.8,equivalent,Chocolate dark 70-85% cacao solids,"USDA FoodData Central, SR Legacy (04/2018), FDC ID 170273 (CC0 1.0) — glucides hors fibres et énergie recalculés (UE 1169/2011)"
ING-TECH-CHOCOLATNOIR-000002,raw,main,FDC170273,"Chocolate, dark, 70-85% cacao solids",CA,Calcium (mg/100 g),73.0,mg,USDA,0.8,equivalent,Chocolate dark 70-85% cacao solids,"USDA FoodData Central, SR Legacy (04/2018), FDC ID 170273 (CC0 1.0) — glucides hors fibres et énergie recalculés (UE 1169/2011)"
ING-TECH-CHOCOLATNOIR-000002,raw,main,FDC170273,"Chocolate, dark, 70-85% cacao solids",FE,Fer (mg/100 g),11.9,mg,USDA,0.8,equivalent,Chocolate dark 70-85% cacao solids,"USDA FoodData Central, SR Legacy (04/2018), FDC ID 170273 (CC0 1.0) — glucides hors fibres et énergie recalculés (UE 1169/2011)"
ING-TECH-CHOCOLATNOIR-000002,raw,main,FDC170273,"Chocolate, dark, 70-85% cacao solids",MG,Magnésium (mg/100 g),228.0,mg,USDA,0.8,equivalent,Chocolate dark 70-85% cacao solids,"USDA FoodData Central, SR Legacy (04/2018), FDC ID 170273 (CC0 1.0) — glucides hors fibres et énergie recalculés (UE 1169/2011)"
ING-TECH-CHOCOLATNOIR-000002,raw,main,FDC170273,"Chocolate, dark, 70-85% cacao solids",P,Phosphore (mg/100 g),308.0,mg,USDA,0.8,equivalent,Chocolate dark 70-85% cacao solids,"USDA FoodData Central, SR Legacy (04/2018), FDC ID 170273 (CC0 1.0) — glucides hors fibres et énergie recalculés (UE 1169/2011)"
ING-TECH-CHOCOLATNOIR-000002,raw,main,FDC170273,"Chocolate, dark, 70-85% cacao solids",K,Potassium (mg/100 g),715.0,mg,USDA,0.8,equivalent,Chocolate dark 70-85% cacao solids,"USDA FoodData Central, SR Legacy (04/2018), FDC ID 170273 (CC0 1.0) — glucides hors fibres et énergie recalculés (UE 1169/2011)"
ING-TECH-CHOCOLATNOIR-000002,raw,main,FDC170273,"Chocolate, dark, 70-85% cacao solids",ZN,Zinc (mg/100 g),3.31,mg,USDA,0.8,equivalent,Chocolate dark 70-85% cacao solids,"USDA FoodData Central, SR Legacy (04/2018), FDC ID 170273 (CC0 1.0) — glucides hors fibres et énergie recalculés (UE 1169/2011)"
ING-TECH-CHOCOLATNOIR-000002,raw,main,FDC170273,"Chocolate, dark, 70-85% cacao solids",CU,Cuivre (mg/100 g),1.766,mg,USDA,0.8,equivalent,Chocolate dark 70-85% cacao solids,"USDA FoodData Central, SR Legacy (04/2018), FDC ID 170273 (CC0 1.0) — glucides hors fibres et énergie recalculés (UE 1169/2011)"
ING-TECH-CHOCOLATNOIR-000002,raw,main,FDC170273,"Chocolate, dark, 70-85% cacao solids",MN,Manganèse (mg/100 g),1.948,mg,USDA,0.8,equivalent,Chocolate dark 70-85% cacao solids,"USDA FoodData Central, SR Legacy (04/2018), FDC ID 170273 (CC0 1.0) — glucides hors fibres et énergie recalculés (UE 1169/2011)"
ING-TECH-CHOCOLATNOIR-000002,raw,main,FDC170273,"Chocolate, dark, 70-85% cacao solids",SE,Sélénium (µg/100 g),6.8,µg,USDA,0.8,equivalent,Chocolate dark 70-85% cacao solids,"USDA FoodData Central, SR Legacy (04/2018), FDC ID 170273 (CC0 1.0) — glucides hors fibres et énergie recalculés (UE 1169/2011)"
ING-TECH-CHOCOLATNOIR-000002,raw,main,FDC170273,"Chocolate, dark, 70-85% cacao solids",RAE,"Activité vitaminique A, équivalents rétinol (µg/100 g)",2.0,µg,USDA,0.8,equivalent,Chocolate dark 70-85% cacao solids,"USDA FoodData Central, SR Legacy (04/2018), FDC ID 170273 (CC0 1.0) — glucides hors fibres et énergie recalculés (UE 1169/2011)"
ING-TECH-CHOCOLATNOIR-000002,raw,main,FDC170273,"Chocolate, dark, 70-85% cacao solids",CARTB,Beta-Carotène (µg/100 g),19.0,µg,USDA,0.8,equivalent,Chocolate dark 70-85% cacao solids,"USDA FoodData Central, SR Legacy (04/2018), FDC ID 170273 (CC0 1.0) — glucides hors fibres et énergie recalculés (UE 1169/2011)"
ING-TECH-CHOCOLATNOIR-000002,raw,main,FDC170273,"Chocolate, dark, 70-85% cacao solids",THIA,Vitamine B1 ou Thiamine (mg/100 g),0.034,mg,USDA,0.8,equivalent,Chocolate dark 70-85% cacao solids,"USDA FoodData Central, SR Legacy (04/2018), FDC ID 170273 (CC0 1.0) — glucides hors fibres et énergie recalculés (UE 1169/2011)"
ING-TECH-CHOCOLATNOIR-000002,raw,main,FDC170273,"Chocolate, dark, 70-85% cacao solids",RIBF,Vitamine B2 ou Riboflavine (mg/100 g),0.078,mg,USDA,0.8,equivalent,Chocolate dark 70-85% cacao solids,"USDA FoodData Central, SR Legacy (04/2018), FDC ID 170273 (CC0 1.0) — glucides hors fibres et énergie recalculés (UE 1169/2011)"
ING-TECH-CHOCOLATNOIR-000002,raw,main,FDC170273,"Chocolate, dark, 70-85% cacao solids",NIA,Vitamine B3 ou PP ou Niacine (mg/100 g),1.054,mg,USDA,0.8,equivalent,Chocolate dark 70-85% cacao solids,"USDA FoodData Central, SR Legacy (04/2018), FDC ID 170273 (CC0 1.0) — glucides hors fibres et énergie recalculés (UE 1169/2011)"
ING-TECH-CHOCOLATNOIR-000002,raw,main,FDC170273,"Chocolate, dark, 70-85% cacao solids",PANTAC,Vitamine B5 ou Acide pantothénique (mg/100 g),0.418,mg,USDA,0.8,equivalent,Chocolate dark 70-85% cacao solids,"USDA FoodData Central, SR Legacy (04/2018), FDC ID 170273 (CC0 1.0) — glucides hors fibres et énergie recalculés (UE 1169/2011)"
ING-TECH-CHOCOLATNOIR-000002,raw,main,FDC170273,"Chocolate, dark, 70-85% cacao solids",VITB6-,Vitamine B6 (mg/100 g),0.038,mg,USDA,0.8,equivalent,Chocolate dark 70-85% cacao solids,"USDA FoodData Central, SR Legacy (04/2018), FDC ID 170273 (CC0 1.0) — glucides hors fibres et énergie recalculés (UE 1169/2011)"
ING-TECH-CHOCOLATNOIR-000002,raw,main,FDC170273,"Chocolate, dark, 70-85% cacao solids",VITB12,Vitamine B12 (µg/100 g),0.28,µg,USDA,0.8,equivalent,Chocolate dark 70-85% cacao solids,"USDA FoodData Central, SR Legacy (04/2018), FDC ID 170273 (CC0 1.0) — glucides hors fibres et énergie recalculés (UE 1169/2011)"
ING-TECH-CHOCOLATNOIR-000002,raw,main,FDC170273,"Chocolate, dark, 70-85% cacao solids",TOCPHA,Alpha-tocophérol (vitamine E) (mg/100 g),0.59,mg,USDA,0.8,equivalent,Chocolate dark 70-85% cacao solids,"USDA FoodData Central, SR Legacy (04/2018), FDC ID 170273 (CC0 1.0) — glucides hors fibres et énergie recalculés (UE 1169/2011)"
ING-TECH-CHOCOLATNOIR-000002,raw,main,FDC170273,"Chocolate, dark, 70-85% cacao solids",VITK1,Vitamine K1 (µg/100 g),7.3,µg,USDA,0.8,equivalent,Chocolate dark 70-85% cacao solids,"USDA FoodData Central, SR Legacy (04/2018), FDC ID 170273 (CC0 1.0) — glucides hors fibres et énergie recalculés (UE 1169/2011)"
ING-TECH-CHOCOLATNOIR-000002,raw,main,FDC170273,"Chocolate, dark, 70-85% cacao solids",CHOAVL,Glucides (g/100 g),35.0,g,USDA,0.8,equivalent,Chocolate dark 70-85% cacao solids,"USDA FoodData Central, SR Legacy (04/2018), FDC ID 170273 (CC0 1.0) — glucides hors fibres et énergie recalculés (UE 1169/2011)"
ING-TECH-CHOCOLATNOIR-000002,raw,main,FDC170273,"Chocolate, dark, 70-85% cacao solids",SALT,Sel chlorure de sodium (g/100 g),0.05,g,USDA,0.8,equivalent,Chocolate dark 70-85% cacao solids,"USDA FoodData Central, SR Legacy (04/2018), FDC ID 170273 (CC0 1.0) — glucides hors fibres et énergie recalculés (UE 1169/2011)"
ING-TECH-CHOCOLATNOIR-000002,raw,main,FDC170273,"Chocolate, dark, 70-85% cacao solids",ENERCKCAL,"Energie, Règlement UE N° 1169/2011 (kcal/100 g)",576.63,kcal,USDA,0.8,equivalent,Chocolate dark 70-85% cacao solids,"USDA FoodData Central, SR Legacy (04/2018), FDC ID 170273 (CC0 1.0) — glucides hors fibres et énergie recalculés (UE 1169/2011)"
ING-TECH-CHOCOLATNOIR-000002,raw,main,FDC170273,"Chocolate, dark, 70-85% cacao solids",ENERC,"Energie, Règlement UE N° 1169/2011 (kJ/100 g)",2391.94,kJ,USDA,0.8,equivalent,Chocolate dark 70-85% cacao solids,"USDA FoodData Central, SR Legacy (04/2018), FDC ID 170273 (CC0 1.0) — glucides hors fibres et énergie recalculés (UE 1169/2011)"
ING-PLANT-FVECUIT-000001,boiled,main,FDC173753,"Broadbeans (fava beans), mature seeds, cooked, boiled, without salt",WATER,Eau (g/100 g),71.54,g,USDA,0.8,equivalent,Broadbeans (fava beans) mature seeds cooked boiled without salt,"USDA FoodData Central, SR Legacy (04/2018), FDC ID 173753 (CC0 1.0) — glucides hors fibres et énergie recalculés (UE 1169/2011)"
ING-PLANT-FVECUIT-000001,boiled,main,FDC173753,"Broadbeans (fava beans), mature seeds, cooked, boiled, without salt",ASH,Cendres (g/100 g),0.81,g,USDA,0.8,equivalent,Broadbeans (fava beans) mature seeds cooked boiled without salt,"USDA FoodData Central, SR Legacy (04/2018), FDC ID 173753 (CC0 1.0) — glucides hors fibres et énergie recalculés (UE 1169/2011)"
ING-PLANT-FVECUIT-000001,boiled,main,FDC173753,"Broadbeans (fava beans), mature seeds, cooked, boiled, without salt",PROCNT,"Protéines, N x 6.25 (g/100 g)",7.6,g,USDA,0.8,equivalent,Broadbeans (fava beans) mature seeds cooked boiled without salt,"USDA FoodData Central, SR Legacy (04/2018), FDC ID 173753 (CC0 1.0) — glucides hors fibres et énergie recalculés (UE 1169/2011)"
ING-PLANT-FVECUIT-000001,boiled,main,FDC173753,"Broadbeans (fava beans), mature seeds, cooked, boiled, without salt",FAT,Lipides (g/100 g),0.4,g,USDA,0.8,equivalent,Broadbeans (fava beans) mature seeds cooked boiled without salt,"USDA FoodData Central, SR Legacy (04/2018), FDC ID 173753 (CC0 1.0) — glucides hors fibres et énergie recalculés (UE 1169/2011)"
ING-PLANT-FVECUIT-000001,boiled,main,FDC173753,"Broadbeans (fava beans), mature seeds, cooked, boiled, without salt",FIB-,Fibres alimentaires (g/100 g),5.4,g,USDA,0.8,equivalent,Broadbeans (fava beans) mature seeds cooked boiled without salt,"USDA FoodData Central, SR Legacy (04/2018), FDC ID 173753 (CC0 1.0) — glucides hors fibres et énergie recalculés (UE 1169/2011)"
ING-PLANT-FVECUIT-000001,boiled,main,FDC173753,"Broadbeans (fava beans), mature seeds, cooked, boiled, without salt",SUGAR,Sucres (g/100 g),1.82,g,USDA,0.8,equivalent,Broadbeans (fava beans) mature seeds cooked boiled without salt,"USDA FoodData Central, SR Legacy (04/2018), FDC ID 173753 (CC0 1.0) — glucides hors fibres et énergie recalculés (UE 1169/2011)"
ING-PLANT-FVECUIT-000001,boiled,main,FDC173753,"Broadbeans (fava beans), mature seeds, cooked, boiled, without salt",ALC,Alcool (éthanol) (g/100 g),0.0,g,USDA,0.8,equivalent,Broadbeans (fava beans) mature seeds cooked boiled without salt,"USDA FoodData Central, SR Legacy (04/2018), FDC ID 173753 (CC0 1.0) — glucides hors fibres et énergie recalculés (UE 1169/2011)"
ING-PLANT-FVECUIT-000001,boiled,main,FDC173753,"Broadbeans (fava beans), mature seeds, cooked, boiled, without salt",FASAT,AG saturés (g/100 g),0.066,g,USDA,0.8,equivalent,Broadbeans (fava beans) mature seeds cooked boiled without salt,"USDA FoodData Central, SR Legacy (04/2018), FDC ID 173753 (CC0 1.0) — glucides hors fibres et énergie recalculés (UE 1169/2011)"
ING-PLANT-FVECUIT-000001,boiled,main,FDC173753,"Broadbeans (fava beans), mature seeds, cooked, boiled, without salt",FAMS,AG monoinsaturés (g/100 g),0.079,g,USDA,0.8,equivalent,Broadbeans (fava beans) mature seeds cooked boiled without salt,"USDA FoodData Central, SR Legacy (04/2018), FDC ID 173753 (CC0 1.0) — glucides hors fibres et énergie recalculés (UE 1169/2011)"
ING-PLANT-FVECUIT-000001,boiled,main,FDC173753,"Broadbeans (fava beans), mature seeds, cooked, boiled, without salt",FAPU,AG polyinsaturés (g/100 g),0.164,g,USDA,0.8,equivalent,Broadbeans (fava beans) mature seeds cooked boiled without salt,"USDA FoodData Central, SR Legacy (04/2018), FDC ID 173753 (CC0 1.0) — glucides hors fibres et énergie recalculés (UE 1169/2011)"
ING-PLANT-FVECUIT-000001,boiled,main,FDC173753,"Broadbeans (fava beans), mature seeds, cooked, boiled, without salt",CHOL-,Cholestérol (mg/100 g),0.0,mg,USDA,0.8,equivalent,Broadbeans (fava beans) mature seeds cooked boiled without salt,"USDA FoodData Central, SR Legacy (04/2018), FDC ID 173753 (CC0 1.0) — glucides hors fibres et énergie recalculés (UE 1169/2011)"
ING-PLANT-FVECUIT-000001,boiled,main,FDC173753,"Broadbeans (fava beans), mature seeds, cooked, boiled, without salt",NA,Sodium (mg/100 g),5.0,mg,USDA,0.8,equivalent,Broadbeans (fava beans) mature seeds cooked boiled without salt,"USDA FoodData Central, SR Legacy (04/2018), FDC ID 173753 (CC0 1.0) — glucides hors fibres et énergie recalculés (UE 1169/2011)"
ING-PLANT-FVECUIT-000001,boiled,main,FDC173753,"Broadbeans (fava beans), mature seeds, cooked, boiled, without salt",CA,Calcium (mg/100 g),36.0,mg,USDA,0.8,equivalent,Broadbeans (fava beans) mature seeds cooked boiled without salt,"USDA FoodData Central, SR Legacy (04/2018), FDC ID 173753 (CC0 1.0) — glucides hors fibres et énergie recalculés (UE 1169/2011)"
ING-PLANT-FVECUIT-000001,boiled,main,FDC173753,"Broadbeans (fava beans), mature seeds, cooked, boiled, without salt",FE,Fer (mg/100 g),1.5,mg,USDA,0.8,equivalent,Broadbeans (fava beans) mature seeds cooked boiled without salt,"USDA FoodData Central, SR Legacy (04/2018), FDC ID 173753 (CC0 1.0) — glucides hors fibres et énergie recalculés (UE 1169/2011)"
ING-PLANT-FVECUIT-000001,boiled,main,FDC173753,"Broadbeans (fava beans), mature seeds, cooked, boiled, without salt",MG,Magnésium (mg/100 g),43.0,mg,USDA,0.8,equivalent,Broadbeans (fava beans) mature seeds cooked boiled without salt,"USDA FoodData Central, SR Legacy (04/2018), FDC ID 173753 (CC0 1.0) — glucides hors fibres et énergie recalculés (UE 1169/2011)"
ING-PLANT-FVECUIT-000001,boiled,main,FDC173753,"Broadbeans (fava beans), mature seeds, cooked, boiled, without salt",P,Phosphore (mg/100 g),125.0,mg,USDA,0.8,equivalent,Broadbeans (fava beans) mature seeds cooked boiled without salt,"USDA FoodData Central, SR Legacy (04/2018), FDC ID 173753 (CC0 1.0) — glucides hors fibres et énergie recalculés (UE 1169/2011)"
ING-PLANT-FVECUIT-000001,boiled,main,FDC173753,"Broadbeans (fava beans), mature seeds, cooked, boiled, without salt",K,Potassium (mg/100 g),268.0,mg,USDA,0.8,equivalent,Broadbeans (fava beans) mature seeds cooked boiled without salt,"USDA FoodData Central, SR Legacy (04/2018), FDC ID 173753 (CC0 1.0) — glucides hors fibres et énergie recalculés (UE 1169/2011)"
ING-PLANT-FVECUIT-000001,boiled,main,FDC173753,"Broadbeans (fava beans), mature seeds, cooked, boiled, without salt",ZN,Zinc (mg/100 g),1.01,mg,USDA,0.8,equivalent,Broadbeans (fava beans) mature seeds cooked boiled without salt,"USDA FoodData Central, SR Legacy (04/2018), FDC ID 173753 (CC0 1.0) — glucides hors fibres et énergie recalculés (UE 1169/2011)"
ING-PLANT-FVECUIT-000001,boiled,main,FDC173753,"Broadbeans (fava beans), mature seeds, cooked, boiled, without salt",CU,Cuivre (mg/100 g),0.259,mg,USDA,0.8,equivalent,Broadbeans (fava beans) mature seeds cooked boiled without salt,"USDA FoodData Central, SR Legacy (04/2018), FDC ID 173753 (CC0 1.0) — glucides hors fibres et énergie recalculés (UE 1169/2011)"
ING-PLANT-FVECUIT-000001,boiled,main,FDC173753,"Broadbeans (fava beans), mature seeds, cooked, boiled, without salt",MN,Manganèse (mg/100 g),0.421,mg,USDA,0.8,equivalent,Broadbeans (fava beans) mature seeds cooked boiled without salt,"USDA FoodData Central, SR Legacy (04/2018), FDC ID 173753 (CC0 1.0) — glucides hors fibres et énergie recalculés (UE 1169/2011)"
ING-PLANT-FVECUIT-000001,boiled,main,FDC173753,"Broadbeans (fava beans), mature seeds, cooked, boiled, without salt",SE,Sélénium (µg/100 g),2.6,µg,USDA,0.8,equivalent,Broadbeans (fava beans) mature seeds cooked boiled without salt,"USDA FoodData Central, SR Legacy (04/2018), FDC ID 173753 (CC0 1.0) — glucides hors fibres et énergie recalculés (UE 1169/2011)"
ING-PLANT-FVECUIT-000001,boiled,main,FDC173753,"Broadbeans (fava beans), mature seeds, cooked, boiled, without salt",RAE,"Activité vitaminique A, équivalents rétinol (µg/100 g)",1.0,µg,USDA,0.8,equivalent,Broadbeans (fava beans) mature seeds cooked boiled without salt,"USDA FoodData Central, SR Legacy (04/2018), FDC ID 173753 (CC0 1.0) — glucides hors fibres et énergie recalculés (UE 1169/2011)"
ING-PLANT-FVECUIT-000001,boiled,main,FDC173753,"Broadbeans (fava beans), mature seeds, cooked, boiled, without salt",RETOL,Rétinol (µg/100 g),0.0,µg,USDA,0.8,equivalent,Broadbeans (fava beans) mature seeds cooked boiled without salt,"USDA FoodData Central, SR Legacy (04/2018), FDC ID 173753 (CC0 1.0) — glucides hors fibres et énergie recalculés (UE 1169/2011)"
ING-PLANT-FVECUIT-000001,boiled,main,FDC173753,"Broadbeans (fava beans), mature seeds, cooked, boiled, without salt",CARTB,Beta-Carotène (µg/100 g),9.0,µg,USDA,0.8,equivalent,Broadbeans (fava beans) mature seeds cooked boiled without salt,"USDA FoodData Central, SR Legacy (04/2018), FDC ID 173753 (CC0 1.0) — glucides hors fibres et énergie recalculés (UE 1169/2011)"
ING-PLANT-FVECUIT-000001,boiled,main,FDC173753,"Broadbeans (fava beans), mature seeds, cooked, boiled, without salt",VITD-,Vitamine D (µg/100 g),0.0,µg,USDA,0.8,equivalent,Broadbeans (fava beans) mature seeds cooked boiled without salt,"USDA FoodData Central, SR Legacy (04/2018), FDC ID 173753 (CC0 1.0) — glucides hors fibres et énergie recalculés (UE 1169/2011)"
ING-PLANT-FVECUIT-000001,boiled,main,FDC173753,"Broadbeans (fava beans), mature seeds, cooked, boiled, without salt",VITC,Vitamine C (mg/100 g),0.3,mg,USDA,0.8,equivalent,Broadbeans (fava beans) mature seeds cooked boiled without salt,"USDA FoodData Central, SR Legacy (04/2018), FDC ID 173753 (CC0 1.0) — glucides hors fibres et énergie recalculés (UE 1169/2011)"
ING-PLANT-FVECUIT-000001,boiled,main,FDC173753,"Broadbeans (fava beans), mature seeds, cooked, boiled, without salt",THIA,Vitamine B1 ou Thiamine (mg/100 g),0.097,mg,USDA,0.8,equivalent,Broadbeans (fava beans) mature seeds cooked boiled without salt,"USDA FoodData Central, SR Legacy (04/2018), FDC ID 173753 (CC0 1.0) — glucides hors fibres et énergie recalculés (UE 1169/2011)"
ING-PLANT-FVECUIT-000001,boiled,main,FDC173753,"Broadbeans (fava beans), mature seeds, cooked, boiled, without salt",RIBF,Vitamine B2 ou Riboflavine (mg/100 g),0.089,mg,USDA,0.8,equivalent,Broadbeans (fava beans) mature seeds cooked boiled without salt,"USDA FoodData Central, SR Legacy (04/2018), FDC ID 173753 (CC0 1.0) — glucides hors fibres et énergie recalculés (UE 1169/2011)"
ING-PLANT-FVECUIT-000001,boiled,main,FDC173753,"Broadbeans (fava beans), mature seeds, cooked, boiled, without salt",NIA,Vitamine B3 ou PP ou Niacine (mg/100 g),0.711,mg,USDA,0.8,equivalent,Broadbeans (fava beans) mature seeds cooked boiled without salt,"USDA FoodData Central, SR Legacy (04/2018), FDC ID 173753 (CC0 1.0) — glucides hors fibres et énergie recalculés (UE 1169/2011)"
ING-PLANT-FVECUIT-000001,boiled,main,FDC173753,"Broadbeans (fava beans), mature seeds, cooked, boiled, without salt",PANTAC,Vitamine B5 ou Acide pantothénique (mg/100 g),0.157,mg,USDA,0.8,equivalent,Broadbeans (fava beans) mature seeds cooked boiled without salt,"USDA FoodData Central, SR Legacy (04/2018), FDC ID 173753 (CC0 1.0) — glucides hors fibres et énergie recalculés (UE 1169/2011)"
ING-PLANT-FVECUIT-000001,boiled,main,FDC173753,"Broadbeans (fava beans), mature seeds, cooked, boiled, without salt",VITB6-,Vitamine B6 (mg/100 g),0.072,mg,USDA,0.8,equivalent,Broadbeans (fava beans) mature seeds cooked boiled without salt,"USDA FoodData Central, SR Legacy (04/2018), FDC ID 173753 (CC0 1.0) — glucides hors fibres et énergie recalculés (UE 1169/2011)"
ING-PLANT-FVECUIT-000001,boiled,main,FDC173753,"Broadbeans (fava beans), mature seeds, cooked, boiled, without salt",VITB12,Vitamine B12 (µg/100 g),0.0,µg,USDA,0.8,equivalent,Broadbeans (fava beans) mature seeds cooked boiled without salt,"USDA FoodData Central, SR Legacy (04/2018), FDC ID 173753 (CC0 1.0) — glucides hors fibres et énergie recalculés (UE 1169/2011)"
ING-PLANT-FVECUIT-000001,boiled,main,FDC173753,"Broadbeans (fava beans), mature seeds, cooked, boiled, without salt",FOL,Vitamine B9 ou Folates totaux (µg/100 g),104.0,µg,USDA,0.8,equivalent,Broadbeans (fava beans) mature seeds cooked boiled without salt,"USDA FoodData Central, SR Legacy (04/2018), FDC ID 173753 (CC0 1.0) — glucides hors fibres et énergie recalculés (UE 1169/2011)"
ING-PLANT-FVECUIT-000001,boiled,main,FDC173753,"Broadbeans (fava beans), mature seeds, cooked, boiled, without salt",FOLAC,Acide folique (enrichissement) (µg/100 g),0.0,µg,USDA,0.8,equivalent,Broadbeans (fava beans) mature seeds cooked boiled without salt,"USDA FoodData Central, SR Legacy (04/2018), FDC ID 173753 (CC0 1.0) — glucides hors fibres et énergie recalculés (UE 1169/2011)"
ING-PLANT-FVECUIT-000001,boiled,main,FDC173753,"Broadbeans (fava beans), mature seeds, cooked, boiled, without salt",FOLFD,Folates intrinsèques (µg/100 g),104.0,µg,USDA,0.8,equivalent,Broadbeans (fava beans) mature seeds cooked boiled without salt,"USDA FoodData Central, SR Legacy (04/2018), FDC ID 173753 (CC0 1.0) — glucides hors fibres et énergie recalculés (UE 1169/2011)"
ING-PLANT-FVECUIT-000001,boiled,main,FDC173753,"Broadbeans (fava beans), mature seeds, cooked, boiled, without salt",FOLDFE,"Vitamine B9 ou Folates totaux, équivalents folates alimentaires, DFE (µg/100 g)",104.0,µg,USDA,0.8,equivalent,Broadbeans (fava beans) mature seeds cooked boiled without salt,"USDA FoodData Central, SR Legacy (04/2018), FDC ID 173753 (CC0 1.0) — glucides hors fibres et énergie recalculés (UE 1169/2011)"
ING-PLANT-FVECUIT-000001,boiled,main,FDC173753,"Broadbeans (fava beans), mature seeds, cooked, boiled, without salt",TOCPHA,Alpha-tocophérol (vitamine E) (mg/100 g),0.02,mg,USDA,0.8,equivalent,Broadbeans (fava beans) mature seeds cooked boiled without salt,"USDA FoodData Central, SR Legacy (04/2018), FDC ID 173753 (CC0 1.0) — glucides hors fibres et énergie recalculés (UE 1169/2011)"
ING-PLANT-FVECUIT-000001,boiled,main,FDC173753,"Broadbeans (fava beans), mature seeds, cooked, boiled, without salt",VITK1,Vitamine K1 (µg/100 g),2.9,µg,USDA,0.8,equivalent,Broadbeans (fava beans) mature seeds cooked boiled without salt,"USDA FoodData Central, SR Legacy (04/2018), FDC ID 173753 (CC0 1.0) — glucides hors fibres et énergie recalculés (UE 1169/2011)"
ING-PLANT-FVECUIT-000001,boiled,main,FDC173753,"Broadbeans (fava beans), mature seeds, cooked, boiled, without salt",CHOAVL,Glucides (g/100 g),14.25,g,USDA,0.8,equivalent,Broadbeans (fava beans) mature seeds cooked boiled without salt,"USDA FoodData Central, SR Legacy (04/2018), FDC ID 173753 (CC0 1.0) — glucides hors fibres et énergie recalculés (UE 1169/2011)"
ING-PLANT-FVECUIT-000001,boiled,main,FDC173753,"Broadbeans (fava beans), mature seeds, cooked, boiled, without salt",SALT,Sel chlorure de sodium (g/100 g),0.013,g,USDA,0.8,equivalent,Broadbeans (fava beans) mature seeds cooked boiled without salt,"USDA FoodData Central, SR Legacy (04/2018), FDC ID 173753 (CC0 1.0) — glucides hors fibres et énergie recalculés (UE 1169/2011)"
ING-PLANT-FVECUIT-000001,boiled,main,FDC173753,"Broadbeans (fava beans), mature seeds, cooked, boiled, without salt",ENERCKCAL,"Energie, Règlement UE N° 1169/2011 (kcal/100 g)",101.8,kcal,USDA,0.8,equivalent,Broadbeans (fava beans) mature seeds cooked boiled without salt,"USDA FoodData Central, SR Legacy (04/2018), FDC ID 173753 (CC0 1.0) — glucides hors fibres et énergie recalculés (UE 1169/2011)"
ING-PLANT-FVECUIT-000001,boiled,main,FDC173753,"Broadbeans (fava beans), mature seeds, cooked, boiled, without salt",ENERC,"Energie, Règlement UE N° 1169/2011 (kJ/100 g)",429.45,kJ,USDA,0.8,equivalent,Broadbeans (fava beans) mature seeds cooked boiled without salt,"USDA FoodData Central, SR Legacy (04/2018), FDC ID 173753 (CC0 1.0) — glucides hors fibres et énergie recalculés (UE 1169/2011)"
ING-FUNGUS-SHIITAKE-000001,raw,main,FDC169242,"Mushrooms, shiitake, raw",WATER,Eau (g/100 g),89.74,g,USDA,0.8,equivalent,Mushrooms shiitake raw,"USDA FoodData Central, SR Legacy (04/2018), FDC ID 169242 (CC0 1.0) — glucides hors fibres et énergie recalculés (UE 1169/2011)"
ING-FUNGUS-SHIITAKE-000001,raw,main,FDC169242,"Mushrooms, shiitake, raw",ASH,Cendres (g/100 g),0.73,g,USDA,0.8,equivalent,Mushrooms shiitake raw,"USDA FoodData Central, SR Legacy (04/2018), FDC ID 169242 (CC0 1.0) — glucides hors fibres et énergie recalculés (UE 1169/2011)"
ING-FUNGUS-SHIITAKE-000001,raw,main,FDC169242,"Mushrooms, shiitake, raw",PROCNT,"Protéines, N x 6.25 (g/100 g)",2.24,g,USDA,0.8,equivalent,Mushrooms shiitake raw,"USDA FoodData Central, SR Legacy (04/2018), FDC ID 169242 (CC0 1.0) — glucides hors fibres et énergie recalculés (UE 1169/2011)"
ING-FUNGUS-SHIITAKE-000001,raw,main,FDC169242,"Mushrooms, shiitake, raw",FAT,Lipides (g/100 g),0.49,g,USDA,0.8,equivalent,Mushrooms shiitake raw,"USDA FoodData Central, SR Legacy (04/2018), FDC ID 169242 (CC0 1.0) — glucides hors fibres et énergie recalculés (UE 1169/2011)"
ING-FUNGUS-SHIITAKE-000001,raw,main,FDC169242,"Mushrooms, shiitake, raw",FIB-,Fibres alimentaires (g/100 g),2.5,g,USDA,0.8,equivalent,Mushrooms shiitake raw,"USDA FoodData Central, SR Legacy (04/2018), FDC ID 169242 (CC0 1.0) — glucides hors fibres et énergie recalculés (UE 1169/2011)"
ING-FUNGUS-SHIITAKE-000001,raw,main,FDC169242,"Mushrooms, shiitake, raw",SUGAR,Sucres (g/100 g),2.38,g,USDA,0.8,equivalent,Mushrooms shiitake raw,"USDA FoodData Central, SR Legacy (04/2018), FDC ID 169242 (CC0 1.0) — glucides hors fibres et énergie recalculés (UE 1169/2011)"
ING-FUNGUS-SHIITAKE-000001,raw,main,FDC169242,"Mushrooms, shiitake, raw",SUCS,Saccharose (g/100 g),0.0,g,USDA,0.8,equivalent,Mushrooms shiitake raw,"USDA FoodData Central, SR Legacy (04/2018), FDC ID 169242 (CC0 1.0) — glucides hors fibres et énergie recalculés (UE 1169/2011)"
ING-FUNGUS-SHIITAKE-000001,raw,main,FDC169242,"Mushrooms, shiitake, raw",GLUS,Glucose (g/100 g),2.38,g,USDA,0.8,equivalent,Mushrooms shiitake raw,"USDA FoodData Central, SR Legacy (04/2018), FDC ID 169242 (CC0 1.0) — glucides hors fibres et énergie recalculés (UE 1169/2011)"
ING-FUNGUS-SHIITAKE-000001,raw,main,FDC169242,"Mushrooms, shiitake, raw",FRUS,Fructose (g/100 g),0.0,g,USDA,0.8,equivalent,Mushrooms shiitake raw,"USDA FoodData Central, SR Legacy (04/2018), FDC ID 169242 (CC0 1.0) — glucides hors fibres et énergie recalculés (UE 1169/2011)"
ING-FUNGUS-SHIITAKE-000001,raw,main,FDC169242,"Mushrooms, shiitake, raw",LACS,Lactose (g/100 g),0.0,g,USDA,0.8,equivalent,Mushrooms shiitake raw,"USDA FoodData Central, SR Legacy (04/2018), FDC ID 169242 (CC0 1.0) — glucides hors fibres et énergie recalculés (UE 1169/2011)"
ING-FUNGUS-SHIITAKE-000001,raw,main,FDC169242,"Mushrooms, shiitake, raw",MALS,Maltose (g/100 g),0.0,g,USDA,0.8,equivalent,Mushrooms shiitake raw,"USDA FoodData Central, SR Legacy (04/2018), FDC ID 169242 (CC0 1.0) — glucides hors fibres et énergie recalculés (UE 1169/2011)"
ING-FUNGUS-SHIITAKE-000001,raw,main,FDC169242,"Mushrooms, shiitake, raw",GALS,Galactose (g/100 g),0.0,g,USDA,0.8,equivalent,Mushrooms shiitake raw,"USDA FoodData Central, SR Legacy (04/2018), FDC ID 169242 (CC0 1.0) — glucides hors fibres et énergie recalculés (UE 1169/2011)"
ING-FUNGUS-SHIITAKE-000001,raw,main,FDC169242,"Mushrooms, shiitake, raw",NA,Sodium (mg/100 g),9.0,mg,USDA,0.8,equivalent,Mushrooms shiitake raw,"USDA FoodData Central, SR Legacy (04/2018), FDC ID 169242 (CC0 1.0) — glucides hors fibres et énergie recalculés (UE 1169/2011)"
ING-FUNGUS-SHIITAKE-000001,raw,main,FDC169242,"Mushrooms, shiitake, raw",CA,Calcium (mg/100 g),2.0,mg,USDA,0.8,equivalent,Mushrooms shiitake raw,"USDA FoodData Central, SR Legacy (04/2018), FDC ID 169242 (CC0 1.0) — glucides hors fibres et énergie recalculés (UE 1169/2011)"
ING-FUNGUS-SHIITAKE-000001,raw,main,FDC169242,"Mushrooms, shiitake, raw",FE,Fer (mg/100 g),0.41,mg,USDA,0.8,equivalent,Mushrooms shiitake raw,"USDA FoodData Central, SR Legacy (04/2018), FDC ID 169242 (CC0 1.0) — glucides hors fibres et énergie recalculés (UE 1169/2011)"
ING-FUNGUS-SHIITAKE-000001,raw,main,FDC169242,"Mushrooms, shiitake, raw",MG,Magnésium (mg/100 g),20.0,mg,USDA,0.8,equivalent,Mushrooms shiitake raw,"USDA FoodData Central, SR Legacy (04/2018), FDC ID 169242 (CC0 1.0) — glucides hors fibres et énergie recalculés (UE 1169/2011)"
ING-FUNGUS-SHIITAKE-000001,raw,main,FDC169242,"Mushrooms, shiitake, raw",P,Phosphore (mg/100 g),112.0,mg,USDA,0.8,equivalent,Mushrooms shiitake raw,"USDA FoodData Central, SR Legacy (04/2018), FDC ID 169242 (CC0 1.0) — glucides hors fibres et énergie recalculés (UE 1169/2011)"
ING-FUNGUS-SHIITAKE-000001,raw,main,FDC169242,"Mushrooms, shiitake, raw",K,Potassium (mg/100 g),304.0,mg,USDA,0.8,equivalent,Mushrooms shiitake raw,"USDA FoodData Central, SR Legacy (04/2018), FDC ID 169242 (CC0 1.0) — glucides hors fibres et énergie recalculés (UE 1169/2011)"
ING-FUNGUS-SHIITAKE-000001,raw,main,FDC169242,"Mushrooms, shiitake, raw",ZN,Zinc (mg/100 g),1.03,mg,USDA,0.8,equivalent,Mushrooms shiitake raw,"USDA FoodData Central, SR Legacy (04/2018), FDC ID 169242 (CC0 1.0) — glucides hors fibres et énergie recalculés (UE 1169/2011)"
ING-FUNGUS-SHIITAKE-000001,raw,main,FDC169242,"Mushrooms, shiitake, raw",CU,Cuivre (mg/100 g),0.142,mg,USDA,0.8,equivalent,Mushrooms shiitake raw,"USDA FoodData Central, SR Legacy (04/2018), FDC ID 169242 (CC0 1.0) — glucides hors fibres et énergie recalculés (UE 1169/2011)"
ING-FUNGUS-SHIITAKE-000001,raw,main,FDC169242,"Mushrooms, shiitake, raw",MN,Manganèse (mg/100 g),0.23,mg,USDA,0.8,equivalent,Mushrooms shiitake raw,"USDA FoodData Central, SR Legacy (04/2018), FDC ID 169242 (CC0 1.0) — glucides hors fibres et énergie recalculés (UE 1169/2011)"
ING-FUNGUS-SHIITAKE-000001,raw,main,FDC169242,"Mushrooms, shiitake, raw",SE,Sélénium (µg/100 g),5.7,µg,USDA,0.8,equivalent,Mushrooms shiitake raw,"USDA FoodData Central, SR Legacy (04/2018), FDC ID 169242 (CC0 1.0) — glucides hors fibres et énergie recalculés (UE 1169/2011)"
ING-FUNGUS-SHIITAKE-000001,raw,main,FDC169242,"Mushrooms, shiitake, raw",VITD-,Vitamine D (µg/100 g),0.4,µg,USDA,0.8,equivalent,Mushrooms shiitake raw,"USDA FoodData Central, SR Legacy (04/2018), FDC ID 169242 (CC0 1.0) — glucides hors fibres et énergie recalculés (UE 1169/2011)"
ING-FUNGUS-SHIITAKE-000001,raw,main,FDC169242,"Mushrooms, shiitake, raw",THIA,Vitamine B1 ou Thiamine (mg/100 g),0.015,mg,USDA,0.8,equivalent,Mushrooms shiitake raw,"USDA FoodData Central, SR Legacy (04/2018), FDC ID 169242 (CC0 1.0) — glucides hors fibres et énergie recalculés (UE 1169/2011)"
ING-FUNGUS-SHIITAKE-000001,raw,main,FDC169242,"Mushrooms, shiitake, raw",RIBF,Vitamine B2 ou Riboflavine (mg/100 g),0.217,mg,USDA,0.8,equivalent,Mushrooms shiitake raw,"USDA FoodData Central, SR Legacy (04/2018), FDC ID 169242 (CC0 1.0) — glucides hors fibres et énergie recalculés (UE 1169/2011)"
ING-FUNGUS-SHIITAKE-000001,raw,main,FDC169242,"Mushrooms, shiitake, raw",NIA,Vitamine B3 ou PP ou Niacine (mg/100 g),3.877,mg,USDA,0.8,equivalent,Mushrooms shiitake raw,"USDA FoodData Central, SR Legacy (04/2018), FDC ID 169242 (CC0 1.0) — glucides hors fibres et énergie recalculés (UE 1169/2011)"
ING-FUNGUS-SHIITAKE-000001,raw,main,FDC169242,"Mushrooms, shiitake, raw",PANTAC,Vitamine B5 ou Acide pantothénique (mg/100 g),1.5,mg,USDA,0.8,equivalent,Mushrooms shiitake raw,"USDA FoodData Central, SR Legacy (04/2018), FDC ID 169242 (CC0 1.0) — glucides hors fibres et énergie recalculés (UE 1169/2011)"
ING-FUNGUS-SHIITAKE-000001,raw,main,FDC169242,"Mushrooms, shiitake, raw",VITB6-,Vitamine B6 (mg/100 g),0.293,mg,USDA,0.8,equivalent,Mushrooms shiitake raw,"USDA FoodData Central, SR Legacy (04/2018), FDC ID 169242 (CC0 1.0) — glucides hors fibres et énergie recalculés (UE 1169/2011)"
ING-FUNGUS-SHIITAKE-000001,raw,main,FDC169242,"Mushrooms, shiitake, raw",FOL,Vitamine B9 ou Folates totaux (µg/100 g),13.0,µg,USDA,0.8,equivalent,Mushrooms shiitake raw,"USDA FoodData Central, SR Legacy (04/2018), FDC ID 169242 (CC0 1.0) — glucides hors fibres et énergie recalculés (UE 1169/2011)"
ING-FUNGUS-SHIITAKE-000001,raw,main,FDC169242,"Mushrooms, shiitake, raw",FOLAC,Acide folique (enrichissement) (µg/100 g),0.0,µg,USDA,0.8,equivalent,Mushrooms shiitake raw,"USDA FoodData Central, SR Legacy (04/2018), FDC ID 169242 (CC0 1.0) — glucides hors fibres et énergie recalculés (UE 1169/2011)"
ING-FUNGUS-SHIITAKE-000001,raw,main,FDC169242,"Mushrooms, shiitake, raw",FOLFD,Folates intrinsèques (µg/100 g),13.0,µg,USDA,0.8,equivalent,Mushrooms shiitake raw,"USDA FoodData Central, SR Legacy (04/2018), FDC ID 169242 (CC0 1.0) — glucides hors fibres et énergie recalculés (UE 1169/2011)"
ING-FUNGUS-SHIITAKE-000001,raw,main,FDC169242,"Mushrooms, shiitake, raw",FOLDFE,"Vitamine B9 ou Folates totaux, équivalents folates alimentaires, DFE (µg/100 g)",13.0,µg,USDA,0.8,equivalent,Mushrooms shiitake raw,"USDA FoodData Central, SR Legacy (04/2018), FDC ID 169242 (CC0 1.0) — glucides hors fibres et énergie recalculés (UE 1169/2011)"
ING-FUNGUS-SHIITAKE-000001,raw,main,FDC169242,"Mushrooms, shiitake, raw",CHOAVL,Glucides (g/100 g),4.29,g,USDA,0.8,equivalent,Mushrooms shiitake raw,"USDA FoodData Central, SR Legacy (04/2018), FDC ID 169242 (CC0 1.0) — glucides hors fibres et énergie recalculés (UE 1169/2011)"
ING-FUNGUS-SHIITAKE-000001,raw,main,FDC169242,"Mushrooms, shiitake, raw",SALT,Sel chlorure de sodium (g/100 g),0.022,g,USDA,0.8,equivalent,Mushrooms shiitake raw,"USDA FoodData Central, SR Legacy (04/2018), FDC ID 169242 (CC0 1.0) — glucides hors fibres et énergie recalculés (UE 1169/2011)"
ING-FUNGUS-SHIITAKE-000001,raw,main,FDC169242,"Mushrooms, shiitake, raw",ENERCKCAL,"Energie, Règlement UE N° 1169/2011 (kcal/100 g)",35.53,kcal,USDA,0.8,equivalent,Mushrooms shiitake raw,"USDA FoodData Central, SR Legacy (04/2018), FDC ID 169242 (CC0 1.0) — glucides hors fibres et énergie recalculés (UE 1169/2011)"
ING-FUNGUS-SHIITAKE-000001,raw,main,FDC169242,"Mushrooms, shiitake, raw",ENERC,"Energie, Règlement UE N° 1169/2011 (kJ/100 g)",149.14,kJ,USDA,0.8,equivalent,Mushrooms shiitake raw,"USDA FoodData Central, SR Legacy (04/2018), FDC ID 169242 (CC0 1.0) — glucides hors fibres et énergie recalculés (UE 1169/2011)"
