ingredient_id,canonical_name_fr,canonical_name_en,aliases_fr,aliases_en,scientific_name,kingdom_or_origin,category_level_1,category_level_2,category_level_3,source_organism,anatomical_part,ingredient_class,raw_or_intermediate,processing_state,physical_form,fermented,dried,smoked,roasted,concentrated,alcoholic,generic_abv_range,country_or_region_relevance,foodon_id,langual_ids,foodex2_code,ciqual_ids,usda_fdc_ids,other_external_ids,allergen_tags,regulatory_notes,source_refs,confidence,review_status,notes
ING-PLANT-POMME-000001,Pomme crue,"Apple, raw",pomme|pomme fraîche,apple|fresh apple,Malus domestica,Plantae,végétal,fruit,fruit à pépins,Malus domestica,fruit entier,fruit frais,raw,fresh,whole,false,false,false,false,false,false,,,FOODON:0330143,B1560,A04HA,13000,171688,,,,FOODON|LANGUAL|FOODEX2|CIQUAL|USDAFDC|MAESTRO_INTERNAL,0.85,curated,"Pomme crue avec peau, valeur de référence générique non variétale."
ING-PLANT-POMME-000002,Pomme cuite,"Apple, cooked",pomme cuite|pomme au four,cooked apple|baked apple,Malus domestica,Plantae,végétal,fruit,fruit à pépins,Malus domestica,fruit entier,fruit cuit,intermediate,cooked,sliced,false,false,false,false,false,false,,,FOODON:0330144,,,13001,171689,,,,FOODON|CIQUAL|USDAFDC|MAESTRO_INTERNAL,0.85,curated,
ING-PLANT-POMME-000003,Compote de pomme,Apple sauce,compote de pommes,apple sauce|stewed apple,Malus domestica,Plantae,végétal,sous-produit,compote,Malus domestica,pulpe,compote,intermediate,cooked,purée,false,false,false,false,false,false,,,FOODON:0330557,,,13112,,,,,FOODON|CIQUAL|MAESTRO_INTERNAL,0.85,curated,
ING-PLANT-POMME-000004,Jus de pomme,Apple juice,jus de pomme 100% fruit,apple juice|cloudy apple juice,Malus domestica,Plantae,végétal,sous-produit,jus,Malus domestica,pulpe,jus de fruit,intermediate,pressed,liquid,false,false,false,false,false,false,,,FOODON:0330618,,,13116,171687,,,,FOODON|CIQUAL|USDAFDC|MAESTRO_INTERNAL,0.85,curated,
ING-PLANT-ORANGE-000001,Orange cru,"Orange, raw",orange,orange,Citrus sinensis,Plantae,végétal,fruit,agrume,Citrus sinensis,fruit entier,fruit frais,raw,fresh,whole,false,false,false,false,false,false,,,FOODON:0330230,,A04FB,13034,173944,,,,FOODON|FOODEX2|CIQUAL|USDAFDC|MAESTRO_INTERNAL,0.85,curated,
ING-PLANT-ZESTEORANGE-000001,Zeste de orange,Orange zest,zeste orange,orange peel|zest,Citrus sinensis,Plantae,végétal,sous-produit,zeste,Citrus sinensis,péricarpe,zeste,raw,fresh,râpé,false,false,false,false,false,false,,,FOODON:0330233,,,,,,,,FOODON|MAESTRO_INTERNAL,0.80,curated,
ING-PLANT-CITRONJAUNE-000001,Citron jaune cru,"Lemon, raw",citron jaune,lemon,Citrus limon,Plantae,végétal,fruit,agrume,Citrus limon,fruit entier,fruit frais,raw,fresh,whole,false,false,false,false,false,false,,,FOODON:0330230,,A04FA,13036,173946,,,,FOODON|FOODEX2|CIQUAL|USDAFDC|MAESTRO_INTERNAL,0.85,curated,
ING-PLANT-ZESTECITRONJ-000001,Zeste de citron jaune,Lemon zest,zeste citron jaune,lemon peel|zest,Citrus limon,Plantae,végétal,sous-produit,zeste,Citrus limon,péricarpe,zeste,raw,fresh,râpé,false,false,false,false,false,false,,,FOODON:0330233,,,,,,,,FOODON|MAESTRO_INTERNAL,0.80,curated,
ING-PLANT-CITRONVERT-000001,Citron vert cru,"Lime, raw",citron vert,lime,Citrus aurantiifolia,Plantae,végétal,fruit,agrume,Citrus aurantiifolia,fruit entier,fruit frais,raw,fresh,whole,false,false,false,false,false,false,,,FOODON:0330230,,A04FA,13037,173949,,,,FOODON|FOODEX2|CIQUAL|USDAFDC|MAESTRO_INTERNAL,0.85,curated,
ING-PLANT-ZESTECITRONV-000001,Zeste de citron vert,Lime zest,zeste citron vert,lime peel|zest,Citrus aurantiifolia,Plantae,végétal,sous-produit,zeste,Citrus aurantiifolia,péricarpe,zeste,raw,fresh,râpé,false,false,false,false,false,false,,,FOODON:0330233,,,,,,,,FOODON|MAESTRO_INTERNAL,0.80,curated,
ING-PLANT-PAMPLEMOUSSE-000001,Pamplemousse cru,"Grapefruit, raw",pamplemousse,grapefruit,Citrus paradisi,Plantae,végétal,fruit,agrume,Citrus paradisi,fruit entier,fruit frais,raw,fresh,whole,false,false,false,false,false,false,,,FOODON:0330230,,A04FD,13040,173947,,,,FOODON|FOODEX2|CIQUAL|USDAFDC|MAESTRO_INTERNAL,0.85,curated,
ING-PLANT-ZESTEPAMPLEM-000001,Zeste de pamplemousse,Grapefruit zest,zeste pamplemousse,grapefruit peel|zest,Citrus paradisi,Plantae,végétal,sous-produit,zeste,Citrus paradisi,péricarpe,zeste,raw,fresh,râpé,false,false,false,false,false,false,,,FOODON:0330233,,,,,,,,FOODON|MAESTRO_INTERNAL,0.80,curated,
ING-PLANT-MANDARINE-000001,Mandarine cru,"Mandarin, raw",mandarine,mandarin,Citrus reticulata,Plantae,végétal,fruit,agrume,Citrus reticulata,fruit entier,fruit frais,raw,fresh,whole,false,false,false,false,false,false,,,FOODON:0330230,,A04FC,13035,173952,,,,FOODON|FOODEX2|CIQUAL|USDAFDC|MAESTRO_INTERNAL,0.85,curated,
ING-PLANT-ZESTEMANDARI-000001,Zeste de mandarine,Mandarin zest,zeste mandarine,mandarin peel|zest,Citrus reticulata,Plantae,végétal,sous-produit,zeste,Citrus reticulata,péricarpe,zeste,raw,fresh,râpé,false,false,false,false,false,false,,,FOODON:0330233,,,,,,,,FOODON|MAESTRO_INTERNAL,0.80,curated,
ING-PLANT-BERGAMOTE-000001,Bergamote cru,"Bergamot, raw",bergamote,bergamot,Citrus bergamia,Plantae,végétal,fruit,agrume,Citrus bergamia,fruit entier,fruit frais,raw,fresh,whole,false,false,false,false,false,false,,,FOODON:0330230,,A04FA,,,,,,FOODON|FOODEX2|CIQUAL|USDAFDC|MAESTRO_INTERNAL,0.85,curated,
ING-PLANT-ZESTEBERGAMO-000001,Zeste de bergamote,Bergamot zest,zeste bergamote,bergamot peel|zest,Citrus bergamia,Plantae,végétal,sous-produit,zeste,Citrus bergamia,péricarpe,zeste,raw,fresh,râpé,false,false,false,false,false,false,,,FOODON:0330233,,,,,,,,FOODON|MAESTRO_INTERNAL,0.80,curated,
ING-PLANT-YUZU-000001,Yuzu cru,"Yuzu, raw",yuzu,yuzu,Citrus junos,Plantae,végétal,fruit,agrume,Citrus junos,fruit entier,fruit frais,raw,fresh,whole,false,false,false,false,false,false,,,FOODON:0330230,,A04FA,,,,,,FOODON|FOODEX2|CIQUAL|USDAFDC|MAESTRO_INTERNAL,0.85,curated,
ING-PLANT-ZESTEYUZU-000001,Zeste de yuzu,Yuzu zest,zeste yuzu,yuzu peel|zest,Citrus junos,Plantae,végétal,sous-produit,zeste,Citrus junos,péricarpe,zeste,raw,fresh,râpé,false,false,false,false,false,false,,,FOODON:0330233,,,,,,,,FOODON|MAESTRO_INTERNAL,0.80,curated,
ING-PLANT-COMBAVA-000001,Combava cru,"Kaffir lime, raw",combava,kaffir lime,Citrus hystrix,Plantae,végétal,fruit,agrume,Citrus hystrix,feuilles et zeste,fruit frais,raw,fresh,whole,false,false,false,false,false,false,,,FOODON:0330230,,A04FA,,,,,,FOODON|FOODEX2|CIQUAL|USDAFDC|MAESTRO_INTERNAL,0.85,curated,
ING-PLANT-FRAISE-000001,Fraise crue,"Strawberry, raw",fraise,strawberry,Fragaria × ananassa,Plantae,végétal,fruit,baie,Fragaria × ananassa,fruit entier,fruit frais,raw,fresh,whole,false,false,false,false,false,false,,,FOODON:0330291,,,13007,173944,,,,FOODON|CIQUAL|USDAFDC|MAESTRO_INTERNAL,0.85,curated,
ING-PLANT-FRAMBOISE-000001,Framboise crue,"Raspberry, raw",framboise,raspberry,Rubus idaeus,Plantae,végétal,fruit,baie,Rubus idaeus,fruit entier,fruit frais,raw,fresh,whole,false,false,false,false,false,false,,,FOODON:0330291,,,13014,173945,,,,FOODON|CIQUAL|USDAFDC|MAESTRO_INTERNAL,0.85,curated,
ING-PLANT-MYRTILLE-000001,Myrtille crue,"Blueberry, raw",myrtille,blueberry,Vaccinium corymbosum,Plantae,végétal,fruit,baie,Vaccinium corymbosum,fruit entier,fruit frais,raw,fresh,whole,false,false,false,false,false,false,,,FOODON:0330291,,,13021,171711,,,,FOODON|CIQUAL|USDAFDC|MAESTRO_INTERNAL,0.85,curated,
ING-PLANT-MRE-000001,Mûre crue,"Blackberry, raw",mûre,blackberry,Rubus fruticosus,Plantae,végétal,fruit,baie,Rubus fruticosus,fruit entier,fruit frais,raw,fresh,whole,false,false,false,false,false,false,,,FOODON:0330291,,,13015,173946,,,,FOODON|CIQUAL|USDAFDC|MAESTRO_INTERNAL,0.85,curated,
ING-PLANT-CASSIS-000001,Cassis crue,"Blackcurrant, raw",cassis,blackcurrant,Ribes nigrum,Plantae,végétal,fruit,baie,Ribes nigrum,fruit entier,fruit frais,raw,fresh,whole,false,false,false,false,false,false,,,FOODON:0330291,,,13019,173948,,,,FOODON|CIQUAL|USDAFDC|MAESTRO_INTERNAL,0.85,curated,
ING-PLANT-GROSEILLE-000001,Groseille crue,"Redcurrant, raw",groseille,redcurrant,Ribes rubrum,Plantae,végétal,fruit,baie,Ribes rubrum,fruit entier,fruit frais,raw,fresh,whole,false,false,false,false,false,false,,,FOODON:0330291,,,13018,173949,,,,FOODON|CIQUAL|USDAFDC|MAESTRO_INTERNAL,0.85,curated,
ING-PLANT-CANNEBERGE-000001,Canneberge crue,"Cranberry, raw",canneberge,cranberry,Vaccinium macrocarpon,Plantae,végétal,fruit,baie,Vaccinium macrocarpon,fruit entier,fruit frais,raw,fresh,whole,false,false,false,false,false,false,,,FOODON:0330291,,,13149,171722,,,,FOODON|CIQUAL|USDAFDC|MAESTRO_INTERNAL,0.85,curated,
ING-PLANT-MREBLANCHE-000001,Mûre blanche crue,"Mulberry, raw",mûre blanche,mulberry,Morus alba,Plantae,végétal,fruit,baie,Morus alba,fruit entier,fruit frais,raw,fresh,whole,false,false,false,false,false,false,,,FOODON:0330291,,,,,,,,FOODON|CIQUAL|USDAFDC|MAESTRO_INTERNAL,0.85,curated,
ING-PLANT-AIRELLE-000001,Airelle crue,"Lingonberry, raw",airelle,lingonberry,Vaccinium vitis-idaea,Plantae,végétal,fruit,baie,Vaccinium vitis-idaea,fruit entier,fruit frais,raw,fresh,whole,false,false,false,false,false,false,,,FOODON:0330291,,,,,,,,FOODON|CIQUAL|USDAFDC|MAESTRO_INTERNAL,0.85,curated,
ING-PLANT-GROSEILLEMAQ-000001,Groseille à maquereau crue,"Gooseberry, raw",groseille à maquereau,gooseberry,Ribes uva-crispa,Plantae,végétal,fruit,baie,Ribes uva-crispa,fruit entier,fruit frais,raw,fresh,whole,false,false,false,false,false,false,,,FOODON:0330291,,,,,,,,FOODON|CIQUAL|USDAFDC|MAESTRO_INTERNAL,0.85,curated,
ING-PLANT-PCHE-000001,Pêche crue,"Peach, raw",pêche,peach,Prunus persica,Plantae,végétal,fruit,fruit à noyau,Prunus persica,fruit entier,fruit frais,raw,fresh,whole,false,false,false,false,false,false,,,FOODON:0330251,,,13011,173944,,,,FOODON|CIQUAL|USDAFDC|MAESTRO_INTERNAL,0.85,curated,
ING-PLANT-ABRICOT-000001,Abricot crue,"Apricot, raw",abricot,apricot,Prunus armeniaca,Plantae,végétal,fruit,fruit à noyau,Prunus armeniaca,fruit entier,fruit frais,raw,fresh,whole,false,false,false,false,false,false,,,FOODON:0330251,,,13012,173946,,,,FOODON|CIQUAL|USDAFDC|MAESTRO_INTERNAL,0.85,curated,
ING-PLANT-PRUNE-000001,Prune crue,"Plum, raw",prune,plum,Prunus domestica,Plantae,végétal,fruit,fruit à noyau,Prunus domestica,fruit entier,fruit frais,raw,fresh,whole,false,false,false,false,false,false,,,FOODON:0330251,,,13013,173949,,,,FOODON|CIQUAL|USDAFDC|MAESTRO_INTERNAL,0.85,curated,
ING-PLANT-CERISE-000001,Cerise crue,"Cherry, raw",cerise,cherry,Prunus avium,Plantae,végétal,fruit,fruit à noyau,Prunus avium,fruit entier,fruit frais,raw,fresh,whole,false,false,false,false,false,false,,,FOODON:0330251,,,13017,173947,,,,FOODON|CIQUAL|USDAFDC|MAESTRO_INTERNAL,0.85,curated,
ING-PLANT-OLIVE-000001,Olive crue,"Olive, raw",olive,olive,Olea europaea,Plantae,végétal,fruit,drupe tropicale,Olea europaea,fruit entier,fruit frais,raw,fresh,whole,false,false,false,false,false,false,,,FOODON:0330251,,,13022,173945,,,,FOODON|CIQUAL|USDAFDC|MAESTRO_INTERNAL,0.85,curated,
ING-PLANT-MANGUE-000001,Mangue crue,"Mango, raw",mangue,mango,Mangifera indica,Plantae,végétal,fruit,drupe tropicale,Mangifera indica,fruit entier,fruit frais,raw,fresh,whole,false,false,false,false,false,false,,,FOODON:0330251,,,13025,173948,,,,FOODON|CIQUAL|USDAFDC|MAESTRO_INTERNAL,0.85,curated,
ING-PLANT-BANANE-000001,Banane,Banana,banane,banana,Musa × paradisiaca,Plantae,végétal,fruit,fruit tropical,Musa × paradisiaca,fruit entier,fruit frais,raw,fresh,whole,false,false,false,false,false,false,,,FOODON:0330232,,,13000,173944,,,,FOODON|CIQUAL|USDAFDC|MAESTRO_INTERNAL,0.85,curated,
ING-PLANT-ANANAS-000001,Ananas,Pineapple,ananas,pineapple,Ananas comosus,Plantae,végétal,fruit,fruit tropical,Ananas comosus,fruit entier,fruit frais,raw,fresh,whole,false,false,false,false,false,false,,,FOODON:0330232,,,13030,169124,,,,FOODON|CIQUAL|USDAFDC|MAESTRO_INTERNAL,0.85,curated,
ING-PLANT-FRUITDELAPAS-000001,Fruit de la passion,Passion fruit,fruit de la passion,passion fruit,Passiflora edulis,Plantae,végétal,fruit,fruit tropical,Passiflora edulis,fruit entier,fruit frais,raw,fresh,whole,false,false,false,false,false,false,,,FOODON:0330232,,,13031,173944,,,,FOODON|CIQUAL|USDAFDC|MAESTRO_INTERNAL,0.85,curated,
ING-PLANT-PAPAYE-000001,Papaye,Papaya,papaye,papaya,Carica papaya,Plantae,végétal,fruit,fruit tropical,Carica papaya,fruit entier,fruit frais,raw,fresh,whole,false,false,false,false,false,false,,,FOODON:0330232,,,13026,169167,,,,FOODON|CIQUAL|USDAFDC|MAESTRO_INTERNAL,0.85,curated,
ING-PLANT-GOYAVE-000001,Goyave,Guava,goyave,guava,Psidium guajava,Plantae,végétal,fruit,fruit tropical,Psidium guajava,fruit entier,fruit frais,raw,fresh,whole,false,false,false,false,false,false,,,FOODON:0330232,,,13027,173944,,,,FOODON|CIQUAL|USDAFDC|MAESTRO_INTERNAL,0.85,curated,
ING-PLANT-LITCHI-000001,Litchi,Lychee,litchi,lychee,Litchi chinensis,Plantae,végétal,fruit,fruit tropical,Litchi chinensis,fruit entier,fruit frais,raw,fresh,whole,false,false,false,false,false,false,,,FOODON:0330232,,,13028,169089,,,,FOODON|CIQUAL|USDAFDC|MAESTRO_INTERNAL,0.85,curated,
ING-PLANT-FRUITDUDRAGO-000001,Fruit du dragon,Dragon fruit,fruit du dragon,dragon fruit,Hylocereus undatus,Plantae,végétal,fruit,fruit tropical,Hylocereus undatus,fruit entier,fruit frais,raw,fresh,whole,false,false,false,false,false,false,,,FOODON:0330232,,,,,,,,FOODON|CIQUAL|USDAFDC|MAESTRO_INTERNAL,0.85,curated,
ING-PLANT-KAKI-000001,Kaki,Persimmon,kaki,persimmon,Diospyros kaki,Plantae,végétal,fruit,fruit tropical,Diospyros kaki,fruit entier,fruit frais,raw,fresh,whole,false,false,false,false,false,false,,,FOODON:0330232,,,13029,169944,,,,FOODON|CIQUAL|USDAFDC|MAESTRO_INTERNAL,0.85,curated,
ING-PLANT-GRENADE-000001,Grenade,Pomegranate,grenade,pomegranate,Punica granatum,Plantae,végétal,fruit,fruit tropical,Punica granatum,fruit entier,fruit frais,raw,fresh,whole,false,false,false,false,false,false,,,FOODON:0330232,,,13032,169134,,,,FOODON|CIQUAL|USDAFDC|MAESTRO_INTERNAL,0.85,curated,
ING-PLANT-CARAMBOLE-000001,Carambole,Starfruit,carambole,starfruit,Averrhoa carambola,Plantae,végétal,fruit,fruit tropical,Averrhoa carambola,fruit entier,fruit frais,raw,fresh,whole,false,false,false,false,false,false,,,FOODON:0330232,,,,,,,,FOODON|CIQUAL|USDAFDC|MAESTRO_INTERNAL,0.85,curated,
ING-PLANT-KIWI-000001,Kiwi,Kiwi,kiwi,kiwi,Actinidia deliciosa,Plantae,végétal,fruit,fruit tropical,Actinidia deliciosa,fruit entier,fruit frais,raw,fresh,whole,false,false,false,false,false,false,,,FOODON:0330232,,,13033,173948,,,,FOODON|CIQUAL|USDAFDC|MAESTRO_INTERNAL,0.85,curated,
ING-PLANT-PHYSALIS-000001,Physalis,Cape gooseberry,physalis,cape gooseberry,Physalis peruviana,Plantae,végétal,fruit,fruit tropical,Physalis peruviana,fruit entier,fruit frais,raw,fresh,whole,false,false,false,false,false,false,,,FOODON:0330232,,,,,,,,FOODON|CIQUAL|USDAFDC|MAESTRO_INTERNAL,0.85,curated,
ING-PLANT-RAISIN-000001,Raisin frais,"Grape, raw",raisin|grappe,grape|grapes,Vitis vinifera,Plantae,végétal,fruit,fruit en grappe,Vitis vinifera,baie,fruit frais,raw,fresh,whole,,,,,,,,,FOODON:0330172,,,13002,173411,,,,FOODON|CIQUAL|USDAFDC|MAESTRO_INTERNAL,0.85,curated,
ING-PLANT-RAISINSEC-000001,Raisin sec,Raisin,raisins secs,raisins|dried grapes,Vitis vinifera,Plantae,végétal,fruit,fruit séché,Vitis vinifera,baie,fruit séché,intermediate,dried,whole,,true,,,,,,,FOODON:0330173,,,13003,173946,,,,FOODON|CIQUAL|USDAFDC|MAESTRO_INTERNAL,0.85,curated,
ING-PLANT-AMANDE-000001,Amande crue,"Almond, raw",amande,almond,Prunus dulcis,Plantae,végétal,fruit sec,fruit à coque,Prunus dulcis,graine,fruit à coque,raw,fresh,whole,,false,,false,,,,,FOODON:0330123,,,15001,170567,,nuts,Allergène majeur (règlement INCO UE 1169/2011),FOODON|CIQUAL|USDAFDC|MAESTRO_INTERNAL,0.85,curated,
ING-PLANT-AMANDETORRFI-000001,Amande torréfiée,"Almond, roasted",amande grillée,roasted almond,Prunus dulcis,Plantae,végétal,fruit sec,fruit à coque torréfié,Prunus dulcis,graine,fruit à coque torréfié,intermediate,roasted,whole,,,,true,,,,,FOODON:0330124,,,,,,nuts,Allergène majeur,FOODON|MAESTRO_INTERNAL,0.85,curated,
ING-TECH-BEURREDEAMAN-000001,Beurre de amande,Almond butter,pâte de amande,almond paste,Prunus dulcis,Plantae,végétal,sous-produit,beurre de fruits à coque,Prunus dulcis,graine,beurre de fruits à coque,intermediate,ground,paste,,,,,,,,,,,,,,,nuts,Allergène — étiquetage obligatoire,MAESTRO_INTERNAL,0.80,curated,
ING-PLANT-NOISETTE-000001,Noisette crue,"Hazelnut, raw",noisette,hazelnut,Corylus avellana,Plantae,végétal,fruit sec,fruit à coque,Corylus avellana,graine,fruit à coque,raw,fresh,whole,,false,,false,,,,,FOODON:0330123,,,15002,170581,,nuts,Allergène majeur (règlement INCO UE 1169/2011),FOODON|CIQUAL|USDAFDC|MAESTRO_INTERNAL,0.85,curated,
ING-PLANT-NOISETTETORR-000001,Noisette torréfiée,"Hazelnut, roasted",noisette grillée,roasted hazelnut,Corylus avellana,Plantae,végétal,fruit sec,fruit à coque torréfié,Corylus avellana,graine,fruit à coque torréfié,intermediate,roasted,whole,,,,true,,,,,FOODON:0330124,,,,,,nuts,Allergène majeur,FOODON|MAESTRO_INTERNAL,0.85,curated,
ING-TECH-BEURREDENOIS-000001,Beurre de noisette,Hazelnut butter,pâte de noisette,hazelnut paste,Corylus avellana,Plantae,végétal,sous-produit,beurre de fruits à coque,Corylus avellana,graine,beurre de fruits à coque,intermediate,ground,paste,,,,,,,,,,,,,,,nuts,Allergène — étiquetage obligatoire,MAESTRO_INTERNAL,0.80,curated,
ING-PLANT-NOIX-000001,Noix crue,"Walnut, raw",noix,walnut,Juglans regia,Plantae,végétal,fruit sec,fruit à coque,Juglans regia,graine,fruit à coque,raw,fresh,whole,,false,,false,,,,,FOODON:0330123,,,15003,170569,,nuts,Allergène majeur (règlement INCO UE 1169/2011),FOODON|CIQUAL|USDAFDC|MAESTRO_INTERNAL,0.85,curated,
ING-PLANT-NOIXTORRFIE-000001,Noix torréfiée,"Walnut, roasted",noix grillée,roasted walnut,Juglans regia,Plantae,végétal,fruit sec,fruit à coque torréfié,Juglans regia,graine,fruit à coque torréfié,intermediate,roasted,whole,,,,true,,,,,FOODON:0330124,,,,,,nuts,Allergène majeur,FOODON|MAESTRO_INTERNAL,0.85,curated,
ING-PLANT-PISTACHE-000001,Pistache crue,"Pistachio, raw",pistache,pistachio,Pistacia vera,Plantae,végétal,fruit sec,fruit à coque,Pistacia vera,graine,fruit à coque,raw,fresh,whole,,false,,false,,,,,FOODON:0330123,,,15004,170574,,nuts,Allergène majeur (règlement INCO UE 1169/2011),FOODON|CIQUAL|USDAFDC|MAESTRO_INTERNAL,0.85,curated,
ING-PLANT-PISTACHETORR-000001,Pistache torréfiée,"Pistachio, roasted",pistache grillée,roasted pistachio,Pistacia vera,Plantae,végétal,fruit sec,fruit à coque torréfié,Pistacia vera,graine,fruit à coque torréfié,intermediate,roasted,whole,,,,true,,,,,FOODON:0330124,,,,,,nuts,Allergène majeur,FOODON|MAESTRO_INTERNAL,0.85,curated,
ING-TECH-BEURREDEPIST-000001,Beurre de pistache,Pistachio butter,pâte de pistache,pistachio paste,Pistacia vera,Plantae,végétal,sous-produit,beurre de fruits à coque,Pistacia vera,graine,beurre de fruits à coque,intermediate,ground,paste,,,,,,,,,,,,,,,nuts,Allergène — étiquetage obligatoire,MAESTRO_INTERNAL,0.80,curated,
ING-PLANT-CAJOU-000001,Cajou crue,"Cashew, raw",cajou,cashew,Anacardium occidentale,Plantae,végétal,fruit sec,fruit à coque,Anacardium occidentale,graine,fruit à coque,raw,fresh,whole,,false,,false,,,,,FOODON:0330123,,,15005,170575,,nuts,Allergène majeur (règlement INCO UE 1169/2011),FOODON|CIQUAL|USDAFDC|MAESTRO_INTERNAL,0.85,curated,
ING-PLANT-CAJOUTORRFIE-000001,Cajou torréfiée,"Cashew, roasted",cajou grillée,roasted cashew,Anacardium occidentale,Plantae,végétal,fruit sec,fruit à coque torréfié,Anacardium occidentale,graine,fruit à coque torréfié,intermediate,roasted,whole,,,,true,,,,,FOODON:0330124,,,,,,nuts,Allergène majeur,FOODON|MAESTRO_INTERNAL,0.85,curated,
ING-TECH-BEURREDECAJO-000001,Beurre de cajou,Cashew butter,pâte de cajou,cashew paste,Anacardium occidentale,Plantae,végétal,sous-produit,beurre de fruits à coque,Anacardium occidentale,graine,beurre de fruits à coque,intermediate,ground,paste,,,,,,,,,,,,,,,nuts,Allergène — étiquetage obligatoire,MAESTRO_INTERNAL,0.80,curated,
ING-PLANT-PCAN-000001,Pécan crue,"Pecan, raw",pécan,pecan,Carya illinoinensis,Plantae,végétal,fruit sec,fruit à coque,Carya illinoinensis,graine,fruit à coque,raw,fresh,whole,,false,,false,,,,,FOODON:0330123,,,15006,170572,,nuts,Allergène majeur (règlement INCO UE 1169/2011),FOODON|CIQUAL|USDAFDC|MAESTRO_INTERNAL,0.85,curated,
ING-PLANT-PCANTORRFIE-000001,Pécan torréfiée,"Pecan, roasted",pécan grillée,roasted pecan,Carya illinoinensis,Plantae,végétal,fruit sec,fruit à coque torréfié,Carya illinoinensis,graine,fruit à coque torréfié,intermediate,roasted,whole,,,,true,,,,,FOODON:0330124,,,,,,nuts,Allergène majeur,FOODON|MAESTRO_INTERNAL,0.85,curated,
ING-PLANT-NOIXDUBRSIL-000001,Noix du Brésil crue,"Brazil nut, raw",noix du brésil,brazil nut,Bertholletia excelsa,Plantae,végétal,fruit sec,fruit à coque,Bertholletia excelsa,graine,fruit à coque,raw,fresh,whole,,false,,false,,,,,FOODON:0330123,,,15007,170573,,nuts,Allergène majeur (règlement INCO UE 1169/2011),FOODON|CIQUAL|USDAFDC|MAESTRO_INTERNAL,0.85,curated,
ING-PLANT-NOIXDUBRSILT-000001,Noix du Brésil torréfiée,"Brazil nut, roasted",noix du brésil grillée,roasted brazil nut,Bertholletia excelsa,Plantae,végétal,fruit sec,fruit à coque torréfié,Bertholletia excelsa,graine,fruit à coque torréfié,intermediate,roasted,whole,,,,true,,,,,FOODON:0330124,,,,,,nuts,Allergène majeur,FOODON|MAESTRO_INTERNAL,0.85,curated,
ING-TECH-BEURREDENOIX-000001,Beurre de noix du brésil,Brazil nut butter,pâte de noix du brésil,brazil nut paste,Bertholletia excelsa,Plantae,végétal,sous-produit,beurre de fruits à coque,Bertholletia excelsa,graine,beurre de fruits à coque,intermediate,ground,paste,,,,,,,,,,,,,,,nuts,Allergène — étiquetage obligatoire,MAESTRO_INTERNAL,0.80,curated,
ING-PLANT-NOIXDEMACADA-000001,Noix de Macadamia crue,"Macadamia, raw",noix de macadamia,macadamia,Macadamia integrifolia,Plantae,végétal,fruit sec,fruit à coque,Macadamia integrifolia,graine,fruit à coque,raw,fresh,whole,,false,,false,,,,,FOODON:0330123,,,15008,170578,,nuts,Allergène majeur (règlement INCO UE 1169/2011),FOODON|CIQUAL|USDAFDC|MAESTRO_INTERNAL,0.85,curated,
ING-PLANT-NOIXDEMACADA-000002,Noix de Macadamia torréfiée,"Macadamia, roasted",noix de macadamia grillée,roasted macadamia,Macadamia integrifolia,Plantae,végétal,fruit sec,fruit à coque torréfié,Macadamia integrifolia,graine,fruit à coque torréfié,intermediate,roasted,whole,,,,true,,,,,FOODON:0330124,,,,,,nuts,Allergène majeur,FOODON|MAESTRO_INTERNAL,0.85,curated,
ING-TECH-BEURREDENOIX-000002,Beurre de noix de macadamia,Macadamia butter,pâte de noix de macadamia,macadamia paste,Macadamia integrifolia,Plantae,végétal,sous-produit,beurre de fruits à coque,Macadamia integrifolia,graine,beurre de fruits à coque,intermediate,ground,paste,,,,,,,,,,,,,,,nuts,Allergène — étiquetage obligatoire,MAESTRO_INTERNAL,0.80,curated,
ING-PLANT-PIGNONDEPIN-000001,Pignon de pin crue,"Pine nut, raw",pignon de pin,pine nut,Pinus pinea,Plantae,végétal,fruit sec,fruit à coque,Pinus pinea,graine,fruit à coque,raw,fresh,whole,,false,,false,,,,,FOODON:0330123,,,15009,170584,,nuts,Allergène majeur (règlement INCO UE 1169/2011),FOODON|CIQUAL|USDAFDC|MAESTRO_INTERNAL,0.85,curated,
ING-PLANT-PIGNONDEPINT-000001,Pignon de pin torréfiée,"Pine nut, roasted",pignon de pin grillée,roasted pine nut,Pinus pinea,Plantae,végétal,fruit sec,fruit à coque torréfié,Pinus pinea,graine,fruit à coque torréfié,intermediate,roasted,whole,,,,true,,,,,FOODON:0330124,,,,,,nuts,Allergène majeur,FOODON|MAESTRO_INTERNAL,0.85,curated,
ING-PLANT-CHTAIGNE-000001,Châtaigne crue,"Chestnut, raw",châtaigne,chestnut,Castanea sativa,Plantae,végétal,fruit sec,fruit à coque,Castanea sativa,graine,fruit à coque,raw,fresh,whole,,false,,false,,,,,FOODON:0330123,,,15010,170582,,nuts,Allergène majeur (règlement INCO UE 1169/2011),FOODON|CIQUAL|USDAFDC|MAESTRO_INTERNAL,0.85,curated,
ING-PLANT-CHTAIGNETORR-000001,Châtaigne torréfiée,"Chestnut, roasted",châtaigne grillée,roasted chestnut,Castanea sativa,Plantae,végétal,fruit sec,fruit à coque torréfié,Castanea sativa,graine,fruit à coque torréfié,intermediate,roasted,whole,,,,true,,,,,FOODON:0330124,,,,,,nuts,Allergène majeur,FOODON|MAESTRO_INTERNAL,0.85,curated,
ING-PLANT-ARACHIDE-000001,Arachide crue,"Peanut, raw",arachide,peanut,Arachis hypogaea,Plantae,végétal,fruit sec,fruit à coque,Arachis hypogaea,graine,fruit à coque,raw,fresh,whole,,false,,false,,,,,FOODON:0330123,,,15011,172100,,peanuts,Allergène arachide (règlement INCO UE 1169/2011),FOODON|CIQUAL|USDAFDC|MAESTRO_INTERNAL,0.85,curated,
ING-PLANT-ARACHIDETORR-000001,Arachide torréfiée,"Peanut, roasted",arachide grillée,roasted peanut,Arachis hypogaea,Plantae,végétal,fruit sec,fruit à coque torréfié,Arachis hypogaea,graine,fruit à coque torréfié,intermediate,roasted,whole,,,,true,,,,,FOODON:0330124,,,,,,peanuts,Allergène majeur,FOODON|MAESTRO_INTERNAL,0.85,curated,
ING-TECH-BEURREDEARAC-000001,Beurre de arachide,Peanut butter,pâte de arachide,peanut paste,Arachis hypogaea,Plantae,végétal,sous-produit,beurre de fruits à coque,Arachis hypogaea,graine,beurre de fruits à coque,intermediate,ground,paste,,,,,,,,,,,,,,,peanuts,Allergène — étiquetage obligatoire,MAESTRO_INTERNAL,0.80,curated,
ING-FERMENT-CONFITUREFRA-000001,Confiture de fraise,Strawberry jam,confiture de fraise,strawberry jam,Fragaria × ananassa,Plantae,végétal,sous-produit,confiture,Fragaria × ananassa,pulpe+sucre,confiture,intermediate,cooked,gel,,,,,true,,,,FOODON:0330558,,,13110,,,,,FOODON|CIQUAL|MAESTRO_INTERNAL,0.80,curated,
ING-FERMENT-CONFITUREABR-000001,Confiture d'abricot,Apricot jam,confiture d'abricot,apricot jam,Prunus armeniaca,Plantae,végétal,sous-produit,confiture,Prunus armeniaca,pulpe+sucre,confiture,intermediate,cooked,gel,,,,,true,,,,FOODON:0330558,,,13111,,,,,FOODON|CIQUAL|MAESTRO_INTERNAL,0.80,curated,
ING-FERMENT-MARMELADEORA-000001,Marmelade d'orange,Orange marmalade,marmelade d'orange,orange marmalade,Citrus sinensis,Plantae,végétal,sous-produit,confiture,Citrus sinensis,pulpe+sucre,confiture,intermediate,cooked,gel,,,,,true,,,,FOODON:0330558,,,13113,,,,,FOODON|CIQUAL|MAESTRO_INTERNAL,0.80,curated,
ING-PLANT-TOMATE-000001,Tomate fraîche,"Tomato, raw",tomate|tomate ronde,tomato|fresh tomato,Solanum lycopersicum,Plantae,végétal,légume,légume-fruit,Solanum lycopersicum,fruit,légume-fruit,raw,fresh,whole,,,,,,,,,FOODON:0331112,,,13040,170457,,,,FOODON|CIQUAL|USDAFDC|MAESTRO_INTERNAL,0.85,curated,
ING-PLANT-TOMATESCHE-000001,Tomate séchée,"Tomato, sun-dried",tomates séchées,sun-dried tomatoes,Solanum lycopersicum,Plantae,végétal,légume,légume-fruit séché,Solanum lycopersicum,fruit,légume-fruit séché,intermediate,dried,whole,,true,,,,,,,FOODON:0331113,,,13041,170458,,,,FOODON|CIQUAL|USDAFDC|MAESTRO_INTERNAL,0.85,curated,
ING-FERMENT-CONCENTRDETO-000001,Concentré de tomate,Tomato paste,double concentré|pâte de tomate,tomato paste|tomato concentrate,Solanum lycopersicum,Plantae,végétal,sous-produit,concentré,Solanum lycopersicum,fruit,concentré de légume,intermediate,concentrated,paste,,,,,true,,,,FOODON:0330559,,,13042,170459,,,,FOODON|CIQUAL|USDAFDC|MAESTRO_INTERNAL,0.85,curated,
ING-FERMENT-COULISDETOMA-000001,Coulis de tomate,Tomato coulis,coulis de tomates,tomato sauce|passata,Solanum lycopersicum,Plantae,végétal,sous-produit,coulis,Solanum lycopersicum,fruit,coulis de légume,intermediate,sieved,liquid-puree,,,,,,,,,FOODON:0330560,,,13043,,,,,FOODON|CIQUAL|MAESTRO_INTERNAL,0.85,curated,
ING-PLANT-POIVRONROUGE-000001,Poivron rouge,"Red bell pepper, raw",poivron rouge,red bell pepper,Capsicum annuum,Plantae,végétal,légume,légume-fruit,Capsicum annuum,fruit,légume frais,raw,fresh,whole,,,,,,,,,FOODON:0331101,,,13050,170108,,,,FOODON|CIQUAL|USDAFDC|MAESTRO_INTERNAL,0.85,curated,
ING-PLANT-POIVRONVERT-000001,Poivron vert,"Green bell pepper, raw",poivron vert,green bell pepper,Capsicum annuum,Plantae,végétal,légume,légume-fruit,Capsicum annuum,fruit,légume frais,raw,fresh,whole,,,,,,,,,FOODON:0331101,,,13051,170109,,,,FOODON|CIQUAL|USDAFDC|MAESTRO_INTERNAL,0.85,curated,
ING-PLANT-PIMENTFORT-000001,Piment fort,"Chili pepper, raw",piment fort,chili pepper,Capsicum frutescens,Plantae,végétal,légume,légume-fruit,Capsicum frutescens,fruit,légume frais,raw,fresh,whole,,,,,,,,,FOODON:0331101,,,13052,170110,,,,FOODON|CIQUAL|USDAFDC|MAESTRO_INTERNAL,0.85,curated,
ING-PLANT-PIMENTDESPEL-000001,Piment d'Espelette,"Espelette pepper, raw",piment d'espelette,espelette pepper,Capsicum annuum var. Espelette,Plantae,végétal,légume,légume-fruit,Capsicum annuum var. Espelette,fruit,légume frais,raw,fresh,whole,,,,,,,,,FOODON:0331101,,,,,,,,FOODON|CIQUAL|USDAFDC|MAESTRO_INTERNAL,0.85,curated,
ING-PLANT-PIMENTOISEAU-000001,Piment oiseau,"Bird's eye chili, raw",piment oiseau,bird's eye chili,Capsicum annuum var. glabriusculum,Plantae,végétal,légume,légume-fruit,Capsicum annuum var. glabriusculum,fruit,légume frais,raw,fresh,whole,,,,,,,,,FOODON:0331101,,,,,,,,FOODON|CIQUAL|USDAFDC|MAESTRO_INTERNAL,0.85,curated,
ING-PLANT-AUBERGINE-000001,Aubergine,"Eggplant, raw",aubergine,eggplant,Solanum melongena,Plantae,végétal,légume,légume-fruit,Solanum melongena,tubercule,légume frais,raw,fresh,whole,,,,,,,,,FOODON:0331101,,,13053,169228,,,,FOODON|CIQUAL|USDAFDC|MAESTRO_INTERNAL,0.85,curated,
ING-PLANT-POMMEDETERRE-000001,Pomme de terre,"Potato, raw",pomme de terre,potato,Solanum tuberosum,Plantae,végétal,légume,tubercule,Solanum tuberosum,tubercule,légume frais,raw,fresh,whole,,,,,,,,,FOODON:0331101,,,13054,170113,,,,FOODON|CIQUAL|USDAFDC|MAESTRO_INTERNAL,0.85,curated,
ING-PLANT-COURGETTE-000001,Courgette,Zucchini,courgette,zucchini,Cucurbita pepo,Plantae,végétal,légume,cucurbitacée,Cucurbita pepo,fruit,légume frais,raw,fresh,whole,,,,,,,,,FOODON:0331142,,,13060,169291,,,,FOODON|CIQUAL|USDAFDC|MAESTRO_INTERNAL,0.85,curated,
ING-PLANT-COURGEBUTTER-000001,Courge butternut,Butternut squash,courge butternut,butternut squash,Cucurbita moschata,Plantae,végétal,légume,cucurbitacée,Cucurbita moschata,fruit,légume frais,raw,fresh,whole,,,,,,,,,FOODON:0331142,,,13061,169335,,,,FOODON|CIQUAL|USDAFDC|MAESTRO_INTERNAL,0.85,curated,
ING-PLANT-POTIRON-000001,Potiron,Pumpkin,potiron,pumpkin,Cucurbita maxima,Plantae,végétal,légume,cucurbitacée,Cucurbita maxima,fruit,légume frais,raw,fresh,whole,,,,,,,,,FOODON:0331142,,,13062,169335,,,,FOODON|CIQUAL|USDAFDC|MAESTRO_INTERNAL,0.85,curated,
ING-PLANT-CONCOMBRE-000001,Concombre,Cucumber,concombre,cucumber,Cucumis sativus,Plantae,végétal,légume,cucurbitacée,Cucumis sativus,fruit,légume frais,raw,fresh,whole,,,,,,,,,FOODON:0331142,,,13063,169225,,,,FOODON|CIQUAL|USDAFDC|MAESTRO_INTERNAL,0.85,curated,
ING-PLANT-MELON-000001,Melon,Melon,melon,melon,Cucumis melo,Plantae,végétal,légume,cucurbitacée,Cucumis melo,fruit,légume frais,raw,fresh,whole,,,,,,,,,FOODON:0331142,,,13064,169910,,,,FOODON|CIQUAL|USDAFDC|MAESTRO_INTERNAL,0.85,curated,
ING-PLANT-PASTQUE-000001,Pastèque,Watermelon,pastèque,watermelon,Citrullus lanatus,Plantae,végétal,légume,cucurbitacée,Citrullus lanatus,fruit,légume frais,raw,fresh,whole,,,,,,,,,FOODON:0331142,,,13065,167765,,,,FOODON|CIQUAL|USDAFDC|MAESTRO_INTERNAL,0.85,curated,
ING-PLANT-LAITUE-000001,Laitue,Lettuce,laitue,lettuce,Lactuca sativa,Plantae,végétal,légume,légume-feuille,Lactuca sativa,feuille,légume-feuille,raw,fresh,whole,,,,,,,,,FOODON:0331152,,,13070,169249,,,,FOODON|CIQUAL|USDAFDC|MAESTRO_INTERNAL,0.85,curated,
ING-PLANT-PINARD-000001,Épinard,Spinach,épinard,spinach,Spinacia oleracea,Plantae,végétal,légume,légume-feuille,Spinacia oleracea,feuille,légume-feuille,raw,fresh,whole,,,,,,,,,FOODON:0331152,,,13071,168409,,,,FOODON|CIQUAL|USDAFDC|MAESTRO_INTERNAL,0.85,curated,
ING-PLANT-ROQUETTE-000001,Roquette,Arugula,roquette,arugula,Eruca vesicaria,Plantae,végétal,légume,légume-feuille,Eruca vesicaria,feuille,légume-feuille,raw,fresh,whole,,,,,,,,,FOODON:0331152,,,13072,170108,,,,FOODON|CIQUAL|USDAFDC|MAESTRO_INTERNAL,0.85,curated,
ING-PLANT-CHOUVERT-000001,Chou vert,Kale,chou vert,kale,Brassica oleracea var. sabellica,Plantae,végétal,légume,légume-feuille,Brassica oleracea var. sabellica,feuille,légume-feuille,raw,fresh,whole,,,,,,,,,FOODON:0331152,,,13073,170108,,,,FOODON|CIQUAL|USDAFDC|MAESTRO_INTERNAL,0.85,curated,
ING-PLANT-CHOUFRIS-000001,Chou frisé,Curly kale,chou frisé,curly kale,Brassica oleracea,Plantae,végétal,légume,légume-feuille,Brassica oleracea,feuille,légume-feuille,raw,fresh,whole,,,,,,,,,FOODON:0331152,,,13074,170108,,,,FOODON|CIQUAL|USDAFDC|MAESTRO_INTERNAL,0.85,curated,
ING-PLANT-CHOUROUGE-000001,Chou rouge,Red cabbage,chou rouge,red cabbage,Brassica oleracea var. capitata f. rubra,Plantae,végétal,légume,légume-feuille,Brassica oleracea var. capitata f. rubra,feuille,légume-feuille,raw,fresh,whole,,,,,,,,,FOODON:0331152,,,13075,170108,,,,FOODON|CIQUAL|USDAFDC|MAESTRO_INTERNAL,0.85,curated,
ING-PLANT-CHOUBLANC-000001,Chou blanc,White cabbage,chou blanc,white cabbage,Brassica oleracea var. capitata,Plantae,végétal,légume,légume-feuille,Brassica oleracea var. capitata,feuille,légume-feuille,raw,fresh,whole,,,,,,,,,FOODON:0331152,,,13076,170108,,,,FOODON|CIQUAL|USDAFDC|MAESTRO_INTERNAL,0.85,curated,
ING-PLANT-CHOUFLEUR-000001,Chou-fleur,Cauliflower,chou-fleur,cauliflower,Brassica oleracea var. botrytis,Plantae,végétal,légume,légume-feuille,Brassica oleracea var. botrytis,feuille,légume-feuille,raw,fresh,whole,,,,,,,,,FOODON:0331152,,,13077,170108,,,,FOODON|CIQUAL|USDAFDC|MAESTRO_INTERNAL,0.85,curated,
ING-PLANT-BROCOLI-000001,Brocoli,Broccoli,brocoli,broccoli,Brassica oleracea var. italica,Plantae,végétal,légume,légume-feuille,Brassica oleracea var. italica,feuille,légume-feuille,raw,fresh,whole,,,,,,,,,FOODON:0331152,,,13078,170108,,,,FOODON|CIQUAL|USDAFDC|MAESTRO_INTERNAL,0.85,curated,
ING-PLANT-MCHE-000001,Mâche,Lamb's lettuce,mâche,lamb's lettuce,Valerianella locusta,Plantae,végétal,légume,légume-feuille,Valerianella locusta,feuille,légume-feuille,raw,fresh,whole,,,,,,,,,FOODON:0331152,,,13079,170108,,,,FOODON|CIQUAL|USDAFDC|MAESTRO_INTERNAL,0.85,curated,
ING-PLANT-CRESSON-000001,Cresson,Watercress,cresson,watercress,Nasturtium officinale,Plantae,végétal,légume,légume-feuille,Nasturtium officinale,feuille,légume-feuille,raw,fresh,whole,,,,,,,,,FOODON:0331152,,,13080,170108,,,,FOODON|CIQUAL|USDAFDC|MAESTRO_INTERNAL,0.85,curated,
ING-PLANT-PISSENLIT-000001,Pissenlit,Dandelion greens,pissenlit,dandelion greens,Taraxacum officinale,Plantae,végétal,légume,légume-feuille,Taraxacum officinale,feuille,légume-feuille,raw,fresh,whole,,,,,,,,,FOODON:0331152,,,13081,170108,,,,FOODON|CIQUAL|USDAFDC|MAESTRO_INTERNAL,0.85,curated,
ING-PLANT-BETTE-000001,Bette,Swiss chard,bette,swiss chard,Beta vulgaris var. cicla,Plantae,végétal,légume,légume-feuille,Beta vulgaris var. cicla,feuille,légume-feuille,raw,fresh,whole,,,,,,,,,FOODON:0331152,,,13082,170108,,,,FOODON|CIQUAL|USDAFDC|MAESTRO_INTERNAL,0.85,curated,
ING-PLANT-ENDIVE-000001,Endive,Endive,endive,endive,Cichorium endivia,Plantae,végétal,légume,légume-feuille,Cichorium endivia,feuille,légume-feuille,raw,fresh,whole,,,,,,,,,FOODON:0331152,,,13083,170108,,,,FOODON|CIQUAL|USDAFDC|MAESTRO_INTERNAL,0.85,curated,
ING-PLANT-POUSSESDPINA-000001,Pousses d'épinard,Baby spinach,pousses d'épinard,baby spinach,Spinacia oleracea,Plantae,végétal,légume,légume-feuille,Spinacia oleracea,feuille,légume-feuille,raw,fresh,whole,,,,,,,,,FOODON:0331152,,,,,,,,FOODON|CIQUAL|USDAFDC|MAESTRO_INTERNAL,0.85,curated,
ING-PLANT-CAROTTE-000001,Carotte,Carrot,carotte,carrot,Daucus carota,Plantae,végétal,légume,légume-bulbe,Daucus carota,racine,légume-racine,raw,fresh,whole,,,,,,,,,FOODON:0331131,,,13090,170393,,,,FOODON|CIQUAL|USDAFDC|MAESTRO_INTERNAL,0.85,curated,
ING-PLANT-BETTERAVE-000001,Betterave,Beetroot,betterave,beetroot,Beta vulgaris,Plantae,végétal,légume,légume-racine,Beta vulgaris,racine,légume-racine,raw,fresh,whole,,,,,,,,,FOODON:0331131,,,13091,170457,,,,FOODON|CIQUAL|USDAFDC|MAESTRO_INTERNAL,0.85,curated,
ING-PLANT-NAVET-000001,Navet,Turnip,navet,turnip,Brassica rapa,Plantae,végétal,légume,légume-bulbe,Brassica rapa,racine,légume-racine,raw,fresh,whole,,,,,,,,,FOODON:0331131,,,13092,170457,,,,FOODON|CIQUAL|USDAFDC|MAESTRO_INTERNAL,0.85,curated,
ING-PLANT-RADIS-000001,Radis,Radish,radis,radish,Raphanus sativus,Plantae,végétal,légume,légume-bulbe,Raphanus sativus,racine,légume-racine,raw,fresh,whole,,,,,,,,,FOODON:0331131,,,13093,170457,,,,FOODON|CIQUAL|USDAFDC|MAESTRO_INTERNAL,0.85,curated,
ING-PLANT-PANAIS-000001,Panais,Parsnip,panais,parsnip,Pastinaca sativa,Plantae,végétal,légume,légume-bulbe,Pastinaca sativa,racine,légume-racine,raw,fresh,whole,,,,,,,,,FOODON:0331131,,,13094,170457,,,,FOODON|CIQUAL|USDAFDC|MAESTRO_INTERNAL,0.85,curated,
ING-PLANT-PATATEDOUCE-000001,Patate douce,Sweet potato,patate douce,sweet potato,Ipomoea batatas,Plantae,végétal,légume,légume-racine,Ipomoea batatas,racine,légume-racine,raw,fresh,whole,,,,,,,,,FOODON:0331131,,,13095,170457,,,,FOODON|CIQUAL|USDAFDC|MAESTRO_INTERNAL,0.85,curated,
ING-PLANT-MANIOC-000001,Manioc,Cassava,manioc,cassava,Manihot esculenta,Plantae,végétal,légume,légume-racine,Manihot esculenta,racine,légume-racine,raw,fresh,whole,,,,,,,,,FOODON:0331131,,,13096,170457,,,,FOODON|CIQUAL|USDAFDC|MAESTRO_INTERNAL,0.85,curated,
ING-PLANT-TOPINAMBOUR-000001,Topinambour,Jerusalem artichoke,topinambour,jerusalem artichoke,Helianthus tuberosus,Plantae,végétal,légume,légume-racine,Helianthus tuberosus,racine,légume-racine,raw,fresh,whole,,,,,,,,,FOODON:0331131,,,13097,170457,,,,FOODON|CIQUAL|USDAFDC|MAESTRO_INTERNAL,0.85,curated,
ING-PLANT-OIGNON-000001,Oignon,Onion,oignon,onion,Allium cepa,Plantae,végétal,légume,légume-bulbe,Allium cepa,bulbe,légume-racine,raw,fresh,whole,,,,,,,,,FOODON:0331131,,,13098,170457,,,,FOODON|CIQUAL|USDAFDC|MAESTRO_INTERNAL,0.85,curated,
ING-PLANT-AIL-000001,Ail,Garlic,ail,garlic,Allium sativum,Plantae,végétal,légume,légume-bulbe,Allium sativum,bulbe,légume-racine,raw,fresh,whole,,,,,,,,,FOODON:0331131,,,13099,170457,,,,FOODON|CIQUAL|USDAFDC|MAESTRO_INTERNAL,0.85,curated,
ING-PLANT-CHALOTE-000001,Échalote,Shallot,échalote,shallot,Allium cepa var. aggregatum,Plantae,végétal,légume,légume-bulbe,Allium cepa var. aggregatum,bulbe,légume-racine,raw,fresh,whole,,,,,,,,,FOODON:0331131,,,13100,170457,,,,FOODON|CIQUAL|USDAFDC|MAESTRO_INTERNAL,0.85,curated,
ING-PLANT-POIREAU-000001,Poireau,Leek,poireau,leek,Allium porrum,Plantae,végétal,légume,légume-bulbe,Allium porrum,bulbe,légume-racine,raw,fresh,whole,,,,,,,,,FOODON:0331131,,,13101,170457,,,,FOODON|CIQUAL|USDAFDC|MAESTRO_INTERNAL,0.85,curated,
ING-PLANT-CLERIRAVE-000001,Céleri-rave,Celeriac,céleri-rave,celeriac,Apium graveolens var. rapaceum,Plantae,végétal,légume,légume-racine,Apium graveolens var. rapaceum,racine,légume-racine,raw,fresh,whole,,,,,,,,,FOODON:0331131,,,13102,170457,,,,FOODON|CIQUAL|USDAFDC|MAESTRO_INTERNAL,0.85,curated,
ING-PLANT-CLERIBRANCHE-000001,Céleri branche,Celery,céleri branche,celery,Apium graveolens var. dulce,Plantae,végétal,légume,légume-bulbe,Apium graveolens var. dulce,bulbe,légume-racine,raw,fresh,whole,,,,,,,,,FOODON:0331131,,,13103,170457,,,,FOODON|CIQUAL|USDAFDC|MAESTRO_INTERNAL,0.85,curated,
ING-PLANT-RUTABAGA-000001,Rutabaga,Swede,rutabaga,swede,Brassica napobrassica,Plantae,végétal,légume,légume-bulbe,Brassica napobrassica,racine,légume-racine,raw,fresh,whole,,,,,,,,,FOODON:0331131,,,13104,170457,,,,FOODON|CIQUAL|USDAFDC|MAESTRO_INTERNAL,0.85,curated,
ING-PLANT-POISCHICHE-000001,Pois chiche sec,"Chickpea, dry",pois chiche,chickpea,Cicer arietinum,Plantae,végétal,légumineuse,graine sèche,Cicer arietinum,graine,légumineuse sèche,raw,dried,whole,,true,,,,,,,FOODON:0330116,,,13110,173757,,,,FOODON|CIQUAL|USDAFDC|MAESTRO_INTERNAL,0.85,curated,
ING-PLANT-POISCHICHECU-000001,Pois chiche cuit,"Chickpea, cooked",pois chiche bouilli,cooked chickpea,Cicer arietinum,Plantae,végétal,légumineuse,graine cuite,Cicer arietinum,graine,légumineuse cuite,intermediate,boiled,whole,,,,,,,,,FOODON:0330117,,,13110C,173757C,,,,FOODON|CIQUAL|USDAFDC|MAESTRO_INTERNAL,0.85,curated,
ING-PLANT-LENTILLEVERT-000001,Lentille verte sec,"Green lentil, dry",lentille verte,green lentil,Lens culinaris,Plantae,végétal,légumineuse,graine sèche,Lens culinaris,graine,légumineuse sèche,raw,dried,whole,,true,,,,,,,FOODON:0330116,,,13111,173757,,,,FOODON|CIQUAL|USDAFDC|MAESTRO_INTERNAL,0.85,curated,
ING-PLANT-LENTILLEVERT-000002,Lentille verte cuit,"Green lentil, cooked",lentille verte bouilli,cooked green lentil,Lens culinaris,Plantae,végétal,légumineuse,graine cuite,Lens culinaris,graine,légumineuse cuite,intermediate,boiled,whole,,,,,,,,,FOODON:0330117,,,13111C,173757C,,,,FOODON|CIQUAL|USDAFDC|MAESTRO_INTERNAL,0.85,curated,
ING-PLANT-LENTILLECORA-000001,Lentille corail sec,"Red lentil, dry",lentille corail,red lentil,Lens culinaris,Plantae,végétal,légumineuse,graine sèche,Lens culinaris,graine,légumineuse sèche,raw,dried,whole,,true,,,,,,,FOODON:0330116,,,13112,173757,,,,FOODON|CIQUAL|USDAFDC|MAESTRO_INTERNAL,0.85,curated,
ING-PLANT-LENTILLECORA-000002,Lentille corail cuit,"Red lentil, cooked",lentille corail bouilli,cooked red lentil,Lens culinaris,Plantae,végétal,légumineuse,graine cuite,Lens culinaris,graine,légumineuse cuite,intermediate,boiled,whole,,,,,,,,,FOODON:0330117,,,13112C,173757C,,,,FOODON|CIQUAL|USDAFDC|MAESTRO_INTERNAL,0.85,curated,
ING-PLANT-LENTILLENOIR-000001,Lentille noire sec,"Beluga lentil, dry",lentille noire,beluga lentil,Lens culinaris,Plantae,végétal,légumineuse,graine sèche,Lens culinaris,graine,légumineuse sèche,raw,dried,whole,,true,,,,,,,FOODON:0330116,,,,,,,,FOODON|CIQUAL|USDAFDC|MAESTRO_INTERNAL,0.85,curated,
ING-PLANT-LENTILLENOIR-000002,Lentille noire cuit,"Beluga lentil, cooked",lentille noire bouilli,cooked beluga lentil,Lens culinaris,Plantae,végétal,légumineuse,graine cuite,Lens culinaris,graine,légumineuse cuite,intermediate,boiled,whole,,,,,,,,,FOODON:0330117,,,,,,,,FOODON|CIQUAL|USDAFDC|MAESTRO_INTERNAL,0.85,curated,
ING-PLANT-HARICOTROUGE-000001,Haricot rouge sec,"Kidney bean, dry",haricot rouge,kidney bean,Phaseolus vulgaris,Plantae,végétal,légumineuse,graine sèche,Phaseolus vulgaris,graine,légumineuse sèche,raw,dried,whole,,true,,,,,,,FOODON:0330116,,,13113,173757,,,,FOODON|CIQUAL|USDAFDC|MAESTRO_INTERNAL,0.85,curated,
ING-PLANT-HARICOTROUGE-000002,Haricot rouge cuit,"Kidney bean, cooked",haricot rouge bouilli,cooked kidney bean,Phaseolus vulgaris,Plantae,végétal,légumineuse,graine cuite,Phaseolus vulgaris,graine,légumineuse cuite,intermediate,boiled,whole,,,,,,,,,FOODON:0330117,,,13113C,173757C,,,,FOODON|CIQUAL|USDAFDC|MAESTRO_INTERNAL,0.85,curated,
ING-PLANT-HARICOTBLANC-000001,Haricot blanc sec,"Navy bean, dry",haricot blanc,navy bean,Phaseolus vulgaris,Plantae,végétal,légumineuse,graine sèche,Phaseolus vulgaris,graine,légumineuse sèche,raw,dried,whole,,true,,,,,,,FOODON:0330116,,,13114,173757,,,,FOODON|CIQUAL|USDAFDC|MAESTRO_INTERNAL,0.85,curated,
ING-PLANT-HARICOTBLANC-000002,Haricot blanc cuit,"Navy bean, cooked",haricot blanc bouilli,cooked navy bean,Phaseolus vulgaris,Plantae,végétal,légumineuse,graine cuite,Phaseolus vulgaris,graine,légumineuse cuite,intermediate,boiled,whole,,,,,,,,,FOODON:0330117,,,13114C,173757C,,,,FOODON|CIQUAL|USDAFDC|MAESTRO_INTERNAL,0.85,curated,
ING-PLANT-HARICOTNOIR-000001,Haricot noir sec,"Black bean, dry",haricot noir,black bean,Phaseolus vulgaris,Plantae,végétal,légumineuse,graine sèche,Phaseolus vulgaris,graine,légumineuse sèche,raw,dried,whole,,true,,,,,,,FOODON:0330116,,,13115,173757,,,,FOODON|CIQUAL|USDAFDC|MAESTRO_INTERNAL,0.85,curated,
ING-PLANT-HARICOTNOIRC-000001,Haricot noir cuit,"Black bean, cooked",haricot noir bouilli,cooked black bean,Phaseolus vulgaris,Plantae,végétal,légumineuse,graine cuite,Phaseolus vulgaris,graine,légumineuse cuite,intermediate,boiled,whole,,,,,,,,,FOODON:0330117,,,13115C,173757C,,,,FOODON|CIQUAL|USDAFDC|MAESTRO_INTERNAL,0.85,curated,
ING-PLANT-FLAGEOLET-000001,Flageolet sec,"Flageolet bean, dry",flageolet,flageolet bean,Phaseolus vulgaris,Plantae,végétal,légumineuse,graine sèche,Phaseolus vulgaris,graine,légumineuse sèche,raw,dried,whole,,true,,,,,,,FOODON:0330116,,,13116,173757,,,,FOODON|CIQUAL|USDAFDC|MAESTRO_INTERNAL,0.85,curated,
ING-PLANT-FLAGEOLETCUI-000001,Flageolet cuit,"Flageolet bean, cooked",flageolet bouilli,cooked flageolet bean,Phaseolus vulgaris,Plantae,végétal,légumineuse,graine cuite,Phaseolus vulgaris,graine,légumineuse cuite,intermediate,boiled,whole,,,,,,,,,FOODON:0330117,,,13116C,173757C,,,,FOODON|CIQUAL|USDAFDC|MAESTRO_INTERNAL,0.85,curated,
ING-PLANT-POISCASS-000001,Pois cassé sec,"Split pea, dry",pois cassé,split pea,Pisum sativum,Plantae,végétal,légumineuse,graine sèche,Pisum sativum,graine,légumineuse sèche,raw,dried,whole,,true,,,,,,,FOODON:0330116,,,13117,173757,,,,FOODON|CIQUAL|USDAFDC|MAESTRO_INTERNAL,0.85,curated,
ING-PLANT-POISCASSCUIT-000001,Pois cassé cuit,"Split pea, cooked",pois cassé bouilli,cooked split pea,Pisum sativum,Plantae,végétal,légumineuse,graine cuite,Pisum sativum,graine,légumineuse cuite,intermediate,boiled,whole,,,,,,,,,FOODON:0330117,,,13117C,173757C,,,,FOODON|CIQUAL|USDAFDC|MAESTRO_INTERNAL,0.85,curated,
ING-PLANT-POIS-000001,Pois sec,"Pea, dry",pois,pea,Pisum sativum,Plantae,végétal,légumineuse,graine sèche,Pisum sativum,graine,légumineuse sèche,raw,dried,whole,,true,,,,,,,FOODON:0330116,,,13118,173757,,,,FOODON|CIQUAL|USDAFDC|MAESTRO_INTERNAL,0.85,curated,
ING-PLANT-POISCUIT-000001,Pois cuit,"Pea, cooked",pois bouilli,cooked pea,Pisum sativum,Plantae,végétal,légumineuse,graine cuite,Pisum sativum,graine,légumineuse cuite,intermediate,boiled,whole,,,,,,,,,FOODON:0330117,,,13118C,173757C,,,,FOODON|CIQUAL|USDAFDC|MAESTRO_INTERNAL,0.85,curated,
ING-PLANT-FVE-000001,Fève sec,"Fava bean, dry",fève,fava bean,Vicia faba,Plantae,végétal,légumineuse,graine sèche,Vicia faba,graine,légumineuse sèche,raw,dried,whole,,true,,,,,,,FOODON:0330116,,,13119,173757,,,,FOODON|CIQUAL|USDAFDC|MAESTRO_INTERNAL,0.85,curated,
ING-PLANT-FVECUIT-000001,Fève cuit,"Fava bean, cooked",fève bouilli,cooked fava bean,Vicia faba,Plantae,végétal,légumineuse,graine cuite,Vicia faba,graine,légumineuse cuite,intermediate,boiled,whole,,,,,,,,,FOODON:0330117,,,13119C,173757C,,,,FOODON|CIQUAL|USDAFDC|MAESTRO_INTERNAL,0.85,curated,
ING-PLANT-SOJA-000001,Soja sec,"Soybean, dry",soja,soybean,Glycine max,Plantae,végétal,légumineuse,graine sèche,Glycine max,graine,légumineuse sèche,raw,dried,whole,,true,,,,,,,FOODON:0330116,,,13120,173757,,,,FOODON|CIQUAL|USDAFDC|MAESTRO_INTERNAL,0.85,curated,
ING-PLANT-SOJACUIT-000001,Soja cuit,"Soybean, cooked",soja bouilli,cooked soybean,Glycine max,Plantae,végétal,légumineuse,graine cuite,Glycine max,graine,légumineuse cuite,intermediate,boiled,whole,,,,,,,,,FOODON:0330117,,,13120C,173757C,,,,FOODON|CIQUAL|USDAFDC|MAESTRO_INTERNAL,0.85,curated,
ING-PLANT-LUPIN-000001,Lupin sec,"Lupin, dry",lupin,lupin,Lupinus albus,Plantae,végétal,légumineuse,graine sèche,Lupinus albus,graine,légumineuse sèche,raw,dried,whole,,true,,,,,,,FOODON:0330116,,,13121,173757,,,,FOODON|CIQUAL|USDAFDC|MAESTRO_INTERNAL,0.85,curated,
ING-PLANT-LUPINCUIT-000001,Lupin cuit,"Lupin, cooked",lupin bouilli,cooked lupin,Lupinus albus,Plantae,végétal,légumineuse,graine cuite,Lupinus albus,graine,légumineuse cuite,intermediate,boiled,whole,,,,,,,,,FOODON:0330117,,,13121C,173757C,,,,FOODON|CIQUAL|USDAFDC|MAESTRO_INTERNAL,0.85,curated,
ING-FUNGUS-CHAMPIGNONDE-000001,Champignon de Paris,Button mushroom,champignon de paris,button mushroom,Agaricus bisporus,Fungi,fungi,champignon,cultivé,Agaricus bisporus,fructification,champignon,raw,fresh,whole,,,,,,,,,FOODON:0330257,,,13130,169251,,,,FOODON|CIQUAL|USDAFDC|MAESTRO_INTERNAL,0.85,curated,
ING-FUNGUS-CPE-000001,Cèpe,Porcini,cèpe,porcini,Boletus edulis,Fungi,fungi,champignon,sauvage,Boletus edulis,fructification,champignon,raw,fresh,whole,,,,,,,,,FOODON:0330257,,,13131,169251,,,,FOODON|CIQUAL|USDAFDC|MAESTRO_INTERNAL,0.85,curated,
ING-FUNGUS-GIROLLE-000001,Girolle,Chanterelle,girolle,chanterelle,Cantharellus cibarius,Fungi,fungi,champignon,sauvage,Cantharellus cibarius,fructification,champignon,raw,fresh,whole,,,,,,,,,FOODON:0330257,,,13132,169251,,,,FOODON|CIQUAL|USDAFDC|MAESTRO_INTERNAL,0.85,curated,
ING-FUNGUS-PLEUROTE-000001,Pleurote,Oyster mushroom,pleurote,oyster mushroom,Pleurotus ostreatus,Fungi,fungi,champignon,cultivé,Pleurotus ostreatus,fructification,champignon,raw,fresh,whole,,,,,,,,,FOODON:0330257,,,13133,169251,,,,FOODON|CIQUAL|USDAFDC|MAESTRO_INTERNAL,0.85,curated,
ING-FUNGUS-SHIITAKE-000001,Shiitake,Shiitake,shiitake,shiitake,Lentinula edodes,Fungi,fungi,champignon,cultivé,Lentinula edodes,fructification,champignon,raw,fresh,whole,,,,,,,,,FOODON:0330257,,,13134,169251,,,,FOODON|CIQUAL|USDAFDC|MAESTRO_INTERNAL,0.85,curated,
ING-FUNGUS-MORILLE-000001,Morille,Morel,morille,morel,Morchella esculenta,Fungi,fungi,champignon,sauvage,Morchella esculenta,fructification,champignon,raw,fresh,whole,,,,,,,,,FOODON:0330257,,,13135,169251,,,,FOODON|CIQUAL|USDAFDC|MAESTRO_INTERNAL,0.85,curated,
ING-FUNGUS-TRUFFENOIRE-000001,Truffe noire,Black truffle,truffe noire,black truffle,Tuber melanosporum,Fungi,fungi,champignon,sauvage,Tuber melanosporum,fructification,champignon,raw,fresh,whole,,,,,,,,,FOODON:0330257,,,13136,169251,,,,FOODON|CIQUAL|USDAFDC|MAESTRO_INTERNAL,0.85,curated,
ING-MARINE-WAKAM-000001,Wakamé,Wakame,wakamé,wakame,Undaria pinnatifida,Chromista/Plantae,algue,macroalgue,brune,Undaria pinnatifida,thalle,algue alimentaire,raw,dried,flakes,,true,,,,,,,FOODON:0331117,,,13140,,,,,FOODON|CIQUAL|MAESTRO_INTERNAL,0.85,curated,
ING-MARINE-NORI-000001,Nori,Nori,nori,nori,Pyropia yezoensis,Chromista/Plantae,algue,macroalgue,rouge,Pyropia yezoensis,thalle,algue alimentaire,raw,dried,flakes,,true,,,,,,,FOODON:0331117,,,13141,,,,,FOODON|CIQUAL|MAESTRO_INTERNAL,0.85,curated,
ING-MARINE-KOMBU-000001,Kombu,Kombu,kombu,kombu,Saccharina japonica,Chromista/Plantae,algue,macroalgue,brune,Saccharina japonica,thalle,algue alimentaire,raw,dried,flakes,,true,,,,,,,FOODON:0331117,,,13142,,,,,FOODON|CIQUAL|MAESTRO_INTERNAL,0.85,curated,
ING-MARINE-DULSE-000001,Dulse,Dulse,dulse,dulse,Palmaria palmata,Chromista/Plantae,algue,macroalgue,rouge,Palmaria palmata,thalle,algue alimentaire,raw,dried,flakes,,true,,,,,,,FOODON:0331117,,,13143,,,,,FOODON|CIQUAL|MAESTRO_INTERNAL,0.85,curated,
ING-MARINE-SPAGHETTIDEM-000001,Spaghetti de mer,Sea spaghetti,spaghetti de mer,sea spaghetti,Himanthalia elongata,Chromista/Plantae,algue,macroalgue,brune,Himanthalia elongata,thalle,algue alimentaire,raw,dried,whole,,true,,,,,,,FOODON:0331117,,,13144,,,,,FOODON|CIQUAL|MAESTRO_INTERNAL,0.85,curated,
ING-MARINE-LAITUEDEMER-000001,Laitue de mer,Sea lettuce,laitue de mer,sea lettuce,Ulva lactuca,Chromista/Plantae,algue,macroalgue,verte,Ulva lactuca,thalle,algue alimentaire,raw,fresh,whole,,false,,,,,,,FOODON:0331117,,,13145,,,,,FOODON|CIQUAL|MAESTRO_INTERNAL,0.85,curated,
ING-MARINE-SPIRULINE-000001,Spiruline,Spirulina,spiruline,spirulina,Arthrospira platensis,Chromista/Plantae,algue,cyanobactérie,verte,Arthrospira platensis,thalle,algue alimentaire,raw,dried,whole,,true,,,,,,,FOODON:0331117,,,13146,,,,,FOODON|CIQUAL|MAESTRO_INTERNAL,0.85,curated,
ING-PLANT-BLTENDRE-000001,Blé tendre grain,"Common wheat, grain",blé tendre,common wheat,Triticum aestivum,Plantae,végétal,céréale,graine,Triticum aestivum,graine,céréale,raw,dried,grain,,true,,,,,,,FOODON:0330118,,,15020,169736,,,,FOODON|CIQUAL|USDAFDC|MAESTRO_INTERNAL,0.85,curated,
ING-TECH-FARINEDEBLTE-000001,Farine de blé tendre,Common wheat flour,farine blé tendre,common wheat flour,Triticum aestivum,Plantae,végétal,produit dérivé,farine,Triticum aestivum,graine moulue,farine,intermediate,milled,powder,,,,,,,,,FOODON:0330101,,,15120,,,gluten,Allergène gluten si concerné (UE 1169/2011),FOODON|CIQUAL|MAESTRO_INTERNAL,0.85,curated,
ING-TECH-FLOCONSDEBLT-000001,Flocons de blé tendre,Common wheat flakes,flocons d'blé tendre,common wheat flakes,Triticum aestivum,Plantae,végétal,produit dérivé,flocons,Triticum aestivum,graine laminée,flocons,intermediate,rolled,flakes,,,,,,,,,,,,,,,gluten,,MAESTRO_INTERNAL,0.80,curated,
ING-PLANT-BLDUR-000001,Blé dur grain,"Durum wheat, grain",blé dur,durum wheat,Triticum durum,Plantae,végétal,céréale,graine,Triticum durum,graine,céréale,raw,dried,grain,,true,,,,,,,FOODON:0330118,,,15021,169736,,,,FOODON|CIQUAL|USDAFDC|MAESTRO_INTERNAL,0.85,curated,
ING-TECH-FARINEDEBLDU-000001,Farine de blé dur,Durum wheat flour,farine blé dur,durum wheat flour,Triticum durum,Plantae,végétal,produit dérivé,farine,Triticum durum,graine moulue,farine,intermediate,milled,powder,,,,,,,,,FOODON:0330101,,,15121,,,gluten,Allergène gluten si concerné (UE 1169/2011),FOODON|CIQUAL|MAESTRO_INTERNAL,0.85,curated,
ING-TECH-FLOCONSDEBLD-000001,Flocons de blé dur,Durum wheat flakes,flocons d'blé dur,durum wheat flakes,Triticum durum,Plantae,végétal,produit dérivé,flocons,Triticum durum,graine laminée,flocons,intermediate,rolled,flakes,,,,,,,,,,,,,,,gluten,,MAESTRO_INTERNAL,0.80,curated,
ING-PLANT-PEAUTRE-000001,Épeautre grain,"Spelt, grain",épeautre,spelt,Triticum spelta,Plantae,végétal,céréale,graine,Triticum spelta,graine,céréale,raw,dried,grain,,true,,,,,,,FOODON:0330118,,,15022,169736,,,,FOODON|CIQUAL|USDAFDC|MAESTRO_INTERNAL,0.85,curated,
ING-TECH-FARINEDEPEAU-000001,Farine de épeautre,Spelt flour,farine épeautre,spelt flour,Triticum spelta,Plantae,végétal,produit dérivé,farine,Triticum spelta,graine moulue,farine,intermediate,milled,powder,,,,,,,,,FOODON:0330101,,,15122,,,gluten,Allergène gluten si concerné (UE 1169/2011),FOODON|CIQUAL|MAESTRO_INTERNAL,0.85,curated,
ING-TECH-FLOCONSDEPEA-000001,Flocons de épeautre,Spelt flakes,flocons d'épeautre,spelt flakes,Triticum spelta,Plantae,végétal,produit dérivé,flocons,Triticum spelta,graine laminée,flocons,intermediate,rolled,flakes,,,,,,,,,,,,,,,gluten,,MAESTRO_INTERNAL,0.80,curated,
ING-PLANT-SEIGLE-000001,Seigle grain,"Rye, grain",seigle,rye,Secale cereale,Plantae,végétal,céréale,graine,Secale cereale,graine,céréale,raw,dried,grain,,true,,,,,,,FOODON:0330118,,,15023,169883,,,,FOODON|CIQUAL|USDAFDC|MAESTRO_INTERNAL,0.85,curated,
ING-TECH-FARINEDESEIG-000001,Farine de seigle,Rye flour,farine seigle,rye flour,Secale cereale,Plantae,végétal,produit dérivé,farine,Secale cereale,graine moulue,farine,intermediate,milled,powder,,,,,,,,,FOODON:0330101,,,15123,,,gluten,Allergène gluten si concerné (UE 1169/2011),FOODON|CIQUAL|MAESTRO_INTERNAL,0.85,curated,
ING-TECH-FLOCONSDESEI-000001,Flocons de seigle,Rye flakes,flocons d'seigle,rye flakes,Secale cereale,Plantae,végétal,produit dérivé,flocons,Secale cereale,graine laminée,flocons,intermediate,rolled,flakes,,,,,,,,,,,,,,,gluten,,MAESTRO_INTERNAL,0.80,curated,
ING-PLANT-ORGE-000001,Orge grain,"Barley, grain",orge,barley,Hordeum vulgare,Plantae,végétal,céréale,graine,Hordeum vulgare,graine,céréale,raw,dried,grain,,true,,,,,,,FOODON:0330118,,,15024,170379,,,,FOODON|CIQUAL|USDAFDC|MAESTRO_INTERNAL,0.85,curated,
ING-TECH-FARINEDEORGE-000001,Farine de orge,Barley flour,farine orge,barley flour,Hordeum vulgare,Plantae,végétal,produit dérivé,farine,Hordeum vulgare,graine moulue,farine,intermediate,milled,powder,,,,,,,,,FOODON:0330101,,,15124,,,gluten,Allergène gluten si concerné (UE 1169/2011),FOODON|CIQUAL|MAESTRO_INTERNAL,0.85,curated,
ING-TECH-FLOCONSDEORG-000001,Flocons de orge,Barley flakes,flocons d'orge,barley flakes,Hordeum vulgare,Plantae,végétal,produit dérivé,flocons,Hordeum vulgare,graine laminée,flocons,intermediate,rolled,flakes,,,,,,,,,,,,,,,gluten,,MAESTRO_INTERNAL,0.80,curated,
ING-PLANT-AVOINE-000001,Avoine grain,"Oat, grain",avoine,oat,Avena sativa,Plantae,végétal,céréale,graine,Avena sativa,graine,céréale,raw,dried,grain,,true,,,,,,,FOODON:0330118,,,15025,173904,,,,FOODON|CIQUAL|USDAFDC|MAESTRO_INTERNAL,0.85,curated,
ING-TECH-FARINEDEAVOI-000001,Farine de avoine,Oat flour,farine avoine,oat flour,Avena sativa,Plantae,végétal,produit dérivé,farine,Avena sativa,graine moulue,farine,intermediate,milled,powder,,,,,,,,,FOODON:0330101,,,15125,,,,Allergène gluten si concerné (UE 1169/2011),FOODON|CIQUAL|MAESTRO_INTERNAL,0.85,curated,
ING-TECH-FLOCONSDEAVO-000001,Flocons de avoine,Oat flakes,flocons d'avoine,oat flakes,Avena sativa,Plantae,végétal,produit dérivé,flocons,Avena sativa,graine laminée,flocons,intermediate,rolled,flakes,,,,,,,,,,,,,,,,,MAESTRO_INTERNAL,0.80,curated,
ING-PLANT-MAS-000001,Maïs grain,"Corn, grain",maïs,corn,Zea mays,Plantae,végétal,céréale,graine,Zea mays,graine,céréale,raw,dried,grain,,true,,,,,,,FOODON:0330118,,,15026,170288,,,,FOODON|CIQUAL|USDAFDC|MAESTRO_INTERNAL,0.85,curated,
ING-TECH-FARINEDEMAS-000001,Farine de maïs,Corn flour,farine maïs,corn flour,Zea mays,Plantae,végétal,produit dérivé,farine,Zea mays,graine moulue,farine,intermediate,milled,powder,,,,,,,,,FOODON:0330101,,,15126,,,,Allergène gluten si concerné (UE 1169/2011),FOODON|CIQUAL|MAESTRO_INTERNAL,0.85,curated,
ING-TECH-FLOCONSDEMAS-000001,Flocons de maïs,Corn flakes,flocons d'maïs,corn flakes,Zea mays,Plantae,végétal,produit dérivé,flocons,Zea mays,graine laminée,flocons,intermediate,rolled,flakes,,,,,,,,,,,,,,,,,MAESTRO_INTERNAL,0.80,curated,
ING-PLANT-RIZ-000001,Riz grain,"Rice, grain",riz,rice,Oryza sativa,Plantae,végétal,céréale,graine,Oryza sativa,graine,céréale,raw,dried,grain,,true,,,,,,,FOODON:0330118,,,15027,169640,,,,FOODON|CIQUAL|USDAFDC|MAESTRO_INTERNAL,0.85,curated,
ING-TECH-FARINEDERIZ-000001,Farine de riz,Rice flour,farine riz,rice flour,Oryza sativa,Plantae,végétal,produit dérivé,farine,Oryza sativa,graine moulue,farine,intermediate,milled,powder,,,,,,,,,FOODON:0330101,,,15127,,,,Allergène gluten si concerné (UE 1169/2011),FOODON|CIQUAL|MAESTRO_INTERNAL,0.85,curated,
ING-TECH-FLOCONSDERIZ-000001,Flocons de riz,Rice flakes,flocons d'riz,rice flakes,Oryza sativa,Plantae,végétal,produit dérivé,flocons,Oryza sativa,graine laminée,flocons,intermediate,rolled,flakes,,,,,,,,,,,,,,,,,MAESTRO_INTERNAL,0.80,curated,
ING-PLANT-MILLET-000001,Millet grain,"Millet, grain",millet,millet,Panicum miliaceum,Plantae,végétal,céréale,graine,Panicum miliaceum,graine,céréale,raw,dried,grain,,true,,,,,,,FOODON:0330118,,,15028,169704,,,,FOODON|CIQUAL|USDAFDC|MAESTRO_INTERNAL,0.85,curated,
ING-TECH-FARINEDEMILL-000001,Farine de millet,Millet flour,farine millet,millet flour,Panicum miliaceum,Plantae,végétal,produit dérivé,farine,Panicum miliaceum,graine moulue,farine,intermediate,milled,powder,,,,,,,,,FOODON:0330101,,,15128,,,,Allergène gluten si concerné (UE 1169/2011),FOODON|CIQUAL|MAESTRO_INTERNAL,0.85,curated,
ING-TECH-FLOCONSDEMIL-000001,Flocons de millet,Millet flakes,flocons d'millet,millet flakes,Panicum miliaceum,Plantae,végétal,produit dérivé,flocons,Panicum miliaceum,graine laminée,flocons,intermediate,rolled,flakes,,,,,,,,,,,,,,,,,MAESTRO_INTERNAL,0.80,curated,
ING-PLANT-SORGHO-000001,Sorgho grain,"Sorghum, grain",sorgho,sorghum,Sorghum bicolor,Plantae,végétal,céréale,graine,Sorghum bicolor,graine,céréale,raw,dried,grain,,true,,,,,,,FOODON:0330118,,,15029,169706,,,,FOODON|CIQUAL|USDAFDC|MAESTRO_INTERNAL,0.85,curated,
ING-TECH-FARINEDESORG-000001,Farine de sorgho,Sorghum flour,farine sorgho,sorghum flour,Sorghum bicolor,Plantae,végétal,produit dérivé,farine,Sorghum bicolor,graine moulue,farine,intermediate,milled,powder,,,,,,,,,FOODON:0330101,,,15129,,,,Allergène gluten si concerné (UE 1169/2011),FOODON|CIQUAL|MAESTRO_INTERNAL,0.85,curated,
ING-TECH-FLOCONSDESOR-000001,Flocons de sorgho,Sorghum flakes,flocons d'sorgho,sorghum flakes,Sorghum bicolor,Plantae,végétal,produit dérivé,flocons,Sorghum bicolor,graine laminée,flocons,intermediate,rolled,flakes,,,,,,,,,,,,,,,,,MAESTRO_INTERNAL,0.80,curated,
ING-PLANT-QUINOA-000001,Quinoa grain,"Quinoa, grain",quinoa,quinoa,Chenopodium quinoa,Plantae,végétal,pseudo-céréale,graine,Chenopodium quinoa,graine,céréale,raw,dried,grain,,true,,,,,,,FOODON:0330118,,,15030,169736,,,,FOODON|CIQUAL|USDAFDC|MAESTRO_INTERNAL,0.85,curated,
ING-TECH-FARINEDEQUIN-000001,Farine de quinoa,Quinoa flour,farine quinoa,quinoa flour,Chenopodium quinoa,Plantae,végétal,produit dérivé,farine,Chenopodium quinoa,graine moulue,farine,intermediate,milled,powder,,,,,,,,,FOODON:0330101,,,15130,,,,Allergène gluten si concerné (UE 1169/2011),FOODON|CIQUAL|MAESTRO_INTERNAL,0.85,curated,
ING-TECH-FLOCONSDEQUI-000001,Flocons de quinoa,Quinoa flakes,flocons d'quinoa,quinoa flakes,Chenopodium quinoa,Plantae,végétal,produit dérivé,flocons,Chenopodium quinoa,graine laminée,flocons,intermediate,rolled,flakes,,,,,,,,,,,,,,,,,MAESTRO_INTERNAL,0.80,curated,
ING-PLANT-SARRASIN-000001,Sarrasin grain,"Buckwheat, grain",sarrasin,buckwheat,Fagopyrum esculentum,Plantae,végétal,pseudo-céréale,graine,Fagopyrum esculentum,graine,céréale,raw,dried,grain,,true,,,,,,,FOODON:0330118,,,15031,170683,,,,FOODON|CIQUAL|USDAFDC|MAESTRO_INTERNAL,0.85,curated,
ING-TECH-FARINEDESARR-000001,Farine de sarrasin,Buckwheat flour,farine sarrasin,buckwheat flour,Fagopyrum esculentum,Plantae,végétal,produit dérivé,farine,Fagopyrum esculentum,graine moulue,farine,intermediate,milled,powder,,,,,,,,,FOODON:0330101,,,15131,,,,Allergène gluten si concerné (UE 1169/2011),FOODON|CIQUAL|MAESTRO_INTERNAL,0.85,curated,
ING-TECH-FLOCONSDESAR-000001,Flocons de sarrasin,Buckwheat flakes,flocons d'sarrasin,buckwheat flakes,Fagopyrum esculentum,Plantae,végétal,produit dérivé,flocons,Fagopyrum esculentum,graine laminée,flocons,intermediate,rolled,flakes,,,,,,,,,,,,,,,,,MAESTRO_INTERNAL,0.80,curated,
ING-PLANT-AMARANTE-000001,Amarante grain,"Amaranth, grain",amarante,amaranth,Amaranthus,Plantae,végétal,pseudo-céréale,graine,Amaranthus,graine,céréale,raw,dried,grain,,true,,,,,,,FOODON:0330118,,,15032,170683,,,,FOODON|CIQUAL|USDAFDC|MAESTRO_INTERNAL,0.85,curated,
ING-TECH-FARINEDEAMAR-000001,Farine de amarante,Amaranth flour,farine amarante,amaranth flour,Amaranthus,Plantae,végétal,produit dérivé,farine,Amaranthus,graine moulue,farine,intermediate,milled,powder,,,,,,,,,FOODON:0330101,,,15132,,,,Allergène gluten si concerné (UE 1169/2011),FOODON|CIQUAL|MAESTRO_INTERNAL,0.85,curated,
ING-TECH-FLOCONSDEAMA-000001,Flocons de amarante,Amaranth flakes,flocons d'amarante,amaranth flakes,Amaranthus,Plantae,végétal,produit dérivé,flocons,Amaranthus,graine laminée,flocons,intermediate,rolled,flakes,,,,,,,,,,,,,,,,,MAESTRO_INTERNAL,0.80,curated,
ING-PLANT-GRAINEDESSAM-000001,Graine de sésame,Sesame seed,graine de sésame,sesame seed,Sesamum indicum,Plantae,végétal,graine aromatique,graine,Sesamum indicum,graine,graine aromatique,raw,dried,whole,,true,,,,,,,FOODON:0331108,,,15040,,,sesame,,FOODON|CIQUAL|MAESTRO_INTERNAL,0.85,curated,
ING-PLANT-GRAINEDELIN-000001,Graine de lin,Flaxseed,graine de lin,flaxseed,Linum usitatissimum,Plantae,végétal,graine aromatique,graine,Linum usitatissimum,graine,graine aromatique,raw,dried,whole,,true,,,,,,,FOODON:0331108,,,15041,,,,,FOODON|CIQUAL|MAESTRO_INTERNAL,0.85,curated,
ING-PLANT-GRAINEDECHIA-000001,Graine de chia,Chia seed,graine de chia,chia seed,Salvia hispanica,Plantae,végétal,graine aromatique,graine,Salvia hispanica,graine,graine aromatique,raw,dried,whole,,true,,,,,,,FOODON:0331108,,,15042,,,,,FOODON|CIQUAL|MAESTRO_INTERNAL,0.85,curated,
ING-PLANT-GRAINEDECOUR-000001,Graine de courge,Pumpkin seed,graine de courge,pumpkin seed,Cucurbita pepo,Plantae,végétal,graine aromatique,graine,Cucurbita pepo,graine,graine aromatique,raw,dried,whole,,true,,,,,,,FOODON:0331108,,,15043,,,,,FOODON|CIQUAL|MAESTRO_INTERNAL,0.85,curated,
ING-PLANT-GRAINEDETOUR-000001,Graine de tournesol,Sunflower seed,graine de tournesol,sunflower seed,Helianthus annuus,Plantae,végétal,graine aromatique,graine,Helianthus annuus,graine,graine aromatique,raw,dried,whole,,true,,,,,,,FOODON:0331108,,,15044,,,,,FOODON|CIQUAL|MAESTRO_INTERNAL,0.85,curated,
ING-PLANT-GRAINEDEPAVO-000001,Graine de pavot,Poppy seed,graine de pavot,poppy seed,Papaver somniferum,Plantae,végétal,graine aromatique,graine,Papaver somniferum,graine,graine aromatique,raw,dried,whole,,true,,,,,,,FOODON:0331108,,,15045,,,,,FOODON|CIQUAL|MAESTRO_INTERNAL,0.85,curated,
ING-PLANT-GRAINEDECUMI-000001,Graine de cumin,Cumin seed,graine de cumin,cumin seed,Cuminum cyminum,Plantae,végétal,graine aromatique,graine,Cuminum cyminum,graine,graine aromatique,raw,dried,whole,,true,,,,,,,FOODON:0331108,,,15046,,,,,FOODON|CIQUAL|MAESTRO_INTERNAL,0.85,curated,
ING-PLANT-GRAINEDEFENU-000001,Graine de fenugrec,Fenugreek seed,graine de fenugrec,fenugreek seed,Trigonella foenum-graecum,Plantae,végétal,graine aromatique,graine,Trigonella foenum-graecum,graine,graine aromatique,raw,dried,whole,,true,,,,,,,FOODON:0331108,,,15047,,,,,FOODON|CIQUAL|MAESTRO_INTERNAL,0.85,curated,
ING-PLANT-GRAINEDECORI-000001,Graine de coriandre,Coriander seed,graine de coriandre,coriander seed,Coriandrum sativum,Plantae,végétal,graine aromatique,graine,Coriandrum sativum,graine,graine aromatique,raw,dried,whole,,true,,,,,,,FOODON:0331108,,,15048,,,,,FOODON|CIQUAL|MAESTRO_INTERNAL,0.85,curated,
ING-PLANT-GRAINEDEMOUT-000001,Graine de moutarde,Mustard seed,graine de moutarde,mustard seed,Sinapis alba,Plantae,végétal,graine aromatique,graine,Sinapis alba,graine,graine aromatique,raw,dried,whole,,true,,,,,,,FOODON:0331108,,,15049,,,,,FOODON|CIQUAL|MAESTRO_INTERNAL,0.85,curated,
ING-PLANT-CARDAMOME-000001,Cardamome,Cardamom,cardamome,cardamom,Elettaria cardamomum,Plantae,végétal,graine aromatique,graine,Elettaria cardamomum,graine,graine aromatique,raw,dried,whole,,true,,,,,,,FOODON:0331108,,,15050,,,,,FOODON|CIQUAL|MAESTRO_INTERNAL,0.85,curated,
ING-PLANT-ANISVERT-000001,Anis vert,Anise,anis vert,anise,Pimpinella anisum,Plantae,végétal,graine aromatique,graine,Pimpinella anisum,graine,graine aromatique,raw,dried,whole,,true,,,,,,,FOODON:0331108,,,15051,,,,,FOODON|CIQUAL|MAESTRO_INTERNAL,0.85,curated,
ING-PLANT-BASILIC-000001,Basilic,Basil,basilic,basil,Ocimum basilicum,Plantae,végétal,herbe aromatique,feuille fraîche,Ocimum basilicum,feuille,herbe aromatique,raw,fresh,whole,,,,,,,,,FOODON:0331159,,,,,,,,FOODON|MAESTRO_INTERNAL,0.85,curated,
ING-PLANT-PERSIL-000001,Persil,Parsley,persil,parsley,Petroselinum crispum,Plantae,végétal,herbe aromatique,feuille fraîche,Petroselinum crispum,feuille,herbe aromatique,raw,fresh,whole,,,,,,,,,FOODON:0331159,,,,,,,,FOODON|MAESTRO_INTERNAL,0.85,curated,
ING-PLANT-CORIANDREFRA-000001,Coriandre fraîche,Cilantro,coriandre fraîche,cilantro,Coriandrum sativum,Plantae,végétal,herbe aromatique,feuille fraîche,Coriandrum sativum,feuille,herbe aromatique,raw,fresh,whole,,,,,,,,,FOODON:0331159,,,,,,,,FOODON|MAESTRO_INTERNAL,0.85,curated,
ING-PLANT-MENTHE-000001,Menthe,Mint,menthe,mint,Mentha spicata,Plantae,végétal,herbe aromatique,feuille fraîche,Mentha spicata,feuille,herbe aromatique,raw,fresh,whole,,,,,,,,,FOODON:0331159,,,,,,,,FOODON|MAESTRO_INTERNAL,0.85,curated,
ING-PLANT-THYM-000001,Thym,Thyme,thym,thyme,Thymus vulgaris,Plantae,végétal,herbe aromatique,feuille fraîche,Thymus vulgaris,feuille,herbe aromatique,raw,fresh,whole,,,,,,,,,FOODON:0331159,,,,,,,,FOODON|MAESTRO_INTERNAL,0.85,curated,
ING-PLANT-ROMARIN-000001,Romarin,Rosemary,romarin,rosemary,Rosmarinus officinalis,Plantae,végétal,herbe aromatique,feuille fraîche,Rosmarinus officinalis,feuille,herbe aromatique,raw,fresh,whole,,,,,,,,,FOODON:0331159,,,,,,,,FOODON|MAESTRO_INTERNAL,0.85,curated,
ING-PLANT-SAUGE-000001,Sauge,Sage,sauge,sage,Salvia officinalis,Plantae,végétal,herbe aromatique,feuille fraîche,Salvia officinalis,feuille,herbe aromatique,raw,fresh,whole,,,,,,,,,FOODON:0331159,,,,,,,,FOODON|MAESTRO_INTERNAL,0.85,curated,
ING-PLANT-CIBOULETTE-000001,Ciboulette,Chives,ciboulette,chives,Allium schoenoprasum,Plantae,végétal,herbe aromatique,feuille fraîche,Allium schoenoprasum,feuille,herbe aromatique,raw,fresh,whole,,,,,,,,,FOODON:0331159,,,,,,,,FOODON|MAESTRO_INTERNAL,0.85,curated,
ING-PLANT-ANETH-000001,Aneth,Dill,aneth,dill,Anethum graveolens,Plantae,végétal,herbe aromatique,feuille fraîche,Anethum graveolens,feuille,herbe aromatique,raw,fresh,whole,,,,,,,,,FOODON:0331159,,,,,,,,FOODON|MAESTRO_INTERNAL,0.85,curated,
ING-PLANT-ESTRAGON-000001,Estragon,Tarragon,estragon,tarragon,Artemisia dracunculus,Plantae,végétal,herbe aromatique,feuille fraîche,Artemisia dracunculus,feuille,herbe aromatique,raw,fresh,whole,,,,,,,,,FOODON:0331159,,,,,,,,FOODON|MAESTRO_INTERNAL,0.85,curated,
ING-PLANT-CLERIBRANCHE-000002,Céleri branche (feuille),Celery leaf,céleri branche (feuille),celery leaf,Apium graveolens,Plantae,végétal,herbe aromatique,feuille fraîche,Apium graveolens,feuille,herbe aromatique,raw,fresh,whole,,,,,,,,,FOODON:0331159,,,,,,,,FOODON|MAESTRO_INTERNAL,0.85,curated,
ING-PLANT-LAURIER-000001,Laurier,Bay leaf,laurier,bay leaf,Laurus nobilis,Plantae,végétal,herbe aromatique,feuille fraîche,Laurus nobilis,feuille,herbe aromatique,raw,fresh,whole,,,,,,,,,FOODON:0331159,,,,,,,,FOODON|MAESTRO_INTERNAL,0.85,curated,
ING-PLANT-ORIGAN-000001,Origan,Oregano,origan,oregano,Origanum vulgare,Plantae,végétal,herbe aromatique,feuille fraîche,Origanum vulgare,feuille,herbe aromatique,raw,fresh,whole,,,,,,,,,FOODON:0331159,,,,,,,,FOODON|MAESTRO_INTERNAL,0.85,curated,
ING-PLANT-MARJOLAINE-000001,Marjolaine,Marjoram,marjolaine,marjoram,Origanum majorana,Plantae,végétal,herbe aromatique,feuille fraîche,Origanum majorana,feuille,herbe aromatique,raw,fresh,whole,,,,,,,,,FOODON:0331159,,,,,,,,FOODON|MAESTRO_INTERNAL,0.85,curated,
ING-PLANT-CERFEUIL-000001,Cerfeuil,Chervil,cerfeuil,chervil,Anthriscus cerefolium,Plantae,végétal,herbe aromatique,feuille fraîche,Anthriscus cerefolium,feuille,herbe aromatique,raw,fresh,whole,,,,,,,,,FOODON:0331159,,,,,,,,FOODON|MAESTRO_INTERNAL,0.85,curated,
ING-PLANT-VERVEINE-000001,Verveine,Lemon verbena,verveine,lemon verbena,Aloysia citrodora,Plantae,végétal,herbe aromatique,feuille fraîche,Aloysia citrodora,feuille,herbe aromatique,raw,fresh,whole,,,,,,,,,FOODON:0331159,,,,,,,,FOODON|MAESTRO_INTERNAL,0.85,curated,
ING-PLANT-POIVRENOIR-000001,Poivre noir,Black pepper,poivre noir,black pepper,Piper nigrum,Plantae,végétal,épice,épice entière,Piper nigrum,fruit,épice,raw,dried,whole,,true,,,,,,,FOODON:0331139,,,,,,,,FOODON|MAESTRO_INTERNAL,0.85,curated,
ING-PLANT-POIVREBLANC-000001,Poivre blanc,White pepper,poivre blanc,white pepper,Piper nigrum,Plantae,végétal,épice,épice entière,Piper nigrum,fruit,épice,raw,dried,whole,,true,,,,,,,FOODON:0331139,,,,,,,,FOODON|MAESTRO_INTERNAL,0.85,curated,
ING-PLANT-PAPRIKA-000001,Paprika,Paprika,paprika,paprika,Capsicum annuum,Plantae,végétal,épice,épice moulue,Capsicum annuum,fruit,épice,raw,dried,ground,,true,,,,,,,FOODON:0331139,,,,,,,,FOODON|MAESTRO_INTERNAL,0.85,curated,
ING-PLANT-CUMINMOULU-000001,Cumin moulu,Ground cumin,cumin moulu,ground cumin,Cuminum cyminum,Plantae,végétal,épice,épice moulue,Cuminum cyminum,graine,épice,raw,dried,ground,,true,,,,,,,FOODON:0331139,,,,,,,,FOODON|MAESTRO_INTERNAL,0.85,curated,
ING-PLANT-CURCUMA-000001,Curcuma,Turmeric,curcuma,turmeric,Curcuma longa,Plantae,végétal,épice,épice moulue,Curcuma longa,rhizome,épice,raw,dried,ground,,true,,,,,,,FOODON:0331139,,,,,,,,FOODON|MAESTRO_INTERNAL,0.85,curated,
ING-PLANT-CANNELLE-000001,Cannelle,Cinnamon,cannelle,cinnamon,Cinnamomum verum,Plantae,végétal,épice,épice moulue,Cinnamomum verum,écorce,épice,raw,dried,ground,,true,,,,,,,FOODON:0331139,,,,,,,,FOODON|MAESTRO_INTERNAL,0.85,curated,
ING-PLANT-CLOUDEGIROFL-000001,Clou de girofle,Clove,clou de girofle,clove,Syzygium aromaticum,Plantae,végétal,épice,épice entière,Syzygium aromaticum,fleur,épice,raw,dried,whole,,true,,,,,,,FOODON:0331139,,,,,,,,FOODON|MAESTRO_INTERNAL,0.85,curated,
ING-PLANT-MUSCADE-000001,Muscade,Nutmeg,muscade,nutmeg,Myristica fragrans,Plantae,végétal,épice,épice moulue,Myristica fragrans,fruit,épice,raw,dried,ground,,true,,,,,,,FOODON:0331139,,,,,,,,FOODON|MAESTRO_INTERNAL,0.85,curated,
ING-PLANT-GINGEMBRE-000001,Gingembre,Ginger,gingembre,ginger,Zingiber officinale,Plantae,végétal,épice,épice entière,Zingiber officinale,fruit,épice,raw,dried,whole,,true,,,,,,,FOODON:0331139,,,,,,,,FOODON|MAESTRO_INTERNAL,0.85,curated,
ING-PLANT-SAFRAN-000001,Safran,Saffron,safran,saffron,Crocus sativus,Plantae,végétal,épice,épice entière,Crocus sativus,fleur,épice,raw,dried,whole,,true,,,,,,,FOODON:0331139,,,,,,,,FOODON|MAESTRO_INTERNAL,0.85,curated,
ING-PLANT-VANILLEGOUSS-000001,Vanille (gousse),Vanilla,vanille (gousse),vanilla,Vanilla planifolia,Plantae,végétal,épice,épice entière,Vanilla planifolia,fruit,épice,raw,dried,whole,,true,,,,,,,FOODON:0331139,,,,,,,,FOODON|MAESTRO_INTERNAL,0.85,curated,
ING-PLANT-ANISTOIL-000001,Anis étoilé,Star anise,anis étoilé,star anise,Illicium verum,Plantae,végétal,épice,épice moulue,Illicium verum,fruit,épice,raw,dried,whole,,true,,,,,,,FOODON:0331139,,,,,,,,FOODON|MAESTRO_INTERNAL,0.85,curated,
ING-PLANT-FENUGRECENPO-000001,Fenugrec en poudre,Fenugreek powder,fenugrec en poudre,fenugreek powder,Trigonella foenum-graecum,Plantae,végétal,épice,épice moulue,Trigonella foenum-graecum,fruit,épice,raw,dried,ground,,true,,,,,,,FOODON:0331139,,,,,,,,FOODON|MAESTRO_INTERNAL,0.85,curated,
ING-PLANT-SUMAC-000001,Sumac,Sumac,sumac,sumac,Rhus coriaria,Plantae,végétal,épice,épice moulue,Rhus coriaria,fruit,épice,raw,dried,whole,,true,,,,,,,FOODON:0331139,,,,,,,,FOODON|MAESTRO_INTERNAL,0.85,curated,
ING-PLANT-CURRYENPOUDR-000001,Curry en poudre,Curry powder,curry en poudre,curry powder,Mélange,Plantae,végétal,épice,épice moulue,Mélange,fruit,épice,raw,dried,ground,,true,,,,,,,FOODON:0331139,,,,,,,,FOODON|MAESTRO_INTERNAL,0.85,curated,
ING-PLANT-QUATREPICES-000001,Quatre-épices,Allspice,quatre-épices,allspice,Pimenta dioica,Plantae,végétal,épice,épice moulue,Pimenta dioica,fruit,épice,raw,dried,ground,,true,,,,,,,FOODON:0331139,,,,,,,,FOODON|MAESTRO_INTERNAL,0.85,curated,
ING-PLANT-PIMENTDECAYE-000001,Piment de Cayenne,Cayenne pepper,piment de cayenne,cayenne pepper,Capsicum annuum,Plantae,végétal,épice,épice moulue,Capsicum annuum,fruit,épice,raw,dried,ground,,true,,,,,,,FOODON:0331139,,,,,,,,FOODON|MAESTRO_INTERNAL,0.85,curated,
ING-PLANT-POIVREDESICH-000001,Poivre de Sichuan,Sichuan pepper,poivre de sichuan,sichuan pepper,Zanthoxylum piperitum,Plantae,végétal,épice,épice moulue,Zanthoxylum piperitum,fruit,épice,raw,dried,whole,,true,,,,,,,FOODON:0331139,,,,,,,,FOODON|MAESTRO_INTERNAL,0.85,curated,
ING-PLANT-KASHMIRICHIL-000001,Kashmiri chili,Kashmiri chili,kashmiri chili,kashmiri chili,Capsicum annuum,Plantae,végétal,épice,épice moulue,Capsicum annuum,fruit,épice,raw,dried,whole,,true,,,,,,,FOODON:0331139,,,,,,,,FOODON|MAESTRO_INTERNAL,0.85,curated,
ING-PLANT-RASELHANOUT-000001,Ras el hanout,Ras el hanout,ras el hanout,ras el hanout,Mélange,Plantae,végétal,épice,épice moulue,Mélange,fruit,épice,raw,dried,ground,,true,,,,,,,FOODON:0331139,,,,,,,,FOODON|MAESTRO_INTERNAL,0.85,curated,
ING-PLANT-ZAATAR-000001,Zaatar,Za'atar,zaatar,za'atar,Mélange,Plantae,végétal,épice,épice moulue,Mélange,fruit,épice,raw,dried,ground,,true,,,,,,,FOODON:0331139,,,,,,,,FOODON|MAESTRO_INTERNAL,0.85,curated,
ING-ANIMAL-BUFVIANDE-000001,Bœuf (viande),Beef,bœuf,beef,Bos taurus,Animalia,animal,viande,pièce de viande,Bos taurus,muscle,viande fraîche,raw,fresh,whole,,,,,,,,,FOODON:0330192,,,,,,,,FOODON|MAESTRO_INTERNAL,0.85,curated,
ING-ANIMAL-VEAUVIANDE-000001,Veau (viande),Veal,veau,veal,Bos taurus,Animalia,animal,viande,pièce de viande,Bos taurus,muscle,viande fraîche,raw,fresh,whole,,,,,,,,,FOODON:0330192,,,,,,,,FOODON|MAESTRO_INTERNAL,0.85,curated,
ING-ANIMAL-PORCVIANDE-000001,Porc (viande),Pork,porc,pork,Sus scrofa domesticus,Animalia,animal,viande,pièce de viande,Sus scrofa domesticus,muscle,viande fraîche,raw,fresh,whole,,,,,,,,,FOODON:0330192,,,,,,,,FOODON|MAESTRO_INTERNAL,0.85,curated,
ING-ANIMAL-AGNEAUVIANDE-000001,Agneau (viande),Lamb,agneau,lamb,Ovis aries,Animalia,animal,viande,pièce de viande,Ovis aries,muscle,viande fraîche,raw,fresh,whole,,,,,,,,,FOODON:0330192,,,,,,,,FOODON|MAESTRO_INTERNAL,0.85,curated,
ING-ANIMAL-MOUTONVIANDE-000001,Mouton (viande),Mutton,mouton,mutton,Ovis aries,Animalia,animal,viande,pièce de viande,Ovis aries,muscle,viande fraîche,raw,fresh,whole,,,,,,,,,FOODON:0330192,,,,,,,,FOODON|MAESTRO_INTERNAL,0.85,curated,
ING-ANIMAL-CHEVALVIANDE-000001,Cheval (viande),Horse,cheval,horse,Equus ferus caballus,Animalia,animal,viande,pièce de viande,Equus ferus caballus,muscle,viande fraîche,raw,fresh,whole,,,,,,,,,FOODON:0330192,,,,,,,,FOODON|MAESTRO_INTERNAL,0.85,curated,
ING-ANIMAL-LAPINVIANDE-000001,Lapin (viande),Rabbit,lapin,rabbit,Oryctolagus cuniculus,Animalia,animal,viande,pièce de viande,Oryctolagus cuniculus,muscle,viande fraîche,raw,fresh,whole,,,,,,,,,FOODON:0330192,,,,,,,,FOODON|MAESTRO_INTERNAL,0.85,curated,
ING-ANIMAL-SANGLIERVIAN-000001,Sanglier (viande),Wild boar,sanglier,wild boar,Sus scrofa,Animalia,animal,viande,pièce de viande,Sus scrofa,muscle,viande fraîche,raw,fresh,whole,,,,,,,,,FOODON:0330192,,,,,,,,FOODON|MAESTRO_INTERNAL,0.85,curated,
ING-ANIMAL-CERFVIANDE-000001,Cerf (viande),Venison,cerf,venison,Cervus elaphus,Animalia,animal,viande,pièce de viande,Cervus elaphus,muscle,viande fraîche,raw,fresh,whole,,,,,,,,,FOODON:0330192,,,,,,,,FOODON|MAESTRO_INTERNAL,0.85,curated,
ING-ANIMAL-CANARDVIANDE-000001,Canard (viande),Duck,canard,duck,Anas platyrhynchos,Animalia,animal,viande,pièce de viande,Anas platyrhynchos,muscle,viande fraîche,raw,fresh,whole,,,,,,,,,FOODON:0330192,,,,,,,,FOODON|MAESTRO_INTERNAL,0.85,curated,
ING-ANIMAL-POULETVIANDE-000001,Poulet (viande),Chicken,poulet,chicken,Gallus gallus domesticus,Animalia,animal,viande,pièce de viande,Gallus gallus domesticus,muscle,viande fraîche,raw,fresh,whole,,,,,,,,,FOODON:0330192,,,,,,,,FOODON|MAESTRO_INTERNAL,0.85,curated,
ING-ANIMAL-DINDEVIANDE-000001,Dinde (viande),Turkey,dinde,turkey,Meleagris gallopavo,Animalia,animal,viande,pièce de viande,Meleagris gallopavo,muscle,viande fraîche,raw,fresh,whole,,,,,,,,,FOODON:0330192,,,,,,,,FOODON|MAESTRO_INTERNAL,0.85,curated,
ING-ANIMAL-OIEVIANDE-000001,Oie (viande),Goose,oie,goose,Anser anser,Animalia,animal,viande,pièce de viande,Anser anser,muscle,viande fraîche,raw,fresh,whole,,,,,,,,,FOODON:0330192,,,,,,,,FOODON|MAESTRO_INTERNAL,0.85,curated,
ING-ANIMAL-PINTADEVIAND-000001,Pintade (viande),Guinea fowl,pintade,guinea fowl,Numida meleagris,Animalia,animal,viande,pièce de viande,Numida meleagris,muscle,viande fraîche,raw,fresh,whole,,,,,,,,,FOODON:0330192,,,,,,,,FOODON|MAESTRO_INTERNAL,0.85,curated,
ING-ANIMAL-CAILLEVIANDE-000001,Caille (viande),Quail,caille,quail,Coturnix coturnix,Animalia,animal,viande,pièce de viande,Coturnix coturnix,muscle,viande fraîche,raw,fresh,whole,,,,,,,,,FOODON:0330192,,,,,,,,FOODON|MAESTRO_INTERNAL,0.85,curated,
ING-ANIMAL-FAISANVIANDE-000001,Faisan (viande),Pheasant,faisan,pheasant,Phasianus colchicus,Animalia,animal,viande,pièce de viande,Phasianus colchicus,muscle,viande fraîche,raw,fresh,whole,,,,,,,,,FOODON:0330192,,,,,,,,FOODON|MAESTRO_INTERNAL,0.85,curated,
ING-ANIMAL-FOIEDEVEAU-000001,Foie de veau,Veal liver,foie de veau,veal liver,Bos taurus,Animalia,animal,abats,abats divers,Bos taurus,organe,abats,raw,fresh,whole,,,,,,,,,FOODON:0330167,,,,,,,,FOODON|MAESTRO_INTERNAL,0.80,curated,
ING-ANIMAL-FOIEDEVOLAIL-000001,Foie de volaille,Chicken liver,foie de volaille,chicken liver,Gallus gallus,Animalia,animal,abats,abats divers,Gallus gallus,organe,abats,raw,fresh,whole,,,,,,,,,FOODON:0330167,,,,,,,,FOODON|MAESTRO_INTERNAL,0.80,curated,
ING-ANIMAL-ROGNONDEVEAU-000001,Rognon de veau,Veal kidney,rognon de veau,veal kidney,Bos taurus,Animalia,animal,abats,abats divers,Bos taurus,organe,abats,raw,fresh,whole,,,,,,,,,FOODON:0330167,,,,,,,,FOODON|MAESTRO_INTERNAL,0.80,curated,
ING-ANIMAL-ROGNONDEPORC-000001,Rognon de porc,Pork kidney,rognon de porc,pork kidney,Sus scrofa domesticus,Animalia,animal,abats,abats divers,Sus scrofa domesticus,organe,abats,raw,fresh,whole,,,,,,,,,FOODON:0330167,,,,,,,,FOODON|MAESTRO_INTERNAL,0.80,curated,
ING-ANIMAL-CURDEBUF-000001,Cœur de bœuf,Beef heart,cœur de bœuf,beef heart,Bos taurus,Animalia,animal,abats,abats divers,Bos taurus,organe,abats,raw,fresh,whole,,,,,,,,,FOODON:0330167,,,,,,,,FOODON|MAESTRO_INTERNAL,0.80,curated,
ING-ANIMAL-LANGUEDEBUF-000001,Langue de bœuf,Beef tongue,langue de bœuf,beef tongue,Bos taurus,Animalia,animal,abats,abats divers,Bos taurus,organe,abats,raw,fresh,whole,,,,,,,,,FOODON:0330167,,,,,,,,FOODON|MAESTRO_INTERNAL,0.80,curated,
ING-ANIMAL-TRIPES-000001,Tripes,Tripe,tripes,tripe,Bos taurus,Animalia,animal,abats,abats divers,Bos taurus,organe,abats,raw,fresh,whole,,,,,,,,,FOODON:0330167,,,,,,,,FOODON|MAESTRO_INTERNAL,0.80,curated,
ING-ANIMAL-RISDEVEAU-000001,Ris de veau,Veal sweetbread,ris de veau,veal sweetbread,Bos taurus,Animalia,animal,abats,abats divers,Bos taurus,organe,abats,raw,fresh,whole,,,,,,,,,FOODON:0330167,,,,,,,,FOODON|MAESTRO_INTERNAL,0.80,curated,
ING-ANIMAL-CERVELLE-000001,Cervelle,Brain,cervelle,brain,Bos taurus,Animalia,animal,abats,abats divers,Bos taurus,organe,abats,raw,fresh,whole,,,,,,,,,FOODON:0330167,,,,,,,,FOODON|MAESTRO_INTERNAL,0.80,curated,
ING-MARINE-SAUMON-000001,Saumon,Salmon,saumon,salmon,Salmo salar,Animalia,animal,poisson,poisson entier,Salmo salar,filet,poisson,raw,fresh,fillet,,,false,,,,,,FOODON:0330258,,,,,,,,FOODON|MAESTRO_INTERNAL,0.85,curated,
ING-MARINE-THON-000001,Thon,Tuna,thon,tuna,Thunnus,Animalia,animal,poisson,poisson entier,Thunnus,filet,poisson,raw,fresh,fillet,,,false,,,,,,FOODON:0330258,,,,,,,,FOODON|MAESTRO_INTERNAL,0.85,curated,
ING-MARINE-CABILLAUD-000001,Cabillaud,Cod,cabillaud,cod,Gadus morhua,Animalia,animal,poisson,poisson entier,Gadus morhua,filet,poisson,raw,fresh,fillet,,,false,,,,,,FOODON:0330258,,,,,,,,FOODON|MAESTRO_INTERNAL,0.85,curated,
ING-MARINE-LIEUNOIR-000001,Lieu noir,Saithe,lieu noir,saithe,Pollachius virens,Animalia,animal,poisson,poisson entier,Pollachius virens,filet,poisson,raw,fresh,fillet,,,false,,,,,,FOODON:0330258,,,,,,,,FOODON|MAESTRO_INTERNAL,0.85,curated,
ING-MARINE-SOLE-000001,Sole,Sole,sole,sole,Solea solea,Animalia,animal,poisson,poisson entier,Solea solea,filet,poisson,raw,fresh,fillet,,,false,,,,,,FOODON:0330258,,,,,,,,FOODON|MAESTRO_INTERNAL,0.85,curated,
ING-MARINE-BAR-000001,Bar,Sea bass,bar,sea bass,Dicentrarchus labrax,Animalia,animal,poisson,poisson entier,Dicentrarchus labrax,filet,poisson,raw,fresh,fillet,,,false,,,,,,FOODON:0330258,,,,,,,,FOODON|MAESTRO_INTERNAL,0.85,curated,
ING-MARINE-DORADE-000001,Dorade,Sea bream,dorade,sea bream,Sparus aurata,Animalia,animal,poisson,poisson entier,Sparus aurata,filet,poisson,raw,fresh,fillet,,,false,,,,,,FOODON:0330258,,,,,,,,FOODON|MAESTRO_INTERNAL,0.85,curated,
ING-MARINE-TRUITE-000001,Truite,Trout,truite,trout,Oncorhynchus mykiss,Animalia,animal,poisson,poisson entier,Oncorhynchus mykiss,filet,poisson,raw,fresh,fillet,,,false,,,,,,FOODON:0330258,,,,,,,,FOODON|MAESTRO_INTERNAL,0.85,curated,
ING-MARINE-MAQUEREAU-000001,Maquereau,Mackerel,maquereau,mackerel,Scomber scombrus,Animalia,animal,poisson,poisson entier,Scomber scombrus,filet,poisson,raw,fresh,fillet,,,false,,,,,,FOODON:0330258,,,,,,,,FOODON|MAESTRO_INTERNAL,0.85,curated,
ING-MARINE-SARDINE-000001,Sardine,Sardine,sardine,sardine,Sardina pilchardus,Animalia,animal,poisson,poisson entier,Sardina pilchardus,filet,poisson,raw,fresh,fillet,,,false,,,,,,FOODON:0330258,,,,,,,,FOODON|MAESTRO_INTERNAL,0.85,curated,
ING-MARINE-ANCHOIS-000001,Anchois,Anchovy,anchois,anchovy,Engraulis encrasicolus,Animalia,animal,poisson,poisson entier,Engraulis encrasicolus,filet,poisson,raw,fresh,fillet,,,false,,,,,,FOODON:0330258,,,,,,,,FOODON|MAESTRO_INTERNAL,0.85,curated,
ING-MARINE-HARENG-000001,Hareng,Herring,hareng,herring,Clupea harengus,Animalia,animal,poisson,poisson entier,Clupea harengus,filet,poisson,raw,fresh,fillet,,,false,,,,,,FOODON:0330258,,,,,,,,FOODON|MAESTRO_INTERNAL,0.85,curated,
ING-MARINE-COLIN-000001,Colin,Haddock,colin,haddock,Melanogrammus aeglefinus,Animalia,animal,poisson,poisson entier,Melanogrammus aeglefinus,filet,poisson,raw,fresh,fillet,,,false,,,,,,FOODON:0330258,,,,,,,,FOODON|MAESTRO_INTERNAL,0.85,curated,
ING-MARINE-HADDOCKFUM-000001,Haddock fumé,Smoked haddock,haddock fumé,smoked haddock,Melanogrammus aeglefinus,Animalia,animal,poisson,poisson fumé,Melanogrammus aeglefinus,filet,poisson,raw,smoked,fillet,,,true,,,,,,FOODON:0330258,,,,,,,,FOODON|MAESTRO_INTERNAL,0.85,curated,
ING-MARINE-ESPADON-000001,Espadon,Swordfish,espadon,swordfish,Xiphias gladius,Animalia,animal,poisson,poisson entier,Xiphias gladius,filet,poisson,raw,fresh,fillet,,,false,,,,,,FOODON:0330258,,,,,,,,FOODON|MAESTRO_INTERNAL,0.85,curated,
ING-MARINE-CREVETTE-000001,Crevette,Shrimp,crevette,shrimp,Penaeus,Animalia,animal,crustacé,crustacé,Penaeus,chair,crustacé,raw,fresh,whole,,,,,,,,,FOODON:0330263,,,,,,crustaceans,Allergène crustacé ou mollusque selon catégorie,FOODON|MAESTRO_INTERNAL,0.85,curated,
ING-MARINE-LANGOUSTE-000001,Langouste,Rock lobster,langouste,rock lobster,Palinurus,Animalia,animal,crustacé,crustacé,Palinurus,chair,crustacé,raw,fresh,whole,,,,,,,,,FOODON:0330263,,,,,,crustaceans,Allergène crustacé ou mollusque selon catégorie,FOODON|MAESTRO_INTERNAL,0.85,curated,
ING-MARINE-HOMARD-000001,Homard,Lobster,homard,lobster,Homarus gammarus,Animalia,animal,crustacé,crustacé,Homarus gammarus,chair,crustacé,raw,fresh,whole,,,,,,,,,FOODON:0330263,,,,,,crustaceans,Allergène crustacé ou mollusque selon catégorie,FOODON|MAESTRO_INTERNAL,0.85,curated,
ING-MARINE-CRABE-000001,Crabe,Crab,crabe,crab,Cancer pagurus,Animalia,animal,crustacé,crustacé,Cancer pagurus,chair,crustacé,raw,fresh,whole,,,,,,,,,FOODON:0330263,,,,,,crustaceans,Allergène crustacé ou mollusque selon catégorie,FOODON|MAESTRO_INTERNAL,0.85,curated,
ING-MARINE-CREVISSE-000001,Écrevisse,Crayfish,écrevisse,crayfish,Astacus astacus,Animalia,animal,crustacé,crustacé,Astacus astacus,chair,crustacé,raw,fresh,whole,,,,,,,,,FOODON:0330263,,,,,,crustaceans,Allergène crustacé ou mollusque selon catégorie,FOODON|MAESTRO_INTERNAL,0.85,curated,
ING-MARINE-HUTRE-000001,Huître,Oyster,huître,oyster,Crassostrea gigas,Animalia,animal,mollusque,mollusque,Crassostrea gigas,chair,mollusque,raw,fresh,whole,,,,,,,,,FOODON:0330263,,,,,,mollusks,Allergène crustacé ou mollusque selon catégorie,FOODON|MAESTRO_INTERNAL,0.85,curated,
ING-MARINE-MOULE-000001,Moule,Mussel,moule,mussel,Mytilus edulis,Animalia,animal,mollusque,mollusque,Mytilus edulis,chair,mollusque,raw,fresh,whole,,,,,,,,,FOODON:0330263,,,,,,mollusks,Allergène crustacé ou mollusque selon catégorie,FOODON|MAESTRO_INTERNAL,0.85,curated,
ING-MARINE-COQUILLESAIN-000001,Coquille Saint-Jacques,Scallop,coquille saint-jacques,scallop,Pecten maximus,Animalia,animal,mollusque,mollusque,Pecten maximus,chair,mollusque,raw,fresh,whole,,,,,,,,,FOODON:0330263,,,,,,mollusks,Allergène crustacé ou mollusque selon catégorie,FOODON|MAESTRO_INTERNAL,0.85,curated,
ING-MARINE-PALOURDE-000001,Palourde,Clam,palourde,clam,Ruditapes philippinarum,Animalia,animal,mollusque,mollusque,Ruditapes philippinarum,chair,mollusque,raw,fresh,whole,,,,,,,,,FOODON:0330263,,,,,,mollusks,Allergène crustacé ou mollusque selon catégorie,FOODON|MAESTRO_INTERNAL,0.85,curated,
ING-MARINE-BULOT-000001,Bulot,Whelk,bulot,whelk,Buccinum undatum,Animalia,animal,mollusque,mollusque,Buccinum undatum,chair,mollusque,raw,fresh,whole,,,,,,,,,FOODON:0330263,,,,,,mollusks,Allergène crustacé ou mollusque selon catégorie,FOODON|MAESTRO_INTERNAL,0.85,curated,
ING-MARINE-CALMAR-000001,Calmar,Squid,calmar,squid,Loligo vulgaris,Animalia,animal,mollusque,mollusque,Loligo vulgaris,chair,mollusque,raw,fresh,whole,,,,,,,,,FOODON:0330263,,,,,,mollusks,Allergène crustacé ou mollusque selon catégorie,FOODON|MAESTRO_INTERNAL,0.85,curated,
ING-MARINE-POULPE-000001,Poulpe,Octopus,poulpe,octopus,Octopus vulgaris,Animalia,animal,mollusque,mollusque,Octopus vulgaris,chair,mollusque,raw,fresh,whole,,,,,,,,,FOODON:0330263,,,,,,mollusks,Allergène crustacé ou mollusque selon catégorie,FOODON|MAESTRO_INTERNAL,0.85,curated,
ING-MARINE-SEICHE-000001,Seiche,Cuttlefish,seiche,cuttlefish,Sepia officinalis,Animalia,animal,mollusque,mollusque,Sepia officinalis,chair,mollusque,raw,fresh,whole,,,,,,,,,FOODON:0330263,,,,,,mollusks,Allergène crustacé ou mollusque selon catégorie,FOODON|MAESTRO_INTERNAL,0.85,curated,
ING-DAIRY-LAITENTIER-000001,Lait entier,Whole milk,lait entier,whole milk,Bos taurus,Animalia,animal,produit laitier,lait,Bos taurus,sécrétion mammaire,lait,intermediate,pasteurized,liquid,,,,,false,,,,FOODON:0330213,,,19000,,,,,FOODON|CIQUAL|MAESTRO_INTERNAL,0.85,curated,
ING-DAIRY-LAITDEMICRM-000001,Lait demi-écrémé,Semi-skimmed milk,lait demi-écrémé,semi-skimmed milk,Bos taurus,Animalia,animal,produit laitier,lait,Bos taurus,sécrétion mammaire,lait,intermediate,pasteurized,liquid,,,,,false,,,,FOODON:0330213,,,,,,,,FOODON|CIQUAL|MAESTRO_INTERNAL,0.85,curated,
ING-DAIRY-LAITCRM-000001,Lait écrémé,Skimmed milk,lait écrémé,skimmed milk,Bos taurus,Animalia,animal,produit laitier,lait,Bos taurus,sécrétion mammaire,lait,intermediate,pasteurized,liquid,,,,,false,,,,FOODON:0330213,,,,,,,,FOODON|CIQUAL|MAESTRO_INTERNAL,0.85,curated,
ING-DAIRY-LAITCRU-000001,Lait cru,Raw milk,lait cru,raw milk,Bos taurus,Animalia,animal,produit laitier,lait,Bos taurus,sécrétion mammaire,lait,raw,raw,liquid,,,,,false,,,,FOODON:0330213,,,,,,,,FOODON|CIQUAL|MAESTRO_INTERNAL,0.85,curated,
ING-DAIRY-LAITUHT-000001,Lait UHT,UHT milk,lait uht,uht milk,Bos taurus,Animalia,animal,produit laitier,lait,Bos taurus,sécrétion mammaire,lait,intermediate,UHT,liquid,,,,,false,,,,FOODON:0330213,,,,,,,,FOODON|CIQUAL|MAESTRO_INTERNAL,0.85,curated,
ING-DAIRY-LAITCONCENTR-000001,Lait concentré non sucré,Evaporated milk,lait concentré non sucré,evaporated milk,Bos taurus,Animalia,animal,produit laitier,lait,Bos taurus,sécrétion mammaire,lait,intermediate,concentrated,liquid,,,,,true,,,,FOODON:0330213,,,,,,,,FOODON|CIQUAL|MAESTRO_INTERNAL,0.85,curated,
ING-DAIRY-LAITCONCENTR-000002,Lait concentré sucré,Sweetened condensed milk,lait concentré sucré,sweetened condensed milk,Bos taurus,Animalia,animal,produit laitier,lait,Bos taurus,sécrétion mammaire,lait,intermediate,concentrated,liquid,,,,,true,,,,FOODON:0330213,,,,,,,,FOODON|CIQUAL|MAESTRO_INTERNAL,0.85,curated,
ING-DAIRY-LAITENPOUDRE-000001,Lait en poudre entier,Whole milk powder,lait en poudre entier,whole milk powder,Bos taurus,Animalia,animal,produit laitier,lait,Bos taurus,sécrétion mammaire,lait,intermediate,concentrated,liquid,,,,,true,,,,FOODON:0330213,,,,,,,,FOODON|CIQUAL|MAESTRO_INTERNAL,0.85,curated,
ING-DAIRY-LAITDECHVRE-000001,Lait de chèvre,Goat milk,lait de chèvre,goat milk,Capra hircus,Animalia,animal,produit laitier,lait,Capra hircus,sécrétion mammaire,lait,intermediate,pasteurized,liquid,,,,,false,,,,FOODON:0330213,,,,,,,,FOODON|CIQUAL|MAESTRO_INTERNAL,0.85,curated,
ING-DAIRY-LAITDEBREBIS-000001,Lait de brebis,Sheep milk,lait de brebis,sheep milk,Ovis aries,Animalia,animal,produit laitier,lait,Ovis aries,sécrétion mammaire,lait,intermediate,pasteurized,liquid,,,,,false,,,,FOODON:0330213,,,,,,,,FOODON|CIQUAL|MAESTRO_INTERNAL,0.85,curated,
ING-DAIRY-LAITDEJUMENT-000001,Lait de jument,Mare milk,lait de jument,mare milk,Equus,Animalia,animal,produit laitier,lait,Equus,sécrétion mammaire,lait,intermediate,pasteurized,liquid,,,,,false,,,,FOODON:0330213,,,,,,,,FOODON|CIQUAL|MAESTRO_INTERNAL,0.85,curated,
ING-DAIRY-CRMELIQUIDEE-000001,Crème liquide entière,Heavy cream,crème liquide entière,heavy cream,Bos taurus,Animalia,animal,produit laitier,crème,Bos taurus,matière grasse laitière,crème,intermediate,pasteurized,emulsion,,,,,,,,,FOODON:0330240,,,19450,,,,,FOODON|CIQUAL|MAESTRO_INTERNAL,0.85,curated,
ING-DAIRY-CRMELIQUIDEA-000001,Crème liquide allégée,Light cream,crème liquide allégée,light cream,Bos taurus,Animalia,animal,produit laitier,crème,Bos taurus,matière grasse laitière,crème,intermediate,pasteurized,emulsion,,,,,,,,,FOODON:0330240,,,,,,,,FOODON|CIQUAL|MAESTRO_INTERNAL,0.85,curated,
ING-DAIRY-CRMEPAISSE-000001,Crème épaisse,Clotted cream,crème épaisse,clotted cream,Bos taurus,Animalia,animal,produit laitier,crème,Bos taurus,matière grasse laitière,crème,intermediate,pasteurized,emulsion,,,,,,,,,FOODON:0330240,,,,,,,,FOODON|CIQUAL|MAESTRO_INTERNAL,0.85,curated,
ING-DAIRY-CRMEDOUBLE-000001,Crème double,Double cream,crème double,double cream,Bos taurus,Animalia,animal,produit laitier,crème,Bos taurus,matière grasse laitière,crème,intermediate,pasteurized,emulsion,,,,,,,,,FOODON:0330240,,,,,,,,FOODON|CIQUAL|MAESTRO_INTERNAL,0.85,curated,
ING-DAIRY-CRMEAIGRE-000001,Crème aigre,Sour cream,crème aigre,sour cream,Bos taurus,Animalia,animal,produit laitier,crème,Bos taurus,matière grasse laitière,crème,intermediate,pasteurized,emulsion,,,,,,,,,FOODON:0330240,,,,,,,,FOODON|CIQUAL|MAESTRO_INTERNAL,0.85,curated,
ING-DAIRY-CRMEFRACHEDI-000001,Crème fraîche d'Isigny,Crème fraîche d'Isigny,crème fraîche d'isigny,crème fraîche d'isigny,Bos taurus,Animalia,animal,produit laitier,crème,Bos taurus,matière grasse laitière,crème,intermediate,pasteurized,emulsion,,,,,,,,,FOODON:0330240,,,,,,,,FOODON|CIQUAL|MAESTRO_INTERNAL,0.85,curated,
ING-DAIRY-CRMEDECOCO-000001,Crème de coco,Coconut cream,crème de coco,coconut cream,Cocos nucifera,Animalia,animal,produit laitier,crème,Cocos nucifera,matière grasse laitière,crème,intermediate,pasteurized,emulsion,,,,,,,,,FOODON:0330240,,,,,,,,FOODON|CIQUAL|MAESTRO_INTERNAL,0.85,curated,
ING-DAIRY-BABEURRE-000001,Babeurre,Buttermilk,babeurre,buttermilk,Bos taurus,Animalia,animal,produit laitier,crème,Bos taurus,matière grasse laitière,babeurre,intermediate,pasteurized,emulsion,,,,,,,,,FOODON:0330240,,,,,,,,FOODON|CIQUAL|MAESTRO_INTERNAL,0.85,curated,
ING-DAIRY-BEURREDOUX-000001,Beurre doux,"Butter, unsalted",beurre|beurre fin,butter|unsalted butter,Bos taurus,Animalia,animal,produit laitier,matière grasse laitière,Bos taurus,matière grasse du lait,beurre,intermediate,churned,solid,,,,,,,,,FOODON:0330255,,,16400,,,,,FOODON|CIQUAL|MAESTRO_INTERNAL,0.85,curated,
ING-DAIRY-BEURREDEMISE-000001,Beurre demi-sel,Slightly salted butter,beurre demi-sel,lightly salted butter,Bos taurus,Animalia,animal,produit laitier,matière grasse laitière,Bos taurus,matière grasse du lait,beurre,intermediate,churned,solid,,,,,,,,,FOODON:0330256,,,,,,,,FOODON|MAESTRO_INTERNAL,0.85,curated,
ING-DAIRY-BEURRECLARIF-000001,Beurre clarifié (ghee),Ghee,ghee|beurre clarifié|beurre noisette,ghee|clarified butter|brown butter,Bos taurus,Animalia,animal,produit laitier,matière grasse laitière concentrée,Bos taurus,matière grasse lactique purifiée,ghee,intermediate,clarified,liquid-fat,,,,,true,,,,FOODON:0330257,,,,,,,,FOODON|MAESTRO_INTERNAL,0.85,curated,
ING-DAIRY-FROMAGEFRAIS-000001,Fromage frais,Fresh cheese,fromage frais,fresh cheese,Bos taurus,Animalia,animal,produit laitier,fromage frais,Bos taurus,caillebotte,fromage,intermediate,fermented,solid,true,,,,,,,,FOODON:0330262,,,,,,milk,Allergène : lait (UE 1169/2011),FOODON|MAESTRO_INTERNAL,0.85,curated,
ING-DAIRY-MOZZARELLA-000001,Mozzarella,Mozzarella,mozzarella,mozzarella,Bos taurus,Animalia,animal,produit laitier,fromage frais,Bos taurus,caillebotte,fromage,intermediate,fermented,solid,true,,,,,,,,FOODON:0330262,,,,,,milk,Allergène : lait (UE 1169/2011),FOODON|MAESTRO_INTERNAL,0.85,curated,
ING-DAIRY-RICOTTA-000001,Ricotta,Ricotta,ricotta,ricotta,Bos taurus,Animalia,animal,produit laitier,fromage frais,Bos taurus,caillebotte,fromage,intermediate,fermented,solid,true,,,,,,,,FOODON:0330262,,,,,,milk,Allergène : lait (UE 1169/2011),FOODON|MAESTRO_INTERNAL,0.85,curated,
ING-DAIRY-MASCARPONE-000001,Mascarpone,Mascarpone,mascarpone,mascarpone,Bos taurus,Animalia,animal,produit laitier,fromage frais,Bos taurus,caillebotte,fromage,intermediate,fermented,solid,true,,,,,,,,FOODON:0330262,,,,,,milk,Allergène : lait (UE 1169/2011),FOODON|MAESTRO_INTERNAL,0.85,curated,
ING-DAIRY-CHVREFRAIS-000001,Chèvre frais,Fresh goat cheese,chèvre frais,fresh goat cheese,Capra hircus,Animalia,animal,produit laitier,fromage de chèvre,Capra hircus,caillebotte,fromage,intermediate,fermented,solid,true,,,,,,,,FOODON:0330262,,,,,,milk,Allergène : lait (UE 1169/2011),FOODON|MAESTRO_INTERNAL,0.85,curated,
ING-DAIRY-FETA-000001,Feta,Feta,feta,feta,Ovis aries,Animalia,animal,produit laitier,fromage de brebis,Ovis aries,caillebotte,fromage,intermediate,fermented,solid,true,,,,,,,,FOODON:0330262,,,,,,milk,Allergène : lait (UE 1169/2011),FOODON|MAESTRO_INTERNAL,0.85,curated,
ING-DAIRY-PARMIGIANORE-000001,Parmigiano Reggiano,Parmigiano Reggiano,parmigiano reggiano,parmigiano reggiano,Bos taurus,Animalia,animal,produit laitier,fromage à pâte dure,Bos taurus,caillebotte,fromage,intermediate,fermented,solid,true,,,,,,,,FOODON:0330262,,,,,,milk,Allergène : lait (UE 1169/2011),FOODON|MAESTRO_INTERNAL,0.85,curated,
ING-DAIRY-PECORINOROMA-000001,Pecorino Romano,Pecorino Romano,pecorino romano,pecorino romano,Ovis aries,Animalia,animal,produit laitier,fromage à pâte dure,Ovis aries,caillebotte,fromage,intermediate,fermented,solid,true,,,,,,,,FOODON:0330262,,,,,,milk,Allergène : lait (UE 1169/2011),FOODON|MAESTRO_INTERNAL,0.85,curated,
ING-DAIRY-COMT-000001,Comté,Comté,comté,comté,Bos taurus,Animalia,animal,produit laitier,fromage à pâte pressée,Bos taurus,caillebotte,fromage,intermediate,fermented,solid,true,,,,,,,,FOODON:0330262,,,,,,milk,Allergène : lait (UE 1169/2011),FOODON|MAESTRO_INTERNAL,0.85,curated,
ING-DAIRY-EMMENTAL-000001,Emmental,Emmental,emmental,emmental,Bos taurus,Animalia,animal,produit laitier,fromage à pâte pressée,Bos taurus,caillebotte,fromage,intermediate,fermented,solid,true,,,,,,,,FOODON:0330262,,,,,,milk,Allergène : lait (UE 1169/2011),FOODON|MAESTRO_INTERNAL,0.85,curated,
ING-DAIRY-GRUYRE-000001,Gruyère,Gruyère,gruyère,gruyère,Bos taurus,Animalia,animal,produit laitier,fromage à pâte pressée,Bos taurus,caillebotte,fromage,intermediate,fermented,solid,true,,,,,,,,FOODON:0330262,,,,,,milk,Allergène : lait (UE 1169/2011),FOODON|MAESTRO_INTERNAL,0.85,curated,
ING-DAIRY-CAMEMBERT-000001,Camembert,Camembert,camembert,camembert,Bos taurus,Animalia,animal,produit laitier,fromage à pâte molle,Bos taurus,caillebotte,fromage,intermediate,fermented,solid,true,,,,,,,,FOODON:0330262,,,,,,milk,Allergène : lait (UE 1169/2011),FOODON|MAESTRO_INTERNAL,0.85,curated,
ING-DAIRY-BRIE-000001,Brie,Brie,brie,brie,Bos taurus,Animalia,animal,produit laitier,fromage à pâte molle,Bos taurus,caillebotte,fromage,intermediate,fermented,solid,true,,,,,,,,FOODON:0330262,,,,,,milk,Allergène : lait (UE 1169/2011),FOODON|MAESTRO_INTERNAL,0.85,curated,
ING-DAIRY-ROQUEFORT-000001,Roquefort,Roquefort,roquefort,roquefort,Ovis aries,Animalia,animal,produit laitier,fromage persillé,Ovis aries,caillebotte,fromage,intermediate,fermented,solid,true,,,,,,,,FOODON:0330262,,,,,,milk,Allergène : lait (UE 1169/2011),FOODON|MAESTRO_INTERNAL,0.85,curated,
ING-DAIRY-CHEDDAR-000001,Cheddar,Cheddar,cheddar,cheddar,Bos taurus,Animalia,animal,produit laitier,fromage à pâte dure,Bos taurus,caillebotte,fromage,intermediate,fermented,solid,true,,,,,,,,FOODON:0330262,,,,,,milk,Allergène : lait (UE 1169/2011),FOODON|MAESTRO_INTERNAL,0.85,curated,
ING-DAIRY-GORGONZOLA-000001,Gorgonzola,Gorgonzola,gorgonzola,gorgonzola,Bos taurus,Animalia,animal,produit laitier,fromage persillé,Bos taurus,caillebotte,fromage,intermediate,fermented,solid,true,,,,,,,,FOODON:0330262,,,,,,milk,Allergène : lait (UE 1169/2011),FOODON|MAESTRO_INTERNAL,0.85,curated,
ING-FERMENT-YAOURTNATURE-000001,Yaourt nature,Plain yogurt,yaourt nature,plain yogurt,Bos taurus,Animalia,animal,produit laitier fermenté,yaourt/lait fermenté,Bos taurus,lait fermenté,produit laitier fermenté,intermediate,fermented,gel,true,,,,,,,,FOODON:0330264,,,,,,milk,,FOODON|MAESTRO_INTERNAL,0.85,curated,
ING-FERMENT-YAOURTGREC-000001,Yaourt grec,Greek yogurt,yaourt grec,greek yogurt,Bos taurus,Animalia,animal,produit laitier fermenté,yaourt/lait fermenté,Bos taurus,lait fermenté,produit laitier fermenté,intermediate,fermented,gel,true,,,,,,,,FOODON:0330264,,,,,,milk,,FOODON|MAESTRO_INTERNAL,0.85,curated,
ING-FERMENT-KFIR-000001,Kéfir,Kefir,kéfir,kefir,Bos taurus,Animalia,animal,produit laitier fermenté,yaourt/lait fermenté,Bos taurus,lait fermenté,produit laitier fermenté,intermediate,fermented,liquid,true,,,,,,,,FOODON:0330264,,,,,,milk,,FOODON|MAESTRO_INTERNAL,0.85,curated,
ING-FERMENT-SKYR-000001,Skyr,Skyr,skyr,skyr,Bos taurus,Animalia,animal,produit laitier fermenté,yaourt/lait fermenté,Bos taurus,lait fermenté,produit laitier fermenté,intermediate,fermented,gel,true,,,,,,,,FOODON:0330264,,,,,,milk,,FOODON|MAESTRO_INTERNAL,0.85,curated,
ING-FERMENT-LAITRIBOT-000001,Lait ribot,Cultured buttermilk,lait ribot,cultured buttermilk,Bos taurus,Animalia,animal,produit laitier fermenté,yaourt/lait fermenté,Bos taurus,lait fermenté,produit laitier fermenté,intermediate,fermented,liquid,true,,,,,,,,FOODON:0330264,,,,,,milk,,FOODON|MAESTRO_INTERNAL,0.85,curated,
ING-FERMENT-LASSINATURE-000001,Lassi nature,Plain lassi,lassi nature,plain lassi,Bos taurus,Animalia,animal,produit laitier fermenté,yaourt/lait fermenté,Bos taurus,lait fermenté,produit laitier fermenté,intermediate,fermented,liquid,true,,,,,,,,FOODON:0330264,,,,,,milk,,FOODON|MAESTRO_INTERNAL,0.85,curated,
ING-ANIMAL-UFDEPOULE-000001,Œuf de poule,Chicken egg,œuf|œufs,egg|eggs,Gallus gallus domesticus,Animalia,animal,œuf,œuf entier,Gallus gallus domesticus,œuf entier,œuf frais,raw,fresh,whole,,,,,,,,,FOODON:0330263,,,22000,,,eggs,Allergène œuf (UE 1169/2011),FOODON|CIQUAL|MAESTRO_INTERNAL,0.85,curated,
ING-ANIMAL-JAUNEDUF-000001,Jaune d'œuf,Egg yolk,jaune|jaune d'œuf de poule,yolk|egg yolk,Gallus gallus domesticus,Animalia,animal,œuf,composant d'œuf,Gallus gallus domesticus,jaune,jaune d'œuf,intermediate,separated,liquid,,,,,,,,,FOODON:0330264,,,,,,eggs,,FOODON|MAESTRO_INTERNAL,0.85,curated,
ING-ANIMAL-BLANCDUF-000001,Blanc d'œuf,Egg white,blanc|blanc d'œuf|albumen,egg white|albumen,Gallus gallus domesticus,Animalia,animal,œuf,composant d'œuf,Gallus gallus domesticus,blanc,blanc d'œuf,intermediate,separated,liquid,,,,,,,,,FOODON:0330265,,,,,,eggs,,FOODON|MAESTRO_INTERNAL,0.85,curated,
ING-ANIMAL-UFDECANE-000001,Œuf de cane,Duck egg,œuf de cane,duck egg,Anas platyrhynchos,Animalia,animal,œuf,œuf entier,Anas platyrhynchos,œuf entier,œuf frais,raw,fresh,whole,,,,,,,,,FOODON:0330266,,,,,,eggs,,FOODON|MAESTRO_INTERNAL,0.85,curated,
ING-ANIMAL-UFDECAILLE-000001,Œuf de caille,Quail egg,œuf de caille,quail egg,Coturnix coturnix,Animalia,animal,œuf,œuf entier,Coturnix coturnix,œuf entier,œuf frais,raw,fresh,whole,,,,,,,,,FOODON:0330266,,,,,,eggs,,FOODON|MAESTRO_INTERNAL,0.85,curated,
ING-ANIMAL-UFDOIE-000001,Œuf d'oie,Goose egg,œuf d'oie,goose egg,Anser anser,Animalia,animal,œuf,œuf entier,Anser anser,œuf entier,œuf frais,raw,fresh,whole,,,,,,,,,FOODON:0330266,,,,,,eggs,,FOODON|MAESTRO_INTERNAL,0.85,curated,
ING-TECH-SUCREBLANC-000001,Sucre blanc,White sugar,sucre blanc,white sugar,Saccharum officinarum,Plantae,ingrédient technique,sucre,sucrant,Saccharum officinarum,sève/suc,sucrant,raw,crystallized,powder,,,,,false,,,,FOODON:0330298,,,,,,,,FOODON|MAESTRO_INTERNAL,0.85,curated,
ING-TECH-SUCREROUX-000001,Sucre roux,Brown sugar,sucre roux,brown sugar,Saccharum officinarum,Plantae,ingrédient technique,sucre,sucrant,Saccharum officinarum,sève/suc,sucrant,raw,crystallized,powder,,,,,false,,,,FOODON:0330298,,,,,,,,FOODON|MAESTRO_INTERNAL,0.85,curated,
ING-TECH-CASSONADE-000001,Cassonade,Muscovado,cassonade,muscovado,Saccharum officinarum,Plantae,ingrédient technique,sucre,sucrant,Saccharum officinarum,sève/suc,sucrant,intermediate,powder,liquid,,,,,false,,,,FOODON:0330298,,,,,,,,FOODON|MAESTRO_INTERNAL,0.85,curated,
ING-TECH-SUCREGLACE-000001,Sucre glace,Powdered sugar,sucre glace,powdered sugar,Saccharum officinarum,Plantae,ingrédient technique,sucre,sucrant,Saccharum officinarum,sève/suc,sucrant,raw,crystallized,powder,,,,,false,,,,FOODON:0330298,,,,,,,,FOODON|MAESTRO_INTERNAL,0.85,curated,
ING-TECH-SUCRECANDI-000001,Sucre candi,Rock sugar,sucre candi,rock sugar,Saccharum officinarum,Plantae,ingrédient technique,sucre,sucrant,Saccharum officinarum,sève/suc,sucrant,raw,crystallized,powder,,,,,false,,,,FOODON:0330298,,,,,,,,FOODON|MAESTRO_INTERNAL,0.85,curated,
ING-TECH-SIROPDRABLE-000001,Sirop d'érable,Maple syrup,sirop d'érable,maple syrup,Acer saccharum,Plantae,ingrédient technique,sucre,sucrant,Acer saccharum,sève/suc,sucrant,intermediate,liquid,liquid,,,,,true,,,,FOODON:0330298,,,,,,,,FOODON|MAESTRO_INTERNAL,0.85,curated,
ING-TECH-MIEL-000001,Miel,Honey,miel,honey,Apis mellifera,Plantae,ingrédient technique,sucre,sucrant,Apis mellifera,sève/suc,sucrant,intermediate,liquid,liquid,,,,,false,,,,FOODON:0330298,,,,,,,,FOODON|MAESTRO_INTERNAL,0.85,curated,
ING-TECH-SIROPDEGLUCO-000001,Sirop de glucose,Glucose syrup,sirop de glucose,glucose syrup,Zea mays,Plantae,ingrédient technique,sucre,sucrant,Zea mays,sève/suc,sucrant,intermediate,liquid,liquid,,,,,true,,,,FOODON:0330298,,,,,,,,FOODON|MAESTRO_INTERNAL,0.85,curated,
ING-TECH-SIROPDEFRUCT-000001,Sirop de fructose,Fructose syrup,sirop de fructose,fructose syrup,Zea mays,Plantae,ingrédient technique,sucre,sucrant,Zea mays,sève/suc,sucrant,intermediate,liquid,liquid,,,,,true,,,,FOODON:0330298,,,,,,,,FOODON|MAESTRO_INTERNAL,0.85,curated,
ING-TECH-SIROPDAGAVE-000001,Sirop d'agave,Agave syrup,sirop d'agave,agave syrup,Agave tequilana,Plantae,ingrédient technique,sucre,sucrant,Agave tequilana,sève/suc,sucrant,intermediate,liquid,liquid,,,,,true,,,,FOODON:0330298,,,,,,,,FOODON|MAESTRO_INTERNAL,0.85,curated,
ING-TECH-MLASSE-000001,Mélasse,Molasses,mélasse,molasses,Saccharum officinarum,Plantae,ingrédient technique,sucre,sucrant,Saccharum officinarum,sève/suc,sucrant,intermediate,liquid,liquid,,,,,true,,,,FOODON:0330298,,,,,,,,FOODON|MAESTRO_INTERNAL,0.85,curated,
ING-TECH-SIROPDEBL-000001,Sirop de blé,Wheat syrup,sirop de blé,wheat syrup,Triticum aestivum,Plantae,ingrédient technique,sucre,sucrant,Triticum aestivum,sève/suc,sucrant,intermediate,liquid,liquid,,,,,true,,,,FOODON:0330298,,,,,,,,FOODON|MAESTRO_INTERNAL,0.85,curated,
ING-TECH-SIROPDERIZ-000001,Sirop de riz,Rice syrup,sirop de riz,rice syrup,Oryza sativa,Plantae,ingrédient technique,sucre,sucrant,Oryza sativa,sève/suc,sucrant,intermediate,liquid,liquid,,,,,true,,,,FOODON:0330298,,,,,,,,FOODON|MAESTRO_INTERNAL,0.85,curated,
ING-TECH-SUCREINVERTI-000001,Sucre inverti,Invert sugar,sucre inverti,invert sugar,Saccharum officinarum,Plantae,ingrédient technique,sucre,sucrant,Saccharum officinarum,sève/suc,sucrant,raw,crystallized,powder,,,,,true,,,,FOODON:0330298,,,,,,,,FOODON|MAESTRO_INTERNAL,0.85,curated,
ING-TECH-DEXTROSE-000001,Dextrose,Dextrose,dextrose,dextrose,Zea mays,Plantae,ingrédient technique,sucre,sucrant,Zea mays,sève/suc,sucrant,raw,powder,powder,,,,,false,,,,FOODON:0330298,,,,,,,,FOODON|MAESTRO_INTERNAL,0.85,curated,
ING-TECH-FRUCTOSE-000001,Fructose,Fructose,fructose,fructose,Zea mays,Plantae,ingrédient technique,sucre,sucrant,Zea mays,sève/suc,sucrant,raw,powder,powder,,,,,false,,,,FOODON:0330298,,,,,,,,FOODON|MAESTRO_INTERNAL,0.85,curated,
ING-TECH-SORBITOLE420-000001,Sorbitol (E420),Sorbitol,sorbitol (e420),sorbitol,Glucose hydrogéné,Synthétique,ingrédient technique,polyol,polyol,,,polyol,intermediate,processed,powder,,,,,,,,,FOODON:0331619,,,,,,,Additif alimentaire autorisé dans l'UE sous condition d'usage,FOODON|MAESTRO_INTERNAL,0.75,curated,
ING-TECH-MANNITOLE421-000001,Mannitol (E421),Mannitol,mannitol (e421),mannitol,Mannose hydrogéné,Synthétique,ingrédient technique,polyol,polyol,,,polyol,intermediate,processed,powder,,,,,,,,,FOODON:0331619,,,,,,,Additif alimentaire autorisé dans l'UE sous condition d'usage,FOODON|MAESTRO_INTERNAL,0.75,curated,
ING-TECH-XYLITOLE967-000001,Xylitol (E967),Xylitol,xylitol (e967),xylitol,Xylose hydrogéné,Synthétique,ingrédient technique,polyol,polyol,,,polyol,intermediate,processed,powder,,,,,,,,,FOODON:0331619,,,,,,,Additif alimentaire autorisé dans l'UE sous condition d'usage,FOODON|MAESTRO_INTERNAL,0.75,curated,
ING-TECH-ERYTHRITOLE9-000001,Erythritol (E968),Erythritol,erythritol (e968),erythritol,Fermentation glucose,Synthétique,ingrédient technique,polyol,polyol,,,polyol,intermediate,processed,powder,,,,,,,,,FOODON:0331619,,,,,,,Additif alimentaire autorisé dans l'UE sous condition d'usage,FOODON|MAESTRO_INTERNAL,0.75,curated,
ING-TECH-MALTITOLE965-000001,Maltitol (E965),Maltitol,maltitol (e965),maltitol,Maltose hydrogéné,Synthétique,ingrédient technique,polyol,polyol,,,polyol,intermediate,processed,powder,,,,,,,,,FOODON:0331619,,,,,,,Additif alimentaire autorisé dans l'UE sous condition d'usage,FOODON|MAESTRO_INTERNAL,0.75,curated,
ING-TECH-HUILEDOLIVE-000001,Huile d'olive,Olive oil,huile d'olive,olive oil,Olea europaea,Plantae,ingrédient technique,matière grasse,huile végétale,olive,graine/fruit,huile végétale,intermediate,extracted,liquid,,,,,,,,,FOODON:0330258,,,17010,,,,,FOODON|CIQUAL|MAESTRO_INTERNAL,0.85,curated,
ING-TECH-HUILEDOLIVEV-000001,Huile d'olive vierge extra,Extra virgin olive oil,huile d'olive vierge extra,extra virgin olive oil,Olea europaea,Plantae,ingrédient technique,matière grasse,huile végétale,olive,graine/fruit,huile végétale,intermediate,extracted,liquid,,,,,,,,,FOODON:0330258,,,,,,,,FOODON|CIQUAL|MAESTRO_INTERNAL,0.85,curated,
ING-TECH-HUILEDETOURN-000001,Huile de tournesol,Sunflower oil,huile de tournesol,sunflower oil,Helianthus annuus,Plantae,ingrédient technique,matière grasse,huile végétale,tournesol,graine/fruit,huile végétale,intermediate,extracted,liquid,,,,,,,,,FOODON:0330258,,,,,,,,FOODON|CIQUAL|MAESTRO_INTERNAL,0.85,curated,
ING-TECH-HUILEDECOLZA-000001,Huile de colza,Rapeseed oil,huile de colza,rapeseed oil,Brassica napus,Plantae,ingrédient technique,matière grasse,huile végétale,colza,graine/fruit,huile végétale,intermediate,extracted,liquid,,,,,,,,,FOODON:0330258,,,,,,,,FOODON|CIQUAL|MAESTRO_INTERNAL,0.85,curated,
ING-TECH-HUILEDEPALME-000001,Huile de palme,Palm oil,huile de palme,palm oil,Elaeis guineensis,Plantae,ingrédient technique,matière grasse,huile végétale,palme,graine/fruit,huile végétale,intermediate,extracted,liquid,,,,,,,,,FOODON:0330258,,,,,,,,FOODON|CIQUAL|MAESTRO_INTERNAL,0.85,curated,
ING-TECH-HUILEDENOIX-000001,Huile de noix,Walnut oil,huile de noix,walnut oil,Juglans regia,Plantae,ingrédient technique,matière grasse,huile végétale,noix,graine/fruit,huile végétale,intermediate,extracted,liquid,,,,,,,,,FOODON:0330258,,,,,,nuts,,FOODON|CIQUAL|MAESTRO_INTERNAL,0.85,curated,
ING-TECH-HUILEDENOISE-000001,Huile de noisette,Hazelnut oil,huile de noisette,hazelnut oil,Corylus avellana,Plantae,ingrédient technique,matière grasse,huile végétale,noisette,graine/fruit,huile végétale,intermediate,extracted,liquid,,,,,,,,,FOODON:0330258,,,,,,nuts,,FOODON|CIQUAL|MAESTRO_INTERNAL,0.85,curated,
ING-TECH-HUILEDAVOCAT-000001,Huile d'avocat,Avocado oil,huile d'avocat,avocado oil,Persea americana,Plantae,ingrédient technique,matière grasse,huile végétale,avocat,graine/fruit,huile végétale,intermediate,extracted,liquid,,,,,,,,,FOODON:0330258,,,,,,,,FOODON|CIQUAL|MAESTRO_INTERNAL,0.85,curated,
ING-TECH-HUILEDESSAME-000001,Huile de sésame,Sesame oil,huile de sésame,sesame oil,Sesamum indicum,Plantae,ingrédient technique,matière grasse,huile végétale,sésame,graine/fruit,huile végétale,intermediate,extracted,liquid,,,,,,,,,FOODON:0330258,,,,,,sesame,,FOODON|CIQUAL|MAESTRO_INTERNAL,0.85,curated,
ING-TECH-HUILEDARACHI-000001,Huile d'arachide,Peanut oil,huile d'arachide,peanut oil,Arachis hypogaea,Plantae,ingrédient technique,matière grasse,huile végétale,arachide,graine/fruit,huile végétale,intermediate,extracted,liquid,,,,,,,,,FOODON:0330258,,,,,,peanuts,,FOODON|CIQUAL|MAESTRO_INTERNAL,0.85,curated,
ING-TECH-HUILEDECOCO-000001,Huile de coco,Coconut oil,huile de coco,coconut oil,Cocos nucifera,Plantae,ingrédient technique,matière grasse,huile végétale,coco,graine/fruit,huile végétale,intermediate,extracted,liquid,,,,,,,,,FOODON:0330258,,,,,,,,FOODON|CIQUAL|MAESTRO_INTERNAL,0.85,curated,
ING-TECH-HUILEDELIN-000001,Huile de lin,Linseed oil,huile de lin,linseed oil,Linum usitatissimum,Plantae,ingrédient technique,matière grasse,huile végétale,lin,graine/fruit,huile végétale,intermediate,extracted,liquid,,,,,,,,,FOODON:0330258,,,,,,,,FOODON|CIQUAL|MAESTRO_INTERNAL,0.85,curated,
ING-TECH-HUILEDEPPINS-000001,Huile de pépins de raisin,Grapeseed oil,huile de pépins de raisin,grapeseed oil,Vitis vinifera,Plantae,ingrédient technique,matière grasse,huile végétale,pépin de raisin,graine/fruit,huile végétale,intermediate,extracted,liquid,,,,,,,,,FOODON:0330258,,,,,,,,FOODON|CIQUAL|MAESTRO_INTERNAL,0.85,curated,
ING-TECH-HUILEDECARTH-000001,Huile de carthame,Safflower oil,huile de carthame,safflower oil,Carthamus tinctorius,Plantae,ingrédient technique,matière grasse,huile végétale,carthame,graine/fruit,huile végétale,intermediate,extracted,liquid,,,,,,,,,FOODON:0330258,,,,,,,,FOODON|CIQUAL|MAESTRO_INTERNAL,0.85,curated,
ING-TECH-HUILEDEMAS-000001,Huile de maïs,Corn oil,huile de maïs,corn oil,Zea mays,Plantae,ingrédient technique,matière grasse,huile végétale,maïs,graine/fruit,huile végétale,intermediate,extracted,liquid,,,,,,,,,FOODON:0330258,,,,,,,,FOODON|CIQUAL|MAESTRO_INTERNAL,0.85,curated,
ING-ANIMAL-BEURREDECACA-000001,Beurre de cacao,Cocoa butter,beurre de cacao,cocoa butter,Theobroma cacao,Plantae,ingrédient technique,matière grasse,beurre végétal,Theobroma cacao,fève,beurre végétal,intermediate,pressed,solid,,,,,,,,,FOODON:0330259,,,,,,,,FOODON|MAESTRO_INTERNAL,0.85,curated,
ING-ANIMAL-GRAISSEDECAN-000001,Graisse de canard,Duck fat,graisse de canard,duck fat,Anas platyrhynchos,Animalia,ingrédient technique,matière grasse,graisse animale,Anas platyrhynchos,tissu adipeux,graisse animale,intermediate,rendered,semi-solid,,,,,,,,,FOODON:0330260,,,,,,,,FOODON|MAESTRO_INTERNAL,0.85,curated,
ING-ANIMAL-SAINDOUX-000001,Saindoux,Lard,saindoux,lard|pork fat,Sus scrofa domesticus,Animalia,ingrédient technique,matière grasse,graisse animale,Sus scrofa domesticus,tissu adipeux,graisse animale,intermediate,rendered,semi-solid,,,,,,,,,FOODON:0330261,,,,,,,,FOODON|MAESTRO_INTERNAL,0.85,curated,
ING-TECH-CACAOENPOUDR-000001,Cacao en poudre,Cocoa powder,cacao en poudre,cocoa powder,Theobroma cacao,Plantae,ingrédient technique,chocolat,powder,Theobroma cacao,fève,produit cacaoté,intermediate,processed,powder,,,,,,,,,FOODON:0330248,,,,,,,,FOODON|MAESTRO_INTERNAL,0.85,curated,
ING-TECH-PTEDECACAO-000001,Pâte de cacao,Cocoa paste,pâte de cacao,cocoa paste,Theobroma cacao,Plantae,ingrédient technique,chocolat,paste,Theobroma cacao,fève,produit cacaoté,intermediate,processed,paste,,,,,,,,,FOODON:0330248,,,,,,,,FOODON|MAESTRO_INTERNAL,0.85,curated,
ING-TECH-CHOCOLATNOIR-000001,Chocolat noir 70%,Dark chocolate 70%,chocolat noir 70%,dark chocolate 70%,Theobroma cacao,Plantae,ingrédient technique,chocolat,couverture,Theobroma cacao,fève,produit cacaoté,intermediate,processed,couverture,,,,,,,,,FOODON:0330248,,,,,,,,FOODON|MAESTRO_INTERNAL,0.85,curated,
ING-TECH-CHOCOLATAULA-000001,Chocolat au lait,Milk chocolate,chocolat au lait,milk chocolate,Theobroma cacao,Plantae,ingrédient technique,chocolat,couverture,Theobroma cacao,fève,produit cacaoté,intermediate,processed,couverture,,,,,,,,,FOODON:0330248,,,,,,milk,,FOODON|MAESTRO_INTERNAL,0.85,curated,
ING-TECH-CHOCOLATBLAN-000001,Chocolat blanc,White chocolate,chocolat blanc,white chocolate,Theobroma cacao,Plantae,ingrédient technique,chocolat,couverture,Theobroma cacao,fève,produit cacaoté,intermediate,processed,couverture,,,,,,,,,FOODON:0330248,,,,,,,,FOODON|MAESTRO_INTERNAL,0.85,curated,
ING-TECH-CHOCOLATNOIR-000002,Chocolat noir 85%,Dark chocolate 85%,chocolat noir 85%,dark chocolate 85%,Theobroma cacao,Plantae,ingrédient technique,chocolat,couverture,Theobroma cacao,fève,produit cacaoté,intermediate,processed,couverture,,,,,,,,,FOODON:0330248,,,,,,,,FOODON|MAESTRO_INTERNAL,0.85,curated,
ING-TECH-CHOCOLATNOIR-000003,Chocolat noir 100%,Dark chocolate 100%,chocolat noir 100%,dark chocolate 100%,Theobroma cacao,Plantae,ingrédient technique,chocolat,couverture,Theobroma cacao,fève,produit cacaoté,intermediate,processed,couverture,,,,,,,,,FOODON:0330248,,,,,,,,FOODON|MAESTRO_INTERNAL,0.85,curated,
ING-TECH-GLATINE-000001,Gélatine,Gelatin,gélatine,gelatin,Sus scrofa/Bos taurus,(multi),ingrédient technique,hydrocolloïde,gélifiant,Sus scrofa/Bos taurus,,gélifiant,intermediate,processed,powder,,,,,,,,,FOODON:0330298,,,,,,,,FOODON|MAESTRO_INTERNAL,0.85,curated,
ING-TECH-AGARAGAR-000001,Agar-agar,Agar,agar-agar,agar,Gelidium,(multi),ingrédient technique,hydrocolloïde,gélifiant,Gelidium,,gélifiant,intermediate,processed,powder,,,,,,,,,FOODON:0330298,,,,,,,Additif E406 autorisé UE,FOODON|MAESTRO_INTERNAL,0.85,curated,
ING-TECH-PECTINEHM-000001,Pectine HM,Pectin HM,pectine hm,pectin hm,Citrus peel,(multi),ingrédient technique,hydrocolloïde,gélifiant,Citrus peel,,gélifiant,intermediate,processed,powder,,,,,,,,,FOODON:0330298,,,,,,,Additif E440 autorisé UE,FOODON|MAESTRO_INTERNAL,0.85,curated,
ING-TECH-PECTINELM-000001,Pectine LM,Pectin LM,pectine lm,pectin lm,Apple pomace,(multi),ingrédient technique,hydrocolloïde,gélifiant,Apple pomace,,gélifiant,intermediate,processed,powder,,,,,,,,,FOODON:0330298,,,,,,,Additif E440 autorisé UE,FOODON|MAESTRO_INTERNAL,0.85,curated,
ING-TECH-CARRAGHNANEK-000001,Carraghénane (kappa),Carrageenan kappa,carraghénane (kappa),carrageenan kappa,Kappaphycus,(multi),ingrédient technique,hydrocolloïde,gélifiant,Kappaphycus,,gélifiant,intermediate,processed,powder,,,,,,,,,FOODON:0330298,,,,,,,Additif E407 autorisé UE,FOODON|MAESTRO_INTERNAL,0.85,curated,
ING-TECH-CARRAGHNANEI-000001,Carraghénane (iota),Carrageenan iota,carraghénane (iota),carrageenan iota,Eucheuma,(multi),ingrédient technique,hydrocolloïde,gélifiant,Eucheuma,,gélifiant,intermediate,processed,powder,,,,,,,,,FOODON:0330298,,,,,,,Additif E407 autorisé UE,FOODON|MAESTRO_INTERNAL,0.85,curated,
ING-TECH-CARRAGHNANEL-000001,Carraghénane (lambda),Carrageenan lambda,carraghénane (lambda),carrageenan lambda,Gigartina,(multi),ingrédient technique,hydrocolloïde,épaississant,Gigartina,,épaississant,intermediate,processed,powder,,,,,,,,,FOODON:0330298,,,,,,,Additif E407 autorisé UE,FOODON|MAESTRO_INTERNAL,0.85,curated,
ING-TECH-ALGINATEDESO-000001,Alginate de sodium,Sodium alginate,alginate de sodium,sodium alginate,Phaeophyceae,(multi),ingrédient technique,hydrocolloïde,gélifiant,Phaeophyceae,,gélifiant,intermediate,processed,powder,,,,,,,,,FOODON:0330298,,,,,,,Additif E401 autorisé UE,FOODON|MAESTRO_INTERNAL,0.85,curated,
ING-TECH-GOMMEXANTHAN-000001,Gomme xanthane,Xanthan gum,gomme xanthane,xanthan gum,Xanthomonas campestris,(multi),ingrédient technique,hydrocolloïde,épaississant,Xanthomonas campestris,,épaississant,intermediate,processed,powder,,,,,,,,,FOODON:0330298,,,,,,,Additif E415 autorisé UE,FOODON|MAESTRO_INTERNAL,0.85,curated,
ING-TECH-GOMMEGUAR-000001,Gomme guar,Guar gum,gomme guar,guar gum,Cyamopsis tetragonoloba,(multi),ingrédient technique,hydrocolloïde,épaississant,Cyamopsis tetragonoloba,,épaississant,intermediate,processed,powder,,,,,,,,,FOODON:0330298,,,,,,,Additif E412 autorisé UE,FOODON|MAESTRO_INTERNAL,0.85,curated,
ING-TECH-GOMMEARABIQU-000001,Gomme arabique,Acacia gum,gomme arabique,acacia gum,Acacia senegal,(multi),ingrédient technique,hydrocolloïde,émulsifiant,Acacia senegal,,émulsifiant,intermediate,processed,powder,,,,,,,,,FOODON:0330298,,,,,,,Additif E414 autorisé UE,FOODON|MAESTRO_INTERNAL,0.85,curated,
ING-TECH-GOMMEDECAROU-000001,Gomme de caroube,Locust bean gum,gomme de caroube,locust bean gum,Ceratonia siliqua,(multi),ingrédient technique,hydrocolloïde,épaississant,Ceratonia siliqua,,épaississant,intermediate,processed,powder,,,,,,,,,FOODON:0330298,,,,,,,Additif E410 autorisé UE,FOODON|MAESTRO_INTERNAL,0.85,curated,
ING-TECH-AMIDONDEMASM-000001,Amidon de maïs (modifié),Modified corn starch,amidon de maïs (modifié),modified corn starch,Zea mays,(multi),ingrédient technique,hydrocolloïde,épaississant,Zea mays,,épaississant,intermediate,processed,powder,,,,,,,,,FOODON:0330298,,,,,,,Additif E1422 autorisé UE,FOODON|MAESTRO_INTERNAL,0.85,curated,
ING-TECH-AMIDONDEMASN-000001,Amidon de maïs natif,Native corn starch,amidon de maïs natif,native corn starch,Zea mays,(multi),ingrédient technique,hydrocolloïde,épaississant,Zea mays,,épaississant,intermediate,processed,powder,,,,,,,,,FOODON:0330298,,,,,,,,FOODON|MAESTRO_INTERNAL,0.85,curated,
ING-TECH-AMIDONDEPOMM-000001,Amidon de pomme de terre,Potato starch,amidon de pomme de terre,potato starch,Solanum tuberosum,(multi),ingrédient technique,hydrocolloïde,épaississant,Solanum tuberosum,,épaississant,intermediate,processed,powder,,,,,,,,,FOODON:0330298,,,,,,,,FOODON|MAESTRO_INTERNAL,0.85,curated,
ING-TECH-LCITHINEDESO-000001,Lécithine de soja,Soy lecithin,lécithine de soja,soy lecithin,Glycine max,(multi),ingrédient technique,hydrocolloïde,émulsifiant,Glycine max,,émulsifiant,intermediate,processed,powder,,,,,,,,,FOODON:0330298,,,,,,,Additif E322 autorisé UE,FOODON|MAESTRO_INTERNAL,0.85,curated,
ING-TECH-LCITHINEDETO-000001,Lécithine de tournesol,Sunflower lecithin,lécithine de tournesol,sunflower lecithin,Helianthus annuus,(multi),ingrédient technique,hydrocolloïde,émulsifiant,Helianthus annuus,,émulsifiant,intermediate,processed,powder,,,,,,,,,FOODON:0330298,,,,,,,Additif E322 autorisé UE,FOODON|MAESTRO_INTERNAL,0.85,curated,
ING-TECH-MONOETDIGLYC-000001,Mono- et diglycérides (E471),Mono- and diglycerides,mono- et diglycérides (e471),mono- and diglycerides,Divers,(multi),ingrédient technique,hydrocolloïde,émulsifiant,Divers,,émulsifiant,intermediate,processed,powder,,,,,,,,,FOODON:0330298,,,,,,,Additif E471 autorisé UE,FOODON|MAESTRO_INTERNAL,0.85,curated,
ING-TECH-SELFIN-000001,Sel fin,Fine salt,sel fin,fine salt,NaCl,(multi),ingrédient technique,sel,sel,NaCl,,sel,intermediate,processed,powder,,,,,,,,,FOODON:0330298,,,,,,,,FOODON|MAESTRO_INTERNAL,0.85,curated,
ING-TECH-SELDEGURANDE-000001,Sel de Guérande,Guérande salt,sel de guérande,guérande salt,NaCl,(multi),ingrédient technique,sel,sel,NaCl,,sel,intermediate,processed,powder,,,,,,,,,FOODON:0330298,,,,,,,,FOODON|MAESTRO_INTERNAL,0.85,curated,
ING-TECH-FLEURDESEL-000001,Fleur de sel,Fleur de sel,fleur de sel,fleur de sel,NaCl,(multi),ingrédient technique,sel,sel,NaCl,,sel,intermediate,processed,powder,,,,,,,,,FOODON:0330298,,,,,,,,FOODON|MAESTRO_INTERNAL,0.85,curated,
ING-TECH-SELROSEDELHI-000001,Sel rose de l'Himalaya,Himalayan pink salt,sel rose de l'himalaya,himalayan pink salt,NaCl,(multi),ingrédient technique,sel,sel,NaCl,,sel,intermediate,processed,powder,,,,,,,,,FOODON:0330298,,,,,,,,FOODON|MAESTRO_INTERNAL,0.85,curated,
ING-TECH-BICARBONATED-000001,Bicarbonate de soude,Baking soda,bicarbonate de soude,baking soda,NaHCO3,(multi),ingrédient technique,agent levant,agent levant,NaHCO3,,agent levant,intermediate,processed,powder,,,,,,,,,FOODON:0330298,,,,,,,,FOODON|MAESTRO_INTERNAL,0.85,curated,
ING-TECH-LEVURECHIMIQ-000001,Levure chimique,Baking powder,levure chimique,baking powder,Mélange,(multi),ingrédient technique,agent levant,agent levant,Mélange,,agent levant,intermediate,processed,powder,,,,,,,,,FOODON:0330298,,,,,,,,FOODON|MAESTRO_INTERNAL,0.85,curated,
ING-FERMENT-LEVUREBOULAN-000001,Levure boulangère sèche,Active dry yeast,levure boulangère sèche,active dry yeast,Saccharomyces cerevisiae,(multi),ingrédient technique,ferment,ferment,Saccharomyces cerevisiae,,ferment,intermediate,processed,liquid,,,,,,,,,FOODON:0330298,,,,,,,,FOODON|MAESTRO_INTERNAL,0.85,curated,
ING-FERMENT-LEVUREBOULAN-000002,Levure boulangère fraîche,Fresh yeast,levure boulangère fraîche,fresh yeast,Saccharomyces cerevisiae,(multi),ingrédient technique,ferment,ferment,Saccharomyces cerevisiae,,ferment,intermediate,processed,liquid,,,,,,,,,FOODON:0330298,,,,,,,,FOODON|MAESTRO_INTERNAL,0.85,curated,
ING-FERMENT-LEVAINPTE-000001,Levain (pâte),Sourdough starter,levain (pâte),sourdough starter,Lactobacillaceae,(multi),ingrédient technique,ferment,ferment,Lactobacillaceae,,ferment,intermediate,processed,liquid,,,,,,,,,FOODON:0330298,,,,,,,,FOODON|MAESTRO_INTERNAL,0.85,curated,
ING-TECH-ACIDECITRIQU-000001,Acide citrique,Citric acid,acide citrique,citric acid,Citrus,(multi),ingrédient technique,acidifiant,acidifiant,Citrus,,acidifiant,intermediate,processed,powder,,,,,,,,,FOODON:0330298,,,,,,,,FOODON|MAESTRO_INTERNAL,0.85,curated,
ING-TECH-ACIDEASCORBI-000001,Acide ascorbique,Ascorbic acid,acide ascorbique,ascorbic acid,Vitamine C,(multi),ingrédient technique,antioxydant,antioxydant,Vitamine C,,antioxydant,intermediate,processed,powder,,,,,,,,,FOODON:0330298,,,,,,,,FOODON|MAESTRO_INTERNAL,0.85,curated,
ING-TECH-ACIDETARTRIQ-000001,Acide tartrique,Tartaric acid,acide tartrique,tartaric acid,Raisin,(multi),ingrédient technique,acidifiant,acidifiant,Raisin,,acidifiant,intermediate,processed,powder,,,,,,,,,FOODON:0330298,,,,,,,,FOODON|MAESTRO_INTERNAL,0.85,curated,
ING-TECH-CRMEDETARTRE-000001,Crème de tartre,Cream of tartar,crème de tartre,cream of tartar,Raisin,(multi),ingrédient technique,acidifiant/stabilisant,acidifiant/stabilisant,Raisin,,acidifiant/stabilisant,intermediate,processed,liquid,,,,,,,,,FOODON:0330298,,,,,,,,FOODON|MAESTRO_INTERNAL,0.85,curated,
ING-TECH-VINAIGREBLAN-000001,Vinaigre blanc,White vinegar,vinaigre blanc,white vinegar,Fermentation éthanol,(multi),ingrédient technique,acidifiant,acidifiant,Fermentation éthanol,,acidifiant,intermediate,processed,powder,,,,,,,,,FOODON:0330298,,,,,,,,FOODON|MAESTRO_INTERNAL,0.85,curated,
ING-TECH-VINAIGREDEVI-000001,Vinaigre de vin rouge,Red wine vinegar,vinaigre de vin rouge,red wine vinegar,Vin rouge,(multi),ingrédient technique,acidifiant,acidifiant,Vin rouge,,acidifiant,intermediate,processed,powder,,,,,,,,,FOODON:0330298,,,,,,,,FOODON|MAESTRO_INTERNAL,0.85,curated,
ING-TECH-VINAIGREBALS-000001,Vinaigre balsamique,Balsamic vinegar,vinaigre balsamique,balsamic vinegar,Raisin,(multi),ingrédient technique,acidifiant,acidifiant,Raisin,,acidifiant,intermediate,processed,powder,,,,,,,,,FOODON:0330298,,,,,,,,FOODON|MAESTRO_INTERNAL,0.85,curated,
ING-TECH-VINAIGREDECI-000001,Vinaigre de cidre,Apple cider vinegar,vinaigre de cidre,apple cider vinegar,Cidre,(multi),ingrédient technique,acidifiant,acidifiant,Cidre,,acidifiant,intermediate,processed,powder,,,,,,,,,FOODON:0330298,,,,,,,,FOODON|MAESTRO_INTERNAL,0.85,curated,
ING-TECH-VINAIGREDERI-000001,Vinaigre de riz,Rice vinegar,vinaigre de riz,rice vinegar,Riz fermenté,(multi),ingrédient technique,acidifiant,acidifiant,Riz fermenté,,acidifiant,intermediate,processed,powder,,,,,,,,,FOODON:0330298,,,,,,,,FOODON|MAESTRO_INTERNAL,0.85,curated,
ING-TECH-EXTRAITDEVAN-000001,Extrait de vanille,Vanilla extract,extrait de vanille,vanilla extract,Vanilla planifolia,Plantae,ingrédient technique,arôme,arôme,Vanilla planifolia,,arôme,intermediate,distilled,liquid,,,,,,,,,FOODON:0330303,,,,,,,,FOODON|MAESTRO_INTERNAL,0.85,curated,
ING-TECH-EAUDEROSE-000001,Eau de rose,Rose water,eau de rose,rose water,Rosa damascena,Plantae,ingrédient technique,eau florale,eau florale,Rosa damascena,,eau florale,intermediate,distilled,liquid,,,,,,,,,FOODON:0330303,,,,,,,,FOODON|MAESTRO_INTERNAL,0.85,curated,
ING-TECH-EAUDEFLEURDO-000001,Eau de fleur d'oranger,Orange blossom water,eau de fleur d'oranger,orange blossom water,Citrus aurantium,Plantae,ingrédient technique,eau florale,eau florale,Citrus aurantium,,eau florale,intermediate,distilled,liquid,,,,,,,,,FOODON:0330303,,,,,,,,FOODON|MAESTRO_INTERNAL,0.85,curated,
ING-TECH-ARMENATURELD-000001,Arôme naturel de vanille,Natural vanilla flavoring,arôme naturel de vanille,natural vanilla flavoring,Vanilla planifolia,Plantae,ingrédient technique,arôme,arôme,Vanilla planifolia,,arôme,intermediate,distilled,liquid,,,,,,,,,FOODON:0330303,,,,,,,,FOODON|MAESTRO_INTERNAL,0.85,curated,
ING-TECH-COLORANTALIM-000001,Colorant alimentaire (jaune),Food coloring yellow,colorant alimentaire (jaune),food coloring yellow,Curcuma ou tartrazine,Plantae,ingrédient technique,colorant,colorant,Curcuma ou tartrazine,,colorant,intermediate,distilled,liquid,,,,,,,,,FOODON:0330303,,,,,,,,FOODON|MAESTRO_INTERNAL,0.85,curated,
ING-TECH-HUILEESSENTI-000001,Huile essentielle de citron,Lemon essential oil,huile essentielle de citron,lemon essential oil,Citrus limon,Plantae,ingrédient technique,arôme,huile essentielle alimentaire,Citrus limon,,huile essentielle,intermediate,distilled,liquid,,,,,,,,,FOODON:0330304,,,,,,,Usage alimentaire : respecter les doses réglementaires,FOODON|MAESTRO_INTERNAL,0.85,curated,
ING-TECH-HUILEESSENTI-000002,Huile essentielle d'orange,Orange essential oil,huile essentielle d'orange,orange essential oil,Citrus sinensis,Plantae,ingrédient technique,arôme,huile essentielle alimentaire,Citrus sinensis,,huile essentielle,intermediate,distilled,liquid,,,,,,,,,FOODON:0330304,,,,,,,Usage alimentaire : respecter les doses réglementaires,FOODON|MAESTRO_INTERNAL,0.85,curated,
ING-TECH-HUILEESSENTI-000003,Huile essentielle de menthe poivrée,Peppermint essential oil,huile essentielle de menthe poivrée,peppermint essential oil,Mentha piperita,Plantae,ingrédient technique,arôme,huile essentielle alimentaire,Mentha piperita,,huile essentielle,intermediate,distilled,liquid,,,,,,,,,FOODON:0330304,,,,,,,Usage alimentaire : respecter les doses réglementaires,FOODON|MAESTRO_INTERNAL,0.85,curated,
ING-TECH-HUILEESSENTI-000004,Huile essentielle de basilic,Basil essential oil,huile essentielle de basilic,basil essential oil,Ocimum basilicum,Plantae,ingrédient technique,arôme,huile essentielle alimentaire,Ocimum basilicum,,huile essentielle,intermediate,distilled,liquid,,,,,,,,,FOODON:0330304,,,,,,,Usage alimentaire : respecter les doses réglementaires,FOODON|MAESTRO_INTERNAL,0.85,curated,
ING-TECH-TAHINI-000001,Tahini,Tahini,tahin|beurre de sésame,tahini|sesame paste,Sesamum indicum,Plantae,ingrédient technique,sous-produit,beurre de graines,Sesamum indicum,graine,beurre de graine,intermediate,ground,paste,,,,,,,,,FOODON:0331105,,,,,,sesame,,FOODON|MAESTRO_INTERNAL,0.85,curated,
ING-TECH-CRMEDESSAME-000001,Crème de sésame,Sesame cream,crème de tahini,sesame cream,Sesamum indicum,Plantae,ingrédient technique,sous-produit,beurre de graines,Sesamum indicum,graine,beurre de graine,intermediate,ground,paste,,,,,,,,,FOODON:0331105,,,,,,sesame,,FOODON|MAESTRO_INTERNAL,0.80,curated,
ING-BEV-EAU-000001,Eau,Water,eau,water,,Minéral,boisson,eau,eau,,,eau,raw,bottled,liquid,,,,,,,,,FOODON:0331128,,,,,,,,FOODON|MAESTRO_INTERNAL,0.85,curated,
ING-BEV-EAUGAZEUSE-000001,Eau gazeuse,Sparkling water,eau gazeuse,sparkling water,,Minéral,boisson,eau,eau,,,eau,raw,bottled,liquid,,,,,,,,,FOODON:0331128,,,,,,,,FOODON|MAESTRO_INTERNAL,0.85,curated,
ING-BEV-EAUMINRALE-000001,Eau minérale,Mineral water,eau minérale,mineral water,,Minéral,boisson,eau,eau,,,eau,raw,bottled,liquid,,,,,,,,,FOODON:0331128,,,,,,,,FOODON|MAESTRO_INTERNAL,0.85,curated,
ING-BEV-EAUDESOURCE-000001,Eau de source,Spring water,eau de source,spring water,,Minéral,boisson,eau,eau,,,eau,raw,bottled,liquid,,,,,,,,,FOODON:0331128,,,,,,,,FOODON|MAESTRO_INTERNAL,0.85,curated,
ING-BEV-CAFESPRESSO-000001,Café espresso,Espresso coffee,café espresso,espresso coffee,Coffea arabica,Plantae,boisson,café/thé/infusion,boisson chaude,Coffea arabica,feuille/graine,boisson chaude,intermediate,brewed,liquid,,,,false,,,,,FOODON:0330168,,,,,,,,FOODON|MAESTRO_INTERNAL,0.85,curated,
ING-BEV-CAFFILTRE-000001,Café filtre,Filter coffee,café filtre,filter coffee,Coffea arabica,Plantae,boisson,café/thé/infusion,boisson chaude,Coffea arabica,feuille/graine,boisson chaude,intermediate,brewed,liquid,,,,false,,,,,FOODON:0330168,,,,,,,,FOODON|MAESTRO_INTERNAL,0.85,curated,
ING-BEV-CAFVERTGRAIN-000001,Café vert (grains),Green coffee beans,café vert (grains),green coffee beans,Coffea arabica,Plantae,boisson,café/thé/infusion,boisson chaude,Coffea arabica,feuille/graine,boisson chaude,intermediate,dried,beans,,,,false,,,,,FOODON:0330168,,,,,,,,FOODON|MAESTRO_INTERNAL,0.85,curated,
ING-BEV-CAFTORRFIGRA-000001,Café torréfié (grains),Roasted coffee beans,café torréfié (grains),roasted coffee beans,Coffea arabica,Plantae,boisson,café/thé/infusion,boisson chaude,Coffea arabica,feuille/graine,boisson chaude,intermediate,roasted,beans,,,,true,,,,,FOODON:0330168,,,,,,,,FOODON|MAESTRO_INTERNAL,0.85,curated,
ING-BEV-CAFSOLUBLE-000001,Café soluble,Instant coffee,café soluble,instant coffee,Coffea arabica,Plantae,boisson,café/thé/infusion,boisson chaude,Coffea arabica,feuille/graine,boisson chaude,intermediate,instant,powder,,,,false,,,,,FOODON:0330168,,,,,,,,FOODON|MAESTRO_INTERNAL,0.85,curated,
ING-BEV-THVERT-000001,Thé vert,Green tea,thé vert,green tea,Camellia sinensis,Plantae,boisson,café/thé/infusion,boisson chaude,Camellia sinensis,feuille/graine,boisson chaude,intermediate,dried,leaves,,,,false,,,,,FOODON:0330169,,,,,,,,FOODON|MAESTRO_INTERNAL,0.85,curated,
ING-BEV-THNOIR-000001,Thé noir,Black tea,thé noir,black tea,Camellia sinensis,Plantae,boisson,café/thé/infusion,boisson chaude,Camellia sinensis,feuille/graine,boisson chaude,intermediate,dried,leaves,,,,false,,,,,FOODON:0330169,,,,,,,,FOODON|MAESTRO_INTERNAL,0.85,curated,
ING-BEV-THOOLONG-000001,Thé Oolong,Oolong tea,thé oolong,oolong tea,Camellia sinensis,Plantae,boisson,café/thé/infusion,boisson chaude,Camellia sinensis,feuille/graine,boisson chaude,intermediate,dried,leaves,,,,false,,,,,FOODON:0330169,,,,,,,,FOODON|MAESTRO_INTERNAL,0.85,curated,
ING-BEV-THBLANC-000001,Thé blanc,White tea,thé blanc,white tea,Camellia sinensis,Plantae,boisson,café/thé/infusion,boisson chaude,Camellia sinensis,feuille/graine,boisson chaude,intermediate,dried,leaves,,,,false,,,,,FOODON:0330169,,,,,,,,FOODON|MAESTRO_INTERNAL,0.85,curated,
ING-BEV-THMATCHA-000001,Thé matcha,Matcha tea,thé matcha,matcha tea,Camellia sinensis,Plantae,boisson,café/thé/infusion,boisson chaude,Camellia sinensis,feuille/graine,boisson chaude,intermediate,dried,leaves,,,,false,,,,,FOODON:0330169,,,,,,,,FOODON|MAESTRO_INTERNAL,0.85,curated,
ING-BEV-INFUSIONDECA-000001,Infusion de camomille,Chamomile infusion,infusion de camomille,chamomile infusion,Matricaria chamomilla,Plantae,boisson,café/thé/infusion,boisson chaude,Matricaria chamomilla,feuille/graine,boisson chaude,raw,brewed,liquid,,,,false,,,,,FOODON:0330169,,,,,,,,FOODON|MAESTRO_INTERNAL,0.85,curated,
ING-BEV-INFUSIONDEVE-000001,Infusion de verveine,Verbena infusion,infusion de verveine,verbena infusion,Aloysia citrodora,Plantae,boisson,café/thé/infusion,boisson chaude,Aloysia citrodora,feuille/graine,boisson chaude,raw,brewed,liquid,,,,false,,,,,FOODON:0330169,,,,,,,,FOODON|MAESTRO_INTERNAL,0.85,curated,
ING-BEV-INFUSIONDEME-000001,Infusion de menthe,Mint infusion,infusion de menthe,mint infusion,Mentha,Plantae,boisson,café/thé/infusion,boisson chaude,Mentha,feuille/graine,boisson chaude,raw,brewed,liquid,,,,false,,,,,FOODON:0330169,,,,,,,,FOODON|MAESTRO_INTERNAL,0.85,curated,
ING-BEV-ROOIBOS-000001,Rooibos,Rooibos,rooibos,rooibos,Aspalathus linearis,Plantae,boisson,café/thé/infusion,tisane,Aspalathus linearis,feuille/graine,boisson chaude,raw,dried,leaves,,,,false,,,,,FOODON:0330169,,,,,,,,FOODON|MAESTRO_INTERNAL,0.85,curated,
ING-BEV-VINROUGE-000001,Vin rouge,Red wine,vin rouge,red wine,Vitis vinifera,Plantae,boisson,vin/cidre,vin,Vitis vinifera,fruit fermenté,boisson alcoolisée,intermediate,fermented,liquid,true,,,,,true,11.5-14%,,FOODON:0330249,,,,,,,,FOODON|MAESTRO_INTERNAL,0.85,curated,
ING-BEV-VINBLANCSEC-000001,Vin blanc sec,Dry white wine,vin blanc sec,dry white wine,Vitis vinifera,Plantae,boisson,vin/cidre,vin,Vitis vinifera,fruit fermenté,boisson alcoolisée,intermediate,fermented,liquid,true,,,,,true,11-13%,,FOODON:0330249,,,,,,,,FOODON|MAESTRO_INTERNAL,0.85,curated,
ING-BEV-VINBLANCMOEL-000001,Vin blanc moelleux,Sweet white wine,vin blanc moelleux,sweet white wine,Vitis vinifera,Plantae,boisson,vin/cidre,vin,Vitis vinifera,fruit fermenté,boisson alcoolisée,intermediate,fermented,liquid,true,,,,,true,11-13%,,FOODON:0330249,,,,,,,,FOODON|MAESTRO_INTERNAL,0.85,curated,
ING-BEV-VINROS-000001,Vin rosé,Rosé wine,vin rosé,rosé wine,Vitis vinifera,Plantae,boisson,vin/cidre,vin,Vitis vinifera,fruit fermenté,boisson alcoolisée,intermediate,fermented,liquid,true,,,,,true,11-13%,,FOODON:0330249,,,,,,,,FOODON|MAESTRO_INTERNAL,0.85,curated,
ING-BEV-VINJAUNE-000001,Vin jaune,Vin jaune,vin jaune,vin jaune,Vitis vinifera,Plantae,boisson,vin/cidre,vin,Vitis vinifera,fruit fermenté,boisson alcoolisée,intermediate,fermented,liquid,true,,,,,true,13-15%,,FOODON:0330249,,,,,,,,FOODON|MAESTRO_INTERNAL,0.85,curated,
ING-BEV-VINDOUXNATUR-000001,Vin doux naturel,Vin doux naturel,vin doux naturel,vin doux naturel,Vitis vinifera,Plantae,boisson,vin/cidre,vin,Vitis vinifera,fruit fermenté,boisson alcoolisée,intermediate,fermented,liquid,true,,,,,true,15-18%,,FOODON:0330249,,,,,,,,FOODON|MAESTRO_INTERNAL,0.85,curated,
ING-BEV-PORTO-000001,Porto,Port wine,porto,port wine,Vitis vinifera,Plantae,boisson,vin/cidre,vin,Vitis vinifera,fruit fermenté,boisson alcoolisée,intermediate,fermented,liquid,true,,,,,true,19-22%,,FOODON:0330249,,,,,,,,FOODON|MAESTRO_INTERNAL,0.85,curated,
ING-BEV-XRSSHERRY-000001,Xérès (Sherry),Sherry,xérès (sherry),sherry,Vitis vinifera,Plantae,boisson,vin/cidre,vin,Vitis vinifera,fruit fermenté,boisson alcoolisée,intermediate,fermented,liquid,true,,,,,true,15-22%,,FOODON:0330249,,,,,,,,FOODON|MAESTRO_INTERNAL,0.85,curated,
ING-BEV-MADRE-000001,Madère,Madeira,madère,madeira,Vitis vinifera,Plantae,boisson,vin/cidre,vin,Vitis vinifera,fruit fermenté,boisson alcoolisée,intermediate,fermented,liquid,true,,,,,true,17-22%,,FOODON:0330249,,,,,,,,FOODON|MAESTRO_INTERNAL,0.85,curated,
ING-BEV-CHAMPAGNEBRU-000001,Champagne brut,Brut champagne,champagne brut,brut champagne,Vitis vinifera,Plantae,boisson,vin/cidre,vin,Vitis vinifera,fruit fermenté,boisson alcoolisée,intermediate,fermented,liquid,true,,,,,true,12%,,FOODON:0330249,,,,,,,,FOODON|MAESTRO_INTERNAL,0.85,curated,
ING-BEV-CRMANT-000001,Crémant,Crémant,crémant,crémant,Vitis vinifera,Plantae,boisson,vin/cidre,vin,Vitis vinifera,fruit fermenté,boisson alcoolisée,intermediate,fermented,liquid,true,,,,,true,12%,,FOODON:0330249,,,,,,,,FOODON|MAESTRO_INTERNAL,0.85,curated,
ING-BEV-CIDREBRUT-000001,Cidre brut,Dry cider,cidre brut,dry cider,Malus domestica,Plantae,boisson,vin/cidre,cidre,Malus domestica,fruit fermenté,boisson alcoolisée,intermediate,fermented,liquid,true,,,,,true,4-7%,,FOODON:0330249,,,,,,,,FOODON|MAESTRO_INTERNAL,0.85,curated,
ING-BEV-CIDREDOUX-000001,Cidre doux,Sweet cider,cidre doux,sweet cider,Malus domestica,Plantae,boisson,vin/cidre,cidre,Malus domestica,fruit fermenté,boisson alcoolisée,intermediate,fermented,liquid,true,,,,,true,2-4%,,FOODON:0330249,,,,,,,,FOODON|MAESTRO_INTERNAL,0.85,curated,
ING-BEV-EAUDEVIEDEVI-000001,Eau-de-vie de vin (Cognac),Cognac,eau-de-vie de vin (cognac),cognac,Vitis vinifera,Plantae,boisson,spiritueux/liqueur,spiritueux,Vitis vinifera,,spiritueux,intermediate,distilled,liquid,,,,,,true,40%,,FOODON:0330250,,,,,,,,FOODON|MAESTRO_INTERNAL,0.85,curated,
ING-BEV-WHISKY-000001,Whisky,Whisky,whisky,whisky,Cereals,Plantae,boisson,spiritueux/liqueur,spiritueux,Cereals,,spiritueux,intermediate,distilled,liquid,,,,,,true,40-60%,,FOODON:0330250,,,,,,,,FOODON|MAESTRO_INTERNAL,0.85,curated,
ING-BEV-RHUMBLANC-000001,Rhum blanc,White rum,rhum blanc,white rum,Saccharum officinarum,Plantae,boisson,spiritueux/liqueur,spiritueux,Saccharum officinarum,,spiritueux,intermediate,distilled,liquid,,,,,,true,40-60%,,FOODON:0330250,,,,,,,,FOODON|MAESTRO_INTERNAL,0.85,curated,
ING-BEV-RHUMAMBR-000001,Rhum ambré,Aged rum,rhum ambré,aged rum,Saccharum officinarum,Plantae,boisson,spiritueux/liqueur,spiritueux,Saccharum officinarum,,spiritueux,intermediate,distilled,liquid,,,,,,true,40-60%,,FOODON:0330250,,,,,,,,FOODON|MAESTRO_INTERNAL,0.85,curated,
ING-BEV-VODKA-000001,Vodka,Vodka,vodka,vodka,Cereals/Pomme de terre,Plantae,boisson,spiritueux/liqueur,spiritueux,Cereals/Pomme de terre,,spiritueux,intermediate,distilled,liquid,,,,,,true,40%,,FOODON:0330250,,,,,,,,FOODON|MAESTRO_INTERNAL,0.85,curated,
ING-BEV-GIN-000001,Gin,Gin,gin,gin,Juniperus communis,Plantae,boisson,spiritueux/liqueur,spiritueux,Juniperus communis,,spiritueux,intermediate,distilled,liquid,,,,,,true,40-47%,,FOODON:0330250,,,,,,,,FOODON|MAESTRO_INTERNAL,0.85,curated,
ING-BEV-TEQUILABLANC-000001,Tequila blanco,Tequila blanco,tequila blanco,tequila blanco,Agave tequilana,Plantae,boisson,spiritueux/liqueur,spiritueux,Agave tequilana,,spiritueux,intermediate,distilled,liquid,,,,,,true,35-55%,,FOODON:0330250,,,,,,,,FOODON|MAESTRO_INTERNAL,0.85,curated,
ING-BEV-TEQUILAREPOS-000001,Tequila reposado,Tequila reposado,tequila reposado,tequila reposado,Agave tequilana,Plantae,boisson,spiritueux/liqueur,spiritueux,Agave tequilana,,spiritueux,intermediate,distilled,liquid,,,,,,true,35-55%,,FOODON:0330250,,,,,,,,FOODON|MAESTRO_INTERNAL,0.85,curated,
ING-BEV-MEZCAL-000001,Mezcal,Mezcal,mezcal,mezcal,Agave,Plantae,boisson,spiritueux/liqueur,spiritueux,Agave,,spiritueux,intermediate,distilled,liquid,,,,,,true,38-55%,,FOODON:0330250,,,,,,,,FOODON|MAESTRO_INTERNAL,0.85,curated,
ING-BEV-PASTIS-000001,Pastis,Pastis,pastis,pastis,Pimpinella anisum,Plantae,boisson,spiritueux/liqueur,spiritueux,Pimpinella anisum,,spiritueux,intermediate,distilled,liquid,,,,,,true,40-45%,,FOODON:0330250,,,,,,,,FOODON|MAESTRO_INTERNAL,0.85,curated,
ING-BEV-ABSINTHE-000001,Absinthe,Absinthe,absinthe,absinthe,Artemisia absinthium,Plantae,boisson,spiritueux/liqueur,spiritueux,Artemisia absinthium,,spiritueux,intermediate,distilled,liquid,,,,,,true,45-74%,,FOODON:0330250,,,,,,,,FOODON|MAESTRO_INTERNAL,0.85,curated,
ING-BEV-ARMAGNAC-000001,Armagnac,Armagnac,armagnac,armagnac,Vitis vinifera,Plantae,boisson,spiritueux/liqueur,spiritueux,Vitis vinifera,,spiritueux,intermediate,distilled,liquid,,,,,,true,40-60%,,FOODON:0330250,,,,,,,,FOODON|MAESTRO_INTERNAL,0.85,curated,
ING-BEV-CALVADOS-000001,Calvados,Calvados,calvados,calvados,Malus domestica,Plantae,boisson,spiritueux/liqueur,spiritueux,Malus domestica,,spiritueux,intermediate,distilled,liquid,,,,,,true,40-42%,,FOODON:0330250,,,,,,,,FOODON|MAESTRO_INTERNAL,0.85,curated,
ING-BEV-KIRSCH-000001,Kirsch,Kirsch,kirsch,kirsch,Prunus avium,Plantae,boisson,spiritueux/liqueur,spiritueux,Prunus avium,,spiritueux,intermediate,distilled,liquid,,,,,,true,40-50%,,FOODON:0330250,,,,,,,,FOODON|MAESTRO_INTERNAL,0.85,curated,
ING-BEV-LIQUEURDECAF-000001,Liqueur de café,Coffee liqueur,liqueur de café,coffee liqueur,Coffea,Plantae,boisson,spiritueux/liqueur,spiritueux,Coffea,,spiritueux,intermediate,distilled,liquid,,,,,,true,20-25%,,FOODON:0330250,,,,,,,,FOODON|MAESTRO_INTERNAL,0.85,curated,
ING-BEV-TRIPLESEC-000001,Triple sec,Triple sec,triple sec,triple sec,Citrus,Plantae,boisson,spiritueux/liqueur,spiritueux,Citrus,,spiritueux,intermediate,distilled,liquid,,,,,,true,30-40%,,FOODON:0330250,,,,,,,,FOODON|MAESTRO_INTERNAL,0.85,curated,
ING-BEV-VERMOUTHROUG-000001,Vermouth rouge,Red vermouth,vermouth rouge,red vermouth,Vitis vinifera,Plantae,boisson,spiritueux/liqueur,spiritueux,Vitis vinifera,,spiritueux,intermediate,distilled,liquid,,,,,,true,14-22%,,FOODON:0330250,,,,,,,,FOODON|MAESTRO_INTERNAL,0.85,curated,
ING-BEV-VERMOUTHBLAN-000001,Vermouth blanc,White vermouth,vermouth blanc,white vermouth,Vitis vinifera,Plantae,boisson,spiritueux/liqueur,spiritueux,Vitis vinifera,,spiritueux,intermediate,distilled,liquid,,,,,,true,14-22%,,FOODON:0330250,,,,,,,,FOODON|MAESTRO_INTERNAL,0.85,curated,
ING-BEV-BIREBLONDELA-000001,Bière blonde (lager),Pale lager,bière blonde (lager),pale lager,Hordeum vulgare,Plantae,boisson,bière,bière,Hordeum vulgare,grain fermenté,bière,intermediate,fermented,liquid,true,,,,,true,4-5%,,FOODON:0330251,,,,,,gluten,,FOODON|MAESTRO_INTERNAL,0.85,curated,
ING-BEV-BIREAMBRE-000001,Bière ambrée,Amber ale,bière ambrée,amber ale,Hordeum vulgare,Plantae,boisson,bière,bière,Hordeum vulgare,grain fermenté,bière,intermediate,fermented,liquid,true,,,,,true,4.5-6%,,FOODON:0330251,,,,,,gluten,,FOODON|MAESTRO_INTERNAL,0.85,curated,
ING-BEV-BIREIPA-000001,Bière IPA,IPA,bière ipa,ipa,Hordeum vulgare,Plantae,boisson,bière,bière,Hordeum vulgare,grain fermenté,bière,intermediate,fermented,liquid,true,,,,,true,5.5-7.5%,,FOODON:0330251,,,,,,gluten,,FOODON|MAESTRO_INTERNAL,0.85,curated,
ING-BEV-BIRESTOUT-000001,Bière stout,Stout,bière stout,stout,Hordeum vulgare,Plantae,boisson,bière,bière,Hordeum vulgare,grain fermenté,bière,intermediate,fermented,liquid,true,,,,,true,4-8%,,FOODON:0330251,,,,,,gluten,,FOODON|MAESTRO_INTERNAL,0.85,curated,
ING-BEV-BIREDEBL-000001,Bière de blé,Wheat beer,bière de blé,wheat beer,Hordeum vulgare,Plantae,boisson,bière,bière,Hordeum vulgare,grain fermenté,bière,intermediate,fermented,liquid,true,,,,,true,4-5.5%,,FOODON:0330251,,,,,,gluten,,FOODON|MAESTRO_INTERNAL,0.85,curated,
ING-BEV-BIREPILS-000001,Bière pils,Pilsner,bière pils,pilsner,Hordeum vulgare,Plantae,boisson,bière,bière,Hordeum vulgare,grain fermenté,bière,intermediate,fermented,liquid,true,,,,,true,4-5%,,FOODON:0330251,,,,,,gluten,,FOODON|MAESTRO_INTERNAL,0.85,curated,
ING-BEV-BIRESANSALCO-000001,Bière sans alcool,Non-alcoholic beer,bière sans alcool,non-alcoholic beer,Hordeum vulgare,Plantae,boisson,bière,bière,Hordeum vulgare,grain fermenté,bière,intermediate,fermented,liquid,true,,,,,false,<0.5%,,FOODON:0330251,,,,,,gluten,,FOODON|MAESTRO_INTERNAL,0.85,curated,
ING-BEV-SOURBEER-000001,Sour beer,Sour beer,sour beer,sour beer,Hordeum vulgare,Plantae,boisson,bière,bière,Hordeum vulgare,grain fermenté,bière,intermediate,fermented,liquid,true,,,,,true,3-7%,,FOODON:0330251,,,,,,gluten,,FOODON|MAESTRO_INTERNAL,0.85,curated,
ING-BEV-JUSDORANGE-000001,Jus d'orange,Orange juice,jus d'orange,orange juice,Citrus sinensis,Plantae,boisson,soft/ingrédient cocktail,jus,Citrus sinensis,fruit/graine,jus,intermediate,pressed,liquid,,,,,,,,,FOODON:0331117,,,,,,peanuts,,FOODON|MAESTRO_INTERNAL,0.85,curated,
ING-BEV-JUSDECITRON-000001,Jus de citron,Lemon juice,jus de citron,lemon juice,Citrus limon,Plantae,boisson,soft/ingrédient cocktail,jus,Citrus limon,fruit/graine,jus,intermediate,pressed,liquid,,,,,,,,,FOODON:0331117,,,,,,peanuts,,FOODON|MAESTRO_INTERNAL,0.85,curated,
ING-BEV-JUSDANANAS-000001,Jus d'ananas,Pineapple juice,jus d'ananas,pineapple juice,Ananas comosus,Plantae,boisson,soft/ingrédient cocktail,jus,Ananas comosus,fruit/graine,jus,intermediate,pressed,liquid,,,,,,,,,FOODON:0331117,,,,,,peanuts,,FOODON|MAESTRO_INTERNAL,0.85,curated,
ING-BEV-JUSDECRANBER-000001,Jus de cranberry,Cranberry juice,jus de cranberry,cranberry juice,Vaccinium macrocarpon,Plantae,boisson,soft/ingrédient cocktail,jus,Vaccinium macrocarpon,fruit/graine,jus,intermediate,pressed,liquid,,,,,,,,,FOODON:0331117,,,,,,peanuts,,FOODON|MAESTRO_INTERNAL,0.85,curated,
ING-BEV-JUSDETOMATE-000001,Jus de tomate,Tomato juice,jus de tomate,tomato juice,Solanum lycopersicum,Plantae,boisson,soft/ingrédient cocktail,jus,Solanum lycopersicum,fruit/graine,jus,intermediate,pressed,liquid,,,,,,,,,FOODON:0331117,,,,,,peanuts,,FOODON|MAESTRO_INTERNAL,0.85,curated,
ING-BEV-JUSDEPOMME-000001,Jus de pomme,Apple juice,jus de pomme,apple juice,Malus domestica,Plantae,boisson,soft/ingrédient cocktail,jus,Malus domestica,fruit/graine,jus,intermediate,pressed,liquid,,,,,,,,,FOODON:0331117,,,,,,peanuts,,FOODON|MAESTRO_INTERNAL,0.85,curated,
ING-BEV-JUSDERAISIN-000001,Jus de raisin,Grape juice,jus de raisin,grape juice,Vitis vinifera,Plantae,boisson,soft/ingrédient cocktail,jus,Vitis vinifera,fruit/graine,jus,intermediate,pressed,liquid,,,,,,,,,FOODON:0331117,,,,,,peanuts,,FOODON|MAESTRO_INTERNAL,0.85,curated,
ING-BEV-SIROPDESUCRE-000001,Sirop de sucre (sirop simple),Simple syrup,sirop de sucre (sirop simple),simple syrup,Saccharum officinarum,Plantae,boisson,soft/ingrédient cocktail,sirop,Saccharum officinarum,fruit/graine,soft,intermediate,processed,liquid,,,,,,,,,FOODON:0331117,,,,,,peanuts,,FOODON|MAESTRO_INTERNAL,0.85,curated,
ING-BEV-LAITDECOCO-000001,Lait de coco,Coconut milk,lait de coco,coconut milk,Cocos nucifera,Plantae,boisson,soft/ingrédient cocktail,soft,Cocos nucifera,fruit/graine,soft,intermediate,processed,liquid,,,,,,,,,FOODON:0331117,,,,,,peanuts,,FOODON|MAESTRO_INTERNAL,0.85,curated,
ING-BEV-BOISSONDESOJ-000001,Boisson de soja,Soy drink,boisson de soja,soy drink,Glycine max,Plantae,boisson,soft/ingrédient cocktail,boisson végétale,Glycine max,fruit/graine,soft,intermediate,processed,liquid,,,,,,,,,FOODON:0331117,,,,,,peanuts,,FOODON|MAESTRO_INTERNAL,0.85,curated,
ING-BEV-BOISSONDAVOI-000001,Boisson d'avoine,Oat drink,boisson d'avoine,oat drink,Avena sativa,Plantae,boisson,soft/ingrédient cocktail,boisson végétale,Avena sativa,fruit/graine,soft,intermediate,processed,liquid,,,,,,,,,FOODON:0331117,,,,,,peanuts,,FOODON|MAESTRO_INTERNAL,0.85,curated,
ING-BEV-BOISSONDAMAN-000001,Boisson d'amande,Almond drink,boisson d'amande,almond drink,Prunus dulcis,Plantae,boisson,soft/ingrédient cocktail,boisson végétale,Prunus dulcis,fruit/graine,soft,intermediate,processed,liquid,,,,,,,,,FOODON:0331117,,,,,,,,FOODON|MAESTRO_INTERNAL,0.85,curated,
ING-BEV-BOISSONDERIZ-000001,Boisson de riz,Rice drink,boisson de riz,rice drink,Oryza sativa,Plantae,boisson,soft/ingrédient cocktail,boisson végétale,Oryza sativa,fruit/graine,soft,intermediate,processed,liquid,,,,,,,,,FOODON:0331117,,,,,,peanuts,,FOODON|MAESTRO_INTERNAL,0.85,curated,
ING-BEV-KOMBUCHA-000001,Kombucha,Kombucha,kombucha,kombucha,Thé/Sucre,Plantae,boisson,soft/ingrédient cocktail,soft,Thé/Sucre,fruit/graine,soft,intermediate,processed,liquid,,,,,,,,,FOODON:0331117,,,,,,peanuts,,FOODON|MAESTRO_INTERNAL,0.85,curated,
ING-BEV-TONICWATER-000001,Tonic water,Tonic water,tonic water,tonic water,Quinine,Plantae,boisson,soft/ingrédient cocktail,soft,Quinine,fruit/graine,soft,intermediate,processed,liquid,,,,,,,,,FOODON:0331117,,,,,,peanuts,,FOODON|MAESTRO_INTERNAL,0.85,curated,
ING-BEV-COLAGNRIQUE-000001,Cola (générique),Cola (generic),cola (générique),cola (generic),Noix de kola,Plantae,boisson,soft/ingrédient cocktail,soft,Noix de kola,fruit/graine,soft,intermediate,processed,liquid,,,,,,,,,FOODON:0331117,,,,,,peanuts,,FOODON|MAESTRO_INTERNAL,0.85,curated,
ING-COND-SAUCESOJA-000001,Sauce soja,Soy sauce,sauce soja,soy sauce,Glycine max,(multi),condiment,sauce fermentée,sauce fermentée,Glycine max,,sauce,intermediate,fermented,liquid,false,,,,,,,,FOODON:0330290,,,,,,,,FOODON|MAESTRO_INTERNAL,0.85,curated,
ING-COND-SAUCETAMARI-000001,Sauce tamari,Tamari,sauce tamari,tamari,Glycine max,(multi),condiment,sauce fermentée,sauce fermentée,Glycine max,,sauce,intermediate,fermented,liquid,false,,,,,,,,FOODON:0330290,,,,,,,,FOODON|MAESTRO_INTERNAL,0.85,curated,
ING-COND-SHOYU-000001,Shoyu,Shoyu,shoyu,shoyu,Glycine max,(multi),condiment,sauce fermentée,sauce fermentée,Glycine max,,sauce,intermediate,fermented,liquid,false,,,,,,,,FOODON:0330290,,,,,,,,FOODON|MAESTRO_INTERNAL,0.85,curated,
ING-COND-MISOBLANC-000001,Miso blanc,White miso,miso blanc,white miso,Glycine max,(multi),condiment,sauce fermentée,sauce fermentée,Glycine max,,sauce,intermediate,fermented,liquid,true,,,,,,,,FOODON:0330290,,,,,,,,FOODON|MAESTRO_INTERNAL,0.85,curated,
ING-COND-MISOROUGE-000001,Miso rouge,Red miso,miso rouge,red miso,Glycine max,(multi),condiment,sauce fermentée,sauce fermentée,Glycine max,,sauce,intermediate,fermented,liquid,true,,,,,,,,FOODON:0330290,,,,,,,,FOODON|MAESTRO_INTERNAL,0.85,curated,
ING-COND-MISOJAUNE-000001,Miso jaune,Yellow miso,miso jaune,yellow miso,Glycine max,(multi),condiment,sauce fermentée,sauce fermentée,Glycine max,,sauce,intermediate,fermented,liquid,true,,,,,,,,FOODON:0330290,,,,,,,,FOODON|MAESTRO_INTERNAL,0.85,curated,
ING-COND-NATTO-000001,Natto,Natto,natto,natto,Glycine max,(multi),condiment,sauce fermentée,sauce fermentée,Glycine max,,sauce,intermediate,fermented,liquid,true,,,,,,,,FOODON:0330290,,,,,,,,FOODON|MAESTRO_INTERNAL,0.85,curated,
ING-COND-TEMPEH-000001,Tempeh,Tempeh,tempeh,tempeh,Glycine max,(multi),condiment,sauce fermentée,sauce fermentée,Glycine max,,sauce,intermediate,fermented,liquid,true,,,,,,,,FOODON:0330290,,,,,,,,FOODON|MAESTRO_INTERNAL,0.85,curated,
ING-COND-SAUCENUOCMM-000001,Sauce nuoc-mâm,Fish sauce,sauce nuoc-mâm,fish sauce,Engraulis,(multi),condiment,sauce fermentée,sauce fermentée,Engraulis,,sauce,intermediate,fermented,liquid,false,,,,,,,,FOODON:0330290,,,,,,,,FOODON|MAESTRO_INTERNAL,0.85,curated,
ING-COND-SAUCEDEPOISS-000001,Sauce de poisson (Viet),Vietnamese fish sauce,sauce de poisson (viet),vietnamese fish sauce,Engraulis,(multi),condiment,sauce fermentée,sauce fermentée,Engraulis,,sauce,intermediate,fermented,liquid,false,,,,,,,,FOODON:0330290,,,,,,,,FOODON|MAESTRO_INTERNAL,0.85,curated,
ING-COND-SAUCEDHUTRE-000001,Sauce d'huître,Oyster sauce,sauce d'huître,oyster sauce,Crassostrea,(multi),condiment,sauce fermentée,sauce fermentée,Crassostrea,,sauce,intermediate,fermented,liquid,false,,,,,,,,FOODON:0330290,,,,,,,,FOODON|MAESTRO_INTERNAL,0.85,curated,
ING-COND-SAUCEHOISIN-000001,Sauce hoisin,Hoisin sauce,sauce hoisin,hoisin sauce,Glycine max,(multi),condiment,sauce fermentée,sauce fermentée,Glycine max,,sauce,intermediate,fermented,liquid,false,,,,,,,,FOODON:0330290,,,,,,,,FOODON|MAESTRO_INTERNAL,0.85,curated,
ING-COND-SAUCETERIYAK-000001,Sauce teriyaki,Teriyaki sauce,sauce teriyaki,teriyaki sauce,Glycine max,(multi),condiment,sauce fermentée,sauce fermentée,Glycine max,,sauce,intermediate,fermented,liquid,false,,,,,,,,FOODON:0330290,,,,,,,,FOODON|MAESTRO_INTERNAL,0.85,curated,
ING-COND-SAUCESRIRACH-000001,Sauce sriracha,Sriracha sauce,sauce sriracha,sriracha sauce,Capsicum,(multi),condiment,sauce fermentée,sauce fermentée,Capsicum,,sauce,intermediate,fermented,liquid,false,,,,,,,,FOODON:0330290,,,,,,,,FOODON|MAESTRO_INTERNAL,0.85,curated,
ING-COND-SAUCEHARISSA-000001,Sauce harissa,Harissa,sauce harissa,harissa,Capsicum,(multi),condiment,sauce fermentée,sauce fermentée,Capsicum,,sauce,intermediate,fermented,liquid,false,,,,,,,,FOODON:0330290,,,,,,,,FOODON|MAESTRO_INTERNAL,0.85,curated,
ING-COND-SRIRACHA-000001,Sriracha,Sriracha,sriracha,sriracha,Capsicum,(multi),condiment,sauce fermentée,sauce fermentée,Capsicum,,sauce,intermediate,fermented,liquid,false,,,,,,,,FOODON:0330290,,,,,,,,FOODON|MAESTRO_INTERNAL,0.85,curated,
ING-COND-HARISSA-000001,Harissa,Harissa,harissa,harissa,Capsicum,(multi),condiment,sauce fermentée,sauce fermentée,Capsicum,,sauce,intermediate,fermented,liquid,false,,,,,,,,FOODON:0330290,,,,,,,,FOODON|MAESTRO_INTERNAL,0.85,curated,
ING-COND-SAUCEGOCHUJA-000001,Sauce gochujang,Gochujang,sauce gochujang,gochujang,Capsicum,(multi),condiment,sauce fermentée,sauce fermentée,Capsicum,,sauce,intermediate,fermented,liquid,false,,,,,,,,FOODON:0330290,,,,,,,,FOODON|MAESTRO_INTERNAL,0.85,curated,
ING-COND-SAUCEKIMCHI-000001,Sauce kimchi,Kimchi sauce,sauce kimchi,kimchi sauce,Brassica,(multi),condiment,sauce fermentée,sauce fermentée,Brassica,,sauce,intermediate,fermented,liquid,true,,,,,,,,FOODON:0330290,,,,,,,,FOODON|MAESTRO_INTERNAL,0.85,curated,
ING-COND-PTEDECURRYRO-000001,Pâte de curry rouge,Red curry paste,pâte de curry rouge,red curry paste,Capsicum,(multi),condiment,sauce fermentée,sauce fermentée,Capsicum,,sauce,intermediate,fermented,liquid,false,,,,,,,,FOODON:0330290,,,,,,,,FOODON|MAESTRO_INTERNAL,0.85,curated,
ING-COND-PTEDECURRYVE-000001,Pâte de curry vert,Green curry paste,pâte de curry vert,green curry paste,Capsicum,(multi),condiment,sauce fermentée,sauce fermentée,Capsicum,,sauce,intermediate,fermented,liquid,false,,,,,,,,FOODON:0330290,,,,,,,,FOODON|MAESTRO_INTERNAL,0.85,curated,
ING-COND-TOMYUMPTE-000001,Tom yum (pâte),Tom yum paste,tom yum (pâte),tom yum paste,Cymbopogon,(multi),condiment,sauce fermentée,sauce fermentée,Cymbopogon,,sauce,intermediate,fermented,liquid,false,,,,,,,,FOODON:0330290,,,,,,,,FOODON|MAESTRO_INTERNAL,0.85,curated,
ING-COND-TOMKHAPTE-000001,Tom kha (pâte),Tom kha paste,tom kha (pâte),tom kha paste,Cocos nucifera,(multi),condiment,sauce fermentée,sauce fermentée,Cocos nucifera,,sauce,intermediate,fermented,liquid,false,,,,,,,,FOODON:0330290,,,,,,,,FOODON|MAESTRO_INTERNAL,0.85,curated,
ING-COND-DASHI-000001,Dashi,Dashi,dashi,dashi,Bonito/Kombu,(multi),condiment,sauce fermentée,sauce fermentée,Bonito/Kombu,,sauce,intermediate,fermented,liquid,true,,,,,,,,FOODON:0330290,,,,,,,,FOODON|MAESTRO_INTERNAL,0.85,curated,
ING-COND-MIRIN-000001,Mirin,Mirin,mirin,mirin,Oryza sativa,(multi),condiment,sauce fermentée,sauce fermentée,Oryza sativa,,sauce,intermediate,fermented,liquid,false,,,,,,,,FOODON:0330290,,,,,,,,FOODON|MAESTRO_INTERNAL,0.85,curated,
ING-COND-SAKEDECUISIN-000001,Sake de cuisine,Cooking sake,sake de cuisine,cooking sake,Oryza sativa,(multi),condiment,sauce fermentée,sauce fermentée,Oryza sativa,,sauce,intermediate,fermented,liquid,false,,,,,,,,FOODON:0330290,,,,,,,,FOODON|MAESTRO_INTERNAL,0.85,curated,
ING-COND-VINAIGRETTEG-000001,Vinaigrette générique,Generic vinaigrette,vinaigrette générique,generic vinaigrette,Vinaigre/Huile,(multi),condiment,sauce fermentée,sauce fermentée,Vinaigre/Huile,,sauce,intermediate,fermented,liquid,false,,,,,,,,FOODON:0330290,,,,,,,,FOODON|MAESTRO_INTERNAL,0.85,curated,
ING-COND-KETCHUP-000001,Ketchup,Ketchup,ketchup,ketchup,Solanum lycopersicum,(multi),condiment,sauce,sauce,Solanum lycopersicum,,sauce,intermediate,cooked,liquid,,,,,,,,,FOODON:0330290,,,,,,,,FOODON|MAESTRO_INTERNAL,0.85,curated,
ING-COND-MOUTARDEDEDI-000001,Moutarde de Dijon,Dijon mustard,moutarde de dijon,dijon mustard,Sinapis,(multi),condiment,sauce,sauce,Sinapis,,sauce,intermediate,cooked,liquid,,,,,,,,,FOODON:0330290,,,,,,mustard,,FOODON|MAESTRO_INTERNAL,0.85,curated,
ING-COND-MOUTARDELANC-000001,Moutarde à l'ancienne,Whole-grain mustard,moutarde à l'ancienne,whole-grain mustard,Sinapis,(multi),condiment,sauce,sauce,Sinapis,,sauce,intermediate,cooked,liquid,,,,,,,,,FOODON:0330290,,,,,,mustard,,FOODON|MAESTRO_INTERNAL,0.85,curated,
ING-COND-MOUTARDEDEME-000001,Moutarde de Meaux,Meaux mustard,moutarde de meaux,meaux mustard,Sinapis,(multi),condiment,sauce,sauce,Sinapis,,sauce,intermediate,cooked,liquid,,,,,,,,,FOODON:0330290,,,,,,mustard,,FOODON|MAESTRO_INTERNAL,0.85,curated,
ING-COND-MAYONNAISE-000001,Mayonnaise,Mayonnaise,mayonnaise,mayonnaise,Œuf/Huile,(multi),condiment,sauce,sauce,Œuf/Huile,,sauce,intermediate,emulsified,emulsion,,,,,,,,,FOODON:0330290,,,,,,eggs,,FOODON|MAESTRO_INTERNAL,0.85,curated,
ING-COND-SAUCEBARNAIS-000001,Sauce béarnaise,Béarnaise sauce,sauce béarnaise,béarnaise sauce,Œuf/Beurre,(multi),condiment,sauce,sauce,Œuf/Beurre,,sauce,intermediate,emulsified,emulsion,,,,,,,,,FOODON:0330290,,,,,,,,FOODON|MAESTRO_INTERNAL,0.85,curated,
ING-COND-SAUCEHOLLAND-000001,Sauce hollandaise,Hollandaise sauce,sauce hollandaise,hollandaise sauce,Œuf/Beurre,(multi),condiment,sauce,sauce,Œuf/Beurre,,sauce,intermediate,emulsified,emulsion,,,,,,,,,FOODON:0330290,,,,,,,,FOODON|MAESTRO_INTERNAL,0.85,curated,
ING-COND-SAUCEBCHAMEL-000001,Sauce béchamel,Béchamel sauce,sauce béchamel,béchamel sauce,Lait/Beurre/Farine,(multi),condiment,sauce,sauce,Lait/Beurre/Farine,,sauce,intermediate,cooked,liquid,,,,,,,,,FOODON:0330290,,,,,,,,FOODON|MAESTRO_INTERNAL,0.85,curated,
ING-COND-SAUCEVELOUT-000001,Sauce velouté,Velouté sauce,sauce velouté,velouté sauce,Bouillon/Roux,(multi),condiment,sauce,sauce,Bouillon/Roux,,sauce,intermediate,cooked,liquid,,,,,,,,,FOODON:0330290,,,,,,,,FOODON|MAESTRO_INTERNAL,0.85,curated,
ING-COND-SAUCEESPAGNO-000001,Sauce espagnole,Espagnole sauce,sauce espagnole,espagnole sauce,Fond/Roux,(multi),condiment,sauce,sauce,Fond/Roux,,sauce,intermediate,cooked,liquid,,,,,,,,,FOODON:0330290,,,,,,,,FOODON|MAESTRO_INTERNAL,0.85,curated,
ING-COND-SAUCETOMATEC-000001,Sauce tomate (cuisinée),Tomato sauce (cooked),sauce tomate (cuisinée),tomato sauce (cooked),Solanum lycopersicum,(multi),condiment,sauce,sauce,Solanum lycopersicum,,sauce,intermediate,cooked,liquid,,,,,,,,,FOODON:0330290,,,,,,,,FOODON|MAESTRO_INTERNAL,0.85,curated,
ING-COND-SAUCEBARBECU-000001,Sauce barbecue,Barbecue sauce,sauce barbecue,barbecue sauce,Solanum lycopersicum,(multi),condiment,sauce,sauce,Solanum lycopersicum,,sauce,intermediate,cooked,liquid,,,,,,,,,FOODON:0330290,,,,,,,,FOODON|MAESTRO_INTERNAL,0.85,curated,
ING-FERMENT-CORNICHONAIG-000001,Cornichon aigre-doux,Sweet-and-sour pickle,cornichon aigre-doux,sweet-and-sour pickle,Cucumis sativus,(multi),ferment,pickle/levain,saumure,Cucumis sativus,,pickle,intermediate,fermented,whole,true,,,,,,,,FOODON:0330290,,,,,,,,FOODON|MAESTRO_INTERNAL,0.85,curated,
ING-FERMENT-PICKLEDECHOU-000001,Pickle de chou,Sauerkraut,pickle de chou,sauerkraut,Brassica oleracea,(multi),ferment,pickle/levain,saumure,Brassica oleracea,,pickle,intermediate,fermented,dough,true,,,,,,,,FOODON:0330290,,,,,,,,FOODON|MAESTRO_INTERNAL,0.85,curated,
ING-FERMENT-OLIVENOIREEN-000001,Olive noire en saumure,Brined black olive,olive noire en saumure,brined black olive,Olea europaea,(multi),ferment,pickle/levain,saumure,Olea europaea,,pickle,intermediate,fermented,whole,true,,,,,,,,FOODON:0330290,,,,,,,,FOODON|MAESTRO_INTERNAL,0.85,curated,
ING-FERMENT-OLIVEVERTEEN-000001,Olive verte en saumure,Brined green olive,olive verte en saumure,brined green olive,Olea europaea,(multi),ferment,pickle/levain,saumure,Olea europaea,,pickle,intermediate,fermented,whole,true,,,,,,,,FOODON:0330290,,,,,,,,FOODON|MAESTRO_INTERNAL,0.85,curated,
ING-FERMENT-CAPRE-000001,Capre,Caper,capre,caper,Capparis spinosa,(multi),ferment,pickle/levain,levain,Capparis spinosa,,levain,intermediate,fermented,whole,true,,,,,,,,FOODON:0330290,,,,,,,,FOODON|MAESTRO_INTERNAL,0.85,curated,
ING-FERMENT-LEVAINDESEIG-000001,Levain de seigle,Rye sourdough,levain de seigle,rye sourdough,Secale cereale,(multi),ferment,pickle/levain,levain,Secale cereale,,levain,intermediate,fermented,dough,true,,,,,,,,FOODON:0330290,,,,,,,,FOODON|MAESTRO_INTERNAL,0.85,curated,
ING-FERMENT-LEVAINDEBL-000001,Levain de blé,Wheat sourdough,levain de blé,wheat sourdough,Triticum aestivum,(multi),ferment,pickle/levain,levain,Triticum aestivum,,levain,intermediate,fermented,dough,true,,,,,,,,FOODON:0330290,,,,,,,,FOODON|MAESTRO_INTERNAL,0.85,curated,
ING-TECH-BOUILLONDEVO-000001,Bouillon de volaille,Chicken stock,bouillon de volaille,chicken stock,Gallus gallus,(multi),sous-produit culinaire,bouillon/fond,bouillon,Gallus gallus,,bouillon,intermediate,cooked,liquid,,,,,,,,,FOODON:0330290,,,,,,,,FOODON|MAESTRO_INTERNAL,0.85,curated,
ING-TECH-BOUILLONDEBU-000001,Bouillon de bœuf,Beef stock,bouillon de bœuf,beef stock,Bos taurus,(multi),sous-produit culinaire,bouillon/fond,bouillon,Bos taurus,,bouillon,intermediate,cooked,liquid,,,,,,,,,FOODON:0330290,,,,,,,,FOODON|MAESTRO_INTERNAL,0.85,curated,
ING-TECH-BOUILLONDELG-000001,Bouillon de légumes,Vegetable stock,bouillon de légumes,vegetable stock,Vegetables,(multi),sous-produit culinaire,bouillon/fond,bouillon,Vegetables,,bouillon,intermediate,cooked,liquid,,,,,,,,,FOODON:0330290,,,,,,,,FOODON|MAESTRO_INTERNAL,0.85,curated,
ING-TECH-BOUILLONDEPO-000001,Bouillon de poisson (fume),Fish fumet,bouillon de poisson (fume),fish fumet,Poisson,(multi),sous-produit culinaire,bouillon/fond,bouillon,Poisson,,bouillon,intermediate,cooked,liquid,,,,,,,,,FOODON:0330290,,,,,,,,FOODON|MAESTRO_INTERNAL,0.85,curated,
ING-TECH-FONDBRUNDEVE-000001,Fond brun de veau,Veal brown stock,fond brun de veau,veal brown stock,Bos taurus,(multi),sous-produit culinaire,bouillon/fond,bouillon,Bos taurus,,bouillon,intermediate,cooked,liquid,,,,,,,,,FOODON:0330290,,,,,,,,FOODON|MAESTRO_INTERNAL,0.85,curated,
ING-TECH-FONDBLANCDEV-000001,Fond blanc de volaille,Chicken white stock,fond blanc de volaille,chicken white stock,Gallus gallus,(multi),sous-produit culinaire,bouillon/fond,bouillon,Gallus gallus,,bouillon,intermediate,cooked,liquid,,,,,,,,,FOODON:0330290,,,,,,,,FOODON|MAESTRO_INTERNAL,0.85,curated,
ING-TECH-BOUILLONDASH-000001,Bouillon dashi,Dashi,bouillon dashi,dashi,Bonito/Kombu,(multi),sous-produit culinaire,bouillon/fond,bouillon,Bonito/Kombu,,bouillon,intermediate,cooked,liquid,,,,,,,,,FOODON:0330290,,,,,,,,FOODON|MAESTRO_INTERNAL,0.85,curated,
ING-TECH-BOUILLONMISO-000001,Bouillon miso,Miso broth,bouillon miso,miso broth,Glycine max,(multi),sous-produit culinaire,bouillon/fond,bouillon,Glycine max,,bouillon,intermediate,cooked,liquid,,,,,,,,,FOODON:0330290,,,,,,,,FOODON|MAESTRO_INTERNAL,0.85,curated,
ING-TECH-CONSOMM-000001,Consommé,Consommé,consommé,consommé,Viande,(multi),sous-produit culinaire,bouillon/fond,bouillon,Viande,,bouillon,intermediate,cooked,liquid,,,,,,,,,FOODON:0330290,,,,,,,,FOODON|MAESTRO_INTERNAL,0.85,curated,
ING-TECH-SAUMURE5SEL-000001,Saumure 5% sel,5% salt brine,saumure 5% sel,5% salt brine,NaCl,(multi),ingrédient technique,auxiliaire,auxiliaire,NaCl,,auxiliaire,intermediate,processed,liquid,,,,,,,,,FOODON:0330298,,,,,,,,FOODON|MAESTRO_INTERNAL,0.85,curated,
ING-TECH-SAUMURE10SEL-000001,Saumure 10% sel,10% salt brine,saumure 10% sel,10% salt brine,NaCl,(multi),ingrédient technique,auxiliaire,auxiliaire,NaCl,,auxiliaire,intermediate,processed,liquid,,,,,,,,,FOODON:0330298,,,,,,,,FOODON|MAESTRO_INTERNAL,0.85,curated,
ING-TECH-LACTOSRUMPET-000001,Lactosérum (petit-lait),Whey,lactosérum (petit-lait),whey,Bos taurus,(multi),ingrédient technique,auxiliaire,auxiliaire,Bos taurus,,auxiliaire,intermediate,processed,liquid,,,,,,,,,FOODON:0330298,,,,,,,,FOODON|MAESTRO_INTERNAL,0.85,curated,
ING-TECH-GLATINEENPOU-000001,Gélatine en poudre,Gelatin powder,gélatine en poudre,gelatin powder,Sus scrofa/Bos taurus,(multi),ingrédient technique,auxiliaire,auxiliaire,Sus scrofa/Bos taurus,,auxiliaire,intermediate,processed,powder,,,,,,,,,FOODON:0330298,,,,,,,,FOODON|MAESTRO_INTERNAL,0.85,curated,
ING-TECH-AMIDONMODIFI-000001,Amidon modifié E1422,Modified starch E1422,amidon modifié e1422,modified starch e1422,Zea mays,(multi),ingrédient technique,auxiliaire,auxiliaire,Zea mays,,auxiliaire,intermediate,processed,powder,,,,,,,,,FOODON:0330298,,,,,,,,FOODON|MAESTRO_INTERNAL,0.85,curated,
ING-TECH-SIROPDEMAS-000001,Sirop de maïs,Corn syrup,sirop de maïs,corn syrup,Zea mays,(multi),ingrédient technique,auxiliaire,auxiliaire,Zea mays,,auxiliaire,intermediate,processed,liquid,,,,,,,,,FOODON:0330298,,,,,,,,FOODON|MAESTRO_INTERNAL,0.85,curated,
ING-TECH-SIROPDEMASHA-000001,Sirop de maïs à haute teneur en fructose,High fructose corn syrup,sirop de maïs à haute teneur en fructose,high fructose corn syrup,Zea mays,(multi),ingrédient technique,auxiliaire,auxiliaire,Zea mays,,auxiliaire,intermediate,processed,liquid,,,,,,,,,FOODON:0330298,,,,,,,,FOODON|MAESTRO_INTERNAL,0.85,curated,
ING-MIX-PTEBRISE-000001,Pâte brisée,Shortcrust pastry,pâte brisée,shortcrust pastry,Farine/Beurre/Eau,(multi),préparation,pâte/sauce,pâte,Farine/Beurre/Eau,,préparation culinaire,intermediate,mixed,dough,,,,,,,,,FOODON:0330290,,,,,,,,FOODON|MAESTRO_INTERNAL,0.85,curated,
ING-MIX-PTEFEUILLETE-000001,Pâte feuilletée,Puff pastry,pâte feuilletée,puff pastry,Farine/Beurre/Eau,(multi),préparation,pâte/sauce,pâte,Farine/Beurre/Eau,,préparation culinaire,intermediate,mixed,dough,,,,,,,,,FOODON:0330290,,,,,,,,FOODON|MAESTRO_INTERNAL,0.85,curated,
ING-MIX-PTESABLE-000001,Pâte sablée,Sweet shortcrust,pâte sablée,sweet shortcrust,Farine/Beurre/Sucre,(multi),préparation,pâte/sauce,pâte,Farine/Beurre/Sucre,,préparation culinaire,intermediate,mixed,dough,,,,,,,,,FOODON:0330290,,,,,,,,FOODON|MAESTRO_INTERNAL,0.85,curated,
ING-MIX-PTECHOUX-000001,Pâte à choux,Choux pastry,pâte à choux,choux pastry,Farine/Beurre/Œufs,(multi),préparation,pâte/sauce,pâte,Farine/Beurre/Œufs,,préparation culinaire,intermediate,mixed,dough,,,,,,,,,FOODON:0330290,,,,,,,,FOODON|MAESTRO_INTERNAL,0.85,curated,
ING-MIX-PTELEVE-000001,Pâte levée,Brioche dough,pâte levée,brioche dough,Farine/Beurre/Œufs/Levure,(multi),préparation,pâte/sauce,pâte levée,Farine/Beurre/Œufs/Levure,,préparation culinaire,intermediate,mixed,dough,,,,,,,,,FOODON:0330290,,,,,,,,FOODON|MAESTRO_INTERNAL,0.85,curated,
ING-MIX-PTEPAIN-000001,Pâte à pain,Bread dough,pâte à pain,bread dough,Farine/Eau/Levure/Sel,(multi),préparation,pâte/sauce,pâte,Farine/Eau/Levure/Sel,,préparation culinaire,intermediate,mixed,dough,,,,,,,,,FOODON:0330290,,,,,,,,FOODON|MAESTRO_INTERNAL,0.85,curated,
ING-MIX-PTEPIZZA-000001,Pâte à pizza,Pizza dough,pâte à pizza,pizza dough,Farine/Eau/Levure/Sel,(multi),préparation,pâte/sauce,pâte,Farine/Eau/Levure/Sel,,préparation culinaire,intermediate,mixed,dough,,,,,,,,,FOODON:0330290,,,,,,,,FOODON|MAESTRO_INTERNAL,0.85,curated,
ING-MIX-PTETARTESUCR-000001,Pâte à tarte sucrée,Sweet tart dough,pâte à tarte sucrée,sweet tart dough,Farine/Beurre/Sucre,(multi),préparation,pâte/sauce,pâte,Farine/Beurre/Sucre,,préparation culinaire,intermediate,mixed,dough,,,,,,,,,FOODON:0330290,,,,,,,,FOODON|MAESTRO_INTERNAL,0.85,curated,
ING-MIX-MAYONNAISEMA-000001,Mayonnaise maison (base),Mayonnaise base,mayonnaise maison (base),mayonnaise base,Œuf/Huile/Moutarde,(multi),préparation,pâte/sauce,sauce émulsionnée,Œuf/Huile/Moutarde,,préparation culinaire,intermediate,mixed,liquid,,,,,,,,,FOODON:0330290,,,,,,,,FOODON|MAESTRO_INTERNAL,0.85,curated,
ING-MIX-VINAIGRETTEB-000001,Vinaigrette (base 3:1),Vinaigrette (3:1 base),vinaigrette (base 3:1),vinaigrette (3:1 base),Huile/Vinaigre,(multi),préparation,pâte/sauce,sauce émulsionnée,Huile/Vinaigre,,préparation culinaire,intermediate,mixed,liquid,,,,,,,,,FOODON:0330290,,,,,,,,FOODON|MAESTRO_INTERNAL,0.85,curated,
ING-MIX-BOUQUETGARNI-000001,Bouquet garni,Bouquet garni,bouquet garni,bouquet garni,Thym/Laurier/Persil,(multi),préparation,pâte/sauce,assaisonnement,Thym/Laurier/Persil,,préparation culinaire,intermediate,mixed,aromatic,,,,,,,,,FOODON:0330290,,,,,,,,FOODON|MAESTRO_INTERNAL,0.85,curated,
ING-MIX-MIREPOIX-000001,Mirepoix,Mirepoix,mirepoix,mirepoix,Oignon/Carotte/Céleri,(multi),préparation,pâte/sauce,assaisonnement,Oignon/Carotte/Céleri,,préparation culinaire,intermediate,mixed,liquid,,,,,,,,,FOODON:0330290,,,,,,,,FOODON|MAESTRO_INTERNAL,0.85,curated,
ING-MIX-ROUXBLANC-000001,Roux blanc,White roux,roux blanc,white roux,Beurre/Farine,(multi),préparation,pâte/sauce,liant,Beurre/Farine,,préparation culinaire,intermediate,mixed,liquid,,,,,,,,,FOODON:0330290,,,,,,,,FOODON|MAESTRO_INTERNAL,0.85,curated,
ING-MIX-ROUXBLOND-000001,Roux blond,Blond roux,roux blond,blond roux,Beurre/Farine,(multi),préparation,pâte/sauce,liant,Beurre/Farine,,préparation culinaire,intermediate,mixed,liquid,,,,,,,,,FOODON:0330290,,,,,,,,FOODON|MAESTRO_INTERNAL,0.85,curated,
ING-MIX-ROUXBRUN-000001,Roux brun,Brown roux,roux brun,brown roux,Beurre/Farine,(multi),préparation,pâte/sauce,liant,Beurre/Farine,,préparation culinaire,intermediate,mixed,liquid,,,,,,,,,FOODON:0330290,,,,,,,,FOODON|MAESTRO_INTERNAL,0.85,curated,
ING-MIX-SACHETDPICES-000001,Sachet d'épices,Sachet d'épices,sachet d'épices,sachet d'épices,Mélange,(multi),préparation,pâte/sauce,assaisonnement,Mélange,,préparation culinaire,intermediate,mixed,aromatic,,,,,,,,,FOODON:0330290,,,,,,,,FOODON|MAESTRO_INTERNAL,0.85,curated,
